radio_a,radio_b,longitud_frontera
060350203,060350205,0.010608410686569593
060350203,060350302,0.0013344437757719593
060350203,060350204,0.005577994274049688
060350202,060350203,0.01343956268486681
060350201,060350203,0.020992877514563208
060350101,060350201,0.015510395799747759
060350101,060350112,0.018069354414017757
060350101,060350813,0.006615902179230037
060350101,060350104,0.0035640027767742727
060350101,060350103,0.0017294003498589004
060350101,060350102,0.0195244445101044
060350201,060350202,0.004749834773173206
060350201,060350403,0.0012822203587534262
060350201,060350406,0.0020590134960253867
060350201,060350401,0.002539414302293469
060350201,060350508,0.0051460980424440144
060350201,060350501,0.006051829374677551
060350201,060350602,0.0039179682350213565
060350201,060350601,0.003285834782081443
060350112,060350201,0.02043210114558046
060350202,060353602,0.0008091243769173522
060350202,060350301,0.005907176326401772
060350202,060353601,0.003866485727312988
060350202,060350302,0.005558824872038058
060350202,060350407,0.004117200500188346
060350301,060350314,0.0005127294282247577
060350301,060350313,0.007658672369860614
060350301,060353603,0.004321907084456806
060350301,060350302,0.005133551238240535
060350314,060352205,0.0016089261304436306
060350314,060352108,0.0003321862186035661
060350314,060350315,0.005787031813618772
060350314,060353605,0.0019113921287058251
060350314,060353604,0.0013350201244307896
060350313,060350314,0.002024252205093293
060350314,060353603,0.0036619722911540205
060353603,060353605,0.0008403647522689444
060353603,060353604,0.0016522958689256283
060353603,060353606,0.002347980129003513
060353602,060353603,0.0032520495589459333
060353604,060353605,0.0029959751032254123
060352108,060353605,0.0028488697776762554
060353605,060353606,0.004262623676481559
060353601,060353607,0.0013467978200479552
060353601,060353608,0.002716271635810755
060353601,060353602,0.00709019643372925
060350409,060353601,2.8216390243790196e-05
060350408,060353601,0.0027539416981301494
060350407,060353601,0.003321183009942318
060353602,060353606,0.0013491057416428098
060353602,060353607,0.002117925455891846
060352107,060353606,0.0027809483133904864
060353606,060353607,0.0039016444433993195
060352102,060353607,0.0022369967278984713
060353607,060353608,0.003059405229714714
060350407,060350408,0.004213372535666106
060350406,060350407,0.0034013204424835283
060350405,060350406,0.0020123712132959362
060350403,060350406,0.003323944480277466
060350403,060350404,0.0012382570508124536
060350403,060350405,0.004108612616791114
060350402,060350403,0.005922215204091371
060350401,060350403,0.001555749005208924
060350402,060350404,0.0013137669675133965
060350401,060350402,0.0071914672037406814
060350401,060350404,0.0012559457759180519
060350401,060350504,0.0010085913193815315
060350401,060350505,0.001976108206547974
060350401,060350507,0.0029531652287323193
060350401,060350508,0.001615574205851467
060350507,060350508,0.0034941197155957116
060350506,060350508,0.0022398975822300387
060350501,060350508,0.003331815930104005
060350505,060350507,0.0025141526151252758
060350506,060350507,0.0019477823686735328
060350505,060350506,0.00227254971466903
060350502,060350506,0.0012545631640006713
060350501,060350506,0.0032663794893282552
060350504,060350505,0.00478995091241876
060350502,060350505,0.002012224352144888
060350404,060352111,0.002920541032918656
060350404,060350409,0.001521447282622202
060350404,060352101,0.0009688860434262261
060350404,060353709,0.0012523006857055785
060350404,060353708,0.0010151217447049246
060350404,060350405,0.0019574546113326013
060350404,060350504,0.002086981081815243
060351807,060352101,0.0010149543629525512
060352101,060352111,0.005087824704868467
060352101,060353709,0.0051435417293851605
060351807,060353709,0.00019400132487695969
060351801,060353709,0.001301564554948525
060353708,060353709,0.005173876526420783
060351902,060351903,0.0011582892183863965
060351901,060351903,0.0010220780655208388
060351903,060351912,0.003039036131469396
060351807,060351903,0.0029030364879742265
060351903,060352111,0.002166578315781785
060352104,060352111,0.0009564887781714524
060351912,060352111,0.002336397217095126
060352103,060352111,0.0011339687485004898
060352102,060352111,0.0028857207670684127
060351807,060352111,0.0024437993993617797
060352111,060353608,0.0003951251571116134
060350409,060352111,0.004295806285026995
060350405,060350409,0.0014484873007392252
060350405,060350408,0.0026661303396098438
060350409,060353608,0.002735797279388096
060350408,060350409,0.004207575830303882
060352102,060353608,0.0026879431772106237
060352102,060352107,0.0029202919097432714
060352102,060352103,0.005699396566050752
060352001,060352105,0.0012718942458573134
060352105,060352106,0.0029680114741665793
060352104,060352105,0.001408077859859816
060352002,060352106,0.0010958567196370924
060352106,060352110,0.0029934073051645946
060352106,060352107,0.0024517626594666186
060352103,060352106,0.001402304492344235
060352003,060352301,0.001738715512670692
060352003,060352013,0.002547692587165715
060352003,060352112,0.0013791189386747461
060352002,060352003,0.001706965289420688
060352003,060352110,0.0011453258500309263
060352013,060352301,0.001379914864063586
060352005,060352013,0.0012987311823333498
060352004,060352013,0.002558969983843596
060352012,060352013,0.0013516868087273084
060352002,060352013,0.001315218953124886
060352002,060352110,0.00024133991244480016
060352001,060352002,0.0016620073240219357
060352001,060352012,0.0023577320851533284
060351905,060352001,0.001582015279322
060352001,060352104,0.0010977402947672525
060352005,060352012,0.002739949374792018
060352006,060352012,0.002323466791341276
060351905,060352012,0.004096812990415191
060351905,060352104,0.0019322216269157476
060351904,060352104,0.0015337134905917243
060352103,060352104,0.004673121810452257
060351904,060351906,0.0013778909721256678
060351904,060351905,0.005684847319873498
060351902,060351904,0.0025110694844674535
060351904,060351912,0.0030903388643076122
060351902,060351912,0.0023336334341417936
060351902,060351906,0.00019750548762603216
060351902,060351907,0.0034580306443266363
060351901,060351902,0.002675122676708443
060351906,060352006,0.0028362283178839814
060351906,060351909,0.0035126571117917458
060351906,060351907,0.0027150621917745696
060351905,060351906,0.0021217656171609906
060352005,060352008,0.00419653194796228
060352005,060352007,0.0013176989923579317
060352004,060352005,0.002736841077091547
060352005,060352006,0.004224022476863545
060352006,060352007,0.0022721432865620813
060351909,060352006,0.001427862339395135
060352007,060352010,0.0035693367533582614
060352007,060352008,0.003913669677606937
060351910,060352007,0.0026130987182407337
060351909,060352007,0.0013376397281167816
060352008,060352009,0.0024534949296704106
060352008,060354007,0.0025734277329843395
060352008,060354001,0.0038041223166632217
060352008,060352301,0.0017263200092240746
060352004,060352008,0.002562193025082689
060354006,060354007,0.002562102450310782
060352401,060354007,0.003961186021485646
060354002,060354007,0.0009312830588472645
060354001,060354007,0.0030415593354610354
060354001,060354002,0.00376976973676394
060352303,060354001,0.00159448371018252
060352301,060354001,0.0014297823344742513
060352004,060352301,0.002756692330394798
060352301,060352303,0.004494413629144132
060352301,060352302,0.0031466224664294514
060352206,060352301,0.0013764684414317046
060352303,060352304,0.003151761844430172
060352303,060352305,0.0013825389244294837
060352302,060352303,0.0016268991561173933
060352304,060354002,0.001828652122603446
060352304,060352309,0.0032192921559846353
060352304,060352305,0.0018597969906614803
060354002,060354006,0.0009086331580099282
060354002,060354004,0.0013459323991547088
060354002,060354003,0.0023702505081152347
060352309,060354003,0.004196763476272099
060352308,060352309,0.002013052946270134
060352307,060352309,0.0018740249628200465
060352307,060352308,0.002818586007277778
060352306,060352308,0.0017810906613370235
060352306,060352307,0.0018882005834234563
060352305,060352307,0.0028158184840713155
060352305,060352306,0.00164486582855163
060352212,060352306,0.00355345069324708
060352302,060352305,0.0031354891014166663
060352207,060352302,0.001621939642879467
060352212,060352305,0.0005410687537346007
060352214,060352305,0.0013601538622221567
060352110,060352112,0.002971397963488848
060352110,060352206,0.0013626732840325553
060352109,060352110,0.0027288562168798704
060352112,060352206,0.001574554461901275
060352107,060352109,0.0027139730794780376
060352107,060352108,0.0010438841960006282
060352109,060352206,0.0027196652079334673
060352108,060352109,0.0027230082938080914
060352108,060352205,0.002251349380325376
060352206,060352207,0.0035691482042162605
060352206,060352208,0.0020539156216787097
060352205,060352206,0.0013686221768045015
060352207,060352214,0.0028948349930984054
060352207,060352209,0.0006771290671455126
060352207,060352208,0.0016183934112990886
060352212,060352214,0.0015602353986191844
060352211,060352214,0.001360025998438179
060352209,060352214,0.0013686535577978071
060352209,060352210,0.002722642216098591
060352208,060352209,0.0020371178509079636
060352203,060352209,0.0013770483827816357
060352205,060352208,0.001601694318220367
060352203,060352205,0.0013683488903535807
060352204,060352205,0.0030940783486542254
060352203,060352204,0.0022006639979150425
060350315,060352204,0.0018467792283667992
060352202,060352210,0.0020417222975736464
060352202,060352213,0.003426554042875332
060352201,060352202,0.0014529763609073061
060352202,060352203,0.003882069881339705
060350315,060352202,0.0014440855391136542
060350315,060352203,0.001481526496106797
060352210,060352211,0.004120650781865357
060352210,060352213,0.0021660492821710467
060352211,060352212,0.004111168276939878
060350311,060350315,0.00295167101316633
060350308,060350311,0.0014855692785970777
060350311,060350312,0.005765986079892884
060350310,060350311,0.0007601507978458011
060350305,060350311,0.0005119431199978233
060352201,060352213,0.0028936146426770297
060350315,060352201,0.003132847230949285
060350312,060350315,0.002889466486451422
060350313,060350315,0.001356009800654026
060350312,060350313,0.0038778340042801584
060350303,060350313,0.0034975687645412297
060350305,060350312,0.0019308317190196392
060350304,060350312,0.0011979916302024217
060350303,060350312,0.0010042726628642065
060350303,060350304,0.0019831873393192662
060350205,060350303,0.002305186775588261
060350302,060350303,0.0029736111655278754
060350204,060350303,0.0012292494106405554
060350204,060350302,0.0012693236947856107
060350306,060350307,0.0011073423099375048
060350305,060350306,0.0016734826492951884
060350304,060350306,0.002360965011012914
060350205,060350306,0.0033925750000245256
060350204,060350205,0.003883672106591093
060350305,060350310,0.002320572918059402
060350305,060350307,0.00017063376771515445
060350304,060350305,0.0011735702394233068
060350205,060350304,0.0006988237336773808
060350308,060350309,0.0007074941064697611
060350309,060350310,0.0009966603717504307
060350307,060350309,0.0017681130774269852
060350308,060350310,0.0007144517144668651
060350307,060350310,0.0004944976274296894
060350307,060350308,0.0013656646040997671
060350205,060350307,0.0023745344500158173
060354003,060354005,0.0038132435364382714
060354003,060354004,0.0018484994446936619
060354004,060354005,0.001362814199972849
060354004,060354006,0.0018656678515267132
060352403,060354005,0.0018439480192294923
060354005,060354006,0.003547661308597502
060352403,060352408,0.0030787201273842564
060352403,060352404,0.00314109172241693
060352402,060352403,0.0025933593564684988
060352402,060352404,0.003796414348552775
060352402,060354006,0.0037934825414037594
060352401,060352402,0.002607479409622628
060352401,060352405,0.0039639317468187
060352009,060352401,0.002621559822221957
060352405,060352407,0.0009171151417526444
060352404,060352405,0.002136160193796181
060352405,060352406,0.002402113535750325
060352405,060352509,0.0014724497252545533
060352009,060352405,0.0012755086311233856
060352407,060352408,0.0031059697479168947
060352407,060352410,0.0036828296535697503
060352404,060352407,0.0028133101598578946
060352406,060352407,0.0033412616231563892
060352404,060352408,0.0020046351203956434
060352408,060352409,0.004104223087227372
060352409,060352412,0.0005194487709634316
060352409,060352411,0.0035779686766039195
060352409,060352410,0.0030300904838123036
065681908,065682708,0.005386442350452675
065681908,065681909,0.0033124361804463646
065681907,065681908,0.005383990839195409
065682710,065682711,0.004759578666558396
065682707,065682710,0.0031390873763966183
065682709,065682710,0.004764407100223426
065682707,065682709,0.002804440415301818
065682708,065682709,0.005024502414358491
065682711,065682811,0.0023088125006766936
065682711,065682801,0.0025008959564013188
065682705,065682711,0.0028801260539242143
065682802,065682811,0.0023428479731137457
065682811,065682812,0.002783153454770677
065682803,065682811,0.0014464260534291233
065682801,065682811,0.004229365664631342
065682806,065682812,0.0008350336159782878
065682804,065682812,0.002242974434146917
065682802,065682812,0.0015826550045862457
065682807,065682812,0.0013885703486344525
065682803,065682812,0.006050307449886321
065682803,065682807,0.0013885810678887444
065682704,065682803,0.0014697144381774904
065682705,065682803,0.0046194551923948715
065682804,065682805,0.001203751496393513
065682804,065682806,0.004571051377558875
065682802,065682804,0.004402007012665538
065682801,065682802,0.00246130972435805
065682913,065682914,0.004114071151778117
065682908,065682914,0.003998413566803437
065682810,065682914,0.003979350295135859
065682805,065682914,0.00039392238644313823
065682701,065682914,0.002996663964430712
064277416,064277424,0.00429780241877465
064277418,064277424,0.005005215833097881
064277417,064277424,0.0023236146657031
064277416,064277423,0.005663460680536671
064277415,064277416,0.001538120289384882
064277416,064277417,0.0014262692395313789
064277411,064277423,0.004362443226647678
064277412,064277423,0.002842791482127293
064277414,064277423,0.0023214475205070814
064277417,064277418,0.0024945647602731026
064277415,064277417,0.003961410381131435
064277403,064277417,0.002084597038616508
064277417,064277419,0.004159071832379454
064277417,065682911,0.002272220061028991
064277403,064277419,0.0018638927398585896
064277419,064277420,4.996493825568085e-05
064277419,065682911,0.0018838842892512837
064277401,064277419,0.003209083189479632
064277419,065682910,0.0009275574772974399
064277401,064277420,0.0010111488857630867
064277401,064277402,0.0018985610101514526
064277401,065682910,0.0034490245489237916
064276004,064277401,0.0015902513896260662
065682910,065682911,0.0023592849761850444
064276004,065682910,0.00035457727194196983
065682908,065682910,0.0017659757250311334
064276003,065682910,0.0016120775143226456
065682909,065682910,0.003653854320863474
065682908,065682911,0.0026734497239082433
065682908,065682912,0.0025819157813733572
065682908,065682913,0.002593538069654796
065682908,065682909,0.0005950032769608858
065682907,065682908,0.0040387287810360155
065682905,065682908,0.0028891645270400076
065682701,065682908,0.0031342938056936947
065682911,065682912,0.00712091978981296
065682911,065682913,0.00010725861776370724
065682912,065682913,0.004263880072052363
065682906,065682907,0.003842309127426057
065682905,065682906,0.0022009200735899044
065682901,065682906,0.0038360924024025576
065682701,065682906,0.0022522134659023942
065682905,065682907,0.001908385719718706
065682701,065682907,0.003322391460371536
065682905,065682909,0.0019755554087732847
065682904,065682905,0.0025434134859440385
065682902,065682905,0.002591447201416652
065682902,065682904,0.0007197746961315235
065682902,065682903,0.0017148799239475022
065682901,065682902,0.006134293762690232
065682902,065683011,0.004655493270342025
065682901,065683011,0.002477555986408227
065682701,065682901,0.004723776294479572
065683009,065683011,0.0025264781386299968
065683010,065683011,0.006626264813689437
065683002,065683011,0.00032133680453669825
065682701,065683011,0.002484773574025675
065683009,065683010,0.0027360736038710433
065683002,065683010,0.0069295696139478405
065683002,065683003,0.0027082813476735123
065682701,065683002,0.00718386977215336
065683001,065683002,0.006616979896906577
065683002,065683102,0.0022609329535471607
065682701,065683001,0.0036122141856782712
065683001,065683102,0.0030085053208698375
065682701,065682810,0.003632662128643242
065682701,065682809,0.004504061569596406
065682701,065682702,0.009183959631048719
065682701,065682703,0.0026591581975439287
065682701,065682704,0.004032263631290605
065682701,065682705,0.0006509718517815937
065682701,065683102,0.0017096211198183455
065682701,065682706,0.005714525320369253
065682701,065683101,0.00691825479124418
065682701,065683105,0.001255762326211076
065682612,065682701,0.004365549477823438
065682701,065682708,0.0052660284504405805
065682701,065682712,0.0076532300655682214
065681911,065682701,0.010273640242210084
065682607,065682701,0.006505494486934116
065682606,065682701,0.002310253451663113
065681903,065682701,0.005224092706507244
065682701,065683709,0.0021211998135096783
065682701,065683708,0.002131835716483398
065682701,065683706,0.0037281007792560822
065682701,065683707,0.0031943272535959613
065682701,065683705,0.0019342705399482526
065682703,065682809,0.001311480384345793
065682703,065682808,0.0013364305311115378
065682703,065682807,0.0027482634618864396
065682702,065682703,0.006504451460826047
065682703,065682704,0.0037118423519583174
065682702,065682809,0.0026925390180760514
065682805,065682810,0.0038275951134091046
065682809,065682810,0.004022208678901001
065682808,065682809,0.004527417926170512
065682805,065682808,0.0026355867836293304
065682806,065682808,0.004530293741735984
065682807,065682808,0.0013221988448045038
065682805,065682806,0.0034492133636262043
065682806,065682807,0.0026355102418566373
065682704,065682807,0.003952072675820971
065682704,065682705,0.002196707989964328
065682705,065682706,0.0018539530215668145
065682705,065682707,0.002749579570437229
065682706,065682707,0.005713960148776293
065682706,065682708,0.0018067048098993892
065682707,065682708,0.0024980433622171314
065682708,065682712,6.547846099700293e-05
065681911,065682708,0.002387731398172845
065681909,065682708,0.001515214229883965
065681911,065682712,0.0008754245333707246
065681909,065681911,0.005555258769425804
065681910,065681911,0.0034024024069599377
065681909,065681910,0.002497668710501554
065681903,065681910,0.0024645123318483503
065681904,065681910,0.0022318788141335606
065681905,065681910,0.0011844835832347247
065681907,065681909,0.003586637242614098
065681905,065681909,0.0011886944268917155
065681906,065681909,0.0015024749740129833
065681906,065681907,0.005402448774802005
065681905,065681906,0.004011964516045134
065681902,065681906,0.0026432713875235003
065681906,065683602,0.005438213092872161
065681901,065681906,0.000835203306415253
065681906,065683603,0.0020786447007487534
065683602,065683603,0.001984492661345964
065683601,065683602,0.004650671108594392
065683601,065683603,0.001892302265921293
065683601,065683604,0.005332738451975843
065681802,065683601,0.002344169270549064
065681802,065683604,0.0011416423379905587
065681802,065681803,0.0037925598287606986
065681801,065681802,0.0035076999509727723
065683603,065683604,0.00290380262123089
065683604,065683605,0.0030269489855034486
065681803,065683604,0.003993732201501471
065681901,065683603,0.005287520376284069
065683603,065683607,0.0004510251024871806
065683603,065683605,0.003070121341506511
065681803,065683605,0.0029809515081885545
065681803,065681804,0.0024402369145113214
065681708,065681803,0.0029978802389826562
065681801,065681803,0.004744591123646708
065683605,065683607,0.0018165028655882018
065683605,065683606,0.0012080897181688567
065681901,065681902,0.008271379584872535
065681901,065683701,0.007449920001948481
065681901,065683607,0.0037038657021938514
065681901,065683608,0.0019856080849360363
065681901,065682001,0.00047737595300399255
065681902,065681903,0.005301043679175266
065681902,065683706,0.0008686372365207898
065681902,065681904,0.002296738546717906
065681902,065681905,0.002301704007652704
065681902,065683705,0.0018405926754606412
065681904,065681905,0.00401800372111002
065681903,065681904,0.0040056899208872065
065681903,065683706,0.00306177123108744
065683705,065683706,0.005560808624523208
065683705,065683707,0.003994572612656094
065683704,065683705,0.002942194158619093
065683702,065683705,0.0015493073032978992
065683701,065683705,0.0005797166766306098
065683702,065683704,0.0012916196558706
065683701,065683702,0.004825828153289843
065683702,065683703,0.0036927132561674117
065682002,065683702,0.001739151563967918
065682002,065683701,0.0003238455926595473
065682001,065683701,0.0001431141749575134
065683607,065683608,0.000694262260520911
065683606,065683607,0.0030606802758994284
065683606,065683608,0.0012035980935979043
065681804,065683606,0.003171445561154547
065681804,065681805,0.0014248090751361902
065681804,065681806,0.0032892616866980187
065681708,065681804,0.000984872147113524
065681805,065683608,0.000995711182101694
065681805,065683609,0.0011043230187530117
065681805,065681808,0.0014622036952882402
065681805,065681806,0.002074834287907046
065681806,065681807,0.0010298896534223108
065681710,065681806,0.003315927917070406
065681708,065681806,0.0010202700184484283
065681710,065681807,0.0015674113085183913
065681710,065681711,0.00302918619939464
065681708,065681710,0.003201748834801091
065681612,065681710,0.0004762938241449824
065681709,065681710,0.004371166706822135
065683608,065683609,0.0020094262361620902
065682001,065683609,0.001922572745570271
065681808,065683609,0.0008365329503232733
065682002,065683703,0.001742677017043016
065682002,065682003,0.0029005094116246214
065682001,065682002,0.001969573747460927
065682001,065682005,0.001186277636351562
065682001,065682003,0.004017295229113757
065682001,065682007,0.002743226345483068
065681808,065682001,0.0007437789682251409
065681809,065682001,0.006151930121553775
065681808,065681809,0.0014970284193777533
065681807,065681808,0.0015837210667043354
065681807,065681809,0.0010515396775074627
065681712,065681809,0.0002490137174313382
065681711,065681809,0.005551596231343222
065681711,065681712,0.0028607367715000782
065681509,065681711,0.00041197976723902777
065681612,065681711,0.0052718802063457405
065682003,065682004,0.0014997859817606565
065682003,065682005,0.0011454370547608246
065682003,065683704,0.0014413649630814615
065682004,065683708,0.001350413109304646
065682004,065683707,0.0027881038949797675
065682004,065682005,0.006045286035468134
065682004,065683704,0.005059786904567857
065683704,065683707,0.00025688796334534086
065683703,065683704,0.005539608187832609
065683707,065683708,0.003997110664626956
065683708,065683709,0.003989321307698274
065682005,065683708,0.0008366267641922105
065683101,065683102,0.002960108449542819
065683101,065683104,0.001004079494797046
065683101,065683105,0.0028644599754718337
065683104,065683105,0.0008770588160695154
065683105,065683106,0.004073286776205402
065682611,065683105,0.0007351730260947457
065682612,065683105,0.0019467904082748951
065683104,065684105,0.0014284129538090717
065683103,065683104,0.005515374811647521
065683102,065683104,0.00447327649875811
065683104,065683107,0.0015154213381794331
065683104,065683106,0.001515411159725714
065683106,065683107,0.004056393073188287
065682611,065683106,0.0014987375175865665
065683107,065684105,0.001624962859970921
065683107,065684104,0.002719184141120255
065683107,065684101,0.0012784824405967401
065682508,065683107,0.003020145773331588
065682508,065682611,0.004609414281683256
065682611,065682612,0.004595462540667714
065682610,065682611,0.002236661452254181
065682508,065684101,0.0015581510537419044
065682508,065684005,0.003082519722392994
065682507,065682508,0.0015601371331253472
065682506,065682508,0.001498727142087996
065682610,065682612,0.0009625895563557703
065682609,065682612,0.0015113468031461258
065682608,065682612,0.001645617515107949
065682607,065682612,0.0005071289936615854
065682609,065682610,0.004245166632173506
065682603,065682609,0.0007274788490170916
065682608,065682609,0.004281719115166617
065682604,065682609,0.0007406042931864398
065682607,065682608,0.0037144483799790053
065682604,065682608,0.0009557079166043847
065682605,065682608,0.0022971401157282096
065682606,065682608,0.00040172163357360483
065682604,065682605,0.004349184920416009
065682601,065682605,0.002398109648176245
065682605,065682606,0.003151602820772644
065682606,065682607,0.004436644324209531
065682606,065683709,0.00400548987159805
065682006,065683709,0.0021744631960471583
065682006,065683905,0.0013319699710664943
065682006,065683904,0.0029140203322453825
065682005,065682006,0.006509368080194967
065682006,065683903,0.002466930346998748
065682006,065682007,0.0018919506116483271
065682005,065682007,0.003068606021791575
065681712,065682007,0.006307395797620899
065681712,065682101,0.001011662439897754
065681510,065681712,0.0031851437470967357
065681509,065681712,0.002703740860015832
065682007,065683903,0.0009632764342521357
065682007,065683901,0.0029185045043033713
065682007,065683801,0.0012473489290756197
065683903,065683904,0.003603317100807798
065683903,065683907,0.0027896860401107632
065683902,065683903,0.0011235528730721375
065683901,065683903,0.001139843933017368
065683901,065683902,0.002432953020839748
065683801,065683902,0.0012800928881684757
065683801,065683901,0.002885691054918706
065681510,065682101,0.003096832607618399
065681509,065681510,0.0029035883202161213
065681508,065681510,0.004458098684264485
065682101,065683801,0.0047155647871522065
065682101,065682102,0.004109286047300034
065682101,065682103,0.001893263448723776
065681508,065682101,0.001017009481167477
065681404,065682101,0.0020319028874220615
065682102,065682105,0.0009318749381794848
065682102,065682104,0.0009104774089533843
065683802,065683908,0.002258240612152883
065683802,065683804,0.002543136520626983
065683801,065683802,0.006615835824418732
065683802,065683803,0.0011816690594608904
065682106,065683802,0.0007126108010907554
065683801,065683907,0.001123552827093307
065682105,065683801,0.00022243394715259416
065683906,065683907,0.0011800356963236082
065683907,065683908,0.0027996654424640036
065683906,065683908,0.002243462335735663
065683908,065683909,0.0028042295939376995
065682606,065683906,0.003389309607865017
065683905,065683906,0.0020743182830842977
065682304,065683906,0.0011144701794076205
065682305,065683906,0.0010086876657944836
065683906,065683911,0.0012487425928229818
065683904,065683906,0.0027839259806951705
065683906,065683910,0.0012325776001376786
065683906,065683909,0.00020753469788105212
065683904,065683905,0.004242973046674007
065682606,065683905,0.004582834685273086
065682601,065682606,0.0014817643580374578
065682601,065682602,0.0021561251572919985
065682306,065682601,0.003102459585999242
065682601,065682604,0.001413578579503989
065682304,065682601,0.001509328597083433
065682304,065682305,0.005425205619195964
065682305,065683911,0.0028676464477076866
065682211,065682305,0.0015188010451434013
065682304,065682306,0.004144723237724367
065682304,065682312,0.0010731907079670367
065682303,065682304,0.0010101675944254307
065682211,065682304,0.001254350866607263
065682306,065682602,0.0018816251235434169
065682306,065682307,0.004589745566433903
065682306,065682308,0.0008569206737553095
065682306,065682312,0.002235923789684159
065682209,065682210,0.0012443882074532205
065682210,065683913,0.0027341024090482323
065682210,065682211,0.00274460427460127
065682210,065683910,0.0012439642218939793
065682211,065682212,0.0012536944481911423
065682211,065683911,0.0012631865248196907
065683912,065683913,0.0010657775678335657
065682205,065683913,0.0010371765606994696
065683913,065683914,0.0026944714408948522
065683910,065683912,0.0014432336158208688
065683909,065683912,0.0029667026849272186
065683912,065683914,0.0018497683798701333
065683804,065683912,0.0015168368652438498
065683910,065683911,0.002885435118866328
065683909,065683910,0.001494175015208363
065683804,065683909,0.0014950354791534821
065683803,065683804,0.0030696229526874647
065683804,065683805,0.0024723873178448385
065682104,065682105,0.0014840301833801853
065682103,065682104,0.0024144166537254687
065682105,065682106,0.0015954793676088773
065682103,065682105,0.0009195459012176143
065682103,065682106,0.0017737387664639116
065682103,065682107,0.001613708016679863
065682103,065682108,0.001893250838916049
065681404,065682103,0.0030546014812420225
065682106,065683803,0.003056046184716274
065682106,065683806,0.002628174815498908
065682106,065683807,0.0011678281517401303
065682106,065682107,0.002792846723692933
065683803,065683806,0.001235316935241134
065682107,065683807,0.0026574192910078075
065681408,065682107,0.0008434910346818615
065682107,065682108,0.003542687072290743
065681405,065682107,0.0013426179489570954
065683805,065683806,0.002640584204174119
065683806,065683807,0.0013070627411256096
065683805,065683914,0.002661486763992337
065682204,065683805,0.0023681742207060466
065682205,065683914,0.0018574732242364932
065682206,065682207,0.0034258904278362252
065682205,065682206,0.0009116522414349896
065682203,065682206,0.003404950019044432
065682202,065682206,0.0008837037183368024
065682204,065682205,0.001124454632040167
065682203,065682204,0.004636014402939231
065682204,065683808,0.0011353256926066738
065682204,065683807,0.002284797674393371
065682202,065682203,0.0023500949227860737
065682203,065683808,0.001094116005608849
065683807,065683808,0.0030597412445647412
065681409,065683807,0.00043113063242973266
065682202,065683808,0.001302656781641398
065681410,065683808,0.00014808773372330564
065681409,065683808,0.001904775502490311
065682201,065682202,0.0047163366380441885
065681410,065682202,0.0014457125595487555
065682302,065682308,0.0018220787939457045
065682302,065682312,0.0010741891538310882
065682302,065682303,0.0009844989561875457
065682301,065682302,0.006594007185269247
065682213,065682302,0.002525890650222229
065681305,065682302,0.0014017402924862482
065682208,065682302,0.0008751127042527004
065682201,065682302,0.0006157598079321111
065682213,065682303,0.0023014639640452626
065682212,065682213,0.0012627066088817397
065682209,065682213,0.0023994202349612356
065682208,065682213,0.0011560751826517285
065682207,065682208,0.00345195510275894
065682205,065682207,0.000929128965383769
065682201,065682207,0.0009921500811519767
065682208,065682209,0.0022795092715366594
065682205,065682208,0.0010106359263613424
065682205,065682209,0.0010797194834366631
065682209,065682212,0.0021922983565328606
065682212,065682303,0.0021924112994798645
065682308,065682312,0.002214188500603862
065682303,065682312,0.004471860439249572
065682309,065682501,0.0002222256741413685
065682309,065682311,0.0020100105677555284
065682309,065682310,0.0019506715046621298
065682309,065682602,0.002133398579034617
065682309,065682406,0.0004685995701571389
065682307,065682309,0.0044170860393393675
065682308,065682309,0.002412303760272015
065682311,065682410,0.0020463216360421285
065682311,065682502,0.002631209940203969
065682311,065682501,0.0019136069885001138
065682310,065682311,0.004523704370221288
065682502,065682503,0.001345174094573904
065682502,065684001,0.0029629855197904204
065682502,065682504,0.0030475904501181227
065682410,065682502,0.0017824721646911472
065682502,065682505,0.0006576444712984779
065682501,065682502,0.002334203892184171
065682501,065682505,0.003173385952757473
065682501,065682602,0.002200873580072268
065682504,065682505,0.0022331442894668566
065682505,065682507,0.0015412669042160442
065682505,065682506,0.0015135886778440577
065682505,065682603,0.00301957782856092
065682505,065682602,0.0008320801720867272
065682307,065682602,0.0026677774507258187
065682307,065682308,0.0028054346557252877
065682602,065682603,0.0037663501772156422
065682602,065682604,0.0017824420520185622
065682603,065682604,0.003354755116708864
065682506,065682610,0.004264897279248261
065682603,065682610,0.0032293325457666486
065682507,065684006,0.0015297254177105537
065682507,065684007,0.0013379093525414643
065682504,065682507,0.001366126819279956
065682506,065682507,0.004279416271324169
065684101,065684104,0.0033809917283767568
065684101,065684102,0.0028158859429446596
065684005,065684101,0.003449766471001005
065684005,065684102,0.0017149310099187202
065684003,065684005,0.0009703010484689666
065684004,065684005,0.0009006120464834336
065684005,065684006,0.004365068884012976
065684004,065684006,0.0015475070681216694
065684006,065684007,0.0043224925277604645
065684003,065684004,0.00469862647377875
065684002,065684004,0.002329000754056768
065684002,065684007,0.0017687289858760078
065682503,065684007,0.0018895455322653605
065682504,065684007,0.002498165515543125
065682503,065682504,0.00420057037466302
065682503,065684002,0.002627912876264623
065682503,065684001,0.000999259728393105
064275808,065684002,0.0002833190572939098
065684002,065684003,0.0014039290630801977
064275816,065684002,0.0015507501056305848
064275801,065684002,0.002514160394892912
065684001,065684002,0.003465682783895918
064275808,064275811,0.0008808370415523606
064275808,064275810,0.002242407859933261
064275807,064275808,0.002329494521510036
064275808,064275809,0.0017319441823301996
064275808,065684003,0.0029101583933684805
064275808,064275816,0.004039957455349805
064275809,065684003,0.0003363889267777197
065684003,065684102,0.003863353714619716
064275809,064275901,0.0017889886526722208
064275809,064275810,0.0041464321559531985
064275809,065684102,0.0036556780716433257
064275810,064275901,0.0020630738047751284
064275810,064275812,0.0022103142453608186
064275810,064275811,0.001823952038586298
064275901,064275902,0.0020296570535308055
064275901,064275905,0.003086470438174936
064275901,064275906,0.003340626383950231
064275812,064275901,0.0026425142291262946
064275901,065684103,0.002092479345345696
064275901,065684102,3.633091391055446e-05
064275812,064275813,0.002333147463587628
064275811,064275812,0.002611527475978118
064275811,064275814,0.0025441175640396373
064275807,064275811,0.0026147350124591947
064275902,064275904,0.0022473005597310235
064275902,064275903,0.002613165049962155
064275902,064275905,0.0006153837110954619
064275813,064275902,0.002281771099972195
064275707,064275903,0.002601177035671409
064275903,064275914,0.002343838215051868
064275815,064275903,0.0017257255733195867
064275813,064275903,0.0004031041837025745
064275712,064275713,0.0023342356292015533
064275712,064275716,0.0024725489667011408
064275707,064275712,0.002348990221672335
064275712,064275914,0.0025168169638808548
064275912,064275914,0.001683627095740221
064275911,064275914,0.0007676837811237433
064275904,064275914,0.002509677146090626
064275714,064275912,0.0008252502800496146
064275912,064275913,0.0025886806450115675
064275713,064275912,0.0023901135619612103
064275911,064275912,0.0040735193443824265
064275904,064275911,0.0022554874594640758
064275904,064275915,0.0018885205948373255
064275904,064275905,0.0005871561852691633
064275905,064275915,0.004360296004256602
064275905,064275907,0.00047198323160434165
064275905,064275906,0.0030361917385433065
064275910,064275915,0.0017968447036031876
064275911,064275915,0.0022134387825829263
064275908,064275915,0.0008712937026910205
064275907,064275915,0.0022737392635939985
064275911,064275913,0.0007578085747558294
064275910,064275911,0.0025776039900855773
064275910,064276019,0.0015132114261938094
064275910,064275913,0.0020698799212766133
064275910,064276006,0.0018506666967069234
064275909,064275910,0.0010473312160855976
064275908,064275910,0.0021172686615881942
064275908,064275909,0.0042351383866114445
064275908,065683006,0.0015770305222060823
064275907,064275908,0.0034786763723095577
064275908,065683005,0.0004699008037036216
064275906,064275907,0.003148475035749079
064275907,065683005,0.0017928677648783537
064275907,065684106,0.00044651038594825703
064275906,065684106,0.002336306767785899
064275906,065684103,0.0006387151414317042
065684102,065684103,0.003982512896605812
065684102,065684104,0.0010012885169226975
065684103,065684106,0.0040773439825980825
065684103,065684104,0.002788474618529786
065684104,065684106,0.0018111107985399224
065684104,065684105,0.0025547612631667215
065683005,065684106,0.0034929489765806406
065683004,065684106,0.0025346204355534735
065684105,065684106,0.002797211037709531
065683005,065683006,0.0036180573245490205
065683004,065683005,0.0022324354132186057
065683004,065683006,0.0007905042784376964
065683004,065683013,0.003980215637176875
065683004,065684107,0.00148574144996289
065684105,065684107,0.004197010916009015
065683103,065684105,0.0014226936284937144
065683013,065684107,0.0014840652565666183
065683012,065684107,0.0025933767763580908
065683003,065684107,0.001600584933406809
065683103,065684107,0.002992190347521082
065683003,065683103,0.001331509127133643
065683102,065683103,0.0004513003880954958
065683003,065683009,0.0016979668680835109
065683003,065683012,0.0027749161893548405
065682903,065683009,0.0010901088405864809
065683008,065683009,0.004544881819370771
065683009,065683012,0.0025896624383127923
065683012,065683013,0.00283998518940165
065683008,065683013,0.0024752157904437038
065683006,065683013,0.00278254915598742
065682903,065683007,0.0014211986462769164
065683007,065683014,0.005590047710236056
065683007,065683008,0.004426476797771741
065683006,065683007,0.0013162510444529203
065682903,065683008,0.0030133450534944634
065683006,065683008,0.0005770033540927227
064276002,065682903,0.001548455525184915
065682903,065682904,0.0062861084217501915
065682903,065683014,0.001877414740752196
064276003,065682904,0.001660343439799331
065682904,065682909,0.0047284020769838555
064276002,065683014,0.0012183258030464546
064276001,065683014,0.002978046845245967
065683006,065683014,0.0019227179543881575
064276002,064276005,0.00299937310619585
064276002,064276004,0.0022846438206955933
064276002,064276003,0.0017863259675450327
064276001,064276002,0.004238068850178808
064276001,064276006,0.002783406962130554
064275909,064276001,0.004206351524027525
064275909,065683006,0.0019544193551168693
064275909,064276006,0.0009994006284440363
064276005,064276006,0.0018361728427443791
064276006,064276019,0.003673549165145745
064276005,064276016,0.0027445938156010017
064276005,064276017,0.005701777478769083
064276005,064276007,0.004036081648934677
064276004,064276005,0.0027345596284651884
064276005,064276019,0.0010020986868733792
064276005,064276008,0.0021933845835635903
064276016,064276020,0.0032732903934011397
064276011,064276016,0.0003047038591360064
064276014,064276016,0.00472302037673793
064276016,064276017,0.0051449552156736696
064276017,064276018,0.003895955680800139
064276017,064277420,0.0011573343373384227
064276017,064277402,0.0019816698705619764
064276018,064277405,0.0010245608978391425
064276018,064277404,0.002865682619972723
064276018,064277421,0.0012124555077024605
064276018,064276020,0.002407228525323023
064276018,064277420,0.001302923589831008
064276004,064277402,0.003662618587208933
064276003,064276004,0.006214820300377016
064276003,065682909,0.0018039025230878697
064277402,064277420,0.0037457205445480765
064277403,064277415,0.0026902029667734686
064277403,064277421,0.0024515245553063587
064277403,064277420,0.0034337534452198158
064277420,064277421,0.0018735403515411364
064277404,064277413,0.0028874078102439837
064277404,064277415,0.0012410698514678984
064277404,064277405,0.0024761514999721286
064277404,064277421,0.0012389657534350132
064277415,064277421,0.001873590114365775
064277414,064277415,0.0034693391873976925
064277412,064277414,0.0014262745111260832
064277413,064277414,0.0025826215963748594
064277409,064277412,0.004611113104980068
064277411,064277412,0.0036460160772070053
064277408,064277412,0.0010699893454037413
064277412,064277413,0.0026198203706885186
064277408,064277413,0.0023789526485263144
064277405,064277413,0.001212452064862994
064277408,064277409,0.0014278462719651019
064277407,064277408,0.003984754541922685
064277405,064277408,0.003031843490288062
064277405,064277407,0.002455660773616547
064277405,064277406,0.001241062873465426
064276020,064277405,0.0020504215243355387
064276020,064277406,0.0012148108617425705
064276015,064276020,0.002427143628437746
064277406,064277407,0.004998732599129262
064277406,064277422,0.0024509248733147917
064276015,064277406,0.0025217158283449823
064277407,064277409,0.00023897457674503905
064277311,064277407,0.003733845795113019
064277303,064277407,0.00328117677787299
064277407,064277422,0.0007159208267280171
064277303,064277310,0.0007579538285317446
064277303,064277311,0.0015412108146179472
064277303,064277304,0.004329541173128226
064277303,064277422,0.0015671076128644249
064277303,064277317,0.0015961360512137374
064277304,064277317,0.004281064366272355
064277305,064277317,0.0010467817709787304
064277117,064277317,0.0003633247332438846
064277317,064277422,0.0014908969474239952
064277302,064277317,0.005330324464755925
064277302,064277422,0.0009045467031803897
064276015,064277422,0.0011015282600691772
064276013,064277422,0.001916906607934792
064276012,064277422,0.0006765562161612552
064276012,064277302,0.00012153528002190403
064276012,064277301,0.003016208092660001
064276012,064276013,0.005191896820995459
064276010,064276012,0.0020327725939924216
064276011,064276012,0.0031705329793361124
064276012,064276014,0.0009951060225671434
064276013,064276015,0.002657599014666212
064276013,064276014,0.0014497674369316643
064276014,064276015,0.003131643637681756
064276011,064276014,0.0023428292088326324
064276007,064276019,0.00469548703385338
064275913,064276019,0.0007554073766254073
064276007,064276008,0.0033884505062785715
064275913,064276007,0.0027000567587004325
064275913,064276008,0.0012771903289332913
064275714,064275913,0.000821014976313585
064276008,064276011,0.005301648548490037
064276008,064276009,0.005675844923442745
064275714,064276008,0.0016628062003251278
064276010,064276011,0.00541796076544764
064275714,064276009,0.002179839585514486
064275714,064275715,0.0016586721309056435
064275714,064275717,0.0010711659592283253
064275713,064275714,0.002765307781913191
064275713,064275717,0.002442906825062475
064275715,064275717,0.0010935057349629605
064275711,064275717,0.002393702283259213
064275716,064275717,0.002402244555821108
064276009,064276010,0.00555811970093247
064276009,064276102,0.0004462030656987587
064275715,064276009,0.004116987681395903
064276010,064277301,2.838183645495203e-05
064276010,064276114,0.0031628835583517503
064276010,064276106,0.0025074069593500645
064276114,064277301,0.0035748186253135783
064276114,064276117,0.0031050982643377875
064276106,064276114,0.003263259901339061
064277117,064277301,0.000131756931485299
064277101,064277301,0.002673590078784556
064277301,064277302,0.0048975593501055575
064277117,064277302,0.0013764876445053035
064277117,064277305,0.001391586615185327
064277102,064277117,0.0033954974114954036
064277101,064277117,0.0031719712987185607
064277101,064277102,0.0013583208701615666
064277101,064277103,0.0022573717943351933
064276117,064277101,0.0016906312525916225
064277306,064277318,0.0015138020044989109
064277306,064277308,0.0015173762637482571
064277306,064277307,0.003713785946515887
064277305,064277306,0.0037498343837832604
064277102,064277306,0.003035211259314132
064277318,064277322,0.004469236835823209
064277118,064277318,0.00441980875279902
064277112,064277318,0.0013220703438015207
064277308,064277318,0.005590408900049655
064277307,064277318,0.0030147027128613856
064277308,064277322,0.000709576650338719
064277308,064277319,0.003609217880328033
064277308,064277309,0.00268741579607591
064277309,064277319,0.0020591490877090992
064277309,064277320,0.0011229099488631817
064277304,064277309,0.001524928108450104
064277305,064277309,0.0024309718266749165
064277304,064277305,0.0026062058636887107
064277102,064277305,0.0015100989390263247
064277304,064277320,0.0034148094401135446
064277304,064277310,0.0015214442187414293
064277320,064277322,0.0016425981583404812
064277316,064277320,0.0021796002155466824
064277319,064277320,0.0026755879392982764
064277313,064277320,0.0010937359425919704
064277310,064277320,0.004920320764284702
064277319,064277322,0.00242675004273481
064277322,064277503,0.003068155802171642
064277322,064277502,0.0013004156587545371
064277322,064277524,0.0019485452694696748
064277215,064277322,0.0034092539815052778
064277212,064277322,0.0034626517943716203
064277114,064277322,0.001948958164000129
064277322,064277523,0.003933175297737974
064277321,064277322,0.005247513509787714
064277316,064277322,0.0029044486282101684
064277118,064277322,0.0015149888045033495
064277114,064277118,0.0025818026248366943
064277118,064277119,0.001918268919370731
064277112,064277118,0.00153436395748365
064277212,064277215,0.0015215087014290253
064277211,064277212,0.003442997460904718
064277114,064277212,0.001495863615263028
064277209,064277603,0.0025375988964949905
064277208,064277209,0.0022879244023818923
064277207,064277209,0.001189362866306542
064277209,064277214,0.0034482520381290196
064277209,064277210,0.002475074450001133
064277214,064277601,0.0018063133687445166
064277214,064277215,0.0034337736995967583
064277211,064277214,0.0018079469500412969
064277215,064277503,0.0015370440726090056
064277601,064277602,0.0011479226027713524
064277601,064277619,0.002838815891969197
064277601,064277603,0.0028299057215405783
064277503,064277601,0.0027760657391002505
064277518,064277601,0.0008402113220150807
064277602,064277620,0.0028007361470411525
064277602,064277609,0.0017755117177492353
064277602,064277619,0.0025623459534882473
064277602,064277603,0.0017688294420711037
064277603,064277621,0.003130675343555044
064277620,064277621,0.0016465300030923434
064277604,064277621,0.004722290716757325
064277208,064277621,0.0023219617259389166
064277604,064277605,0.00553429237385053
064277604,064277620,0.0030161035607931307
064277205,064277604,0.002202738447931637
064277623,064277626,0.002018335959079422
064277611,064277623,0.0009736688705865505
064277607,064277623,0.004762043774954759
064277608,064277623,0.0027931602871804264
064277608,064277611,0.0019921519934597005
064277607,064277608,0.0021378401148447594
064277608,064277625,0.001052428335265244
064277608,064277624,0.002826635752998296
064277607,064277624,0.0003719604388222059
064277624,064277625,0.004027130506571919
064277620,064277624,0.0036135904363464866
064277609,064277624,0.003041367916411993
064277607,064277620,0.00016038140519576162
064277605,064277620,0.0008814301746225173
064277609,064277620,0.0015262056611189373
064277609,064277610,0.004051963673395486
064277609,064277619,0.0007842257454070725
064277520,064277609,0.0010201895494023486
064277519,064277609,0.002025937860338874
064277611,064277625,0.001838311652741891
064277616,064277625,0.0029937452659597064
064277617,064277625,0.0010296984495335372
064277610,064277625,0.002904380866129144
064277611,064277616,0.0032811446549778824
064277615,064277616,0.0038281556201417728
064277616,064277618,0.0010101147479343125
064277616,064277617,0.0030048842110338954
064277617,064277618,0.00381135253421869
064277516,064277617,0.0016200368534135701
064277610,064277617,0.00202903349985008
064277515,064277617,0.002180556967831251
064277515,064277610,0.0020471649660036015
064277520,064277610,0.002910195885849662
064277519,064277619,0.0027222365265025406
064277519,064277520,0.004404629197700024
064277504,064277519,0.002688581501764678
064277518,064277519,0.0024050644539636637
064277518,064277619,0.0017563913213154937
064277503,064277518,0.002888779203092002
064277502,064277503,0.0042371467194199965
064277502,064277518,0.000865171922336685
064277502,064277517,0.0028871250012913376
064277502,064277524,0.0034631270180393056
064277504,064277518,0.0005937501088038843
064277517,064277518,0.0017760611453529473
064277504,064277517,0.001775370257756194
064277506,064277517,0.0008985358120682792
064277517,064277524,0.001774486220776663
064277506,064277521,0.0021980657022405902
064277504,064277506,0.003161931786697488
064277505,064277506,0.0021399866814925134
064277506,064277524,0.0020686078921711
064277506,064277525,0.003133973688782344
064277506,064277523,0.0011236770250432004
064277520,064277521,0.001975109364223677
064277511,064277521,0.002121051654530367
064277504,064277521,0.0012828868008264503
064277505,064277521,0.0032438862194889575
064277504,064277520,0.003820352021720235
064277515,064277520,0.0034662081434082793
064277513,064277520,0.003163194723930342
064277515,064277516,0.0035475280590408736
064277514,064277515,0.002078774645974681
064277513,064277515,0.002223372571825084
064277615,064277618,0.002954395369650163
064277516,064277618,0.0021750017494879025
064277514,064277516,0.00398109751576518
064277514,064277532,0.002848960657433966
064277512,064277514,0.0007149657980489938
064277513,064277514,0.0014479564024879538
064277512,064277513,0.003811583835102751
064277511,064277513,0.0029338439564925087
064277512,064277532,0.0031426276449534035
064277512,064277531,0.0014400867064064816
064277531,064277532,0.0018430312819696865
064277530,064277531,0.0032508578757693488
064277511,064277531,0.002094582947099491
064277511,064277530,0.00048782559849620534
064277510,064277530,0.004353248539670066
064277509,064277530,0.0023298027702600777
064277510,064277511,0.002465950000956235
064277509,064277510,0.0038808338670137856
064277505,064277510,0.0021396657058752088
064277510,064277526,0.0008396378306200841
064277505,064277526,0.0029240637990371977
064277505,064277525,0.0003730280215552653
064277509,064277526,0.002296180809712423
064277526,064277527,0.0035842112216968453
064277525,064277526,0.005788121863744133
064277507,064277526,0.0037298988927577884
064277522,064277525,0.0028066926085488914
064277522,064277523,0.005138227601963202
064277507,064277522,0.0008413759088363422
064277321,064277522,0.00319040996458345
064277501,064277522,0.005434255953824182
064277523,064277525,0.003667403960016898
064277507,064277525,0.004138570836023946
064277523,064277524,0.00520503524065123
064277321,064277523,0.0010797101129246347
064277316,064277321,0.0039012574227696665
064277315,064277321,0.0017172733157798834
064277313,064277321,0.00041269930205040074
064277313,064277316,0.004599909153166775
064277313,064277314,0.004003823199177322
064277312,064277313,0.0038378473761304555
064277310,064277313,0.002671786378831057
064277310,064277312,0.00021489685065208234
064277310,064277311,0.0036895527040469427
064277311,064277312,0.0032950107229343137
064277311,064277409,0.001226553880981783
064277312,064277314,0.002439955277383902
064277312,064277409,0.0029812537697519147
064277314,064277409,0.000400528148278027
064277409,064277410,0.0016999366911862792
064277314,064277315,0.005980288702543312
064277314,064277410,0.0013670990800127862
064277315,064277501,0.00554519255378468
064277315,064277410,0.0011809785770101747
064277501,064277507,0.002071091948251979
064277501,064277508,0.005915321631640564
064277410,064277501,0.0017198334099356128
064277411,064277501,0.0010680787649349419
064277410,064277411,0.0025467542517225985
064277507,064277527,0.0015426727851399116
064277507,064277508,0.011227659993661392
064277508,064277529,0.003068975254680954
064277508,064277527,0.0028705198045919115
064277509,064277529,0.001752678044242562
064277528,064277529,0.0046437913730137835
064277527,064277529,0.0015318138729366027
064277509,064277528,0.0023857406270020643
064277527,064277528,0.004813433970916486
064277509,064277527,0.0015347510332749837
064277614,064277615,0.003657299514792135
064277613,064277614,0.0037044771577164183
064277611,064277614,0.0020025601455055603
064277627,064277716,0.002691909434361109
064277627,064277713,0.0010282313976395874
064277613,064277627,0.003562831367041204
064277612,064277627,0.0032113178856785756
064277612,064277613,0.0010276537642928978
064277613,064277626,0.00202156435971776
064277611,064277626,0.004285619576032935
064277612,064277626,0.0042535494224711316
064277612,064277713,0.0023834693879398643
064277612,064277712,0.0018012302677679257
064277607,064277612,0.0030062578615895298
064277811,064277814,0.002335965839500795
064277808,064277814,0.001377067153208765
064277807,064277814,0.001320270844315632
064277812,064277814,0.0023271659193248068
064277807,064277812,0.0027030897510099483
064277812,064277813,0.0023300779515516286
064277715,064277806,0.0034000754415883954
064277714,064277715,0.004248563662502437
064277715,064277716,0.0031631687547492397
064277714,064277716,0.000994225583605637
064277713,064277716,0.006473214167970857
064277713,064277714,0.0009800994667847986
064277711,064277713,0.0010224462441540093
064277713,064277721,0.0018680435391079863
064277712,064277713,0.004184528551614098
064277712,064277721,0.0037316248109473377
064277706,064277712,0.00574442472356349
064277607,064277712,0.0013004341374958086
064277711,064277721,0.004636460788122874
064277706,064277721,0.00249768558874391
064277711,064277714,0.0020186736231841904
064277711,064277720,0.00409569761049168
064277710,064277711,0.002716925468833682
064277707,064277711,0.0031789107092281385
064277706,064277719,0.00732017280760782
064277706,064277707,0.0028534812646663125
064277705,064277706,0.0002655823267656853
064277706,064277717,0.0009683218675542662
064277607,064277706,0.0040450953553227845
064277701,064277706,0.004207137466040142
064277705,064277719,0.003118058122117107
064277702,064277719,0.0034549848699950494
064277717,064277719,0.0012575814788165986
064277710,064277720,0.001436606504024368
064277709,064277710,0.0019544197034950138
064277708,064277710,0.0007541408062589901
064277707,064277710,0.0014279945772023165
064277709,064277806,0.005045832360034268
064277709,064277714,0.0015661595075181405
064277709,064277720,0.0039167960779822476
064277709,064277801,0.0022847462367711507
064277708,064277709,0.004746486985485253
064277714,064277720,0.002421736209480327
064277714,064277806,0.0014405306044974037
064277806,064277807,0.0015282994191321655
064277805,064277806,0.0034745033930874748
064277806,064277813,0.006718500338807499
064277801,064277806,0.0005548609991426102
064277807,064277813,0.0007882380746935718
064277807,064277808,0.0023159517540868686
064277804,064277807,0.0012343008078158934
064277805,064277807,0.005280440578634303
064277804,064277805,0.0022651422977057615
064277801,064277805,0.004082733509335086
064277804,064277808,0.0030918448252360516
064277803,064277804,0.003491205007085903
064277802,064277804,0.003083468674468161
064277801,064277802,0.001903719678610175
064277801,064277908,0.003656890190811034
064277802,064277908,0.001399685980713714
064277908,064277909,0.003969963042504865
064277907,064277908,0.002340864784938035
064277708,064277908,0.0030740403426024136
064277708,064277907,0.0012870532855872676
064277708,064277718,0.004317347226537254
064277707,064277708,0.003718892322509396
064277705,064277707,0.006232300716300172
064277705,064277718,0.0015024983265430323
064277703,064277705,0.005311771185639031
064277702,064277703,0.0029317576524486764
064276908,064277702,0.0004116465384403991
064277702,064277717,0.002962547458460143
064276907,064277702,0.001953164995554292
064276906,064277702,0.0010363369254674725
064277703,064277718,9.295885350782343e-05
064277703,064277704,0.002810186210419684
064276806,064277703,4.2586820912371414e-05
064276919,064277703,0.0029421847311670787
064276908,064277703,0.0023563992160806446
064276908,064276919,0.003126248700982593
064276908,064276910,0.0027679712248719537
064276907,064276908,0.0031264236360461677
064277718,064277907,0.0019406634702201714
064277718,064277901,0.0032639031457096877
064277704,064277718,0.00774340857820695
064276811,064277718,0.00034322490632156195
064276806,064277704,0.004440165908799095
064276811,064277704,0.0017092622976456386
064276806,064276919,0.002069956302696194
064276909,064276919,0.002515474118934143
064276910,064276919,0.0014820492789888206
064276806,064276909,0.0014904942309185553
064276909,064276911,0.002952598233770251
064276909,064276910,0.002168742609888953
064276805,064276909,0.0039375535883690626
064276806,064276811,0.002059294321572043
064276805,064276806,0.003003682515426585
064277907,064277909,0.0013969944504730106
064277906,064277907,0.0026490172549781376
064277901,064277907,0.002371927720911433
064277802,064277803,0.0010306172301722625
064277802,064277911,0.0018922556418897558
064277802,064277909,0.002725938503271557
064277909,064277911,0.0008557065240150676
064277906,064277909,0.0027483399886869117
064277909,064277910,0.001694587284518467
064277901,064277906,0.0017205434948086452
064277906,064277910,0.0018862194441327238
064277905,064277906,0.0017875444660089672
064277902,064277906,0.0019932530255894706
064277913,064278019,0.0008206118008427278
064277913,064278008,0.0018030067750973637
064277803,064277913,0.001010746102448644
064277911,064277913,0.0031171395281583483
064277913,064278005,0.0018697689290683279
064277910,064277913,0.004104124661982864
064277803,064277911,0.0020101931243134354
064277910,064277911,0.0023678417307164464
064278008,064278009,0.0017915755160436263
064278008,064278019,0.0035023138496955647
064277809,064278008,0.0012285930368444455
064277803,064278008,0.0022851002546574657
064278009,064278019,0.002339932106303494
064278007,064278019,0.004305517233561158
064278005,064278019,0.0007666452485429018
064278009,064278010,0.0016978106130719353
064278009,064278014,0.005521228737218049
064277810,064278009,0.0015591443453054905
064277809,064278009,0.001539285511884185
064277809,064277810,0.003032414477338058
064277808,064277809,0.0015392730695630203
064277803,064277809,0.004261064139470557
064277803,064277808,0.0010079593703260954
064277808,064277811,0.003499447007799642
064277810,064277811,0.0031182794192134516
064277810,064278015,0.0010221956340466024
064277810,064278014,0.0015591608797109295
064278015,064278016,0.0027404034934489768
064278014,064278015,0.003562219047065937
064278014,064278016,0.0005663502454493769
064278013,064278014,0.0029404154156761546
064278013,064278016,0.00286773400004351
064278012,064278016,0.0007253662087426925
064278010,064278013,0.0028594786122177664
064278012,064278013,0.002098860863664274
064278011,064278013,0.0008248365640781219
064278010,064278011,0.0020950847209177635
064278010,064278018,0.001013783112142768
064278007,064278010,0.0028706153327329766
064278011,064278012,0.005774042875516838
064278003,064278012,0.012960738570062217
064278012,064278018,0.004713268238856069
064278006,064278012,0.0010820037522248816
064278011,064278018,0.0009819544880184051
064278007,064278018,0.0035110906826885347
064278006,064278018,0.0026359793264136063
064278005,064278007,0.0035978161275469376
064277910,064278005,0.00029042154577055426
064277910,064278004,0.0031245759214837934
064277905,064277910,0.004599693801544558
064278003,064278004,0.002155372248842561
064278004,064278005,0.005528551616792488
064277912,064278004,0.004338629598661949
064277905,064278004,0.00014709420728026615
064278005,064278006,0.003353116548909035
064278003,064278006,0.005105348422390151
064277912,064278001,0.0015847391216986945
064277904,064277912,0.0035436355067036737
064277905,064277912,0.0016586418777597583
064277903,064277912,0.0007666252273985098
064278001,064278003,0.002737187800488708
064278001,064278002,0.004197742235683018
064276715,064278001,0.001056846093877408
064276716,064278001,0.0016697641222490026
064277904,064278001,0.0026694450420484683
064278003,064278017,0.0022607438734389665
064278002,064278003,0.002725745210496342
064276722,064278017,0.0036881963499704675
064276715,064276722,0.003853533113334576
064276714,064276722,0.012053381126871527
064276717,064276722,0.0007848737600971326
064276714,064278017,0.00012934636122725922
064276714,064276717,0.004446540850904816
064276713,064276714,0.00421356958271051
064276705,064276714,0.0009712181902016856
064276704,064276714,0.00327392503604364
064276715,064278017,0.000809444537894736
064276715,064278002,0.0013628076652603682
064276715,064276716,0.0014968143371712874
064276715,064276717,0.0024344432250424566
064278002,064278017,0.005546090209238772
064276716,064276717,0.005985661192349442
064276716,064277904,0.0012351331206803305
064276716,064276718,0.004611562196924079
064276713,064276717,0.003224443733169372
064276712,064276717,0.0036709413948769537
064276717,064276718,0.0014764333833204948
064276712,064276713,0.0030169348859362963
064276705,064276712,5.6780724608529065e-05
064276712,064276718,0.0014906143287605911
064276712,064276809,0.001087269539441065
064276712,064276810,0.003111918000709275
064276706,064276712,0.002570450745182095
064276711,064276712,0.0012849545162058602
064276705,064276713,0.002791929734282321
064276705,064276706,0.002826958087171076
064276704,064276705,0.0069754839717248085
064276707,064276721,0.001261231195230605
064276704,064276721,0.006943148979408971
064276703,064276721,0.00577650950181298
064276703,064276707,0.0012517546062919631
064276703,064276720,0.005533964096504458
064276703,064276704,0.0021859568341077553
064276702,064276703,0.00225645412514222
064276707,064276720,0.0009077156117833149
064276719,064276720,0.004146528415237169
064276702,064276720,0.0031070094222974748
064276701,064276720,0.0009576167725390675
064276707,064276719,0.002066277308898048
064276701,064276719,0.0066914026926621845
064276706,064276707,0.0016703487455994575
064276707,064276709,0.0027119355122659575
064276707,064276708,0.0017086245786266474
064276610,064276707,0.002018345414112022
064276701,064276707,0.0002672462548936681
064276706,064276711,0.0025552441973218003
064276706,064276710,0.002453489699160925
064276706,064276709,0.0011891789830068386
064276704,064276706,0.002595294303153785
064276710,064276807,0.0004746172149317167
064276710,064276711,0.005700373432652414
064276709,064276710,0.0037142037275557575
064276708,064276710,0.002784442903454306
064276708,064276807,0.0001932682355864406
064276708,064276709,0.005563523205365672
064276608,064276708,0.002635695011548195
064276610,064276708,0.0013417805425770585
064276708,064276803,0.0008475217242019656
064276708,064276802,0.0025505055662945085
064276608,064276610,0.002555079673302116
064276608,064276802,0.00369145741418953
064276607,064276608,0.0036748125403701084
064276608,064276609,0.0007464028588079108
064276802,064276803,0.004533788902785269
064276801,064276802,0.0023516308420755408
064276607,064276802,0.0014683633061049399
064276803,064276807,0.0017983708645072146
064276803,064276805,0.0038341709048258952
064276803,064276804,0.0022528147669349714
064276711,064276810,0.0029576914331942285
064276711,064276808,0.0014689146431803848
064276711,064276807,0.00139146419141702
064276809,064276810,0.003692075994668022
064276808,064276810,0.0031392699895927603
064277903,064277904,0.002683023769775462
064276718,064277904,0.002271472868937547
064276718,064277903,0.0022007972084651787
064276718,064276809,0.0031066340648369523
064277903,064277905,0.0032280942983861013
064277902,064277903,0.0027143674181786598
064276809,064277903,0.00180873487852388
064276809,064277902,0.0011441597891493985
064276808,064276809,0.004651906058366353
064276808,064277902,0.001476510751243953
064276807,064276808,0.007335864622533045
064277901,064277902,0.002733708702640115
064277902,064277905,0.001425255579554961
064276807,064277902,0.0007439971758493695
064276807,064277901,0.00302986048439049
064276811,064277901,0.0009063466773624865
064276805,064276807,0.003362074118339784
064276805,064276811,0.0035283414391470867
064276804,064276805,0.003983538974957883
064276807,064276811,0.002524448910040976
064276804,064276911,0.0020473442182752915
064276801,064276804,0.002984738533038782
064276804,064276912,0.0011363661873637957
064276911,064276912,0.004463933104449789
064276912,064276920,0.0009487849091621658
064276801,064276912,0.0018309635667290314
064276912,064276916,0.001733498552301155
064276912,064276915,0.004143111875583201
064276607,064276801,0.0007669033614790775
064276606,064276801,0.002683489297656468
064276801,064276916,0.000828133581331873
064276606,064276916,0.001993869050084059
064276915,064276916,0.004341609233511369
064276916,064276917,0.0052275658696533615
064276606,064276917,0.0018209691993868245
064276612,064276917,0.001536073029911975
064276917,064277014,0.0014889455560433977
064276917,064277013,0.002488232814390537
064276917,064277012,0.001575848172138363
064276915,064276920,0.001972173508066483
064276914,064276915,0.00364694349872753
064276914,064277012,0.002067371897689345
064277012,064277013,0.0040393388998913
064277011,064277012,0.004963686316243895
064277010,064277012,0.0019614871707950227
064276914,064277011,0.0009233435616192913
064277010,064277011,0.00202103651969482
064277007,064277011,0.004240374792536403
064276901,064277011,0.0009326789640524591
064277008,064277010,0.0026194586616667234
064277008,064277009,0.0013220126806381645
064276413,064277008,0.001007905688689937
064276412,064277008,0.0018426035034220533
064277007,064277008,0.0028272011856296992
064277006,064277008,0.0012514558200659451
064277005,064277008,0.0026453439813371414
064277010,064277015,0.0013553654053596847
064277009,064277010,0.0053657802921204785
064277013,064277014,0.004611574755339566
064277013,064277015,0.0015785504314101344
064277014,064277015,0.0015076332420895754
064277015,064277018,0.0027041171954077458
064277015,064277016,0.004378347229700992
064277016,064277017,0.0012209436092175479
064277009,064277016,0.00264405894953682
064276417,064277016,0.0002329610799401824
064276517,064277016,0.0027762694070290537
064276417,064277009,0.0018138354152207057
064276416,064277009,0.0010931987260282927
064276413,064277009,0.001135624051873567
064276416,064276417,0.004817290791286993
064276417,064276517,0.00291161754320229
064276517,064277017,0.0022623934789907357
064276511,064276517,0.0037385401792402614
064276516,064276517,0.004379291055064581
064276601,064277018,0.0013279489005447343
064277017,064277018,0.0043371558056165055
064276605,064277018,0.0022485815902417478
064277014,064277018,0.0007636837105618736
064276601,064277017,0.0025570943042606113
064276511,064277017,0.0007550981837974009
064276604,064276605,0.0015314497690289521
064276601,064276605,0.0008588496244734351
064276605,064276612,0.0031073187399136286
064276605,064277014,0.0015655795595328076
064276612,064277014,0.0024303451691797427
064276606,064276612,0.001437943189459744
064276604,064276612,0.0028746956037532293
064276606,064276607,0.001657399210037352
064276604,064276606,0.0019789497247747474
064276604,064276607,0.0026534776855118994
064276607,064276609,0.002086839740536421
064276604,064276609,0.0015373501309457675
064276603,064276604,0.0024322515418992484
064276602,064276604,0.0015017094002955493
064276601,064276604,0.0008304944852770311
064276609,064276610,0.004696403679220659
064276609,064276611,0.001492813972923761
064276603,064276609,0.00449300065227197
064276601,064276602,0.004004432438461604
064276518,064276601,0.0009310918558192374
064276511,064276601,0.0008544423898978151
064276602,064276603,0.004007040703768151
064276518,064276602,0.0015160002854351534
064276519,064276603,0.003199313754565842
064276603,064276611,0.004482314745488528
064276518,064276603,0.0007891729756420177
064276610,064276611,0.003814371604717478
064276519,064276611,0.003511408939530733
064276611,064276701,0.00558043868369072
064276701,064276702,0.0018914839490564357
064275115,064276701,0.0018623662939335059
064276510,064276519,0.005181749582291173
064276509,064276519,0.0032848693816112337
064276518,064276519,0.003068249440360171
064276513,064276519,0.002685956349582883
064275115,064276519,0.0048029661570580555
064276510,064276513,0.0014406819581526422
064276513,064276518,0.0031993215532318577
064276512,064276513,0.003300946086639757
064276513,064276514,0.0024416020712830187
064276509,064276510,0.004691401171333067
064276508,064276510,0.000879551469621285
064276510,064276514,0.0024011085137323252
064276505,064276510,0.00021207102919949128
064276506,064276508,0.00178011705482513
064276506,064276507,0.0048276407850500755
064276505,064276506,0.005042922305940299
064276504,064276506,0.003517011742668632
064276505,064276508,0.0011379814963981285
064276505,064276514,0.005911720290217178
064276504,064276505,0.0013397160889773952
064276512,064276514,0.0025834072528376287
064276514,064276515,0.0013961527977946876
064276504,064276514,0.000749461126428441
064276511,064276512,0.002472514370465701
064276512,064276516,0.003261724219143144
064276511,064276518,0.003046910566556228
064276416,064276516,0.0032573640798854997
064276515,064276516,0.004382519164188724
064276415,064276416,0.0035547291820676808
064276414,064276415,0.0018937053188242872
064276415,064276515,0.002840264503379349
064276408,064276415,0.0012547658096855646
064276407,064276415,0.0028229453299772893
064276406,064276408,0.005468008907853765
064276406,064276409,0.0025484732181949724
064276406,064276407,0.0012538142422610942
064276405,064276406,0.0042551677239827095
064276404,064276405,0.0018654269659160697
064276402,064276405,0.004244284604288331
064276401,064276405,0.001819403210292518
064276407,064276503,0.0023811378999266646
064276407,064276408,0.001231396137549999
064276404,064276407,0.002780174209740513
064276404,064276502,0.001903615363503159
064276403,064276404,0.0027055700126644234
064276503,064276515,0.0038461905089766553
064276503,064276504,0.0023654432287432007
064276502,064276503,0.0038007093420434823
064276504,064276515,0.0020918777953295577
064276502,064276504,0.0010310838217040715
064276501,064276502,0.0040531043058916125
064276403,064276502,0.0021341909222978447
064276504,064276507,0.0028352552664335086
064276501,064276504,0.004152121567346953
064275310,064276504,0.0010138636635575805
064275310,064276501,0.0021288450193510063
064275309,064276501,0.0010788101615472451
064276403,064276501,0.000980502281409007
064275309,064275310,0.0012203131374225473
064275309,064276403,0.0013577234548237018
064275308,064275309,0.003708417084213396
064276402,064276403,0.0019419396479155872
064275408,064276403,0.00029237580684649824
064275409,064276403,0.0018510789451270226
064275308,064276403,0.0003767636737278974
064275408,064275409,0.003772309188688222
064275308,064275408,0.003977470727723466
064275406,064275408,0.002550078215111242
064275407,064275408,0.0029045372180812926
064275308,064275310,0.002279968204459101
064275308,064275312,0.0005638984587423166
064275306,064275308,7.472265665185857e-05
064275307,064275308,0.0039787973069028435
064275308,064275406,0.0018619528311420912
064275307,064275406,0.0011945697464255526
064275405,064275406,0.0025491662547585735
064275406,064275407,0.0030906402465794482
064275404,064275405,0.0024030572311935358
064274909,064275404,0.0025883014301094566
064275404,064275407,0.001314703997847558
064275402,064275404,0.001287828125293425
064275403,064275404,0.002416263760702483
064275402,064275409,0.0011993789323886594
064275402,064275407,0.005508609969750552
064275402,064275411,0.0027427595599137772
064275402,064275403,0.004218167492882767
064275401,064275402,0.0016750117298991968
064275407,064275409,0.0021429016426818114
064275405,064275407,0.0007514700861575233
064275409,064275411,0.0020511630012674544
064275410,064275411,0.002216324186810815
064275411,064275412,0.003952182247947789
064275409,064275410,0.0013396063862234553
064275410,064275413,0.002247476934994304
064275410,064275412,0.0013550437753926203
064275409,064276402,0.004225553902062096
064275409,064275413,0.0015208508534618516
064276401,064276402,0.0019381604751479075
064275413,064276401,0.002222411383544629
064275412,064275413,0.0015260976276818712
064276401,064276409,0.0020354017456108977
064276305,064276401,0.0038213505786404297
064275412,064276305,0.0015986200146679685
064275412,064276304,0.0008909601804778167
064275401,064275412,0.002449841058943731
064275412,064275510,0.0027360280695377824
064275412,064275512,0.0042057706082799864
064276303,064276306,0.0011638432829336287
064276303,064276307,0.0007577171359594417
064276303,064276304,0.004117621539023715
064276302,064276303,0.003683509609613388
064275512,064276303,0.0023123116086437123
064276304,064276306,0.002279151653732541
064276304,064276305,0.0037318475882952527
064275512,064276304,0.0008403380010724101
064276409,064276410,0.0020157456017259293
064276409,064276411,0.0001135392014231871
064276312,064276409,0.0010204199553047381
064276408,064276409,0.001261413675554469
064276306,064276409,0.0043049202156847256
064276305,064276409,0.001578825765188337
064276408,064276414,0.0010333008726220042
064276408,064276411,0.0030145777290537237
064276413,064276416,0.0028408360248189006
064276414,064276416,0.0028103285930802424
064276413,064276414,0.002106463820658333
064276412,064276414,0.0018595680510034105
064276411,064276414,0.003916682132573622
064276412,064276413,0.002853409730154471
064276411,064276412,0.0021163108040454758
064276410,064276411,0.0028935616899741544
064276312,064277005,0.001314519208315843
064276312,064277004,0.0005989340086399595
064276311,064276312,0.0038894365313160524
064276312,064276410,0.0075996714878212935
064276306,064276312,0.00472156929965163
064276410,064276412,0.0046422731184383
064276410,064277005,0.002120675775582407
064276412,064277005,0.00023562756802410483
064277005,064277006,0.004899466932857119
064277004,064277005,0.003840378771913544
064276310,064276314,0.0018886725128447934
064276309,064276314,0.002818262472459109
064276306,064276314,0.0028596592559644064
064276307,064276314,0.001968322309870844
064276306,064276311,0.003069196735483813
064276306,064276310,0.0009119362340874315
064276306,064276307,0.003714975567573426
064276307,064276309,0.0007975409340231165
064276307,064276313,0.0014807625370828151
064276307,064276308,0.0022361670839741218
064276302,064276307,0.0020525046532329236
064275512,064276302,0.002069542088547595
064276301,064276302,0.0037031470549454943
064276308,064276313,0.004374057130845602
064276301,064276308,0.0044193285240708875
064276208,064276308,0.0022502682467127927
064276309,064276313,0.004881013441142121
064276210,064276313,0.0001559711408403771
064276209,064276313,0.002026036945745665
064276208,064276313,0.0002720476305178628
064276310,064276311,0.0019063340718191231
064276310,064276315,0.0058758227230398755
064276216,064276310,0.0015995774802299457
064276309,064276310,0.0042524325644064135
064276210,064276310,0.0009637117588064494
064276210,064276309,0.0018847569980025955
064276209,064276210,0.004489821346599443
064276209,064276211,0.0007515023837876437
064276208,064276209,0.005298106809592479
064276207,064276209,0.0024698507578444426
064276210,064276216,0.003776100940519611
064276210,064276214,0.0013537914739590188
064276210,064276211,0.0030288723312274697
064276214,064276216,0.002258253712756323
064276214,064276215,0.004538312072618521
064276213,064276214,0.0015269674564525296
064276211,064276214,0.0024352924563375237
064276216,064277106,0.004618388697469382
064276216,064276315,0.002094515489894226
064276215,064276216,0.0015644352777852476
064277001,064277002,0.004462002518165841
064277001,064277106,0.0024406215814556558
064276315,064277001,0.0032230331602733854
064276901,064277002,0.002303726321875791
064277002,064277003,0.004100217008195347
064277002,064277004,0.002564608208849982
064277002,064277108,0.0006569477495542734
064277002,064277107,0.0015245618349572175
064277002,064277106,0.0015930825636771705
064276315,064277002,0.0015790033023502777
064276901,064277003,0.004159698196338518
064277003,064277006,0.002990107170317163
064277003,064277004,0.005229991409793832
064276315,064277004,0.0005293672535559601
064276311,064276315,0.0018838723063157783
064276311,064277004,0.002999557571925231
064276901,064277007,0.0028104916120932936
064277006,064277007,0.0033610060172008208
064276901,064277006,0.0036570407383828864
064276913,064276914,0.0029421466436004274
064276901,064276914,0.004632305022609371
064276910,064276911,0.0014989050009662204
064276911,064276920,0.00210116020623324
064276910,064276920,0.002767985151460842
064276907,064276920,7.653180406078099e-05
064276913,064276920,0.004020100146155607
064276907,064276910,0.0021519282820206894
064276907,064276913,0.001890593865590966
064276913,064276918,0.00206239001698674
064276901,064276913,0.0012778049742820919
064276904,064276905,0.002132009044737876
064276905,064276918,0.0033295265398476277
064276901,064276905,0.00544052499153878
064276907,064276918,0.0014884935319680343
064276906,064276918,0.0018650158951326805
064276901,064276918,0.0017630137290194346
064276906,064276907,0.0039028268604808973
064276906,064277717,0.0008175531695864803
064276904,064276906,0.0038804877285067325
064276904,064277717,0.0014053244465876114
064276904,064277701,0.0015840387560596904
064276903,064276904,0.004703318833147867
064276901,064276903,0.0016975543097855006
064276901,064276902,0.008192225898672311
064276901,064277202,0.003182084762479949
064276901,064277108,0.0023296251435928478
064276901,064277201,0.002668345033393715
064277202,064277203,0.0027249314011769847
064277202,064277206,0.002162901183135829
064277202,064277207,0.0020268243238513437
064277201,064277202,0.005631709847657989
064277116,064277202,0.0031797736597084245
064276903,064277203,0.00018806033366519225
064276902,064277203,0.003179821389261966
064277203,064277213,0.0023474629898234322
064277203,064277204,0.0014873928855445424
064277203,064277206,0.003921260997868442
064276902,064276903,0.0032321599724072347
064276903,064277701,0.0023788732803629014
064276903,064277213,0.003810795997802525
064277701,064277717,0.0029766624679240703
064277607,064277701,0.00036912033096428247
064277622,064277701,0.004197329241238662
064277213,064277622,0.0015214970167131089
064277213,064277606,0.00196719397153996
064277213,064277605,0.0004952006195056223
064277204,064277213,0.003768578951493345
064277606,064277607,0.002006914177987317
064277606,064277622,0.00421084706341289
064277605,064277606,0.004238646005889121
064277607,064277622,0.0028078182445877963
064277605,064277607,0.003568843660932559
064277204,064277605,0.0015011324214915913
064277205,064277605,0.0006699030413244142
064277205,064277208,0.0034713660693311524
064277207,064277208,0.003517634803836816
064277204,064277205,0.003750480316591081
064277205,064277206,0.003130413101957833
064277205,064277207,7.97018572019021e-05
064277206,064277207,0.0034181726816340887
064277207,064277210,0.0034230908971254097
064277116,064277207,0.0003861272172694689
064277210,064277211,0.0034136133485334645
064277116,064277210,0.002473848230445124
064277115,064277211,0.001821131129753831
064277114,064277115,0.003696686869937963
064277114,064277119,0.004577309474760003
064277115,064277119,0.0016167438203579473
064277113,064277119,0.0036191548453790023
064277112,064277119,0.0006934715438520632
064277113,064277115,0.000524955875605721
064277109,064277113,0.0031011105852464128
064277111,064277113,0.0013759495691167097
064277112,064277113,0.001776925054312609
064277104,064277113,0.00041495095546844804
064277108,064277116,0.0010632843439151447
064277116,064277201,0.0026531060117324185
064277115,064277116,0.005625664503310926
064277109,064277116,0.00204693095465946
064277109,064277115,0.001866387613239648
064277108,064277201,0.004628259570481528
064277107,064277108,0.003489215495597909
064277108,064277110,0.0014803389567411029
064277108,064277109,0.002566839252087466
064277107,064277110,0.003927083957228911
064277107,064277111,0.0015212166649914438
064277106,064277107,0.008308277778356092
064277105,064277107,0.0014565112104051202
064277109,064277110,0.0039162888569676865
064277110,064277111,0.0015440493732056426
064277109,064277111,0.0032615590460167935
064276215,064277106,0.003838714122598853
064277105,064277106,0.008596887991292605
064276213,064277106,0.002219155493474338
064276111,064277106,0.0009314141824322663
064276213,064276215,0.002372541498897192
064276111,064276213,0.0038846065529466764
064276212,064276213,0.002222823830589681
064277105,064277111,0.002986073097503734
064277104,064277105,0.006064741880569022
064276111,064277105,0.0005083068453667637
064277103,064277105,0.0014522349352869904
064277104,064277111,0.001386353716422506
064277104,064277112,0.0018635777099153545
064277104,064277307,0.0014512309480024014
064277102,064277104,0.002638196800733737
064277103,064277104,0.003842769052107511
064277112,064277307,0.0026156218677564447
064277102,064277307,0.0018962605738651302
064277102,064277103,0.002825280131403058
064276111,064277103,0.0007628673160088019
064276112,064277103,0.0024513308124865037
064276113,064277103,0.003690609888980745
064276117,064277103,0.0004594616266461342
064276112,064276113,0.003170906110575058
064276109,064276113,0.0013228696672375178
064276113,064276117,0.0031650047764776373
064276108,064276113,0.002362145669263061
064276108,064276109,0.004405809015548222
064276107,064276108,0.004428005527064853
064276105,064276108,0.0023502485908332483
064276107,064276117,0.002162064426776355
064276106,064276107,0.004872081307034823
064276105,064276107,0.0016665088382881858
064276102,064276106,0.004111428213764678
064276105,064276106,0.00035235457743290177
064275715,064276102,0.0018240301989946286
064275710,064275715,0.002338706969440252
064275711,064275715,0.0010755463789116392
064275710,064275711,0.0047932331193307805
064275709,064275711,0.0010817385435519442
064275711,064275716,0.0012368435376134367
064275708,064275711,0.001461618720418386
064275710,064276102,0.0037326335699229157
064275709,064275710,0.0012093237612947384
064276102,064276116,0.00448102445211596
064276101,064276102,0.0018531416823020569
064276103,064276116,0.002892799041831488
064276105,064276116,0.001647266105637294
064276115,064276116,0.001932691947498287
064276101,064276116,0.00011352293589967102
064275709,064276101,0.0037695822591171336
064275708,064275709,0.003951999750899265
064275613,064275709,0.002020669594682311
064275612,064275709,0.00011644354540134068
064276101,064276115,0.003761108742393418
064275612,064276101,0.0018759641498085854
064276103,064276115,0.00377075590052881
064275611,064276115,0.000913897428788213
064275612,064276115,0.00099348462591787
064276103,064276105,0.0036880772034011454
064276103,064276104,0.004801986739717284
064275611,064276103,0.0028759788604445316
064276105,064276205,0.0037210089453690734
064276105,064276204,0.0033431254711246577
064276105,064276109,0.002660970431272174
064276104,064276105,0.0062666206796374675
064276109,064276112,0.0020654085531398715
064276109,064276110,0.003710800871261948
064276111,064276112,0.003918233832568901
064276110,064276112,0.0011614635753853986
064276110,064276111,0.002185674963718548
064276110,064276212,0.00370707940017886
064276110,064276205,0.00336679697091812
064276211,064276212,0.003712983642021912
064276206,064276212,0.0018966684397462414
064276205,064276212,0.000320701340141632
064276205,064276206,0.003741076097759204
064276204,064276205,0.003685005088597707
064275513,064276204,0.00044279401865036905
064276203,064276204,0.004745421348486819
064276104,064276204,0.0032352294637750826
064276206,064276211,0.00038607751613244437
064276206,064276207,0.004444299306952896
064276203,064276206,0.0015128949692315937
064276207,064276211,0.0021179454622242827
064276207,064276208,0.0013023187637339559
064276202,064276207,0.001998444302912055
064276203,064276207,0.000734130850892053
064276208,064276301,2.8236142802780274e-05
064276202,064276208,0.004192926320423188
064276202,064276301,0.0007756013727686907
064276201,064276202,0.0076331809617942135
064276202,064276203,0.002445056359130886
064276201,064276301,0.002891311041275407
064275513,064276201,0.006059227378131217
064276201,064276203,0.0012489725495942066
064275513,064276203,0.0010481231230696254
064275513,064275608,0.000998389809162858
064275504,064275608,0.002288765150778439
064275608,064276104,0.005495574621832035
064275503,064275608,0.001867020337074715
064275607,064275608,0.003940877977038078
064275608,064275609,0.0029737469501581156
064275608,064275611,0.0004607056572983604
064275504,064275513,0.004467805823200425
064275504,064275514,0.002276755242255892
064275503,064275504,0.004454259868979104
064275501,064275614,0.0018363140217240146
064275607,064275614,0.002964022828142763
064275609,064275614,0.0023484367495483415
064275610,064275614,0.0024519291088805277
064275606,064275614,0.003804641371166882
064275502,064275607,0.00180775162902249
064275503,064275607,0.00094570133413584
064275607,064275609,0.003701254761955774
064275609,064275611,0.0027914893027305176
064275609,064275610,0.0012076572858167136
064275611,064276104,0.0018562105988690072
064275610,064275611,0.0035649505350928545
064275611,064275612,0.0029530309557663542
064275610,064275612,0.002520035167171333
064275612,064275613,0.005338236777700187
064275603,064275612,0.0028439945063269113
064275603,064275610,0.0012006252266034295
064275603,064275613,0.0011533049001760456
064275603,064275604,0.0036219202192435563
064274711,064275603,0.00019301074441378866
064275601,064275603,0.0035821135787120146
064275602,064275603,0.0031339422916089525
064275601,064275613,0.0033112094989603434
064275601,064275602,0.0047753183959754275
064275601,064275701,0.002894315522367852
064275601,064275703,0.0027782181340683717
064274611,064275601,0.003941860734145782
064274613,064275601,0.0014217387842803664
064275606,064275610,4.234737048430428e-05
064275605,064275610,0.0017229828448673751
064275604,064275610,0.0015922032060793744
064275604,064275605,0.0036454492114880665
064274711,064275604,0.0016521964290748636
064275605,064275606,0.0036348535784140844
064274711,064275605,0.001700872032022441
064275501,064275606,0.0019288418838731148
064274712,064275606,0.0006925094307045547
064274711,064275606,0.0010218868223076509
064274711,064274712,0.002433155203793367
064274710,064274711,0.00456142992730107
064274711,064275602,0.0024271569981809916
064274709,064274710,0.0024249999932875388
064274710,064275602,0.002423477416893416
064274705,064274710,0.0010076026314928034
064274703,064274710,0.0032276414976811696
064274702,064274710,0.0002922881194986174
064274702,064275602,0.0010304318853222455
064274701,064275602,0.0026121357350907043
064274701,064274702,0.004791837435453713
064274311,064274701,0.0011950473352127654
064274613,064274701,0.005255075027492686
064274311,064274613,0.0018770921871686947
064274611,064274613,0.0011608713281008158
064274612,064274613,0.010841844787377484
064274311,064274612,0.0006520101321908913
064274310,064274612,0.0030648383567527904
064274401,064274612,0.0018564330951794865
064274515,064274612,0.00275155933904007
064274509,064274612,0.00386908056102574
064274611,064274612,0.0038823772408773114
064274610,064274612,0.010310760709297859
064275701,064275703,0.0017888513392194582
064275701,064275702,0.002375324992583771
064275701,064275804,0.003342794431927126
064274611,064275701,0.00443939997507005
064274611,064275804,0.0033491068367238175
064274611,064275803,0.0011868193546862194
064274607,064274611,0.002169461288830687
064274608,064274611,0.002246654971846922
064274610,064274611,0.0038374051923744145
064274607,064275803,0.001169204079599237
064274607,064275802,0.002716387747486844
064274607,064274608,0.003826763930010451
064274606,064274607,0.0022440112430769867
064275803,064275805,0.0014596652264288943
064275803,064275804,0.0028255641484666643
064275803,064275807,0.0029509175863075875
064275802,064275803,0.004502476265532066
064275702,064275805,0.0028513410541446196
064275805,064275806,0.004608373244540577
064275804,064275805,0.003821558350748467
064275702,064275804,0.000735266591728742
064275613,064275703,0.0007291527442793674
064275703,064275704,0.0016692875648984347
064275703,064275705,0.0008571243459572583
064275702,064275703,0.003991426103442644
064275613,064275704,0.004578548524454046
064275704,064275708,0.00188759380206409
064275704,064275705,0.004663490404893105
064275705,064275707,0.0015638175358326078
064275705,064275706,0.003873833817639135
064275702,064275705,0.001599154184171375
064275702,064275706,0.001524955509261993
064275702,064275806,0.001623119495445125
064275706,064275707,0.0024808995499872714
064275706,064275815,0.0040538921092093455
064275706,064275806,0.0008322722616872973
064275708,064275716,0.001226364518772295
064275707,064275708,0.0025918789780596824
064275707,064275716,0.0023688886333161907
064275707,064275815,0.0007179055324290196
064275813,064275815,0.0023345012224026958
064275806,064275815,0.0024729585192491558
064275814,064275815,0.0017811873373868466
064275813,064275814,0.0027674213259679613
064275806,064275807,0.0021340370209679857
064275807,064275814,0.002827256872551415
064275802,064275807,0.0026738584537323975
064275806,064275814,0.000798841490338653
064275802,064275816,0.002302111706371884
064275801,064275802,0.002609118891873742
064274606,064275802,0.0011608039233775025
064275801,064275816,0.003275291719354959
064274606,064275801,0.00116080235270624
064274605,064275801,0.0023132494072160507
064274605,065684001,0.003934010326073179
064274604,065684001,1.6127050989990683e-06
065682410,065684001,0.0032336411039465235
064274604,065682410,0.001993005539599258
065682409,065682410,0.0048883965464292115
064274606,064274608,0.001693859372471563
064274605,064274606,0.003946196782430266
064274604,064274606,0.0022790059365918923
064274604,064274605,0.0025356352244055302
064274608,064274609,0.002208178673595572
064274604,064274608,0.0016006206306844843
064274602,064274609,0.004653851277820753
064274601,064274602,0.001089849254526158
064274602,064274604,0.002316355143632559
064274602,064274603,0.0026969002630319126
064274601,064274603,0.002689442641585828
064274511,064274603,0.0032895609478055957
064274603,064274604,0.0054158918331095015
064274603,065682409,0.0012323661196800932
064274603,065682408,0.0020696080511437343
064274604,064274609,0.0017583918559461588
064274604,065682409,0.0008753359340722272
064274511,065682408,0.0010677857308817884
065682408,065682409,0.004786794575314015
065682404,065682408,0.004530664485759953
065682407,065682408,0.0032574403950195135
064274511,065682404,0.0031552083905334967
065682404,065682405,0.0031809112683714117
065682403,065682404,0.004371015393719152
064274510,065682403,0.0019587163151973865
065682403,065682405,0.0010078211967666356
065682401,065682403,0.0019982210950441432
065682402,065682403,0.0052859099976248075
065682405,065682407,0.0023992297094757196
065682405,065682406,0.0021682153227520953
065682308,065682405,0.003096047467109536
065682401,065682405,0.003663265060630702
065682310,065682407,0.002337783616929101
065682406,065682407,0.003322978637674001
065682310,065682409,0.002040756588903097
065682310,065682406,0.0021958639883264243
065682308,065682406,0.0029751592918128853
065682301,065682308,0.004984233263116222
065681306,065682401,0.004416482704601088
065681306,065682301,0.0032068681261613616
065681305,065681306,0.0022042973039232243
065681306,065681307,0.0032154321597606256
065681304,065681306,0.002182658054177395
065681304,065681305,0.0047602775209510916
065681303,065681304,0.0046910732582881995
065681304,065682201,0.0022860386778737864
065681305,065682301,0.0033200479275077737
065681305,065682201,0.0021392809492378397
065681410,065682201,0.0034439503314161145
065681303,065681410,0.002598921039294063
065681410,065681412,0.0035891734769350264
065681409,065681410,0.003156024028727263
065681409,065681412,0.003163603426643146
065681408,065681409,0.006362082598398329
065681409,065683408,0.002371002614354328
065681301,065681412,0.0024883079532236905
065681210,065681412,0.0021468871568314785
065681303,065681307,0.0026025537655072206
065681302,065681303,0.0028350256857426663
065681301,065681303,0.0019341027555416861
065681211,065681302,0.0021676895815605016
065681302,065681307,0.0025229494227917964
065681301,065681302,0.0025153662116837814
065681210,065681302,0.0006555597897459635
065681210,065681301,0.0019565772215044807
065681210,065681211,0.0017271743742802085
065681202,065681210,0.0035467839085414287
065681210,065683408,0.002236654691514858
065681202,065681211,0.0013017228389645109
065681202,065681203,0.002666946378194385
065681201,065681202,0.0022556291371803993
065681202,065683408,0.005065270201765084
065681211,065681308,0.0014548032454788453
065681209,065681211,0.0017282201448884636
065681204,065681211,0.001986689788073798
065681211,065681307,0.0032109633513847085
065681203,065681211,0.0034863275627336826
065681307,065681308,0.005039186282843098
065682401,065682402,0.002664452133335133
065681308,065682401,0.0034212215168693727
064274510,065682402,0.002384533827771971
065681310,065682402,0.005378142821969172
064274512,065681310,0.0025006867473217915
065681309,065681310,0.005317975286291433
065681308,065681310,0.0024968623915105586
064274501,065681309,0.001810583666229419
064273313,065681309,0.000731950263597185
065681207,065681309,0.0035873955307037697
065681308,065681309,0.002537195635993473
065681208,065681309,0.001243344896728828
065681209,065681309,0.00038884260793075123
065681207,065681208,0.0034474146599006543
065681208,065681209,0.0034394402376183384
065681205,065681208,0.0012636054505149501
065681209,065681308,0.0019785609402481496
065681205,065681209,0.0024122106344164973
065681204,065681209,0.001701532689321553
065681203,065681204,0.0026670308819475657
065681201,065681203,0.0034949773943824527
065681201,065681204,0.0015907711305794673
065681201,065683508,0.0019195414567015267
065681201,065683507,0.0032690259079262486
065681201,065683408,0.0006795690320863824
065683507,065683508,0.0022314174165862497
065683506,065683507,0.0015204777890870677
065683408,065683507,0.003004028563201146
065683506,065683508,0.0016142072963608207
065683505,065683506,0.0007433926997387041
065683408,065683506,0.0023459440390747473
065681204,065683508,0.0017350721346099936
065683508,065683509,0.002277437258262259
065683505,065683508,0.003410381216655505
065681204,065681205,0.0025291528877466334
065681205,065681207,0.0011828935729329062
065681205,065681206,0.0026100275997758193
065681205,065683509,0.004893976922641928
065683504,065683505,0.0022232400413805826
065683501,065683505,0.0025275639752984696
065681107,065683505,0.002159120794960859
065683502,065683505,0.0010475835111061645
065681106,065683501,0.001642009507530908
065681107,065683501,0.0020391000752952634
065683501,065683502,0.0018967374773751567
065681106,065681107,0.004323425069185413
065681106,065683503,0.0027660848738452525
065681103,065681106,0.0004735141870943905
065681106,065683502,0.003683958687986079
065681104,065681106,0.0035435917890301086
065681105,065681106,0.0041884744635949465
065681106,065683408,0.00043647953272503464
065681106,065683305,0.0029919925655276895
065681106,065683308,0.0024783771141428375
065681106,065683306,0.0013256614784071662
065681206,065683504,0.002400908965260701
065683504,065683509,0.004899476012979819
064273304,065683504,0.0007329068607625313
064273302,065683504,0.001574808948650609
065683503,065683504,0.0036391546160699203
065683502,065683504,0.0036785289639608447
065681206,065683509,0.0023057292528260182
064273312,065681206,0.0025448979653996872
065681206,065681207,0.0023572976515648042
064273304,065681206,0.0023996726075214167
064273311,064273312,0.002525398539575779
064273310,064273312,0.0011239047567942841
064273306,064273312,0.0010592840645699461
064273312,064273313,0.00263731046924433
064273312,065681207,0.0021668800669935556
064273304,064273312,0.0026177634176385266
064273313,065681207,0.0012913738916363626
064273313,064273314,0.002014002107070205
064273313,064274501,0.0026532318567861818
064274501,064274502,0.0019375390662149795
064274501,064274512,0.00392059424336428
064273314,064274501,0.001259653311525262
064273314,064273315,0.0020541232219633667
064273311,064273314,0.0037909222498268176
064273314,064274503,0.00019304483716859285
064273314,064274502,0.0023435631811967983
064274502,064274510,0.002149566080810502
064274502,064274503,0.004609161615546473
064274502,064274512,0.0025889414260869053
064274503,064274513,0.002503419281118751
064274503,064274504,0.0021620029615039885
064273315,064274503,0.0013563474604850368
064274503,064274510,0.0015448557686519335
064274509,064274510,0.005770807561365859
064274510,064274513,0.003423217371243281
064274510,064274610,0.005570127836720781
064274510,064274601,0.0029601032144873627
064274510,064274511,0.0034018381852663955
064274510,064274512,0.00393113646738793
064274511,064274601,0.004280193436999298
064274601,064274609,0.0008410894202213458
064274601,064274610,0.0042901081395246635
064274609,064274610,0.009439222338622787
064274509,064274610,0.0010498774366007103
064274509,064274515,0.004513330786496428
064274508,064274509,0.0018076090784204092
064274505,064274509,0.004007306873025001
064274508,064274515,0.003042061688719873
064274507,064274508,0.002576377117919687
064274505,064274508,0.0022034767493604467
064274401,064274515,0.0068441577384932995
064274514,064274515,0.0019754875803168572
064274301,064274403,0.004454892173699402
064274403,064274404,0.004887241094027583
064274401,064274403,0.007220097773719573
064274402,064274403,0.0018046039657369118
064274310,064274401,9.800398920484755e-05
064274401,064274514,0.00275944332561938
064274401,064274402,0.002957951698465402
064273516,064274401,0.001958339463611111
064273508,064274401,0.0017282595549158713
064273515,064274401,0.0005703361744272675
064274507,064274514,0.0027035270723511054
064273418,064274514,0.0009279237339052972
064273515,064274514,0.0012344467483165423
064273418,064274507,0.0013336330882280363
064274506,064274507,0.002726840550631852
064273414,064274507,0.0010895554634043887
064273414,064273418,0.0016659748151873943
064273414,064274506,0.002148174033100619
064273413,064273414,0.0042669131030768975
064273414,064273419,0.0020825609612173416
064273414,064273415,0.0006247302990133171
064273418,064273515,0.0027113123559530227
064273413,064273418,0.0010371018861139727
064273412,064273418,0.002270189733925291
064273413,064273415,0.001968844482682055
064273413,064273417,0.0013426348748141876
064273412,064273413,0.0020727197493788023
064273411,064273413,0.0018749305279773666
064273415,064273417,0.0017232935300735483
064273411,064273417,0.0021754451130579014
064273410,064273417,0.001022972092595791
064273409,064273417,0.004068162403435546
064273408,064273417,0.0019322180293268273
064273415,064273419,0.0033876778359176354
064273309,064273415,0.0025455058372256707
064273409,064273415,0.0020135756016824782
064273309,064273315,0.003113044493771747
064273308,064273309,0.001750943284225957
064273309,064273311,0.0012768120345381584
064273307,064273309,0.0013488316030690452
064273309,064273310,0.0012367793224866913
064273419,064274506,0.0016486525880210815
064273419,064274504,0.0016994098628179278
064273315,064273419,0.002055447504277437
064274505,064274506,0.004418272746961545
064274506,064274513,0.00042611578793080916
064274504,064274506,0.0014732713036665383
064274505,064274513,0.003985825591833964
064274504,064274513,0.003942001737859871
064273315,064274504,0.0017397525350332451
064273310,064273311,0.0050395762994794105
064273307,064273310,0.0011321493443799994
064273306,064273310,0.0038107556153453527
064273307,064273308,0.0042231176650488825
064273306,064273307,0.002247858408607902
064273307,064273401,0.001290982979635496
064273305,064273307,0.0008864344554973837
064273305,064273306,0.00501144696832217
064273305,064273401,0.000378585990659465
064273303,064273305,0.00384511384432856
064273304,064273305,0.0024206764553644415
064273303,064273304,0.0007128633218317892
064273302,064273304,0.0025889417124231916
065683502,065683503,0.003010974544487958
065681103,065681104,0.0029892282521128298
065681104,065681105,0.004804959585944215
065681102,065681104,0.0018156197901990077
065681101,065681104,0.0015364835027897661
065681104,065683307,0.0017017696418730763
065680607,065681104,0.00032170587526518524
065681104,065683308,0.0011167010402499294
064273302,065683503,0.0030626004099609983
065681103,065683503,0.0009112009565704137
064273302,064273303,0.002632183375592858
064273301,064273302,0.004611823474479403
064273301,064273303,0.0049437891320970664
064273301,064273402,0.0033181245935578253
064273205,064273301,0.006386940034491181
064273301,065681103,0.00026467888940146254
064273205,065681103,0.0047486445549305995
064273204,065681103,0.0003384711054766843
065681102,065681103,0.0035850460941118413
064273204,064273205,0.0026565309418637413
064273204,064273206,0.0021110055841197465
064273203,064273204,0.0018334507182123966
064273204,065681102,0.0007893601686803902
064273201,064273204,0.0029987527397614955
064273205,064273206,0.0016815321182011521
064273206,064273208,0.0005418825172167042
064273206,064273207,0.0036775494630842272
064273203,064273206,0.0014736040418133487
064273208,064273213,0.0030615818019876584
064273205,064273208,0.0019843866261076712
064273208,064273209,0.0019742693700066463
064273207,064273208,0.001807501431075036
064273205,064273210,0.00021620932707481428
064273205,064273213,0.005570336917075372
064273210,064273213,0.0009503973042143952
064273209,064273213,0.0010030997699136057
064273401,064273402,0.0035523625853113743
064273402,064273403,0.0047818468323518265
064273210,064273402,0.002183580491465163
064273401,064273408,0.0016291853525589985
064273308,064273401,0.0017306333160958414
064273303,064273401,0.0022953062997336125
064273401,064273403,0.0016212266067028912
064273308,064273409,0.0031676778711657617
064273308,064273408,0.0010251604617192642
064273408,064273409,0.0026301639836396147
064273407,064273408,0.0031710400502941577
064273404,064273408,0.0017079282445331774
064273403,064273408,0.0011973064199131316
064273404,064273407,0.0022361580220048947
064273404,064273416,0.0016331480112424506
064273404,064273405,0.002213338689842875
064273403,064273404,0.0033633961749689224
064273405,064273416,0.0010392473845474456
064273405,064273406,0.00384959979715238
064273403,064273405,0.003509585010789464
064272809,064273212,0.00020208002332838316
064273212,064273403,0.0047767695980375155
064272801,064273212,0.0034052365602893495
064273211,064273212,0.0031689306074060577
064273210,064273212,0.0021760664728506045
064272801,064273211,0.0020599486427135233
064273210,064273211,0.0020289643009477514
064273108,064273211,0.001903763561802886
064273107,064273211,0.0011689017945189625
064273403,064273406,0.00022124158877906202
064273209,064273210,0.0046536074323577994
064273107,064273210,0.0009987033438599569
064273107,064273209,0.0023920167053205904
064273207,064273209,0.0003717372802022322
064273107,064273207,0.0016572104036476172
064273106,064273207,0.0036318756643809826
064273203,064273207,0.0014113457678189161
064273106,064273108,0.0014400755255564936
064273106,064273107,0.001506082290329854
064273106,064273109,0.001840076173102812
064273105,064273106,0.005101738292994144
064273106,064273203,0.0018240741753880463
064273104,064273106,0.0014913418663249733
064273105,064273109,0.001496399045355232
064273103,064273105,0.0036427721997196907
064273104,064273105,0.002927902831060868
064273107,064273108,0.0034265023485382214
064272802,064273108,0.0002880065867686524
064273108,064273110,0.002836316127132281
064273108,064273109,0.0017958978343465227
064272802,064273110,0.0034410230932581253
064273013,064273110,0.0009874804614293537
064273109,064273110,0.00301573507820019
064273013,064273109,0.0018599595326494146
064273109,064273111,0.003878495327587919
064273103,064273109,0.0024504591546246784
064273013,064273111,0.0008548822876583101
064273013,064273102,0.001473608887705667
064273012,064273102,0.0009322704033036724
064273011,064273102,0.00090349198229973
064273010,064273102,0.001813573702926187
064273008,064273102,0.0009388072730795431
064273102,064273103,0.004557554047831385
064273101,064273102,0.0015001775708687827
064272802,064273013,0.0004290749445260971
064272904,064273013,0.0013496926107414422
064272903,064273013,0.0033537977647503424
064273012,064273013,0.0030289080915027813
064270207,064273013,0.0009299769153471162
064272801,064272802,0.002079791969357604
064272802,064272803,0.005053081562429138
064272802,064272904,0.0010043081761263138
064272803,064272804,0.00016461682228894234
064272801,064272803,0.00036884093974905543
064272803,064272806,0.004369631159086134
064272803,064272904,0.0019124641767240226
064272801,064272809,0.0009136675915376048
064272801,064272804,0.003912660559935868
064272804,064272809,0.0016115859441115992
064272804,064272805,0.00404561175591482
064272804,064272806,0.001767579026332597
064272809,064273501,0.0002660729913857525
064272809,064272813,0.002994280687877337
064272809,064273406,0.008169670684674474
064272808,064272809,0.0032406876241360474
064272805,064272809,0.0032961775798672935
064273406,064273501,0.00520969957544754
064273406,064273416,0.0032714020069954768
064272805,064272808,0.0020721615539460287
064272805,064272806,0.0010980347743507004
064273501,064273503,0.00409216181779607
064273501,064273514,0.005994955122128652
064272705,064273501,0.005417749476039107
064272811,064273501,0.0009562617295169551
064272813,064273501,0.0011206332280615091
064273501,064273504,0.005442939714994231
064273416,064273501,0.0026510757956180395
064273503,064273504,0.0021491004471254817
064273504,064273505,0.006396618459098153
064273407,064273504,0.001027069297260374
064273407,064273416,0.0032349964086958016
064273407,064273505,0.0010817637151810675
064273407,064273410,0.0043849992121017065
064273411,064273506,0.0010311178644967956
064273411,064273412,0.002244282919721682
064273410,064273411,0.005305710538950605
064273410,064273506,0.0010559463627251896
064273410,064273505,0.0010110750135484776
064273506,064273508,0.0010008283447041472
064273506,064273515,0.0017510602252854097
064273506,064273507,0.0020633554395417387
064273412,064273506,0.001011090888420578
064273505,064273506,0.0017023856022423418
064273412,064273515,0.0010029220339720858
064273505,064273509,0.0020543326248554346
064273503,064273505,0.0009546683440364814
064273505,064273507,0.0017337605812771995
064273507,064273508,0.0017424016780560772
064273507,064273509,0.0020386042342354638
064273509,064273510,0.0020460382010303044
064273509,064273516,0.0020237449033784164
064273508,064273509,0.0010029129541023133
064273503,064273509,0.0009969760911233414
064273510,064274402,0.0013423645508483526
064273510,064273517,0.0027571968903283986
064273510,064273511,0.003031060676451036
064273510,064273516,0.003731919761181028
064273503,064273510,0.001365101515499172
064273516,064274402,2.837356199528957e-05
064273508,064273516,0.003719669855396169
064273508,064273515,0.003719522616660075
064274402,064274404,0.0010272635057816865
064274402,064274405,0.0027900649077777675
064273517,064274402,0.0007719846515077586
064274404,064274405,0.001776498554521487
064274405,064274406,0.002820005008600868
064273518,064274405,0.0012857272035681514
064273517,064274405,0.0005506243212158209
064273517,064273518,0.0017166369381797853
064273512,064273517,0.0010475617850978852
064273511,064273517,0.0013651321542411555
064274406,064274408,0.0027995596923461167
064274406,064274407,0.002432001791769427
064273513,064274406,0.0008824530422304156
064273518,064274406,0.001464578804338009
064273513,064273518,0.0017142024019631344
064273512,064273518,0.002735879021039825
064273511,064273512,0.0030415834495985603
064273503,064273511,0.0013879813338709005
064273512,064273513,0.0040950665516401585
064273503,064273512,0.002730429186679745
064273503,064273612,0.0014188106277862043
064273503,064273513,0.0013478895321653924
064273503,064273604,0.0010452455408511035
064273502,064273503,0.006165316645518072
064273503,064273514,0.0010311136573771475
064273513,064274408,0.0005081099045450065
064273513,064273612,0.005802481682987025
064273612,064274408,0.0014133046645864813
064273612,064273617,0.0028078405177674034
064273611,064273612,0.001963581866544764
064273604,064273612,0.001025220117720705
064273617,064274409,0.00282104994779922
064273616,064273617,0.00279372171066396
064273611,064273617,0.002817931904101289
064274408,064274409,0.0049466310183161055
064274408,064274411,0.002964290780283919
064274302,064274408,0.0010256820604479832
064274407,064274408,0.0023565931732999817
064274410,064274411,0.0034368189022861576
064274409,064274411,0.00501531523160755
064274411,064274412,0.0050317902785960555
064274302,064274411,0.0015597260284391432
064274304,064274412,0.003968037949311282
064274201,064274412,0.0012191015861381805
064274102,064274412,0.0010620020732855914
064274410,064274412,0.0030282543252092547
064274303,064274412,0.003644359415490532
064274302,064274412,0.002090684307409594
064274205,064274206,0.004935074190157187
064274205,064274304,0.0024287926262980125
064274205,064274212,0.0010657761221388256
064274204,064274205,0.0012936793454531741
064274201,064274205,0.00442960220363979
064274206,064274209,0.0007306300399531049
064274206,064274208,0.0015436094643140217
064274206,064274207,0.0036004323702717674
064274206,064274305,0.0013298474998009592
064274206,064274304,0.0003173665644219243
064274206,064274212,0.0007790403418881406
064274207,064274805,0.0022071168799882427
064274207,064274208,0.004147821988286082
064274207,064274305,0.0027781494233605716
064274304,064274305,0.0030780196227189185
064274201,064274304,0.001273127191279743
064274303,064274304,0.003859316708497825
064274305,064274804,0.0022043785708029517
064274305,064274803,0.001395611412677334
064274305,064274306,0.004080379895232046
064274303,064274305,0.0008146050836394308
064274804,064274806,9.712192064285203e-05
064274804,064274805,0.0014663795895924132
064274802,064274804,0.0021377616122904863
064274803,064274804,0.00189807810719991
064274801,064274803,0.0015516950944074448
064274802,064274803,0.004980599759026643
064274306,064274803,0.0014279437464849686
064274306,064274801,0.0020314524538617472
064274306,064274307,0.004053844008202928
064274306,064274308,0.0016979493737151415
064274303,064274306,0.004075135735948461
064274302,064274306,0.0007973780994480612
064274302,064274303,0.0025962612013873555
064274302,064274308,0.0016772692428358076
064274301,064274302,0.004294251227377447
064274302,064274407,5.5336808562777964e-05
064274301,064274407,0.0028581048680437703
064274404,064274407,0.003571025032261188
064274301,064274404,0.0030307042359409074
064274301,064274308,0.004174683530752281
064274301,064274310,0.004471094744876576
064274307,064274308,0.0025288335652231537
064274308,064274309,0.0033357109571848214
064274308,064274310,0.0017544069111722392
064274307,064274309,0.001971923805668591
064274309,064274312,0.003329214169103511
064274309,064274311,0.001039423677653592
064274309,064274310,0.0009042968543099358
064274312,064274707,0.0006499636309701003
064274312,064274706,0.001609499194076104
064274312,064274705,0.001021842013200658
064274307,064274312,0.0015993798610639482
064274312,064274704,0.00010797449688938883
064274311,064274312,0.0016215105064579511
064274310,064274311,0.005423371817979917
064274702,064274703,0.0026945438630351496
064274702,064274704,0.003273584894682119
064274311,064274702,0.002523286744991867
064274704,064274705,0.0025139675462786436
064274703,064274704,0.002829268588129463
064274311,064274704,0.0019498543349866413
064274706,064274709,0.0008202437321532228
064274706,064274708,0.0022482705568529463
064274706,064274707,0.00254220770169763
064274705,064274706,0.00557921758307946
064274708,064274801,0.0034126441346169203
064274708,064274709,0.0013665950713055263
064274707,064274708,0.0025276761794585023
064274705,064274709,0.0008004323565769641
064274703,064274705,0.0022624248289928725
064274709,064274801,0.002315343865019773
064274709,064274712,0.0030402316856374314
064274712,064275501,0.0023131667643592002
064274712,064274801,0.002465871562890148
064274801,064275507,4.856830299210302e-05
064274801,064274812,0.0033718738690549565
064274801,064274811,0.0015680139014894556
064274801,064274810,0.0007686088581226864
064274801,064275506,0.007620141607091327
064274801,064275501,0.0026449601912140906
064274707,064274801,0.002600461526424762
064274801,064274802,0.00779441207782909
064274307,064274801,0.0008627144170064244
064274307,064274707,0.001966558430907686
064274802,064274810,0.0007714496720856521
064274802,064274806,0.0014429242614543848
064275507,064275511,0.002467623808352347
064275507,064275514,0.0028127929670223096
064275507,064275508,0.0052326819207224266
064274812,064275507,0.003046931114632772
064275505,064275507,0.0010907102680893777
064275506,064275507,0.001460746762769158
064275505,064275506,0.006995403349209607
064275502,064275506,0.0027554675433110517
064275501,064275506,0.00034834399229546556
064275503,064275506,0.0009368573567427543
064275501,064275502,0.00535772688484535
064275502,064275503,0.004422993742300729
064275503,064275505,0.0018607651840508636
064275505,064275514,0.005421291588833145
064275513,064275514,0.0038356400353661735
064275513,064275515,0.002247251765313367
064275511,064275513,0.0023497675357653934
064275515,064276301,0.004478058629136006
064275512,064275515,0.002563578840345916
064275511,064275515,0.004787066587720302
064275510,064275511,0.004623474748869269
064275511,064275512,0.0007321202568017175
064275508,064275511,0.0038686828502637514
064275510,064275512,0.006081178357099832
064275401,064275510,0.0008197482041857884
064275509,064275510,0.00451192653244551
064275508,064275510,0.00015529657012450506
064275401,064275403,0.001654513997407243
064274912,064275401,0.0032580286608451547
064275401,064275509,0.0032050453399558873
064274813,064274912,0.0019124118028306608
064274813,064274816,0.004783854910437039
064274813,064275508,0.0035686175078638417
064274813,064274815,0.0034445152921069614
064274809,064274813,0.002807775245682858
064274912,064275509,0.0009324947826675016
064275508,064275509,0.0043438080079053676
064274815,064275508,0.002159776472088957
064274809,064274815,0.0011328718553484654
064274812,064274815,0.0034777093325345856
064274811,064274815,0.0010104674567931085
064274811,064274812,0.003447273555670754
064274809,064274811,0.0015677048574945915
064274810,064274811,0.0046252378713112306
064274809,064274810,0.0015900399750223926
064274806,064274810,0.004828654283712801
064274806,064274807,0.0015159179282404486
064274805,064274806,0.005020824293154796
064274805,064274807,0.0015335959251311848
064274208,064274805,0.0029815346404941092
064274808,064274809,0.001555269906319508
064274809,064274814,0.0015317559842675304
064274807,064274809,0.003865065681557333
064274208,064274209,0.0027380024571038446
064274807,064274808,0.0030782189212425924
064274209,064274807,0.0038503808805151465
064274209,064274808,0.0009324239425311976
064274209,064274211,0.001851086398403598
064274209,064274210,0.0007173365716230735
064274209,064274212,0.00389587857106099
064274808,064274901,0.005567309382660433
064274211,064274808,0.004149892051863803
064274808,064274814,0.004102235738679646
064274814,064274901,0.0015252101045706273
064274814,064274816,0.004060999086646676
064274816,064274912,0.00233864973795117
064274816,064274901,0.00130198483778757
064274912,064275403,0.001217491073539168
064274907,064274912,0.0003046528398832157
064274911,064274912,0.0018701635567730632
064274910,064274912,0.0013326375000825548
064274901,064274912,0.002331609502693921
064274909,064275403,0.0010126959116132416
064274911,064275403,0.0012872983988810767
064274909,064274911,0.0018611688368046575
064274910,064274911,0.0013160627551831276
064274909,064274910,0.0037519708139036427
064274907,064274910,0.0030833955701095677
064274908,064274909,0.004416373898485351
064274907,064274909,0.005399279437991565
064274907,064275201,0.001368076743440156
064274907,064275001,0.0011343720793656185
064274906,064274907,0.003364397245751433
064274907,064275202,0.00044695051864465543
064274907,064274908,0.004383830936762975
064274901,064274907,0.008436523632395726
064274901,064274906,0.0007984831947361593
064274901,064274914,0.002716777322644923
064274901,064274913,0.0032656964422394415
064274901,064274903,0.002201543363838459
064274106,064274901,0.0031004455755701487
064274901,064274902,0.006524851797849791
064274211,064274901,0.0018206685595951214
064274210,064274901,0.0012923482555322972
064274210,064274211,0.004130468174674259
064274203,064274210,0.004134367995571829
064274210,064274212,0.0007711429505573198
064274106,064274203,0.0028418687293532935
064274203,064274212,0.0007206891058623525
064274202,064274203,0.004168590046897135
064274203,064274204,0.0018882037806270866
064274106,064274903,0.003406204313091903
064274106,064274110,0.00525212885550513
064274106,064274107,0.007834201816187132
064274105,064274106,0.0028191619178784336
064274106,064274202,0.0009466422329092642
064274903,064274905,0.0008702036009704829
064274903,064274904,0.0014805208638141265
064274110,064274903,0.00015049942871811202
064274902,064274903,0.003531441874509818
064274913,064274914,0.0015103086052217784
064274008,064274913,0.0011361833597070092
064274905,064274913,0.0031863980037606684
064274904,064274913,0.002086823387635566
064274902,064274913,0.0007996689831785958
064274904,064274905,0.004290252366711761
064274902,064274905,0.0019971681927620235
064274906,064275001,0.0010652830257935771
064274906,064274914,0.0026432365453643125
064274914,064275001,0.0029285024610737533
064274008,064274904,0.00270968103782677
064274110,064274904,0.00652028257574854
064274008,064275004,0.008614562304188247
064274008,064274009,0.004317018924531979
064274007,064274008,0.003282219270432813
064274008,064275001,0.0018930697749075214
064274008,064274110,0.0063009319064223236
064274002,064274008,0.0024569504027512692
064274002,064274007,0.00046568520636812975
064274002,064274110,0.0020262110650937516
064274002,064274003,0.0027557227958100983
064274002,064274013,0.0009404495900469597
064273712,064274110,0.0004224837889091121
064273712,064274109,0.0002984714080578463
064273712,064273810,0.00378122830045948
064273710,064273712,0.006396327707557711
064273709,064273712,0.003044772207536654
064274109,064274110,0.005824692228083109
064274108,064274109,0.0036704311841055243
064273710,064274109,0.0022677051686998354
064274108,064274110,0.0011782658207674464
064274107,064274108,0.005867972897884491
064273710,064274108,0.002253483382915946
064274107,064274110,0.0013496208354512236
064274013,064274110,0.00233346652889836
064273810,064274110,0.002621391583431062
064273710,064274107,0.0011724194356595816
064274105,064274107,0.00010440687568256607
064274104,064274107,0.0041739594522638155
064273708,064274107,0.003576269867956518
064273707,064273803,2.8228524512240334e-05
064273707,064274104,0.004038686710317373
064273707,064273708,0.005609011008517398
064273707,064273711,0.004143435361086991
064273705,064273707,0.005593153804399238
064273708,064273710,0.002995200237385186
064273708,064273709,0.004418255391766671
064273708,064273803,0.0017285537442272322
064273709,064273710,0.004227823538204525
064273709,064273809,0.0018166234007013988
064273709,064273804,0.002410139207167437
064273709,064273811,0.0029673065688331814
064273709,064273803,0.002900835923023306
064273803,064273811,0.005093692883154864
064273802,064273803,0.0026657092309892317
064273711,064273803,0.002155183879348591
064273706,064273803,0.0009731729849462826
064273706,064273802,0.0010488916540569162
064273703,064273706,0.0023649436287608225
064273706,064273711,0.004104005518918787
064273705,064273706,0.0020388991235997635
064273704,064273706,0.0016454010604940636
064273802,064273811,0.0031250352314623805
064273703,064273802,0.001031056654876296
064273801,064273802,0.0036970623053983343
064273703,064273801,0.0010188483863432752
064273702,064273703,0.002312047329979623
064273703,064273704,0.0020894853917522733
064273702,064273801,0.002544672191082056
064273701,064273702,0.003128224394140342
064273701,064273801,0.00018450380469747936
064272403,064273701,0.007203241142857682
064273701,064273704,0.005699248974477408
064273601,064273701,0.001283919313118428
064273704,064273705,0.004243118553385535
064273601,064273704,0.0021562190676527905
064273705,064273711,0.002155807187649601
064273607,064273705,0.003176095424171202
064273607,064273608,0.003361186742056644
064273607,064273614,0.0010029434066560173
064273606,064273607,0.002048185156149434
064273601,064273607,0.0037536814757601024
064273608,064273614,0.0020482164659868032
064273609,064273614,0.002795208920572921
064273610,064273614,0.001353542955405426
064273613,064273614,0.000988841930436434
064273604,064273614,0.0020401893569607743
064273606,064273614,0.004160334493238722
064273608,064273609,0.0019969855454309814
064273609,064273615,0.0027007142984519146
064273609,064273610,0.0019576620949955594
064273608,064273705,0.007219631080413008
064273608,064274410,0.0015582790797659927
064273608,064273615,0.0027934371128637983
064273705,064274104,8.5139586232671e-05
064273705,064274103,0.0027416953150516577
064273705,064274101,0.003604835054371437
064273705,064274410,0.001962973266282578
064274103,064274104,0.0035610821157650136
064274103,064274111,0.0041354246812521575
064274101,064274103,0.002137146230663965
064274104,064274105,0.0026977363262702314
064274104,064274111,0.0019860349045684833
064274105,064274111,0.0014103500767475494
064274105,064274202,0.005291427899286905
064274102,064274105,0.0018707783059355022
064274102,064274111,0.0027441622612303694
064274101,064274111,0.002016862476802163
064274101,064274102,0.004663361795898609
064274101,064274410,0.004178496409531351
064274102,064274202,0.0027470043366798107
064274102,064274201,0.005091186460701338
064274102,064274410,0.0009452841967518676
064274202,064274204,0.0028456217475816533
064274201,064274202,0.002085415870942993
064274204,064274212,0.003916310667517504
064274201,064274204,0.0012008049210335502
064274409,064274410,0.003360150969014729
064273615,064274409,0.002812355169273088
064273615,064273616,0.0027753059005328285
064273610,064273615,2.822856086636611e-05
064273610,064273616,0.002747060927605901
064273610,064273611,0.0019881496133642472
064273604,064273610,0.001379381974565954
064273616,064274409,0.0027785394868097765
064273604,064273611,0.0028439243455856793
064273502,064273604,0.0020140265397999234
064273502,064273514,0.004134945626189686
064273514,064273604,0.0010110911603202293
064273514,064273603,0.002686956880852185
064273514,064273601,0.001969391113872192
064272707,064273514,0.001384828284287707
064272706,064273514,0.0013903892976920645
064273604,064273613,0.004761034640411534
064273605,064273613,0.002732513161554994
064273606,064273613,0.000988820990141569
064273604,064273605,0.0010088914805419485
064273603,064273604,0.0014415940603401032
064273603,064273605,0.0027211877450219104
064273605,064273606,0.0010210030407135882
064273602,064273606,0.004189587597922973
064273602,064273603,0.002093032456501398
064273601,064273602,0.006290338263388706
064273601,064273603,0.004788357517199462
064272705,064272706,0.0029613750445398775
064272704,064272706,0.0022195906788230074
064272706,064272707,0.004287675832255939
064272703,064272706,0.00228438184976177
064272501,064273601,0.0028233760990873887
064272501,064272502,0.005072308554237521
064272501,064272507,0.001193105351164847
064272501,064272707,0.006610030224909069
064272501,064272709,0.0005591103647605728
064272707,064272709,0.0020032623262870117
064272707,064272708,0.001484068830624827
064272703,064272707,0.0007653745201596231
064272702,064272707,0.0008100605261236395
064272702,064272708,0.0016868632558873625
064272702,064272703,0.005296334114055748
064272701,064272702,0.003089780516651235
064272702,064272812,0.0008100544033535151
064272703,064272704,0.0027609496110141667
064272703,064272811,0.0005561361128841948
064272703,064272812,0.002707459288326325
064272704,064272705,0.00277202762885633
064272704,064272811,0.002173819787836206
064272705,064272811,0.002942298267924889
064272811,064272813,0.0020844083671548138
064272810,064272811,0.00217722115102091
064272811,064272812,0.0021507563389204843
064272810,064272813,0.0025056565552394505
064272808,064272810,0.0022397086247097227
064272807,064272808,0.002459995752700215
064272806,064272808,0.0005617505885331699
064272807,064272810,0.0025819515474362893
064272807,064272812,0.005899348493672882
064272806,064272807,0.005848789426045036
064272806,064272812,0.00011929437933417139
064272806,064272905,0.0027663074564388875
064272806,064272904,0.00019859685740002535
064272904,064272905,0.0033039370599948674
064272903,064272904,0.004657862357901644
064272903,064272905,0.0005228478457832505
064272903,064272906,0.001327405726126112
064272902,064272903,0.0028986528261605127
064270207,064273012,0.0009498935602316646
064273011,064273012,0.0030314572829771794
064270207,064273011,0.0008924203535917747
064273010,064273011,0.003040873361270525
064272902,064272907,0.002987594310827656
064270207,064272902,0.00281964212478903
064272901,064272902,0.0029173104854128907
064270207,064272901,0.0004825883028922507
064270207,064270208,0.0025521510344174428
064270206,064270207,0.0015635810577587107
064272812,064272905,0.0010994100939325296
064272905,064272912,0.002683057397147908
064272905,064272906,0.004321174815452638
064272906,064272912,0.0013415091259847633
064272906,064272907,0.003529008189486564
064272906,064272911,0.0007939612175752471
064272907,064272911,0.002994485641232914
064272907,064272915,0.0016865428844797547
064272907,064272908,0.0018706621763955942
064270208,064272901,0.002071382854573331
064270209,064272901,0.0009777847664617751
064272901,064272908,0.0025896239091154865
064270303,064272901,0.0020062428517605233
064270209,064270303,0.0013467870064328223
064270214,064270303,0.0013380889957414735
064270303,064272908,0.000542559137692725
064270303,064270304,0.0013099165151933222
064270302,064270303,0.0038915949207754103
064272908,064272915,0.0025863897380927325
064270304,064272908,0.0013139991310842035
064272910,064272915,0.0012851037364272199
064272909,064272915,0.0012851016400736424
064270309,064272915,0.00038503075632705255
064270307,064272915,0.0013201413577486642
064270304,064270307,0.0039787441885891575
064270302,064270304,0.0026622606943113034
064270304,064270305,0.0013422628434320428
064272910,064272914,0.0020888682655200814
064272910,064272911,0.0026281062786162384
064272909,064272910,0.0033284255066212873
064272911,064272916,0.0008566273575368351
064272911,064272912,0.0009495894931066375
064272911,064272914,0.003001589035097575
064272701,064272913,0.003187091265808543
064272812,064272913,0.002993632144445417
064272913,064272916,0.003802888180045554
064272603,064272913,0.0006101479418083085
064272913,064272914,0.002998993873586128
064272812,064272912,0.0009391319371656025
064272912,064272916,0.0039664085851144615
064272812,064272916,0.0022384857637025033
064272914,064272916,0.0010531146270978122
064272701,064272812,0.0028853574222728095
064272701,064272708,0.002944102079281277
064272607,064272701,0.0008049556301772808
064272603,064272701,0.005850579373102994
064272603,064272607,0.0022536126457744273
064272603,064272604,0.0018689346867652142
064272602,064272603,0.0030336221577698893
064272607,064272709,0.0010006560091120474
064272607,064272708,0.0028529813892951817
064272607,064272608,0.002297389960647644
064272606,064272607,0.002658392345670006
064272604,064272605,0.0022852763257990376
064270604,064272604,0.0018122296641089513
064272604,064272606,0.0022940300989721524
064272602,064272604,0.002292164144366361
064272601,064272604,0.0023010281371160356
064270604,064272601,0.0008442458478438217
064272601,064272602,0.0038772301167968514
064272601,064272914,0.0015251415757642447
064270602,064272601,0.002478496478784387
064272602,064272914,0.0037083304591535643
064270312,064272914,0.002101625127838206
064272909,064272914,0.0026625523479740397
064270312,064272909,0.0003725253407195487
064270310,064272909,0.0013264316498995692
064270309,064272909,0.002247780637283798
064270309,064270310,0.002677635351997505
064270308,064270309,0.003975642362443854
064270307,064270309,0.0013327161645847534
064270307,064270308,0.002651354453920311
064270306,064270307,0.0013139571797040654
064270308,064270310,0.0013414391771565395
064270306,064270308,0.0026643512880192067
064270306,064270311,0.0026546859531999473
064270306,064270410,0.0015494778767477257
064270306,064270403,0.002215687674099648
064270305,064270306,0.0027285050512428325
064270306,064270402,0.0001902930741781549
064270312,064270602,0.004033633815585473
064270310,064270312,0.0040280188929444375
064270311,064270312,0.0024679322372342903
064270310,064270311,0.0013343185431415354
064270602,064270604,0.004061352616576178
064270602,064270603,0.0011539859463912774
064270601,064270602,0.0013281732062732387
064270311,064270601,0.0031380066319979024
064270311,064270406,0.0010184412270681802
064270311,064270405,0.002267791799020622
064270405,064270406,0.0018113727518422262
064270405,064270407,0.0039712835027806825
064270405,064270410,0.002749600469960025
064270405,068403201,0.0009949555390871077
064270404,064270405,0.00420324443680996
064270406,064270502,0.001411892044648153
064270406,064270601,0.002990806486799789
064270406,064270501,0.00037846930449123673
064270406,064270408,0.0019445644397549427
064270406,064270407,0.0020351204174384138
064270601,064270603,0.0037435381394646935
064270603,064270604,0.001405411101375521
064270603,064270605,0.002596347372460527
064270502,064270603,0.0013362104389743102
064270608,064272611,0.0017007897753332842
064270608,064270615,0.004034312598462238
064270608,064272605,0.0011583209015079256
064270606,064270608,0.005220335473339656
064270607,064270608,0.001241170004614302
064270606,064272605,0.0011479446208485411
064270606,064270607,0.0012149255750453095
064270604,064270606,0.004131475540835115
064270605,064270606,0.0009698383273127835
064270604,064270605,0.001342400598498532
064272605,064272610,0.0007511739962920142
064272605,064272611,0.001527497995165153
064272605,064272606,0.0024723755776140444
064272606,064272609,0.0015105927117602936
064272606,064272610,0.0007311835703218494
064270712,064272610,0.0017522283160945722
064272609,064272610,0.005693799590312231
064272610,064272612,0.00306026433366805
064272610,064272611,0.003420132240279097
064272611,064272612,0.0015826869728576146
064270613,064272611,0.0011824494707738517
064270615,064272611,0.0007637892105100749
064272509,064272515,8.888102790929058e-05
064272513,064272515,0.001343731963812685
064272514,064272515,0.0014001575776140655
064272508,064272515,0.003367800167541777
064272515,064272608,0.002609730656407356
064270712,064272515,0.0019332604684623883
064272515,064272609,0.0008835845331589329
064272506,064272509,0.0008922892203910483
064272509,064272510,0.0026545724257906137
064272505,064272509,0.004008381165247461
064272509,064272513,0.003903702561274343
064272508,064272509,0.001792805176319167
064272506,064272508,0.0028335851355207825
064272507,064272508,0.001350279556116152
064272508,064272709,0.001885143011882529
064272508,064272608,3.38899436700007e-05
064272502,064272506,0.0016741226304529185
064272506,064272507,0.0043208434819751425
064272505,064272506,0.0017704729759989964
064272608,064272609,0.004926521553444669
064270712,064272609,0.0008917133278559168
064272608,064272709,0.0034972278092047374
064272507,064272709,0.00228372068838638
064272708,064272709,0.003498735384671598
064272502,064272507,0.0033169497778310192
064272502,064272504,0.0017801420757359385
064272502,064273601,0.004069063430152155
064272502,064272503,0.003200528402423769
064272502,064272505,0.0008723324056661211
064272403,064273601,0.001210973893759686
064272503,064273601,0.005752533474329265
064272403,064272503,0.0033911429131007155
064272503,064272504,0.006174137121773168
064272504,064272505,0.005804463998274868
064272403,064272504,0.00035414352452653203
064272402,064272504,0.0016809248452687607
064272401,064272504,0.001564090321801391
064272504,064272511,0.001226635156996218
064272504,064272510,0.000787993817998155
064272403,064272404,0.0035013302134425605
064272402,064272403,0.006620343472732374
064272402,064272404,0.0008066724558407865
064272402,064272405,0.0013596751112032058
064272401,064272402,0.006482516337692239
064272401,064272511,0.001978465102725323
064272510,064272511,0.002276061363409015
064272511,064272516,0.0010949176092650689
064272510,064272516,0.0008141500366539266
064272510,064272512,0.0012218301230656446
064272302,064272516,0.0013459120830218102
064272512,064272516,0.0019925755183115897
064272302,064272401,0.0058535253139780094
064272302,064272306,0.0030544699555728715
064272302,064272303,0.0016326354483155938
064272301,064272302,0.00407379399147916
064272302,064272512,0.0017310144958200564
064272401,064272405,0.003302846648657759
064272306,064272307,0.003062291644259962
064272306,064272405,0.003292705019045887
064272305,064272306,0.0033210425546995486
064272305,064272307,0.0008775566580322318
064272305,064272308,0.0025923390034175153
064272304,064272305,0.004343944459467017
064272303,064272305,0.002115807400871077
064272303,064272304,0.002632390749580946
064272301,064272303,0.005833259951373914
064270810,064272303,0.0015187894760550279
064270809,064272303,0.001231107163751059
064270809,064272301,0.002899949412753042
064272301,064272512,0.004268493980980068
064270809,064270810,0.0012906030234858773
064270808,064270809,0.003770250989547556
064270710,064270809,0.00017843531100838979
064270711,064270809,0.0012350602404072194
064270708,064270807,0.0013494652102791838
064270707,064270708,0.0025613414834782487
064270708,064270709,0.007132772818695771
064270706,064270708,0.0022958435607098255
064270705,064270708,0.0023937334618474183
064270610,064270708,0.001265641991891377
064270511,064270708,5.1192530849437264e-05
064270709,064270808,0.00015487007616091163
064270709,064270807,0.001416833287880559
064270709,064270710,0.007046724381467119
064270614,064270709,7.066656076803584e-05
064270611,064270709,0.0013655219740792445
064270610,064270709,4.710583224942469e-05
064270710,064270808,0.0013226554626744455
064270710,064270711,0.006975212293865386
064270614,064270710,0.0015106155724549108
064270711,064272512,0.0035718776253666155
064270711,064270713,0.0011460361772514917
064270711,064270712,0.0025938518747238176
064270614,064270711,0.0027038628456019453
064272512,064272513,0.0013312052778947456
064272512,064272514,0.0013532114480202593
064270713,064272512,0.0038399696391143217
064270713,064272514,0.0022515489658014322
064270712,064270713,0.004633462505828767
064272513,064272514,0.0038660754184031937
064270712,064272514,0.0015797208934966197
064270712,064272612,0.001810684617373175
064270614,064272612,0.0019497791797969545
064270613,064272612,0.0016603322919806133
064270613,064270615,0.0013914365660307594
064270612,064270615,0.0039087440227073425
064270609,064270615,0.002445893419836587
064270613,064270614,0.0021731356522692244
064270612,064270613,0.003971680565201754
064270612,064270614,0.002038693936097172
064270611,064270614,0.002196768444015993
064270611,064270612,0.0022638807749922334
064270609,064270611,0.0006724804048481206
064270609,064270610,0.0019153410734779012
064270513,064270609,4.881754317010918e-05
064270507,064270609,0.0023732483253898866
064270607,064270609,0.0026142384000220485
064270507,064270513,0.002063234654148281
064270506,064270507,0.0022679631014704826
064270503,064270507,0.0020859404768430673
064270605,064270607,0.002644105163648593
064270503,064270607,0.0024723326911334775
064270502,064270605,0.0024376484975214352
064270502,064270503,0.0032216980836249146
064270501,064270502,0.003211367331094409
064270407,064270408,0.004203288219568407
064270407,068403201,0.0020823158029054135
064270408,064270501,0.002299176842318948
064270408,064270409,0.0021333674218689414
064270408,068403202,0.0007630623533253733
064270408,068403201,0.0011768889696384035
068403202,068403203,0.0036824059530313653
064270409,068403202,0.00020939422784305446
068403201,068403202,0.002876016240015545
068403108,068403202,0.001559162964734184
068403109,068403202,0.0014067010842556732
068403202,068403204,0.0010804756683801266
064270409,064270504,0.003943634994672973
064270409,068403208,0.0029698045257461917
064270409,068403203,0.0019590937057331758
064270409,064270501,0.0037517831451067928
064270501,064270503,0.001188434749478522
064270501,064270504,0.001994481740964173
064270503,064270504,0.0025997815192463193
064270504,064270506,0.001993459114128445
064270504,064270505,0.0029128910309802586
064270504,068403208,0.00145903365488229
068403203,068403208,0.0020154294038413497
068403203,068403207,0.0016670107062517184
068403203,068403204,0.001959062069465233
064270505,068403208,0.0008802553459825981
068403208,068403209,0.0018996004493881753
068403207,068403208,0.0052616866872567175
068403207,068403209,0.0018271312123969488
068403206,068403207,0.0028151923751390286
068403204,068403207,0.002255838348764816
064270505,064270506,0.002259480590038985
064270505,064270512,0.0031681171948710896
064270505,068403209,0.0014787811484669733
064270509,064270512,0.0033225778834786506
064270506,064270512,0.0016300296818740592
064270512,068403209,0.0016512298826842184
064270508,064270610,0.001579574741683858
064270508,064270511,0.004118987210064559
064270508,064270513,0.002064969937051617
064270508,064270509,0.001613428872483846
064270506,064270508,0.0020336470120694756
064270506,064270513,0.0016503114837744515
064270513,064270610,0.0016220087765848436
064270610,064270611,0.005337544131720034
064270511,064270610,0.0016990372975531898
064270511,064270705,0.004314910224488109
064270510,064270511,0.0010427169940895814
064270509,064270511,0.0013831263218878507
064270705,064270706,0.004329821129615796
064270704,064270705,0.0024139751902248078
064270702,064270703,0.0037556943039127565
064270701,064270703,0.002356223057072329
064270703,064270706,0.002309594782698823
064270703,064270704,0.0037406205852650387
064270701,064270704,0.0035263711317088213
020630701,064270704,0.00468794676283027
064270510,064270704,0.00440875806963001
020630701,064270510,6.424091245737995e-05
064270509,064270510,0.005452700989603812
020630406,064270510,0.002658332040803987
064270510,068403209,0.0016057236725983723
020630406,020630701,0.0028552679428007184
020630406,020630407,0.003476539165135499
020630405,020630406,0.002461129346748198
064270509,068403209,0.0010979831915260588
020630405,068403209,0.001450687538882182
020630401,068403209,0.003727360745925081
068403206,068403209,0.001784870853942421
020630401,068403206,0.0024101995125961418
068403204,068403206,0.0018058971725450456
020630313,068403206,0.002116776563838939
068403205,068403206,0.0024889737359998923
020630312,020630402,0.0012339488648037493
020630312,020630313,0.0018976833603785831
020630311,020630312,0.0023623620718882673
020630312,020630403,0.0015248836773723946
020630310,020630312,0.0017584608983574972
020630402,020630405,0.002294922742960931
020630401,020630402,0.004844331877026418
020630402,020630403,0.0039014717956987006
020630401,020630405,0.002050477708317947
020630313,020630401,0.001966251812180744
020630405,020630407,0.0015956673129012137
020630405,020630408,0.0020507784053936454
020630403,020630405,0.0013341120855228758
020630404,020630405,0.0014806041280255042
020630407,020630701,0.0011405201761769891
020630407,020630703,0.0006274457708368054
020630407,020630409,0.001030462824481898
020630407,020630408,0.0029748507387173826
020630408,020630409,0.002049001920784799
020630408,020630410,0.002976387526454129
020630403,020630404,0.0037688890660338417
020630309,020630403,0.0013878894860077254
020630310,020630403,0.0015773640544830892
020630404,020630410,0.002044149925413459
020630404,020630411,0.0025559331967424702
020630309,020630404,0.0012702138158917691
020630212,020630404,0.0006533885626266189
020630212,020630309,0.0010083146049794968
020630309,020630310,0.0017699812497444741
020630308,020630309,0.0025986466454351407
020630211,020630309,0.0007756788320250533
020630409,020630410,0.002053081851335166
020630410,020630411,0.003013874420262906
020630409,020630703,0.0011481777740036448
020630409,020630704,0.0011582341075219824
020630409,020630705,0.0022597773330486383
020630409,020630504,0.0024005134286268414
020630702,020630703,0.0032539826960745087
020630701,020630703,0.0021596607026876484
020630703,020630704,0.0033198772163147297
020630701,020630702,0.005404777824894128
064270702,064270714,0.003769481570686821
064270701,064270702,0.001171831231828762
064270702,064270707,0.0011726623030827105
064270701,064270801,0.0032919105895166446
064270701,064270714,0.0022473154808940036
020630803,064270701,0.002710864030007763
020630702,064270701,0.0018943306783908117
064270802,064270804,0.0021796635296151587
064270802,064270904,0.002551835000635445
064270801,064270802,0.004499496485574431
064270714,064270802,0.0027330664873946426
064270802,064270803,0.0032519333496171163
064270707,064270802,0.0001920379145254655
064270804,064270907,0.0011151243401137851
064270804,064270805,0.003709713313142343
064270804,064270904,0.005228085213049601
064270804,064270806,0.002219302499296543
064270803,064270804,0.0025845097265907975
064270803,064270806,0.0016482688830430081
064270803,064270807,0.002348825013395098
064270707,064270803,0.00282018102838466
064270714,064270801,0.0011422098316557277
064270707,064270714,0.0017512404571718605
064270707,064270807,0.0014069734597781489
064270706,064270707,0.004335621426400106
064270807,064270810,0.0013469678613909403
064270806,064270807,0.0025090271251374005
064270807,064270808,0.0034018761737011818
064270808,064270810,0.0013469775615336029
064270806,064270812,4.882416183058558e-05
064270805,064270806,0.0024878463820273574
064270806,064270811,0.001304048739444148
064270806,064270810,0.002545350307538973
064270811,064270812,0.005367327500138223
064270811,064272304,0.0025029388757642802
064270810,064270811,0.004030256233841156
064270810,064272304,0.0010063826499477047
064270812,064272304,0.0007046776364676088
064272304,064272308,3.727824132415859e-05
064272304,064272309,0.002595433146655311
064272308,064272312,0.0024901464831842213
064272307,064272308,0.002590139714279861
064272308,064272309,0.00253608698004781
064272309,064272310,0.0025705003451446957
064270912,064272309,0.0026213049509320927
064270812,064272309,0.0018205687215629301
064272309,064272312,0.0017415040508697932
064270912,064272310,0.0015063525162224152
064270912,064271012,0.0021240934340246106
064270912,064271009,0.001468833375624146
064270911,064270912,0.003168379664198716
064270908,064270912,0.0019790060462435075
064270812,064270912,0.0026872654288616444
064270812,064270911,0.0008667453903402781
064270812,064270910,0.0005651342294887758
064270805,064270812,0.0037018165753655097
064270805,064270908,0.0003980334421687291
064270805,064270910,0.001167264658274762
064270805,064270914,0.0008902276069951967
064270910,064270911,0.0023395390931945587
064270908,064270910,0.0015137052168835174
064270909,064270910,0.0028273723595510546
064270908,064270909,0.0028402087759347174
064271012,064272201,0.002680481384270641
064271011,064271012,0.002103900023050202
064271010,064271012,0.0010021563029737155
064271012,064272310,0.002274229787626346
064271012,064271013,0.0019495074318894206
064271009,064271012,0.001963797466865627
064272201,064272203,0.0021121030222477953
064272201,064272202,0.00571389687657606
064271011,064272201,0.0021174476971343777
064272201,064272310,0.0029658982222518374
064272202,064272310,0.002060292196409255
064272310,064272311,0.003804336494794341
064272310,064272312,0.0021846321131028233
064272204,064272205,0.0019305715279471425
064272202,064272205,0.004367784523438001
064272205,064272207,0.004361032763840672
064272205,064272206,0.0015680164591672097
064272205,064272311,0.0036020241030158815
064272202,064272204,0.000585422580618311
064272202,064272203,0.0023776833003424282
064272202,064272311,0.0004299702451428241
064272001,064272204,0.01185472318091086
064272204,064273906,0.0018966238946117064
064272204,064273902,0.011549980140789928
064272112,064272204,0.0024914545567800055
064272113,064272204,0.006571439098346447
064272107,064272204,0.0028374633477920904
064272203,064272204,0.003198928606305428
064272204,064272209,0.0026521085439400473
064272204,064272208,0.0017075748496230615
064272204,064272207,0.003281438358934727
064272207,064272208,0.003532433590457816
064272206,064272207,0.004291801419667655
064273901,064273902,0.006522871231303911
064273901,064273903,0.0014801240125315147
064273901,064273912,0.00409897611945758
064273812,064273901,0.00025876337842939873
064273807,064273901,0.004330472051526275
064272209,064273807,0.005151010736372667
064272208,064272209,0.005514849582657018
064272209,064272408,0.0025948832608298986
064272206,064272208,0.0027066262329698016
064272208,064272409,0.0024031683014910806
064272206,064272410,0.002088675688564656
064272409,064272410,0.0046228419698644664
064272311,064272410,0.004681583892644603
064272406,064272410,0.0009410834397945638
064272307,064272410,0.0010062832396480039
064272206,064272409,0.000853839972214274
064272311,064272312,0.0019602473978374163
064272307,064272311,0.0020294732766836248
064272307,064272406,0.003361758714413787
064272408,064272409,0.004107478547349386
064272407,064272409,0.003339185030745021
064272406,064272409,0.004524677195936806
064272408,064273806,0.004110070277440832
064272408,064272411,0.0017199846316778163
064272407,064272408,0.0008479602588588479
064272407,064272411,0.003111652967390257
064272406,064272407,0.0005277155299660115
064272404,064272407,0.0015704080294897007
064272404,064272406,0.0012800621124518254
064272405,064272406,0.003938371628439763
064272404,064272405,0.002725079155259302
064272404,064272411,0.004071249204984242
064272404,064273801,0.004484093550791981
064273801,064273811,0.002830972884105723
064272411,064273811,0.0031590794929042057
064273806,064273811,0.005710314818099176
064273804,064273811,0.004026390843813394
064273805,064273811,0.0023668377736307915
064273804,064273809,0.001459457308244855
064273804,064273808,0.0024630197427085087
064273804,064273805,0.0023866802499279993
064273805,064273807,0.0009272867575163523
064273805,064273806,0.0024153011409282048
064273805,064273808,0.0014896149058438095
064273808,064273809,0.0011124156411046685
064273808,064273812,0.003988020193726018
064273807,064273808,0.0010903925905670268
064273812,064273908,0.0023535778990828944
064273809,064273812,0.0020406636101434703
064273812,064273912,0.0015903296902023104
064273807,064273812,0.002837410096558337
064273806,064273807,0.004934549264236222
064273807,064273902,0.00021060508084639178
064273908,064273912,0.004400818148566572
064273903,064273912,0.0014537612821482302
064273908,064273909,0.002806973239438465
064271904,064273908,0.00088222559972961
064273907,064273908,0.0018292184270647391
064273908,064274012,0.0050199240088991265
064273908,064273910,0.0043360223498477
064273908,064274011,0.003751313475409856
064273908,064274005,0.00324981432720234
064273908,064274004,0.0010751008053193022
064273908,064274001,0.0024199681712323683
064273908,064274013,0.0005744916958639453
064273810,064273908,0.0038854516826963077
064273809,064273908,0.0019067840924588578
064273904,064273908,0.004549652114423245
064273903,064273908,0.003233661626783413
064273809,064273810,0.0042355900699112
064273810,064274013,0.0017223095024093086
064274001,064274003,0.0011744961852102633
064274001,064274004,0.0016780181340566222
064274001,064274013,0.0017694349725113072
064274003,064274013,0.0007263238657219508
064274003,064274007,0.0025043704233105304
064274003,064274004,0.0013928326891298867
064274004,064274007,0.0011689794806352934
064274004,064274006,0.0017586638196103684
064274004,064274005,0.0015144897645700283
064274005,064274010,0.0006795197221196347
064274005,064274007,0.001018902600030743
064274005,064274011,0.0019695850176047343
064274005,064274006,0.001964962730998694
064274009,064274010,0.002332913824978567
064274007,064274010,0.0015195311809976322
064274010,064274011,0.0036379433082513704
064274006,064274007,0.0036237336588043627
064274007,064274009,0.0024726732200205893
064274009,064275004,0.006823197115377818
064274009,064275005,0.0014876757986679045
064274009,064274012,0.004897782629723124
064274011,064274012,0.005849322397226705
064273911,064274012,0.0024157677865093256
064274012,064275013,0.006039448003349283
064274012,064275005,0.0031463183815598926
064273910,064274012,0.0018411629666195515
064273910,064273911,0.0029152442266036677
064273909,064273910,0.003650654532053212
064273902,064273903,0.0032359943320661626
064273903,064273904,0.0029340528848056206
064273904,064273907,0.002957194146849797
064273904,064273913,0.002271290869086491
064273904,064273905,0.0022983409914230056
064273907,064273913,0.0013469776945692555
064273906,064273913,0.000906263752135151
064273905,064273913,0.0023002607460760514
064273902,064273913,0.002273840311192299
064273902,064273905,0.0046168172534620765
064273902,064273906,0.0007970314605818127
064271904,064273907,0.0023931636841084507
064271903,064273907,0.0011357943461667728
064273906,064273907,0.0037830061053968685
064271905,064271906,0.003270253171613783
064271905,064273909,0.0018846550328123408
064271905,064271911,0.0023117504212647392
064271904,064271905,0.004206474952901801
064271903,064271905,0.0009413886243101339
064271904,064273909,0.002411855221894782
064271903,064271904,0.0018621994271195471
064273909,064273911,0.0035799599320625684
064271906,064273909,0.0028485269656648056
064271910,064273911,0.004759146298375938
064271906,064273911,0.0020523320141534124
064273911,064275013,5.8881386518581546e-05
064271906,064271910,0.0028693888489718794
064271906,064271907,0.0037442235137877147
064271906,064271909,0.00017006852111026627
064271909,064271910,0.0035253927974858387
064271831,064271910,0.003833353468613136
064271910,064275011,0.004061059478828349
064271910,064275013,0.002998861914908589
064275011,064275103,0.011650090585886844
064275010,064275011,0.00832024184230331
064275009,064275011,0.0014296596952678656
064275011,064275012,0.0024587300453432484
064275006,064275011,0.0048584816915114674
064275011,064275013,0.001410543829738523
064275006,064275012,0.004169938920514181
064275012,064275013,0.006824333958899994
064275006,064275013,0.0050387880665271985
064275005,064275013,0.0013080720481014932
064275104,064275105,0.001950226225988848
064275103,064275104,0.011681146356910525
064275104,064275107,0.0015260452438656178
064275104,064275116,0.006637425525446463
064275010,064275108,0.0032894681429097576
064275010,064275107,0.0010354685697029353
064275008,064275010,0.006608580703054446
064275010,064275216,0.0002782833069895292
064275009,064275010,0.0022684800043575
064275106,064275107,0.0018450319398845337
064275103,064275107,0.00014628882336055758
064275107,064275108,0.006856856420441837
064275107,064275116,0.004363234544944606
064275106,064275108,0.0038953026080610163
064275108,064275109,0.004778374365159805
064275108,064275114,0.0030066080806831056
064275108,064275118,0.0012667518344147196
064275106,064275116,0.0014225604811942967
064275105,064275116,0.0010040732529685518
064275103,064275105,0.0007483143083075904
064275102,064275103,0.003675124425211873
064275101,064275103,0.0033558083537962454
064271831,064275103,0.0020933395873170956
064275102,064275105,0.003738897807976007
064275101,064275102,0.005220302343404195
064275106,064275110,0.007254849408935612
064275105,064275106,0.008363494991639003
064275106,064275117,0.007819504148092281
064275106,064275109,0.0024786769492054408
064275110,064275117,0.007768594722849494
064275109,064275110,0.007492313369075723
064275110,064275111,0.01198975095248664
064275109,064275112,0.0009996576525961413
064275109,064275113,0.006434502191032284
064275109,064275114,0.005114562090328414
064275109,064275111,0.0020052539660720954
064275112,064275113,0.004549686117679662
064275113,064275114,0.0028782169743467676
064275112,064275114,0.002061776692721432
064275114,064275118,0.0060325568751505975
064275111,064275112,0.006764750193306766
064275112,064275118,0.0028989489339199233
064275111,064275115,0.012602373464553365
064275111,064275118,0.016159312727528272
064275008,064275216,0.0030313853923892914
064275008,064275014,0.00498263898054571
064275008,064275009,0.004249546264907344
064275009,064275014,0.0019450111639547334
064275006,064275009,0.0057345814542121495
064275006,064275014,0.004168242148704557
064275006,064275007,0.0008505081401215934
064275004,064275006,0.00507660209640501
064275005,064275006,0.005841270151420544
064275004,064275005,0.0011878325090794073
064275014,064275216,0.0028706785919193557
064275007,064275014,0.005633556174719518
064275007,064275216,0.004126447086957168
064275003,064275007,0.007298422005984037
064275004,064275007,0.0011473420636011324
064275003,064275004,0.004229957149847925
064275001,064275004,0.01284789145479711
064275003,064275216,0.0052453494779747065
064275002,064275003,0.003938851707581176
064275001,064275003,0.00070152628992056
064275216,064276509,0.005331754639886707
064275213,064275216,0.0011683993488447932
064275216,064275217,0.004511517479534562
064275209,064275216,0.0022966058786404652
064275208,064275216,0.003815944883683081
064275215,064275216,0.011531312939803124
064275118,064275216,0.021544129375222626
064275205,064275216,0.0021621239858629934
064275208,064275215,0.0027856602560526996
064275205,064275215,0.003604664726325843
064275208,064275209,0.00586782008210148
064275208,064275210,0.0012093858681301276
064275207,064275208,0.0027550724917526463
064275205,064275208,0.0034785671100744696
064275209,064275217,0.0023023478674397135
064275209,064275210,0.003035958396222558
064275205,064275206,0.0033923073069994838
064275205,064275214,0.0010462118619470548
064275203,064275205,0.0003550575083106673
064275002,064275205,0.005814177681083033
064275204,064275205,0.004140810616986868
064275002,064275204,0.00320033534507239
064275001,064275002,0.010979985343902831
064275001,064275201,0.0034751165756664653
064275203,064275204,0.0011992573477430186
064275201,064275204,0.0013250593280050166
064275201,064275203,0.0022429958533229455
064275201,064275202,0.0028795096255786867
064275206,064275207,0.004251145822081545
064275206,064275311,0.00257915875927779
064275206,064275214,0.0016505462876290375
064275206,064275304,0.0022890377712461865
064275206,064275302,0.001099474725541965
064275214,064275311,0.003790193084117302
064275203,064275214,0.005071611831393378
064275214,064275302,0.0005021314142958286
064275302,064275311,0.0031035215509251147
064275203,064275302,0.00047170167365006877
064275302,064275304,0.0009055271920038531
064275302,064275303,0.002723643868205005
064275301,064275302,0.00174893773434174
064275202,064275302,0.0005220999452349884
064275202,064275203,0.0023852395408272
064275202,064275301,0.0035052808199549142
064274908,064275202,0.0023946427224100187
064274908,064275301,0.0016257620495451174
064274908,064275405,0.0025927940057982653
064275307,064275405,0.0018770485235561861
064275301,064275405,0.0012946106340340625
064275306,064275307,0.00233915041212042
064275303,064275307,0.0008770302184691733
064275301,064275307,0.0036977843696801953
064275301,064275303,0.0022731964851766765
064275303,064275305,0.00045211538815004786
064275303,064275313,0.0007049147475644016
064275303,064275312,0.0009103388640651417
064275303,064275304,0.0025331489548118054
064275303,064275306,0.002051057706976556
064275305,064275313,0.003111857700425721
064275310,064275313,0.0014463769525918252
064275312,064275313,0.003622429614494353
064275306,064275312,0.002768940361987763
064275310,064276507,0.0014137801232644363
064275305,064275310,0.000987059218934211
064275310,064275312,0.002298543929796571
064276507,064276508,0.003958881518929952
064275305,064276507,0.002120798516957132
064275305,064276509,3.668289049799189e-05
064275305,064276508,0.0009283600343634445
064275212,064275305,0.004563123904852236
064275304,064275305,0.003095162068594081
064275212,064276509,0.002333881604231432
064275212,064275213,0.003430525658981618
064275211,064275212,0.001911423184299598
064275207,064275212,0.0015433352029253727
064275207,064275304,0.004236593016041231
064275207,064275211,0.0011329843318011214
064275207,064275210,0.00379831574099673
064275210,064275211,0.002215874265449786
064275211,064275213,0.002442838309621786
064275211,064275217,0.0022307973552374762
064275213,064275217,0.0025549367844505348
064276508,064276509,0.007759989344386448
064275115,064276509,0.011894538235076607
064275213,064276509,0.003679623184677492
064275115,064275118,0.007120877865225667
064275115,064276704,0.013298369451576019
064275115,064276702,0.00275762513036994
064276702,064276704,0.001935966081914777
064904102,064904502,0.0005681024496712433
064904102,064904301,0.010117741213002247
064904102,064904204,0.0037195183375322008
064904102,064904202,0.010039643955527665
064904102,064904201,0.0029613007707252354
064902713,064904102,0.018383696616930477
064904101,064904102,0.016277030970767825
064904203,064904204,0.003789177042856122
064904204,064904301,0.0005351372084276044
064904204,064904205,0.005429226429179465
064904202,064904204,0.004328295827058488
064904201,064904203,0.002964207511032092
064904201,064904502,0.004511838080977111
064904201,064904202,0.0044802482018116915
064904202,064904203,0.001485552661933694
064902713,064904501,0.004644717929661251
064902709,064902713,0.008682785695427974
064902708,064902713,0.004450580803255772
064902713,064903008,0.0014571340030362758
064902712,064902713,0.005040531548049429
064902711,064902713,0.0040655000367118
064902713,064902714,0.0009324462563384012
064902712,064904610,0.0007170110104058695
064902613,064902712,0.0028728220859483657
064902612,064902712,0.002468524729808347
064902712,064904501,0.004187163101092807
064902711,064902712,0.004466721763214078
064902705,064902712,0.0028378490411967647
064904501,064904504,0.004155511675947631
064904501,064904701,0.00015706613714882493
064904501,064904612,0.00014811993996813745
064904501,064904611,0.0012770841537021293
064904501,064904610,0.003441235337894555
064904501,064904502,0.0035353483756769876
064904501,064904503,0.003535669616988565
064904503,064904504,0.004382172593790498
064904503,064904505,0.0019013792338517157
064904502,064904503,0.0058891531566262305
064904203,064904502,0.0029894636007272704
064904502,064904505,0.003069221186858366
064904203,064904206,0.0044523969644759956
064904203,064904509,0.0008208350228732578
064904206,064904208,0.0007835477911945528
064904206,064904207,0.004491254123034515
064904206,064904509,0.0025921195349155736
064904206,064904301,0.0004648950649654754
064904205,064904206,0.0037544005482273483
064904205,064904301,0.006425285484741998
064904301,064904403,0.0009962932654802733
064904301,064904402,0.0021612824378677274
064904301,064904508,0.00016375887593903613
064904208,064904301,0.0010837250037022536
064904301,064904304,0.003631491474093948
064904301,064904305,0.003649012428195209
064904301,064904401,0.003691144055442684
064904207,064904301,0.006422566379515314
064904301,064904302,0.0021725269299961852
064904301,064904303,0.0034031669042225163
064904303,064904309,0.0015613298866877696
064904303,064904304,0.0062433422070135814
064904303,064904310,0.0016947245877983752
064904302,064904303,0.006375131770381603
064904302,064904310,0.0031296766091803915
064904304,064904309,0.0029351158940277245
064904304,064904306,0.0007645475053144242
064904304,064904305,0.004715986030824267
064904305,064904407,0.001758447771201748
064904305,064904306,0.0018717457016314018
064904305,064904307,0.0017601141261392986
064904305,064904401,0.0030429434842462457
064904306,064904309,0.0004434386205086648
064904306,064904307,0.0030539518310531482
064904309,064904312,0.0045639118182621875
064904309,064904408,0.0026747150135676594
064904308,064904309,0.0008188813946851733
064904307,064904309,0.0006195396053805625
064904309,064904310,0.004517473982167329
064904312,064906707,0.0017404339977306138
064904311,064904312,0.0027321899271115528
064904312,064904313,0.005660756080048287
064904311,064904314,0.005821239106159383
064904310,064904311,0.004763298287599237
064904313,064904314,0.002112286632393918
064905106,064905107,0.003476644145914222
064905104,064905106,0.003362132652092203
064905106,064905112,0.0030233523420611064
064905010,064905107,0.0030448541374061295
064905011,064905107,0.0019100147151616623
064905107,064905108,0.004040623879089705
064905107,064905112,0.0011059381899305796
064905010,064905011,0.0016454261515538194
064905009,064905011,0.00587505639168644
064905011,064905111,0.003953970316918462
064905011,064905108,0.0024558288940613364
064905001,064905009,0.0008129982299978556
064905009,064905010,0.0032320046414625637
064905008,064905009,0.0030234387642169742
064905009,064905111,0.0012347450965527157
064905007,064905010,0.0033595761127415405
064905008,064905010,0.0015531605338026523
064905006,064905007,0.0035990098447946485
064905007,064905008,0.0038803298493450366
064905006,064905008,0.0019697668651495197
064905002,064905008,0.00105094756606668
064905001,064905008,0.004202120529442407
064905001,064905002,0.0040042130298867384
064904913,064905001,0.00304806334787349
064905001,064905111,0.0018912815483605868
064905001,064905110,0.0012537877937968606
064905002,064905006,0.0031139692638564153
064905002,064905003,0.00505413969045431
064904914,064905002,0.0022269010149647615
064904911,064905002,0.0023969580731131664
064905005,064905006,0.005220708864387146
064905003,064905006,0.0013162458721700443
064905003,064905004,0.0011429611703240535
064905003,064905005,0.0018052753044371672
064904914,064905003,0.0004980740615566862
064904810,064905003,0.004436059719659133
064904809,064904914,0.0036065357914562167
064904809,064904810,0.001393299688911253
064904808,064904809,0.0033996072451280626
064904809,064904812,0.0013790336577140247
064904804,064904809,0.0016359285809814943
064904807,064904808,0.0020298418104226475
064904806,064904808,0.0012310676887916576
064904805,064904808,0.0002301397220156797
064904808,064904810,0.0029522083239360173
064904808,064904812,0.0029680420479065075
064904607,064904810,0.0003855823039487607
064904706,064904810,0.0014921616285620849
064904707,064904810,0.003914188587934778
064904810,064904811,0.009650299124981911
064904807,064904810,0.003977710446336944
064904810,064905004,0.0049748295094170555
064904810,064904914,0.0005698660165947688
064904709,064904810,0.002261880727223116
064904708,064904810,0.005345001860487116
064904708,064904711,0.001026164769027681
064904707,064904708,0.0034002945074966227
064904708,064904710,0.0031900935327799315
064904708,064904709,0.00347939072682693
064904710,064904713,0.0015685097197449553
064904710,064904711,0.0026156090760818406
064904709,064904710,0.002697888151978689
064904709,064905004,0.0016218663962433366
064905004,064905005,0.005349953566998498
064906706,064906707,0.0058116074781178004
064906705,064906706,0.0021265262797339596
064906704,064906706,0.0010870814172369294
064904313,064906706,0.0021364606528620107
064904313,064906707,0.0010449520835363647
064904408,064906707,0.004669341096438856
064904406,064904408,0.003963236446864573
064904407,064904408,0.001618983915396638
064904308,064904408,0.004492874540414915
064904307,064904408,0.0007039686989836033
064906704,064906707,0.0017065940715775712
064904406,064904407,0.0024108688287933873
064904403,064904407,0.003307145452178397
064904307,064904407,0.001202292113048056
064904401,064904407,0.003647043522699733
064904307,064904308,0.003628067059921733
064904401,064904402,0.0030381869192727465
064904207,064904208,0.004578143673221891
064904402,064904403,0.00651350051408663
064904403,064904508,0.009024239386478809
064904208,064904508,0.0010806270295104306
064904508,064904712,0.0019578104252994362
064904508,064904704,0.0012207047567759548
064904507,064904508,0.006643279601333266
064904403,064904406,0.004292488518580601
064904403,064904405,0.003947533308002396
064904403,064904404,0.004265061550209567
064904403,064904713,0.003975453635319384
064904405,064904406,0.0017087212244301844
064904405,064906703,0.0023327547763894877
064904405,064906702,0.002065416939027547
064904404,064904405,0.002133284762102811
064906703,064906705,0.0033385262774500305
064906703,064906704,0.0017657124367838626
064904406,064906703,0.0016370876307638769
064906702,064906703,0.0057479978570339416
064904406,064906704,0.004081660397077433
064906704,064906705,0.005072607536652336
064904404,064906702,0.001111552904503534
064906701,064906702,0.005734119610288357
064904404,064906701,0.00318514596604106
064904404,064904713,0.0002617750152660628
064904712,064904713,0.005181519189881012
064904711,064904713,0.004190665692197448
064904704,064904712,0.003097655529831508
064904704,064904705,0.004000741800152389
064904703,064904704,0.0031190062760607443
064904507,064904704,0.002790815029332494
064904702,064904705,0.004151038757401593
064904702,064904703,0.001872249581024363
064904607,064904702,0.0028065590591933817
064904702,064904706,0.0008809386525825663
064904701,064904702,0.0023050693860025466
064904612,064904702,0.004277142755811789
064904705,064904712,0.0013840773043366276
064904703,064904705,0.0010160614727098476
064904705,064904706,0.005025307299485954
064904711,064904712,0.0028340212938909658
064904706,064904712,0.002878087151994876
064904706,064904711,0.0016676427822849157
064904707,064904711,0.004024294480678011
064904706,064904707,0.0037211007255456246
064904607,064904706,0.0006797766438053655
064904607,064904811,0.00020379244446740657
064904807,064904811,0.004227573656791163
064904607,064904807,0.0012212142348347742
064904806,064904807,0.007244735352580676
064904606,064904807,0.0011316646196620234
064904605,064904806,0.0012819082509786133
064904805,064904806,0.004805332829186746
064904606,064904806,0.0017499544459764478
064904602,064904806,0.0016406205908906955
064904602,064904805,0.000458475711096599
064904803,064904805,0.002279888949210362
064904805,064904812,0.002266649561663049
064904605,064904606,0.004731358080768193
064904604,064904605,0.0026985178955685613
064904602,064904605,0.002005067247821321
064904602,064904604,0.0024081784376397413
064904602,064904603,0.00141508352277705
064904602,064904803,0.0033515802696041145
064904601,064904602,0.00302203094012907
064904602,064904802,0.00010225120258752253
064904604,064904606,0.0013759383420622081
064904604,064904608,0.002485670145751664
064904604,064904609,0.0013846519994496376
064904603,064904604,0.0027065501335880138
064904606,064904607,0.005920697785164221
064904607,064904612,0.004607237862068148
064904607,064904608,0.0025284579043384717
064904608,064904612,0.0013540550806224857
064904608,064904611,0.002646630891179285
064904608,064904610,0.001381540367034936
064904608,064904609,0.002510362477272647
064904609,064904610,0.0034146465681508657
064902613,064904609,0.001261035791406229
064902611,064904609,0.002673224775522112
064904603,064904609,0.003412442796009562
064902613,064904610,0.006715027207825059
064902612,064902613,0.006718768326865244
064902611,064902613,0.002588268670248095
064904610,064904611,0.0061534888410659915
064904611,064904612,0.0068611834440443975
064904612,064904701,0.005468517676078179
064904506,064904703,0.001990401278416082
064904701,064904703,0.004199137699656718
064904208,064904507,0.003156158985755202
064904506,064904507,0.005803981196691105
064904208,064904506,0.0018175967053117416
064904504,064904506,0.005962455025198282
064904506,064904701,0.0013537998143157179
064904506,064904509,0.001335480433769052
064904505,064904506,0.0014279588566884975
064904504,064904701,0.0036333493928160836
064904504,064904505,0.0008359430646842082
064904208,064904509,0.0036339204513110655
064904505,064904509,0.005197506675138713
064902611,064902612,0.0025638837654560747
064902607,064902612,0.004016635114361255
064902608,064902612,0.0012561456918193238
064902612,064902705,4.216421158352131e-05
064902607,064902608,0.005638276850222868
064902606,064902607,0.0024897911454414183
064902607,064902705,0.007217592960857951
064902607,064902704,3.309308594358746e-05
064902606,064902703,0.0012752176995780358
064902601,064902703,0.0036293890260716477
064902703,064902704,0.0026443748991815267
064902702,064902703,0.0049098680813793975
064902703,064902811,0.0026787776650857957
064902601,064902606,0.0030720278523575055
064902601,064902602,0.003620480839337596
064902508,064902601,0.002994947923702922
064902606,064902608,0.001411083281766958
064902605,064902606,0.0012476831993277683
064902604,064902606,0.0024578271193155888
064902602,064902606,0.0014056208363307859
064902606,064902704,0.0024917481739759285
064902602,064902604,0.0014056383356843899
064902508,064902602,0.002817270773391987
064902602,064902603,0.0036173059370401568
064902603,064902605,0.0008078487656596456
064902603,064902604,0.00237965035408342
064902301,064902603,0.0036134914770545503
064902507,064902603,0.003249620619601384
064902604,064902605,0.006224646122309887
064902302,064902605,0.003684755357934592
064902605,064902608,0.001411082615356886
064902605,064902609,0.003134050756921706
064902609,064902611,0.0002755337454355138
064902609,064902614,0.0013472788190848932
064902609,064902610,0.002771149102050257
064902302,064902609,0.0017528064182525374
064902608,064902609,0.004112924877837857
064902608,064902611,0.0024308002258387976
064902611,064902614,0.005139438323433168
064902614,064904603,0.001330726500816413
064902614,064905909,0.0034266512749979213
064902610,064902614,0.0036405693899880633
064902610,064905909,0.003253294884553652
064902302,064902610,0.0015081304133032387
064904603,064905909,0.0027566945106345833
064902302,064905909,0.0037989654780945514
064904601,064905909,0.0002824252786860663
064905908,064905909,0.004612298146613982
064905907,064905909,0.001892259438462567
064904601,064904603,0.003435689060336389
064904601,064904802,0.0041591011092473405
064904601,064905908,0.0057890290601856215
064904802,064904803,0.004751618903198072
064904803,064904812,0.004359446337944109
064904803,064904804,0.0007609763438236495
064904801,064904803,0.0025813891556534484
064904802,064905906,0.0022131341195039496
064904801,064904802,0.004883811790618063
064904802,064905903,0.0030534368626397813
064905906,064905908,0.0011901876952967539
064905907,064905908,0.004454135027099219
064902302,064902304,0.0005631604764991834
064902303,064902304,0.0036192560563200584
064902304,064905907,0.0020445632868819966
064902304,064902306,0.0017240378100064732
064902304,064902305,0.00124412724168148
064902304,064906004,0.0015649290015229446
064905906,064905907,0.005115725556697024
064902306,064905907,0.003747955681327147
064905905,064905907,0.00023471710277627402
064905905,064905906,0.0016710667859948629
064905903,064905906,0.005078716171750564
064902306,064905905,0.0007483465044711115
064902305,064902306,0.0026606964087242443
064902306,064906007,0.0007125297456374661
064902306,064906008,0.0007456290315584515
064902305,064906006,0.0014156677412370544
064906006,064906007,0.0012089521211549883
064906004,064906006,0.0012221373604818248
064906005,064906006,0.0014178580268446794
064906007,064906008,0.0019236581354110812
064902215,064906008,0.0011857998804205754
064906005,064906008,0.0011903240189305396
064902209,064906008,0.0012045481043952164
064902407,064906008,0.0014595164505710832
064906004,064906005,0.0011770080631091193
064902406,064906005,0.0014156272244719248
064906003,064906004,0.0023991413466954046
064902405,064906004,0.0015648777902058017
064902303,064906003,0.002936698639803046
064902301,064906003,0.0014171031270957604
064902507,064906003,0.0023971485147010344
064906001,064906003,0.002838068927317973
064906002,064906003,0.001504091295436327
064902302,064902303,0.0029443970318406933
064902301,064902303,0.0036072966317287963
064902301,064902302,0.002861290361657604
064902301,064902507,0.0013778976932356918
064902507,064902508,0.0023815862446086252
064902505,064902507,0.001670953094821788
064902506,064902507,0.002965014765181715
064902505,064902506,0.0024364446103689857
064902506,064906001,0.003714238993757885
064902502,064902506,0.002927124053608352
064902503,064902506,0.0012864300611533945
064902401,064902502,0.0035984951936468643
064900809,064902502,0.0014884964242624602
064900808,064902502,0.0013946454982610571
064902502,064902503,0.0011819375716534215
064902501,064902502,0.002422039326581395
064902401,064906001,0.002844065344031854
064902401,064902403,0.0011869844174526064
064902401,064902402,0.002411488664759353
064900808,064902401,0.0028439545807224147
064906001,064906002,0.00371105589935176
064902405,064906002,0.0037062695409278315
064902403,064906002,0.001482460676469803
064902405,064902406,0.0011846353912559138
064902405,064902407,0.00127722480632329
064902404,064902405,0.0012364810634657671
064902403,064902405,0.0015493612263942148
064902406,064902407,0.002614192250887046
064902209,064902407,0.0012145159771923227
064902404,064902407,0.0028919612151967096
064902208,064902407,0.0012464787598787338
064902403,064902404,0.0023715896329040234
064902402,064902404,0.0012221296525202212
064900807,064902404,0.0014169625613478102
064900806,064902404,0.0014831364700383291
064902204,064902404,0.0024134885316035633
064902203,064902404,0.0011957583999963107
064902202,064902404,0.0012045498902817585
064900806,064900807,0.004153434069140794
064900806,064900808,0.001177004319742492
064900805,064900806,0.0028992934111550126
064900804,064900806,0.0015323364895257346
064900806,064902202,0.001199440915935718
064900806,064902201,0.0011901865251587023
064900807,064902402,0.0015377818535269895
064900807,064900808,0.0012089396746807748
064902402,064902403,0.004212172020955287
064900808,064902402,0.001472341641868898
064900808,064900809,0.002386988269234667
064900803,064900808,0.004227706212951117
064900804,064900808,0.0014607859442516105
064900803,064900804,0.0024721514933354425
064900804,064900805,0.0024773661378194598
064900804,064900908,0.0029754169350098593
064900803,064900908,0.0014546168107516216
064900908,064900909,0.0023472726982573127
064900905,064900908,0.0023181615909160357
064900907,064900908,0.004397265140102756
064900907,064900909,0.001232078142716682
064900906,064900907,0.00259757508730091
064900907,064905505,0.00439453257506388
064900907,064905506,0.0013466520188242022
064900905,064900906,0.005888158472312022
064900903,064900906,0.0012708009812566722
064900902,064900906,0.003048289615189332
064900906,064905503,0.0028127655652873803
064900906,064905505,0.0013898543943567212
064900803,064900905,0.005015431736732449
064900904,064900905,0.0010912140597776599
064900802,064900905,0.0008569305466374903
064900903,064900905,0.0011869952033864684
064900803,064900809,0.002247652107673122
064900802,064900803,0.0024414677550246592
064900809,064902501,0.004259277928609919
064900801,064900809,0.002360790295104288
064900802,064900809,0.0036014088898317525
064900903,064900904,0.004002206937881989
064900902,064900903,0.0028001822593328738
064900901,064900903,0.0012720300978402768
064900801,064900904,0.0043399001368500615
064900802,064900904,0.001388431923929862
064900706,064900904,0.0023180241684934923
064900901,064900904,0.0032024550581919217
064900801,064902501,0.0026592373955107284
064900709,064900801,0.002304654601197465
064900708,064900801,0.0023893054041691526
064900801,064900802,0.0037897588179276447
064902501,064902504,0.002870957470087376
064902501,064902503,0.004547248030652675
064902501,064902805,8.822386770419345e-05
064902501,064902812,0.002428646427926037
064900709,064902501,0.0004653828085022267
064902503,064902505,0.004520753558639826
064902503,064902504,0.002494147472404725
064902505,064902508,0.002815726803215541
064902504,064902505,0.0024059380465406145
064902504,064902508,0.0029433995017244174
064902508,064902811,0.0023666318790791802
064902504,064902805,0.003778981782009897
064902504,064902811,0.0011243760082365454
064902805,064902812,0.003303939100458535
064902805,064902811,0.0029512650607341935
064902805,064902806,0.00422153771803773
064902702,064902811,0.00034925879265643254
064902810,064902811,0.0034899847598427822
064902804,064902812,0.0024200123017562303
064902804,064902806,0.003146466307631722
064902803,064902804,0.0024279116200337965
064900711,064902804,0.000387673950002599
064900710,064902804,0.0027431694472413387
064900709,064902812,0.003380814838479443
064900708,064900709,0.005850550960626458
064900709,064900710,0.003618369286841391
064900707,064900708,0.0021068794734015826
064900706,064900708,0.0028368819708282558
064900708,064900710,0.0011987651290703027
064900706,064900707,0.0034784651335640995
064900704,064900707,0.003520092950965846
064900707,064900710,0.000459208876206921
064900707,064900713,0.0034435770980628493
064900710,064900711,0.0023689008732917043
064900710,064900712,0.002321356677016078
064900710,064900713,0.0007907793107674079
064900704,064900706,0.0013247745655265313
064900704,064900705,0.001325548873528976
064900704,064900713,0.002724197667438756
064900703,064900704,0.004274726733884667
064900703,064900705,0.0024823477670981864
064900702,064900703,0.003848369763867663
064900703,064900713,0.0016098807034044262
064900608,064900703,0.0021101715306417294
064900702,064900705,0.0028220469905638956
064900702,064905501,0.0011790491693588292
064900701,064900702,0.004534725716516752
064900607,064900702,0.002459444310899368
064900706,064900901,0.0026309289109548517
064900705,064900706,0.0028389464966426235
064900901,064900902,0.0027436432458841807
064900705,064900901,0.0013292186220769202
064900901,064905501,0.00342376224022342
064905501,064905502,0.0036246108520228953
064900705,064905501,0.0024807652547942215
064901002,064905501,0.0037440063974192713
064900701,064901002,0.0027350164393883094
064900606,064900701,0.0022327377455525306
064900604,064900701,0.0017436413289931474
064900603,064900701,0.0009894841587490192
064900607,064900701,0.00035023918847799544
064901002,064901003,0.001369016098470609
064901001,064901002,0.004797908786187904
064900602,064901002,0.0008563435825445018
064900603,064901002,0.0009093143048750801
064901001,064901003,0.0012732769177647325
064901001,064901004,0.0024116455902763404
064343701,064901001,0.0005259195285944825
064900602,064901001,0.002673475876947922
064343608,064900602,0.0036332666497741195
064900602,064900603,0.003436121839884364
064900601,064900602,0.003497337947980298
064343606,064900601,0.0025473149574024327
064343602,064900601,0.0009723380918315362
064900601,064900603,0.003743656322362329
064900505,064900601,0.0037197300663543405
064900603,064900604,0.006788887975452855
064900505,064900603,0.0016975093987394438
064900604,064900606,0.0024690212980660407
064900604,064900605,0.004164410666176648
064900507,064900604,0.0016636242590107723
064900606,064900607,0.003078917602937884
064900606,064905406,0.0006973516539874931
064900605,064900606,0.003703323207737976
064900607,064900608,0.003830770592834564
064900607,064905406,0.0038654491988834323
064900605,064905406,0.0014123207715944631
064900605,064905401,0.0013844129430598826
064900508,064900605,0.000932295480733346
064900507,064900605,0.0014369088661503032
064900505,064900507,0.0026864530954570504
064900507,064900508,0.002706346865916215
064900507,064905303,0.0009728648033367807
064900506,064900507,0.004059815263432583
064343602,064900505,0.0012258657074391923
064343601,064900505,0.002782991707414281
064343513,064900505,0.0038198934770173557
064900505,064900506,0.003721579284426501
064900504,064900505,0.001441104254070898
064900502,064900505,0.0027168689985043954
064900501,064900505,0.0026767491163114453
064343513,064900501,8.957748474426656e-05
064343414,064900501,0.003259751085376239
064900501,064900502,0.003394719837753229
064900305,064900501,0.002686453138522681
064343410,064343411,0.0025259166251410596
064343411,064343412,0.004130921351468727
064343411,064900303,0.002509734251584506
064342814,064343411,0.0013879479789890513
064342813,064343411,0.0027279893467172496
064343412,064343415,0.004140345732727329
064343412,064343413,0.0012216300978653432
064343410,064343412,0.0009626692856395502
064343412,064900305,0.0017829555009238381
064343412,064900303,0.00035928101605886266
064343410,064343413,0.0027182436945189774
064343406,064343410,0.0009698989303282767
064343408,064343410,0.001249169927699165
064343409,064343410,0.00125572021013245
064342812,064343410,0.002723943338977806
064343414,064343415,0.005219260665460722
064343413,064343415,0.0022677327932612698
064343415,064900305,0.0010733848282567715
064343414,064343513,0.0010833262214277003
064343414,064343512,0.0027933662551082048
064343414,064343511,0.0013864960468631029
064343413,064343414,0.0031830359822824063
064343512,064343513,0.004728917894818823
064343511,064343512,0.001952819561541814
064343413,064343511,0.0014026778784472602
064343405,064343413,0.003297021820432903
064343406,064343413,0.0022267978269810717
064343405,064343406,0.0013700497519335939
064343406,064343407,0.0045299038552223045
064343406,064343408,0.0026987240031914692
064343404,064343407,0.0031422947748369267
064343402,064343407,0.0032362353192337545
064343407,064343408,0.001818859032778456
064343404,064343509,0.0014156127050667106
064343404,064343501,0.00036445816514778804
064343403,064343404,0.0029963289134892594
064343404,064343405,0.004654066108224132
064343405,064343509,0.002819396374811019
064343510,064343511,0.003627176201302237
064343511,064343513,0.00240836962049348
064343509,064343511,0.00339664259478608
064343507,064343510,0.00276541458088675
064343510,064343513,0.001002339472682217
064343508,064343510,0.001977749931082698
064343601,064343602,0.005202478636044397
064343507,064343601,0.0027669557543895515
064343513,064343601,0.00526009281250254
064343602,064343606,0.005166836292902046
064343602,064343603,0.002189565840445669
064343606,064343608,0.0024101939931422435
064343606,064343607,0.002751829890185166
064343605,064343606,0.0012711262421196568
064343603,064343606,0.001263805204852211
064343605,064343607,0.001033076796045721
064343603,064343605,0.004196122428009287
064343605,064343704,0.004196203520026333
064343604,064343605,0.0023042409720181586
064343506,064343603,0.0035760298149035185
064343507,064343603,0.00279024312550164
064343603,064343604,0.0012574475650496868
064343506,064343507,0.0016540431583444283
064343506,064343604,0.0014620873657723854
064343505,064343506,0.002213592777146932
064343504,064343506,0.0007747852110788113
064343506,064343514,0.002301878172641141
064343506,064343508,0.001405340915849468
064343507,064343508,0.0011131823518005666
064343508,064343514,0.002206005504037038
064343508,064343509,0.0022701903249206937
064343509,064343514,0.0014279848176921108
064343502,064343509,0.0007189119654567099
064343501,064343509,0.002387477553670949
064343403,064343501,0.0033653693508237845
064343306,064343403,0.0024675293714415936
064343402,064343403,0.0033023660408941433
064343501,064343502,0.004145452043369289
064343306,064343501,0.0023203679211308607
064343307,064343501,0.0011458163118065233
064343306,064343402,0.0002858157486793083
064343303,064343306,0.0042458802970898775
064343306,064343307,0.000661250480010188
064343305,064343306,0.003280960628124898
064343302,064343306,0.00042315014646625494
064343308,064343502,0.0007093773270627494
064343502,064343514,0.0007367305141035792
064343502,064343503,0.00414407708803183
064343307,064343502,0.0007242375940409572
064343504,064343514,0.0016209553065911033
064343503,064343514,0.0007019331352491179
064343504,064343801,0.001453664410530124
064343504,064343505,0.005014080656293152
064343504,064343909,0.0005612489722182492
064343308,064343504,0.0024475361367171013
064343503,064343504,0.005828325441889502
064343308,064343503,0.0023530335740623203
064343305,064343307,0.0028192469941240392
064343305,064345602,0.0033285868996633388
064343304,064343305,0.0028581401620439194
064343307,064343308,0.004221983629953209
064343307,064345602,0.0028770761482293204
064343307,064343907,0.0019147655087221487
064343304,064345602,0.0015743956014904496
064345602,064345603,0.0033454023251656977
064345601,064345602,0.0016480186457430756
064343308,064343909,0.0012403814581651022
064343308,064343908,0.0017472961683719216
064343308,064343907,0.0009376249645577185
064343604,064343801,0.003567969854400054
064343505,064343801,0.0014048000911793077
064343801,064343909,0.0004356306112980292
064343801,064343802,0.002874722214294973
064343801,064343904,0.003113553813373122
064343505,064343604,0.0013836010167975264
064343604,064343705,0.0028555119459990263
064343703,064343705,0.001228255241929506
064343704,064343705,0.0026053938556743757
064343705,064343706,0.002849787911773527
064343705,064343802,0.0038190249337607856
064343707,064901006,0.002890339206877982
064343702,064343707,0.002377343697926051
064343703,064343707,0.0027230451192817957
064343707,064343708,0.002405893264120748
064343706,064343707,0.0033612496195513635
064901004,064901006,0.0024750823074104
064901006,064901007,0.002865622747704754
064901005,064901006,0.0013966588046755895
064343702,064901006,0.0013814905045267142
064901006,064901009,0.002460191140385348
064343702,064901004,0.0016238491295887526
064343701,064343702,0.002334206733630493
064343702,064343703,0.003004980486176945
064343701,064343703,0.0011549842067546437
064343703,064343704,0.004163128810905104
064343607,064343704,0.0025816277658414137
064343701,064901004,0.004163645592831219
064343608,064343701,0.0024072986099721613
064343607,064343701,0.002810137924663089
064343607,064343608,0.00360709040634125
064901003,064901004,0.004179169429272396
064901004,064901005,0.0016189197958335637
064901003,064905502,0.0041839561851013014
064901003,064901005,0.002604723776334459
064900902,064905502,0.004346274276159913
064905502,064905503,0.0037185218547779487
064900902,064905503,0.0011887408668067251
064905503,064905505,0.002245046221286316
064905503,064905504,0.002684870649775458
064901005,064905503,0.0030426500015773425
064901005,064901007,0.002566737604981493
064901007,064905504,0.0028434895407733612
064901007,064901008,0.0025352505233307214
064905504,064905505,0.005783169559604551
064901008,064905504,0.0029172490459965046
064905504,064905506,0.002547204952988523
064905505,064905506,0.0023549062004916957
064900909,064905506,0.0028983530004908914
064905506,064905601,0.003754540124973644
064901108,064905506,0.002484978743946086
064901010,064905506,0.0028773165523180355
064901008,064901010,0.0025102228176563726
064901008,064901009,0.0029271755790647985
064901010,064901107,0.0012397072652082914
064901010,064901101,0.0012209646799985082
064901009,064901010,0.0028189070597741408
064901108,064905601,0.0014558098127942574
064901108,064901109,0.003777903863986767
064901107,064901108,0.002783489622076183
064901109,064905601,0.002862978072208136
064901109,064901111,0.0011702682366161801
064901109,064901110,0.001219839185242179
064901106,064901109,0.001516838907381723
064905606,064905607,0.0014342190283682754
064905607,064905608,0.0012000017165070126
064905601,064905607,0.001196689918586232
064901111,064905607,0.0014281432686819736
064901111,064905608,0.00150037013420836
064901111,064901113,0.0011629074760563872
064901111,064901112,0.001489533399130665
064901110,064901111,0.0014010876863779329
064905608,064905610,0.0015942546904116118
064905608,064905609,0.001522665609265557
064905608,064905611,0.0012044106272828506
064901113,064905608,0.001615857884258424
064901112,064901113,0.0016327048089658795
064901112,064901114,0.0011030416070122594
064901110,064901112,0.0011825815493335852
064901105,064901112,0.0031349586865158773
064901106,064901110,0.001373658366389155
064901101,064901102,0.0025282667832729052
064901102,064901105,0.0015082220969828866
064901102,064901106,0.0028683558272430115
064901102,064901103,0.002414228203703329
064344007,064901102,0.0006936268382252346
064344008,064901102,0.003847953509338664
064901106,064901107,0.0023504909895488467
064901105,064901106,0.002350609206977956
064901101,064901107,0.003989177631447091
064901009,064901101,0.0024420844702752603
064343809,064901101,0.002785756150873648
064343809,064343812,0.003606928466042148
064343807,064343809,0.001261020517741637
064343809,064344008,0.005909600900364964
064343805,064343807,0.0007990921282697026
064343805,064343806,0.0019540923190088425
064343805,064343810,0.001253423029458109
064343805,064343811,0.0011652365084409075
064343804,064343805,0.0011084483919498239
064343805,064344008,0.0026938928604143928
064343806,064343807,0.002806313900541201
064343706,064343806,0.0037907721819064417
064343806,064343810,0.0018056606774801563
064343802,064343806,0.002849778343473528
064343807,064343812,0.0013553094086656279
064343807,064343808,0.00139906766760448
064343708,064343807,0.0007521461354835687
064343706,064343807,0.000682077209168418
064343807,064344008,0.0007030032366444665
064343812,064901009,0.0012677146848386327
064343808,064343812,0.0036382219966173412
064343808,064901009,0.0015117928321172196
064343708,064343808,0.003521583361992292
064343708,064901009,0.0029283544374993794
064343706,064343708,0.0026452438724496436
064343802,064343810,0.0012743535214925093
064343802,064343803,0.0014707560207146884
064343802,064343904,0.0010766819153742325
064343804,064343810,0.0012220151678533958
064343803,064343810,0.0025486088057937303
064343804,064343811,0.003775462118824954
064343803,064343804,0.0025682244932874873
064343804,064343903,0.0010899926007111073
064343803,064343904,0.002919526873292216
064343803,064343903,0.0012347723913471453
064343811,064343903,0.0011839420270530498
064343903,064344008,0.0027348529605544505
064343903,064343904,0.002310836373557416
064343903,064343905,0.0025664929718957454
064343902,064343903,0.003339009799992725
064343904,064343909,0.0022974183908348487
064343904,064343905,0.0021181290351101546
064343908,064343909,0.003003315457966613
064343905,064343909,0.0017916844058052783
064343905,064343908,0.0014738010188715806
064343907,064343908,0.003266729782363497
064343905,064343907,0.0007349662341713123
064343906,064343907,0.0025688118667308883
064343907,064345603,0.003044806839663204
064345603,064345605,0.003108450379998084
064345603,064345604,0.001214682087155963
064345601,064345603,0.0015885380900985944
064343906,064345605,0.0021675917838201806
064345605,064345606,0.0030809278642456688
064345604,064345605,0.0020527541787667787
064343901,064343906,0.002568817026087667
064343905,064343906,0.0032524738139337677
064343906,064345606,0.001073700629495401
064343902,064343905,0.002582371161705109
064343902,064344008,0.0025530851306345102
064343901,064343902,0.0033210100029596405
064343901,064344008,0.002187773915869119
064343901,064345607,0.0022494481893432345
064343901,064344809,0.0003704899091019417
064343901,064345606,0.0010614023025951411
064345606,064345607,0.003125116486969512
064343206,064345606,0.002164154947135215
064343206,064345607,0.0010893997063898743
064343206,064343207,0.0011555535013136945
064343205,064343206,0.003241559237004076
064343206,064345604,0.0011720198802198758
064344809,064345607,0.00298567984785059
064343207,064345607,0.0011520891759139887
064343208,064345607,0.00013968378004080054
064344008,064344809,0.0010455331275893355
064344808,064344809,0.004236269726429279
064344108,064344809,0.003900520487889191
064343208,064344809,0.0036207670466243866
064344802,064344809,0.001250288076307151
064344801,064344809,0.000395435051594667
064343811,064344008,0.0037730611816422423
064344007,064344008,0.0027935021653312433
064344006,064344008,0.002366680029880427
064344005,064344008,0.0017142895996154666
064344004,064344008,0.0016101715103104663
064344003,064344008,0.0030350342017396894
064344002,064344008,0.0036947053162340957
064344008,064344108,0.007017243158555208
064344002,064344303,0.0022855653345465947
064344002,064344003,0.004108042973091207
064344001,064344002,0.007192383316093976
064344002,064344108,0.0016999710864417242
064344003,064344304,0.0010712579928462333
064344003,064344004,0.004827090932020005
064344003,064344303,0.0018455965946494808
064344001,064344303,0.0005175019428897097
064344001,064344301,0.0016352117681118026
064344001,064344106,0.002526693047717451
064344001,064344108,0.007138532547299263
064344803,064344808,0.002016691316812899
064344108,064344808,0.0011312317341097128
064344807,064344808,0.001116687111956453
064344108,064344807,0.003640952255415692
064344101,064344807,0.0011275504474120186
064344806,064344807,0.0036543597794930142
064344803,064344806,0.0011227023101850382
064344101,064344806,0.0011255526413730442
064344805,064344806,0.002445959506771035
064344804,064344806,0.001198983891796752
064344106,064344108,0.001266524750536639
064344107,064344108,0.0021987926026759714
064344105,064344108,0.0024288294657913625
064344102,064344108,0.002368127521269271
064344101,064344108,0.0037126328156030855
064344101,064344102,0.0022713174673562988
064341402,064344101,0.0024602010770164184
064344101,064344805,0.0012361537938157697
064341402,064344805,0.001153719785680092
064341507,064344805,0.003657115473757029
064344804,064344805,0.0011396258596143886
064341506,064344805,2.839337148178257e-05
064341402,064341507,0.0011396322074546357
064341507,064341508,0.0036624834197287823
064341506,064341507,0.0011457289038281514
064341402,064341403,0.003425010920501261
064341402,064341508,0.0011275128815271592
064341401,064341402,0.0024405487127810606
064344102,064344103,0.002271337652390435
064341405,064344102,0.002350227722008198
064344102,064344105,0.002361018723585397
064341403,064344102,0.00237854250501646
064344104,064344105,0.00243247582755086
064344103,064344105,0.001822422496991033
064344105,064344106,0.001810128697438361
064344105,064344107,0.002344953298723646
064344106,064344107,0.004566598114617176
064344104,064344106,0.0014921892495408802
064344106,064344301,0.0013017791188294234
064344106,064344208,0.0026419437331634205
064344302,064344303,0.0025936988697396425
064344303,064344304,0.0033618430360542535
064344301,064344303,0.005606687533351456
064344301,064344302,0.004746816709375445
064344207,064344301,0.001818711443668349
064344208,064344301,0.00494612711612862
064344207,064344208,0.0023281233832836744
064344104,064344208,0.00422368603295288
064344306,064344413,0.0008185173129582739
064344306,064344412,0.002390709716348959
064344306,064344407,0.001086632330855364
064344302,064344306,0.004836846655806281
064344306,064344307,0.00359288170765523
064344305,064344306,0.0047492547677609265
064344302,064344305,0.003019027495798788
064344305,064344307,0.004658613765551802
064344304,064344305,0.0023419818183284978
064344307,064344413,0.0009230498356808918
064344307,064344308,0.006694207938608249
064344006,064344307,0.0011778719735369234
064344005,064344307,0.0012911078558622315
064344302,064344304,0.0009082416110390293
064344005,064344304,0.003429059367901789
064344004,064344304,0.0023519471414312505
064344005,064344006,0.005679560459154112
064344004,064344005,0.002641477231991743
064344007,064344308,0.0023831913262921467
064344007,064901103,0.004074039511238776
064344006,064344007,0.0043312344006507545
064901104,064901201,0.0023669001748870665
064901104,064901114,0.0028080987770250756
064901104,064901105,0.0023607280034381164
064901103,064901104,0.0027626633838185935
064901103,064901201,0.0024191775744869136
064901103,064901105,0.0016137690066651803
064901105,064901114,2.76924800166676e-05
064901113,064901114,0.001161484101527129
064901114,064905611,0.0028680233769280547
064901114,064901206,0.00218559393172094
064901206,064901211,0.002817837815312311
064901205,064901206,0.001716307941875201
064901202,064901206,0.0013987027771959362
064901201,064901206,0.0014261118567066868
064901201,064901202,0.004831322292364555
064344308,064901201,0.002937636705213571
064344308,064344413,0.0009967964743232598
064344308,064901203,0.0004696325851302908
064344308,064901202,0.0028456485739432325
064901202,064901205,0.0014379157173558313
064901202,064901203,0.004856005327963476
064901203,064905704,0.003921678073361493
064344413,064901203,0.0024276930501957463
064901203,064901204,0.0014341086336358418
064901203,064901205,0.001432718276566059
064901208,064901209,0.003911651620337796
064901207,064901208,0.000573687317076935
064901208,064902001,0.003486788830649115
064901208,064905705,0.003908364938117524
064901208,064905704,0.000582714079912997
064901204,064901208,0.0022126523568656935
064901204,064901207,0.0011317308255807193
064901204,064905704,0.002151189602589988
064901204,064901205,0.00512525771080616
064901205,064901207,0.0014234491357758715
064901205,064901211,0.00247016327838935
064901209,064902002,0.002715903057445528
064901209,064901210,0.003751389209889578
064901207,064901209,0.0027746737416826216
064902002,064902003,0.0036678820406803323
064902002,064902008,0.0026984216478182074
064902001,064902002,0.0036511900581077533
064901901,064902007,0.0024642577491415115
064902006,064902007,0.004736172642224356
064902005,064902007,0.0013546947151142424
064902003,064902007,0.0032072659680549356
064901803,064902007,0.003428909557529239
064902007,064902008,0.003409328829371195
064902003,064902005,0.001820746628246002
064902003,064902004,0.001879926330942344
064901210,064902003,0.003262863215127509
064902004,064902102,0.003603060121232855
064902004,064902005,0.004421063487899366
064901210,064902004,0.0033851304508586014
064902005,064902104,0.0026087820375204672
064902005,064902102,0.0011948090000011948
064902005,064902006,0.0037356667750785754
064901902,064902006,0.0010606444805460555
064902006,064902105,0.0033995918851861782
064901901,064902006,0.0013597456812022468
064901903,064902105,6.766882214110142e-05
064902105,064902109,0.0025489608688102393
064901902,064902105,0.002655691152990372
064902105,064902106,0.003647093261313164
064902104,064902105,0.002109626704311286
064902104,064902106,0.002791254885526701
064902103,064902104,0.0023713929640552
064902102,064902104,0.003373418929362694
064902102,064902103,0.0012242407597444556
064902102,064902111,0.002388994272588776
064902101,064902102,0.0012297564669829766
064902102,064905613,0.003124727132322274
064905603,064905613,0.002413251224057298
064901210,064905613,0.001087276246985827
064901207,064905613,0.0025121042386903247
064905604,064905613,0.0011878817177879619
064905612,064905613,0.0029692543731229615
064901207,064901210,0.003427817009661827
064901207,064905612,0.0015057770323300631
064901207,064901211,0.0027921767036406383
064901211,064905611,0.002433552574978454
064905611,064905612,0.002896836298981112
064905610,064905611,0.0012210110510075785
064905604,064905612,0.0014700062058709243
064905610,064905612,2.2322295720277632e-05
064905604,064905610,0.001561182230730822
064905609,064905610,0.001218983581874479
064905605,064905609,0.0015449745177893565
064905606,064905609,0.0012187300360159915
064905603,064905605,0.0014815778903299653
064905602,064905605,0.0011922924929697236
064905604,064905605,0.004183428533335235
064905605,064905606,0.0014457016962423402
064905601,064905605,0.0014093879210860547
064905603,064905604,0.0030624240325759023
064902101,064902111,0.005610482545802582
064902101,064905603,0.004421208396451596
064905602,064905603,0.0024016730568717348
064902103,064902111,0.004273742404231433
064902111,064902201,0.0036280820169191904
064902111,064905602,0.00015461714945677737
064905601,064905606,0.001216563521625917
064905601,064905602,0.004340741251429184
064902201,064905602,0.004339881319716177
064900909,064905602,0.00358930097626722
064900805,064900909,0.0028945633143681268
064900805,064902201,0.002471795208595135
064902201,064902202,0.004674295998503644
064902207,064902213,0.0006794825153902313
064902103,064902213,0.0011728688723484954
064902206,064902213,0.001437146575598592
064902203,064902213,0.0011802232357663706
064902202,064902213,0.0020205102359822334
064902103,064902202,0.0024274646001722754
064902202,064902203,0.0028670759980434562
064902203,064902205,0.0013770771309981158
064902203,064902204,0.0014986338897581188
064902205,064902208,0.0014271051838215725
064902205,064902214,0.0012309206970853427
064902204,064902205,0.00241202665353913
064902205,064902206,0.001179092102480317
064902204,064902208,0.0014648712900124105
064902208,064902209,0.0027145007541746293
064902208,064902210,0.0013778766569089614
064902207,064902208,0.0023964282200171156
064902207,064902214,0.0026133821252231956
064902206,064902214,0.0014033851183265357
064902207,064902211,0.0014027581015728305
064902207,064902212,0.0010422690348404966
064902108,064902207,0.0013330345865341401
064902107,064902207,0.0038001640938207064
064902206,064902207,0.001177549971698517
064902107,064902109,0.0013710434512954868
064902107,064902108,0.0021835187600465866
064902106,064902107,0.003633091178736374
064902103,064902107,0.003994655509774339
064902106,064902109,0.0026874144097070434
064902109,064904901,0.001454884498465266
064902109,064902112,0.002159319892081923
064901903,064902109,0.002489189856341398
064902108,064902109,0.003684408806210325
064904901,064904906,0.0028904196239203416
064904901,064904902,0.0032926544011026124
064902112,064904901,0.002031429574713231
064901903,064904901,0.0032691191926386355
064901904,064904901,0.0005019953599660095
064904902,064904912,0.003282486047246386
064904902,064904906,0.002775063602645826
064902112,064904902,0.0025618068915183364
064902112,064904912,0.0006421822849181321
064902110,064902112,0.004136004744838044
064902108,064902112,0.0013244568296179916
064904801,064904912,0.003600507153946381
064904905,064904912,0.0012905386650695785
064904903,064904912,0.0021593099559896038
064902110,064904912,0.0010698449055011655
064902110,064905901,0.0036694553971424295
064902108,064902110,0.002167235930015792
064902108,064902212,0.0012043257845203027
064902212,064905901,0.0011338012313167434
064902211,064902212,0.0012347851154485133
064902211,064905901,0.0011966705302394595
064902211,064905902,0.0016770407813248315
064902210,064902211,0.0024180087067489668
064902209,064902215,0.0016729147972591447
064902209,064902210,0.0012516288660077088
064902215,064905905,0.0017019934317266678
064902210,064902215,0.001193470865997081
064905904,064905905,0.0009993492545408956
064905903,064905904,0.0016433726056247502
064905902,064905904,0.001031935781333714
064902210,064905904,0.0014014648533481778
064905901,064905903,0.001050297939117931
064905902,064905903,0.00216770564408658
064905901,064905902,0.004048710192784538
064904801,064905901,0.0030052520957869876
064904801,064904914,0.0003061184639930914
064904801,064904804,0.002567491955060357
064904801,064904904,0.002123958392422354
064904801,064904903,0.0019014256834881881
064904804,064904812,0.002252968287785006
064904804,064904914,0.0018459648350506674
064904911,064904914,0.003776830297339121
064904904,064904914,0.001517762890157406
064904905,064904914,0.0009639713497413477
064904904,064904905,0.0030813256426796736
064904903,064904904,0.0020738758977578656
064904903,064904905,0.004032154174245751
064904905,064904911,0.000722803439081834
064904905,064904910,0.002932346170744277
064904905,064904907,0.0025296964276122977
064904905,064904906,0.0025854688446768515
064904910,064904911,0.0014634243486104617
064904910,064904913,0.0042039252744969086
064904907,064904910,0.0012617480622347747
064904908,064904910,0.0014658352704947789
064904911,064904913,0.001786808563495277
064904913,064905110,0.0012266529952134468
064904909,064904913,0.0018081658142183093
064905108,064905111,0.0007741742477899589
064905110,064905111,0.005438394360806573
064905109,064905111,0.0007706220232243095
064904909,064905110,0.0039336230275314535
064905109,064905110,0.0016323197447540004
064904908,064904909,0.0039193561505149474
064901910,064904909,0.0017977994753085643
064904907,064904908,0.004252779726146869
064901910,064904908,0.0017295804459568687
064904906,064904907,0.005539494029196656
064901909,064904907,0.002572060445709147
064901904,064904906,0.002585399227214101
064901903,064901904,0.0022226623603551912
064901903,064901905,0.00011470205794578805
064901902,064901903,0.00324091519529274
064901902,064901905,0.0037577107578657593
064901901,064901902,0.0032357587888063276
064901904,064901909,0.002787103755435473
064901904,064901905,0.002613327813743329
064901909,064901910,0.0029184418906696057
064901908,064901909,0.002686537968833141
064901905,064901909,3.169164097932088e-05
064901908,064901910,0.0010145979658190936
064901908,064901911,0.0029042125061849206
064901908,064901913,0.0026511449050236166
064901905,064901908,0.00373683463596956
064901906,064901908,0.0005117045658591402
064901905,064901906,0.00265435496246929
064901901,064901906,0.003803459747224457
064901803,064901901,0.0032238828436611413
064901906,064901913,0.0019998052920912153
064901906,064901907,0.001291997247470242
064901804,064901906,0.002654340741078532
064901912,064901913,0.0020447955279683083
064901907,064901913,0.002766774262915273
064901911,064905109,0.002947540826168862
064901910,064901911,0.0031218677434512888
064901911,064905105,0.000743080359300597
064901911,064901912,0.0037563170226207264
064905108,064905109,0.005756714067407822
064901910,064905109,0.004026270784716399
064905105,064905109,0.0024557682451497092
064905108,064905112,0.0012679337587698934
064905105,064905108,0.002337345730564088
064905105,064905112,0.0031978062578688557
064905102,064905105,0.0011596794997861552
064905101,064905105,0.0034891169433786504
064901912,064905105,0.00024997938787147615
064905101,064905102,0.0038182136519445053
064905101,064905803,0.003523921010931263
064901912,064905101,0.0025184627227360016
064905101,064905802,0.0012920431828565852
064905104,064905112,0.0012626460602789904
064905102,064905112,0.002312512389085756
064905103,064905104,0.0033781140332886017
064905102,064905104,0.0012744072746181392
064905102,064905103,0.002543887508377339
064905103,064905808,0.003368945767805246
064905102,064905803,0.002319396300395035
064905102,064905808,0.0011528200245129135
064905802,064905803,0.0038172986101222247
064901912,064905802,0.00275811278296039
064905802,064905804,0.000507766639444354
064905801,064905802,0.0027378452293109435
064901907,064905802,0.001494952794210558
064901808,064905802,0.004765796167853096
064905803,064905808,0.003791730716562949
064905803,064905804,0.005866192308403673
064905801,064905804,0.003053432166483955
064905801,064905805,0.0017663422527197411
064901807,064905801,0.0046092608205901935
064901713,064905801,0.0027438210824991195
064901808,064901907,0.0031481824336270217
064901804,064901808,0.004688878365184601
064901807,064901808,0.0030103201621502584
064901907,064901912,0.0013324648554621204
064901804,064901907,0.0015488401638933693
064901803,064901804,0.004738223493165558
064901804,064901805,0.0025058191540428053
064901802,064901804,0.0014302855452421699
064901802,064901803,0.0032046797136457334
064901803,064902008,0.0013623822589409256
064901802,064901805,0.0026329392373507896
064901801,064901802,0.00325937268243997
064901802,064902008,0.0013992488021895776
064901802,064902009,0.00260949466759801
064901801,064902009,0.0009273785855426716
064902008,064902009,0.0043815386155353605
064902009,064905708,0.003401713168519665
064902001,064902009,0.00231921974191393
064902009,064905706,0.0001940630435263544
064902001,064902008,0.0010694566954852587
064902001,064905706,0.0037721676301617716
064905705,064905706,0.003291276692722396
064905705,064905707,0.0008919590745378924
064905703,064905705,0.004876436785534456
064905704,064905705,0.002401712696340942
064905703,064905707,0.0027727078847936196
064905702,064905703,0.0008984559541584313
064905703,064905704,0.0031558025872431414
064905701,064905703,0.0036250848646626715
064344411,064905703,0.000502893693025977
064905706,064905708,0.0031487973217860944
064905706,064905707,0.003637793256050201
064901801,064905708,0.0033326926056662836
064901308,064905708,0.0035169194560228136
064905707,064905708,0.0018994186464478284
064901308,064905707,0.0004934246950843139
064905702,064905707,0.0010042995606527243
064901307,064905707,0.002283218838320912
064901307,064905702,0.004110830952180875
064344512,064905702,0.0026658842895773494
064905701,064905702,0.0035232437720981342
064344511,064905702,0.0005042371622390688
064901307,064901308,0.004109716755399998
064901306,064901307,0.0021484443664439457
064901304,064901307,0.0019743766012832818
064344512,064901307,0.0010561337704078028
064901308,064901801,2.793224942682563e-05
064901308,064901710,0.0029244664645143026
064901308,064901709,0.0021604489777592335
064901306,064901308,0.002950743346398074
064901801,064901805,0.0008949086672941515
064901801,064901806,0.0035921864626450124
064901710,064901801,0.0033204704484004264
064901805,064901807,0.002672939560586189
064901805,064901806,0.003426252624033171
064901806,064901807,0.002176969797865987
064901713,064901807,0.0011313540959573404
064901711,064901807,0.001403161084954149
064901710,064901807,0.0006887252329380666
064901710,064901806,0.0032220800911475556
064901711,064901713,0.003942188999964449
064901711,064901712,0.0020143050596316842
064901710,064901711,0.005811193085822654
064901709,064901711,0.00042773559427905614
064901709,064901712,0.0026912001326863918
064901709,064901710,0.0065267569467636274
064901708,064901709,0.003858207375806819
064901707,064901709,0.003914077062649908
064901306,064901707,0.0021043393118770314
064901306,064901706,0.0020984369512520532
064901305,064901306,0.002947517471328233
064901304,064901306,0.0021101254821859197
064901304,064901305,0.0031948910692403657
064901303,064901304,0.0019765811109510464
064344512,064901304,0.003641754283317886
064344507,064901304,0.0005360845755239824
064344508,064901304,0.001139729701736473
064901707,064901708,0.0020939611420583877
064901706,064901707,0.003925229761980245
064901705,064901706,0.002146519841749338
064901703,064901706,0.0013053748046638637
064901701,064901706,0.0026178347293734023
064901305,064901701,0.0031842800871336994
064901303,064901305,0.002930542114978865
064901701,064901703,0.003722379892193502
064901701,064901702,0.001332238481556516
064901412,064901701,0.001307752248895598
064901303,064901701,0.001338359608000984
064901703,064901705,0.0029551974080593542
064901703,064901704,0.003821952102361547
064901702,064901703,0.0019121119862886581
064901605,064901704,0.004000314555044541
064901601,064901704,0.001366679331039573
064901704,064901705,0.001283483971905555
064901702,064901704,0.003005081374643629
064901605,064901606,0.0029673346902488436
064901605,064901611,0.003900172629678434
064901601,064901605,0.002200552262234428
064901605,064901705,0.0008384640309603375
064901705,064901708,0.003506872626022164
064901606,064901708,0.0024732321040756436
064901609,064901712,0.002242495318544655
064901607,064901712,0.004347369047479843
064901712,064901713,0.004815338572296623
064901606,064901712,0.0041024558426357004
064901606,064901607,0.002325161829687137
064901606,064901611,0.0016297474929203406
064901607,064901609,0.002368255118345485
064901607,064901608,0.005754231515879093
064901607,064901610,0.0013759826966778564
064901604,064901607,0.0027630076106737412
064901607,064901611,0.00033227112012905636
064901608,064901609,0.0028270425160245613
064901608,064901610,0.0025566429572289884
064901609,064905805,0.005334316832652583
064901609,064901713,0.0011845099052545584
064901713,064905805,0.0003793802677777571
064905804,064905807,0.0035583580742453527
064905804,064905805,0.005859275550279891
064905805,064905807,0.0012001423349748618
064905805,064905806,0.001540060425476235
064905807,064905808,0.004536514946608721
064905806,064905807,0.004849529514618092
064901604,064901610,0.0011654369341241046
064901603,064901610,0.0023398473168097875
064901507,064901508,0.0022277710911311204
064901505,064901508,0.0007763941345360757
064901508,064901510,0.002175177090502034
064901508,064901509,0.003815545538294061
064901505,064901509,0.0020661343089329884
064901509,064901510,0.0028428293824632076
064901503,064901509,0.0013597868913679237
064901404,064901509,0.00225173170092361
064901403,064901509,0.0002540629687070783
064901510,064901511,0.004941593015421761
064901403,064901510,0.0006641496130236688
064901402,064901510,0.0007996730943026068
064901402,064901511,0.002523025632473371
064901402,064901403,0.005051970229018613
064901402,064901405,0.00014359752453135867
064901401,064901402,0.0021629727296130575
064901404,064901405,0.0012342683196200218
064901403,064901405,0.003231672813158623
064901405,064901411,0.002870668895124709
064901401,064901405,0.0033640597675026456
064901405,064901406,0.004291342006657419
064901405,064901410,0.00064973916896399
064901502,064901601,0.0014952478522857508
064901502,064901504,0.003102783093200283
064901502,064901503,0.0024759765133135787
064901404,064901502,0.001211982200243715
064901501,064901502,0.005563030430726009
064901503,064901505,0.0010791552913801497
064901503,064901504,0.0032009755487367062
064901404,064901503,0.0032804231668417225
064901404,064901501,0.0014423945471176332
064901403,064901404,0.007273581911182444
064901506,064901507,0.0022506480922049716
064901505,064901507,0.003467762185458273
064901506,064901603,0.002268028508907475
064901506,064901602,0.0015466716778230404
064901505,064901506,0.0015025796565587926
064901505,064901601,0.0007404368779465107
064901505,064901602,0.0027767768183520622
064901504,064901505,0.0030979375386123017
064901504,064901601,0.0031882183415366605
064901602,064901604,0.0027559079205055226
064901602,064901611,5.392131735417544e-05
064901601,064901602,0.003164098830717504
064901602,064901603,0.0016650369870575565
064901603,064901604,0.0016290777523574895
064901604,064901611,0.002790649476786534
064901601,064901611,0.002396089138146656
064901601,064901702,0.0024771801415233814
064901501,064901702,0.0013636249750071554
064901412,064901702,0.0058381271538793435
064901411,064901501,0.003700405035206972
064901412,064901501,0.002288260959813247
064901411,064901412,0.0026608122351141923
064901410,064901411,0.0039432894165387635
064901406,064901410,0.003338647841133679
064901410,064901412,0.003361823327760578
064901409,064901410,0.004652039128653222
064901303,064901412,0.0007951971339953506
064901302,064901412,0.002055071572848434
064901302,064901408,0.000976683347015524
064901408,064901409,0.004045187161307537
064901301,064901408,0.0019686112517393155
064341012,064901408,0.0035839936692953285
064344513,064901408,0.0009723241925906597
064901407,064901408,0.0015373237099565256
064901302,064901409,0.0019479870630522036
064901407,064901409,0.001930454596652781
064341012,064344513,0.0016459921483530505
064341012,064901407,0.003939035911519329
064341011,064341012,0.00356266638591801
064341006,064341012,0.003682780544773559
064341006,064341007,0.0032286551805640927
064341007,064341010,0.0022983165150393084
064341007,064341009,0.001132102500463819
064341005,064341007,0.0011346212663940903
064341004,064341007,0.002306572619502614
064341007,064341008,0.003205882234183128
064341008,064344703,0.002153836924365097
064341008,064341009,0.00327869458128656
064341003,064341008,0.001307315426945691
064341002,064341008,0.002515701777292808
064341001,064341008,0.001864761263599183
064341009,064341011,0.001002843712448004
064341009,064344703,0.005070408090802428
064341009,064341010,0.005489153099709645
064341010,064341011,0.002310090789422048
064341006,064341010,0.005500582763136731
064341011,064344703,0.0005071598256820437
064344703,064344709,0.0005220484831533644
064344703,064344708,0.0004521535398592546
064344703,064344704,0.006178932260763944
064344703,064344705,0.00010164543163611966
064344701,064344703,0.0011319691095519678
064344702,064344703,0.0047196622355272395
064344608,064344703,0.0021660129014028475
064344607,064344703,0.0007716594496182821
064341001,064344703,0.0014026729129353456
064344701,064344702,0.0024892326411763968
064344608,064344702,0.0035574991636955254
064340807,064344702,0.0010778719907718318
064344701,064344705,0.002670027507492204
064340906,064344701,0.004867332364832108
064340807,064344701,0.0015987855647859404
064344704,064344708,0.0037725177007728607
064344704,064344707,0.00013055173786222004
064344704,064344705,0.0025336955577216517
064344708,064344709,0.005157833922852993
064344707,064344708,0.0017106310173835811
064344709,064901407,0.000601535510039409
064341011,064344709,0.0044676464188228215
064344707,064344709,0.0018477697345793537
064341011,064901407,0.0010826828064161597
064341006,064341011,0.000491262313040885
064901401,064901407,0.0011928395567031187
064901406,064901407,0.005156334173683481
064901401,064901406,0.0033312212552803425
064340908,064340909,0.0035286416700615253
064340907,064340908,0.0018841350837724379
064340903,064340908,0.003529359269669781
064340909,064344706,0.003448395790098447
064340909,064344705,0.0012082062553616941
064340907,064340909,0.0011315789855087953
064344706,064344707,0.0034437168887584326
064344705,064344706,0.002281272553811221
064344705,064344707,0.0008699449443269591
064340907,064344705,0.002368979663526928
064340906,064340907,0.002903235064046835
064340904,064340907,0.0015425121618016942
064340905,064340907,0.0008633074935995386
064340905,064340906,0.003198082724567575
064340807,064340906,0.0013759601238498911
064340904,064340905,0.002331342680100563
064340901,064340905,0.0006214573394502455
064340807,064340905,0.0023373201345440646
064340808,064340905,0.003544163449866388
064340805,064340807,0.005676276870172893
064340807,064340808,0.005031769777376621
064340806,064340807,0.003418533674269781
060352410,064340807,0.0005329834036095261
064340805,064340806,0.00222482365289492
060352410,064340806,0.00013154857740883648
064340803,064340806,0.0027967669446827903
060352511,064340806,0.00279071173386008
064340808,064340901,0.002688575730174765
060352411,064340808,0.00140934907832499
060352410,064340808,0.0024582093667315313
064340903,064340904,0.0026827292791533923
064340901,064340904,0.001773665553192862
064340902,064340903,0.0035211216375047637
064340901,064340902,0.002761786837427922
060352411,064340901,0.0008507362445201992
060352412,064340902,0.002611302520993209
060352411,064340902,0.0011859223091138836
060352411,060352412,0.0035118180193090343
060352410,060352411,0.004195323219332821
060352410,060352511,0.004789967613926897
060352406,060352410,0.0033066099637678913
060352406,060352512,0.001014706968515542
060352406,060352509,0.003420580375298914
060352009,060352509,0.002461913219430645
060352009,060352011,0.0012896171258680916
060352009,060352010,0.002616484343225119
060352509,060352512,0.003268590024321543
060352508,060352509,0.0029884174166454587
060352011,060352509,0.0013120976981879395
060352508,060352512,0.0013119388043118553
060352508,060352510,0.0021411584396164368
060352507,060352508,0.0015128218880679349
060352011,060352508,0.0034705463211572684
060352505,060352508,0.0014928889732227517
060352512,064340803,0.0016503563566708582
060352511,060352512,0.007526342603424239
060352510,060352512,0.005661329449784357
060352511,064340803,0.00021562400436045742
060352507,064340802,0.001426989946730223
060352507,060352510,0.0056012388074047495
060352506,060352507,0.006931095727358397
060352505,060352507,0.0014207892818521028
060352510,064340803,0.0020852411828682156
060352506,064340802,0.0012444799496291543
060352506,064340801,0.0009178903251862222
060352501,060352506,0.0024144684857706476
060352502,060352506,0.0028118908431354348
060352505,060352506,0.0022514210398296933
060352506,060352513,0.001416644083969242
060352501,064340801,0.0033634228587101013
060352501,060352502,0.003481745902153871
060352501,060352615,0.002063132822236461
064340801,064344602,0.0013366949631034416
064340801,064344601,0.003215699285621344
064340801,064340802,0.003959143607577679
064340709,064340801,0.0018899153291224782
064340802,064340804,0.00021163994528882566
064340802,064340803,0.005009779939487773
064340802,064344603,0.002635399315290307
064340802,064344602,0.00012184280968898212
064340803,064340805,0.00223911310597693
064340803,064340804,0.0040302551233255485
064340805,064344608,0.0019449669778000822
064340805,064344607,0.0005898715812036278
064340805,064344604,0.0012331703964184831
064340804,064340805,0.0031022592832036255
064344607,064344608,0.0051408161496255145
064344606,064344607,0.003200601896584147
064344605,064344607,0.0009490898862783827
064341001,064344607,0.0017607429648704087
064344604,064344607,0.001025355337486634
064344605,064344606,0.0033616366124249925
064344604,064344605,0.003863259448440195
064344603,064344605,0.0022465480704098447
064340804,064344604,0.0027629784147591963
064344603,064344604,0.0007554546109351903
064344603,064344606,0.0018810945530813666
064341001,064344603,0.00042748635575163077
064341103,064344603,0.0010666156694944715
064341101,064344603,0.0015807192975619286
064344602,064344603,0.00518662463693303
064341001,064344606,0.0023997288763159693
064341001,064341003,0.0008774238427216182
064341001,064341002,0.0021734664287805547
064341001,064341104,0.0015636567089136833
064341001,064341103,0.001349073628346051
064341002,064341003,0.004690467997037942
064341101,064344601,0.0034567676313026633
064344601,064344602,0.00497734396282285
064340710,064344601,0.0034349209421861582
064340711,064344601,0.000386739817934481
064340709,064344601,0.0011701454586321898
064341101,064344602,0.0015339976356086142
064340709,064340710,0.002338339725401694
064340708,064340709,0.0032362536400119286
060354106,064340709,0.0006007582576480378
060352615,064340709,0.0019307315282439644
064340710,064340711,0.004100175069179246
064340708,064340710,0.0014246927761066988
064340710,064340712,0.0007205597660765448
064341101,064341103,0.0028602441416541915
064341101,064341102,0.00314286003787217
064341101,064341312,0.0022631944249214314
064340711,064341101,0.0011991379873917017
064341102,064341312,0.001172163084133072
064341202,064341312,0.0034002369517175503
064341311,064341312,0.0034374836242038413
064340711,064341312,0.003519915423189108
064340711,064341311,0.004235093483600935
064340711,064341310,0.0013828136565420936
064340711,064340712,0.0030453110109842536
064340703,064340711,0.002650729883352466
064340706,064340711,0.0057908216374094835
064341202,064341311,0.0014009090799388232
064341201,064341311,0.0028148369689670093
064341310,064341311,0.003499321435280997
064341309,064341310,0.0028497095095671512
064341201,064341310,0.0014291351759110422
064340703,064341310,0.004068604441405579
064341308,064341310,0.0023187869563770446
064341201,064341309,0.002245718147931111
064341201,064341202,0.0022547141506537825
064341201,064341204,0.004242015169630549
064341102,064341202,0.002289110323791018
064341202,064341203,0.00469382369155041
064341106,064341203,2.1010954059521547e-05
064341105,064341203,0.002730342448104864
064341203,064341206,0.004584841494147389
064341203,064341204,0.00269204121368686
064341107,064341206,0.0011602863178342118
064341106,064341206,0.0013495325171037896
064341206,064341207,0.004494227201787701
064341205,064341206,0.002502801042693268
064341112,064341113,0.0035182701682831786
064341111,064341112,0.0034355333882174896
064341112,064344202,0.0023090396323631936
064341107,064341112,0.003501785260682815
064341112,064341207,0.0011403847221415052
064341107,064341108,0.001140375680301632
064341106,064341107,0.004646521293922935
064341107,064341207,0.0011602994683833656
064341106,064341108,0.0025394197814797817
064341104,064341106,0.00039000656061660016
064341105,064341106,0.0032606491812399332
064341108,064341111,0.002327580178678652
064341108,064341109,0.004843974687809332
064341104,064341108,0.001103373285755547
064341109,064341110,0.0012079999381229636
064341004,064341109,0.0022833650855450614
064341003,064341109,0.001303918627275321
064341104,064341109,0.0024384117987425163
064341104,064341105,0.0025754257146065624
064341102,064341105,0.0031489010176785504
064341102,064341103,0.0034676513883659388
064341103,064341104,0.004869842416440501
064341003,064341104,0.0024949263877811732
064341003,064341004,0.003143381769303933
064341004,064341005,0.0031662754748778103
064341005,064341006,0.0015330096463798807
064341005,064344501,0.00321022008514791
064341005,064341110,0.0027790940573628508
064341006,064344513,0.0040579209926141155
064341006,064344502,0.004555871072452588
064341006,064344501,0.0022130388519255454
064344503,064344513,0.0033567072271080455
064344502,064344513,0.0023884859844546975
064901302,064901303,0.0029279499085238885
064901301,064901302,0.002987211569294321
064901301,064901303,0.0019787462213313373
064344507,064901301,0.0012503326581496863
064344503,064901301,0.0023126357811683344
064344507,064901303,0.002113698643537152
064344507,064344508,0.0040235949705744005
064344503,064344507,0.002793937028656707
064344506,064344507,0.0012340847652407682
064344503,064344504,0.0021517939681866176
064344502,064344504,0.004257611265666917
064344501,064344502,0.002125848329962311
064344504,064344506,0.005487128402272836
064344504,064344505,0.0009287913789724486
064344506,064344508,0.0032004454113258637
064344506,064344509,0.001107666401776105
064344505,064344506,0.0024735709513239914
064344508,064344512,0.0046545299564610225
064344508,064344509,0.0033426002400799293
064344511,064344512,0.003258928070715603
064344509,064344510,0.0033284740378889664
064344509,064344511,0.00215256819506108
064344505,064344509,0.00104785137889362
064344402,064344404,0.0011547140997596177
064344402,064344505,0.0009346384835380387
064344402,064344403,0.002361680712895737
064344402,064344501,0.0012450652403071662
064341114,064344402,0.003511376670805715
064341113,064344402,0.0009005574673650544
064344401,064344402,0.001245294203529691
064344505,064344510,0.0021624270314739968
064344403,064344505,0.0024605268625401263
064344501,064344505,0.003220151484623528
064341114,064344501,0.0019391179587140617
064341110,064344501,0.001041676773345284
064341110,064341114,0.0012039600456491331
064341110,064341111,0.003770847852284422
064341111,064341114,0.002270758514022933
064341113,064341114,0.002337109020632961
064341113,064344401,0.003488492764287744
064341113,064344205,0.0007902348966558033
064341113,064344203,0.002377395678441566
064344401,064344405,0.003493685415210946
064344205,064344401,0.0012167590486965672
064344205,064344405,0.0001266791049814872
064344205,064344206,0.004799991298431406
064344203,064344205,0.0028163470654921185
064344205,064344207,0.0014336836977862288
064344204,064344205,0.0014010541233847697
064344405,064344407,0.003531451212834065
064344404,064344405,0.003600828010181734
064344405,064344406,0.006576257368093755
064344302,064344405,0.0006185487774365982
064344206,064344405,0.0009727300105241371
064344302,064344406,0.0009608088182010955
064344206,064344406,0.0009196259438319327
064344404,064344408,0.002308441686545026
064344403,064344404,0.004865855777088169
064344403,064344510,0.0011865393312543752
064344403,064344408,0.0012126669215512447
064344510,064344511,0.002152498286048479
064344408,064344510,0.002152648672367157
064344511,064905701,0.0024823573755738673
064344410,064344511,0.0023622770391167943
064344409,064344511,0.002103362952814978
064344411,064905701,0.0019316374203390166
064344410,064905701,0.0010711822547338603
064344408,064344409,0.003543972907638386
064344407,064344408,0.002104014856442781
064344409,064344410,0.0035552542978532376
064344407,064344409,0.002091743122555133
064344410,064344411,0.004644446311644488
064344410,064344412,0.002261109016754791
064344411,064905704,0.003996552022661778
064344411,064344413,0.00200493741536814
064344413,064905704,9.645772389643519e-05
064344412,064344413,0.0035552492671804686
064344407,064344412,0.0035126153000213448
064344302,064344407,0.003064260488474937
064344206,064344302,0.003973440429189453
064344206,064344207,0.002253207717686869
064344207,064344302,0.0009628994561597768
064344104,064344207,0.0014417033315659456
064344104,064344201,0.003806045092344392
064344103,064344104,0.002835739125266582
064344103,064344201,0.0011195247138769805
064341208,064344103,0.001174308712082472
064341406,064344103,0.0046703029623819635
064344201,064344204,0.004157420580494451
064344201,064344202,0.0011347194101106052
064341208,064344201,0.003136898181024448
064344204,064344207,0.002868287907250637
064344203,064344204,0.002371962215490681
064344202,064344204,0.0024833803290444114
064344202,064344203,0.0028925897844269983
064341207,064344202,0.005572424297480561
064341208,064344202,0.0011270178363486688
064341207,064341208,0.002301529712103084
064341205,064341207,0.001284186164433186
064341205,064341208,0.0029755738010463642
064341208,064341406,0.0022652629877631834
064341205,064341407,0.0022511025205050497
064341406,064341407,0.0046790982575613625
064341405,064341407,0.0011316601335581867
064341407,064341408,0.004638996596608408
064341404,064341407,0.0012002137754943058
064341204,064341205,0.004520978819712658
064341204,064341408,0.0029598288733688875
064341309,064341408,0.004677397122872596
064341307,064341309,0.002262305303953229
064341308,064341309,0.001830727485061965
064341307,064341408,0.0029138250580657632
064341307,064341404,0.004170357794920505
064341306,064341307,0.0034544632191057228
064341307,064341308,0.0011837106654772102
064341305,064341307,0.0011616903784336958
064341405,064341406,0.002257214165937183
064341403,064341405,0.0034128853289801756
064341404,064341405,0.0023238417595512653
064341403,064341404,0.002389282292492151
064341401,064341404,0.0029013750620117
064341306,064341404,0.0023501316335031008
064341401,064341508,0.0011096345731290158
064341401,064344908,0.0020925809036299765
064341306,064341401,0.0001187982418522353
064341303,064341401,0.002466011120424598
064341303,064341306,0.003407995420177876
064341303,064344906,0.0034129067157162487
064341302,064341303,0.002620459037665836
064344906,064344908,0.0023950141071376876
064344906,064344907,0.0012158166242128231
064341302,064344906,0.001338947398310125
064341301,064344906,0.002254885952755992
064344905,064344906,0.003477270252169283
064341301,064341302,0.0032327510246903174
064340608,064341301,0.001167395131549122
064340607,064341301,0.0018362234411155236
064341301,064344905,0.001034480427590918
064341301,064341607,0.0033994786596168404
064341302,064341305,0.0012266972848164056
064341302,064341304,0.004842878462581737
064340608,064341302,0.0015403065845634542
064341305,064341306,0.0020901489518016453
064340703,064341305,0.002933998946082038
064341305,064341308,0.003561542623896828
064341304,064341305,0.002327000489437063
064340703,064341308,0.004341392636311708
064340609,064340703,0.0026360204973275595
064340609,064341304,0.0027999586278826052
064340603,064340609,0.0033669746431647138
064340608,064340609,0.0027093131490616156
064340603,064340608,0.0014878048390341923
064340607,064340608,0.004024456560669397
064340604,064340608,0.0027519564887265547
064340603,064340604,0.002275067101691734
064340604,064340607,0.0015319619145363534
064340604,064340605,0.0029435388598583207
064340602,064340604,0.005270359441066278
064340603,064340702,0.0037759713648148887
064340602,064340603,0.0029492301721900545
064340602,064340702,0.002024805379382202
064340602,064340701,0.001291390544915799
064340601,064340602,0.003003599097987044
060352808,064340602,0.003573317960289552
060352706,064340602,0.0028063226567030474
060352807,064340602,0.000907668553970331
064340601,064340605,0.004018259905154593
060352807,064340601,0.0024880338899760275
064340510,064340601,0.001559464711318237
064340502,064340601,0.0017474770344824608
060352806,064340601,0.0011922469443823942
064340605,064340607,0.000992606184055565
064340605,064340606,0.003333640456797223
064340503,064340605,0.0028160220953366752
064340606,064340607,0.0037923955501311434
064340607,064341607,0.001014417596806133
064340503,064340606,0.00027383382986762706
064340606,064341607,0.002086731650018902
064340606,064341606,0.0011954784153992812
064340508,064340606,0.0033243985516319607
064340503,064340508,0.0030663485634162494
064340503,064340504,0.002641243750115078
064340503,064340510,0.003070363163470956
064340504,064340510,0.0011223218846268617
064340501,064340510,0.0015226153648343983
064340502,064340510,0.004360286527919529
060352806,064340502,0.0011049938261207283
060352909,064340502,0.0032532734971985125
064340502,064340509,0.001804983233182488
060352806,060352907,0.001306938944584794
060352907,060352909,0.0021700124840140123
060352907,060352908,0.0034542801616454875
060352906,060352907,0.00557220066615888
060352907,060353107,0.001289438380585081
060352908,060352909,0.0021709438544576256
060352908,064340509,0.003462007514730279
060352908,060353108,0.002069572891148795
064340501,064340509,0.0035007926082581244
060353109,064340509,0.0019723275693055804
060353108,060353109,0.003395132258797242
060353105,060353108,0.003919752480266353
060353107,060353108,0.00111630032475973
060353106,060353108,0.0011222647227932556
060353004,060353105,0.0023313710276956913
060353004,060353005,0.004017852853476948
060353004,060353006,1.4186831083652124e-05
060353003,060353004,0.00213501323053522
060353001,060353004,0.004229089478424612
060353105,060353106,0.003786024038814604
060353106,060353107,0.003953012957534226
060353005,060353106,0.0017883521216169812
060352906,060353107,0.0013635680621913932
060352905,060353107,0.0013035110251347212
060353005,060353107,0.00115295108247034
060352904,060352905,0.001362722733270318
060352905,060352906,0.005485889303651307
060352902,060352905,0.0010110753474716044
060352905,060353009,0.001954063111683239
060352905,060353008,0.0025096931296547803
060353008,060353009,0.0039870348768312565
060353005,060353008,0.003998126672393007
060353007,060353008,0.0023845175806900256
060353005,060353105,4.883597558755616e-05
060353005,060353006,0.0028797318803255043
060353005,060353007,0.00011355084614210744
060353003,060353006,0.004026224795322461
060353006,060353007,0.004003563401044381
060351504,060353006,0.0009483735121926927
060351501,060353006,0.0019902264286991156
060353007,060353010,0.003947264334536252
060351504,060353007,0.0023851458532498614
060352902,060353009,0.004030243266181541
060353009,060353010,0.0019274329894903076
060352805,060352904,0.0001410763209320422
060352801,060352904,0.0025168755821786564
060352903,060352904,0.002237550560308852
060352806,060352904,0.0033479648872023126
060352904,060352906,0.0012978896535937358
060352902,060352904,0.0010962374111443617
060352806,060352909,0.0033147640414633106
060352805,060352806,0.0012306229882754166
060352806,060352807,0.002359247936825746
060352807,060352808,0.0025881811740107417
060352805,060352807,0.0033194602304583904
060352805,060352808,0.0030161917302554127
060352706,060352805,0.0010863111443151275
060352803,060352805,0.0020214451106195935
060352804,060352805,0.002353701937859526
060352801,060352805,0.0019220372280096697
060352706,060352803,0.0035525808446436177
060352803,060352804,0.003543543849443217
060352802,060352803,0.002078188601636866
060352802,060352804,0.0022233708406856315
060352801,060352804,0.0035804579226978357
060352801,060352903,0.004919105745934186
060352902,060352903,0.0040602485875165465
060352901,060352903,0.003097491305249553
060352801,060352802,0.0030358601980982254
060352701,060352801,0.0011471385307515506
060352801,060352901,0.00012773959085295936
060352901,060352902,0.002078151826109145
060352901,060353010,0.0038997579827233634
060351504,060353010,0.0018910103706890977
060351504,060352701,0.0007664622330994685
060351504,060352901,0.0031599927077433153
060351504,060351608,0.0007592135930268724
060351504,060351513,0.0014294037049454277
060351504,060351505,0.002370049395562221
060351504,060351507,0.0003069707646392614
060351504,060351514,0.0012912631665506044
060351504,060351506,0.005614051172068573
060351503,060351504,0.0006264073161647163
060351402,060351504,0.001079491841903345
060351501,060351504,0.006119231027479832
060352701,060352901,0.004150222376777151
060351505,060351513,0.0016666842173775863
060351505,060351507,0.0019755654438473585
060351513,060351608,0.0026847712478263257
060351507,060351513,0.0012592774608840547
060351507,060351608,0.0006284408312145684
060351507,060351607,0.001357403087219214
060351507,060351508,0.003969292744038568
060351507,060351510,0.003361724567779103
060351507,060351514,0.005865066842834206
060351608,060352701,0.002396133495069476
060351608,060351609,0.004151127913227102
060351607,060351608,0.0024186810607233185
060351609,060352701,0.0024187633918669477
060351609,060351610,0.003933774156948164
060351607,060351609,0.0023948607715997463
060352702,060352703,0.0037566154310392243
060352702,060352802,0.0015726743776088622
060352701,060352702,0.004121525039669281
060351610,060352702,0.002055160268423817
060352701,060352802,0.0026376631891064815
060352706,060352802,0.0017358246276689192
060352704,060352802,0.0012131246211082717
060352703,060352802,0.00011076197225402328
060352704,060354103,0.0029180127461932693
060352704,060352705,0.0036825209666168706
060352704,060352706,0.002654919123883024
060352703,060352704,0.005615143007337431
060352705,060354103,0.0031599406797518225
060352705,060352708,0.003297868359083406
060352705,060352706,0.0009263901164260211
060352709,064340706,0.00018310438245986875
060352709,060354104,0.002758132024701941
060352709,064340705,0.0016190957628606241
060352708,060352709,0.004248551145616231
060352708,060354104,0.0004591427251595759
060352708,064340705,0.0010870157779071558
060352707,060352708,0.003980331851449333
060352708,060354103,0.0026265486225346708
060352706,060352708,0.004896939943979527
060352706,060352707,0.0019322407263927316
060352706,060352808,0.0038352549462214057
064340701,064340702,0.0017886093927420303
064340701,064340705,0.0012970234240321675
060352707,064340701,0.0018378661364688042
064340705,064340706,0.0029886651718413885
064340704,064340705,0.0004229340911315973
064340703,064340704,0.002990390264684455
064340704,064340706,0.005987863094259985
064340702,064340704,0.005881168749503936
064340702,064340703,0.002540490657543233
064340703,064340706,0.0029021645165135945
064340706,064340712,0.0048820071828510146
060354104,064340706,0.0031170968784102445
060354104,064340712,0.00039387379803221327
060354104,060354105,0.0025158329022736394
060354103,060354104,0.0019624289421129575
064340708,064340712,0.0013948826435205416
064340707,064340712,0.005303231869563012
060354105,064340712,0.0017415334639485414
064340707,064340708,0.0019883924016972313
060354106,064340707,0.0021644775904012085
060354105,064340707,0.0014302600558188162
060354106,064340708,0.0013646628448424445
060352614,060352615,0.0024409658239442737
060352615,060354106,0.001361181124046538
060352502,060352615,0.001408266791229338
060352612,060352615,0.003111661105707075
060352614,060354106,0.0035042505261152586
060352612,060352614,0.0014610815170403983
060352613,060352614,0.0015767148062205269
060352613,060354106,0.0018041699645511605
060352612,060352613,0.0013663710790589054
060352611,060352613,0.0032341360777670162
060354105,060354106,0.005950249378268392
060352611,060354105,9.085128096874446e-05
060354105,060354107,0.003103014552050024
060354103,060354105,0.0027359849850234408
060352611,060354107,0.0019375216109480526
060354103,060354107,0.004822422854520376
060354107,060354108,0.0033002335005169925
060354103,060354108,0.0036725711099255885
060354102,060354103,0.0018448180162552582
060354101,060354103,0.0007446679651903548
060352611,060354108,0.00021293530557602123
060352610,060354108,0.002751659682917909
060352601,060354108,0.002751684217210026
060354108,060354109,0.004459350405671133
060354101,060354108,0.0015081641152312308
060352610,060352611,0.003032029946218816
060352609,060352610,0.0027599811531127698
060352601,060352610,0.0030405124024646076
060352601,060354109,0.003503529417268907
060354101,060354109,0.002404097219527442
060351708,060354109,0.0021542210598949683
060351709,060354109,0.0010565096487252065
060352601,060352607,0.0011386113850645014
060352503,060352601,0.0020829868444192583
060352601,060352606,0.00037195772238897017
060352601,060352605,0.002643960724430636
060352601,060352609,0.0017636127436737098
060352601,060352603,0.0018782163990285685
060351911,060352601,0.003660812011865951
060352601,060352602,0.004305913382447302
060352601,060352604,0.002575838268073917
060351811,060352601,0.00412344582840409
060351806,060352601,0.0012016248862354824
060351805,060352601,0.0011590297685614558
060351804,060352601,0.0008834624966426104
060351803,060352601,0.0011105688691332295
060351802,060352601,0.0009240706617854367
060352604,060352605,0.002258005201447386
060352603,060352604,0.0017759128523817328
060352602,060352604,0.0018805779912674802
060352606,060352607,0.002487323663137823
060352606,060352608,0.000776144987316033
060352605,060352606,0.0022800439399580184
060352603,060352606,0.0010363140604471633
060352513,060352607,0.0017949192231896379
060352503,060352607,0.0005136627073473282
060352607,060352608,0.0016265235417931144
060352605,060352608,0.0020498848667742735
060352608,060352609,0.002281425288505023
060352609,060352611,0.001733467625953493
060352513,060352611,0.001365925053378169
060352611,060352612,0.004521566230653029
060352608,060352611,0.004430055912085988
060352513,060352608,0.00033027627874354914
060352502,060352612,0.0013236041735411863
060352513,060352612,3.463767339489673e-05
060352502,060352513,0.003458032400002778
060352505,060352513,0.0031634241894945418
060352504,060352513,0.002170032351161497
060352503,060352513,0.0048931338161153325
060351911,060352513,0.002008029349931358
060352602,060352603,0.0020933152432437356
060351911,060352503,0.0023082534049474763
060352011,060352505,0.0013512333918100866
060352504,060352505,0.003527256209056849
060352011,060352504,0.00129536777622684
060352010,060352504,0.0012812430481111189
060351910,060352504,0.0035165414802912384
060351911,060352504,0.0004290150140187433
060352010,060352011,0.003547339512346904
060351910,060352010,0.0012895810755537073
060351909,060351910,0.003524170705206191
060351908,060351909,0.0027411106827601246
060351910,060351911,0.0038603951478492133
060351908,060351911,0.00479289875831964
060351907,060351908,0.0034749717091148843
060351810,060351908,0.0014222344160426598
060351810,060351907,0.0019499568564910886
060351901,060351907,0.0007816394904944383
060351810,060351901,0.0021916677039804378
060351809,060351901,0.0007957471544923075
060351808,060351901,0.002700847831195748
060351807,060351901,0.0011756340940265592
060351810,060351811,0.0021747133040954337
060351809,060351810,0.0033555682085075547
060351809,060351811,0.002030719958503976
060351806,060351809,0.0041099386038586545
060351808,060351809,0.002072723746249759
060351806,060351811,0.002705770670326368
060351805,060351806,0.009542081200836964
060351806,060351808,0.00272426389072448
060351806,060351807,0.0002613720025689432
060351801,060351806,0.0009260164598395732
060351804,060351805,0.009525653074620107
060351801,060351805,0.0011756325539768752
060351811,060351911,0.0028222434625600015
060351708,060351802,0.004186377317397618
060351802,060351803,0.009582156699005657
060351707,060351802,0.0026578415289887727
060351801,060351802,0.0009342900046001495
060351703,060351802,0.0027340573493162394
060351803,060351804,0.00953482361280778
060351801,060351803,0.0009142625962513769
060351707,060351708,0.00211337661274106
060351707,060351709,0.0010963033645904957
060351703,060351707,0.0032464582385114916
060351706,060351707,0.002644367484769445
060351703,060351704,0.0027090567296821962
060351704,060351706,0.002715293095521809
060351702,060351704,0.0016272697066316024
060351704,060351705,0.0027172151243823133
060351701,060351704,0.0009768418284495607
060351702,060351703,0.0032712708189939384
060351702,060351801,0.0024855410334362255
060351702,060353707,0.004620110547526382
060351701,060351702,0.0027590765746843037
060351702,060353704,0.0002582703984487818
060351801,060351804,0.0009094403183701024
060351807,060351808,0.0020957830896588124
060351801,060351807,0.0026302494820565807
060351801,060353708,0.002573766757414596
060353707,060353708,0.001780392474431065
060353706,060353708,0.0023165175161543854
060353705,060353708,0.0017970449542171244
060350504,060353708,0.0008735151769838966
060351801,060353707,0.0008917372693415702
060353706,060353707,0.0055162581860540546
060353704,060353707,0.0016534705206722234
060353705,060353706,0.006320394801034516
060350504,060353705,0.005990411831783297
060353704,060353705,0.0013205461536523993
060350501,060353705,0.00042011510297974863
060353704,060353706,0.0014897493179755418
060350503,060350504,0.00492521506883658
060350501,060350504,0.00047418135117843974
060350502,060350503,0.0031284907983361032
060350501,060350503,0.0017441591321537813
060350501,060350502,0.0038727591506323125
060351701,060353702,0.0011432621875801532
060353702,060353704,0.0009190859837982131
060353702,060353703,0.0041951940063203914
060353701,060353702,0.003598685172870748
060350501,060353702,0.002214970074102056
060351701,060353703,0.0013662554930607867
060353703,060353704,0.0030252509504491492
060351701,060353704,0.0011081893979631309
060350501,060353704,0.0016370209694426554
060351701,060351705,0.0028513212862350213
060351602,060351701,0.00235505707061118
060351601,060351701,0.0010175820363762076
060351601,060353701,0.003677398690905431
060350606,060353701,0.0058206714468481136
060351512,060353701,0.0005768300308888473
060351601,060351602,0.003971658017030431
060351512,060351601,0.0018800076639376752
060351602,060351606,0.0010626401918121153
060351602,060351603,0.003334820603106003
060351510,060351602,0.0013312972492486314
060351511,060351602,0.0013599630179072944
060351603,060351604,0.0013913232948010493
060351603,060351606,0.0026402011074224867
060351603,060351705,0.0027171324252560506
060351603,060351605,0.002543805797854504
060351705,060351710,0.0010679614287839527
060351705,060351706,0.0026578190904242307
060351604,060351705,0.003312016529051277
060351706,060351709,0.0009685666996459502
060351706,060351710,0.0018520009519629797
060351708,060351709,0.004147451295717263
060351709,060354101,0.0010880373895654134
060351709,060351710,0.004158740271406084
060351710,060354101,0.0009035675105532558
060351710,060352703,0.0012381342302549263
060351710,060351711,0.004139913111220273
060351604,060351711,0.0025641544905892068
060351604,060351605,0.0026547604676370193
060351711,060352703,0.003250002587940448
060351611,060351711,0.004096760391680873
060354101,060354102,0.0022420108218109765
060352703,060354101,0.0024501344006970962
060352703,060354102,0.0022842409423751145
060351611,060352703,0.0017750806898403641
060351610,060351611,0.004077684668186967
060351605,060351611,0.0018058982486908537
060351606,060351610,0.001354222790510273
060351605,060351610,0.0007355570939846116
060351605,060351606,0.0027648727420077368
060351606,060351607,0.0013292093055474554
060351509,060351606,0.00406057963057813
060351510,060351606,0.0004825865449432168
060351509,060351607,0.0023948199037872823
060351508,060351509,0.004433284505666005
060351509,060351510,0.0018335689689964406
060351508,060351607,0.002412708460395852
060351508,060351510,0.0029242936392459328
060351510,060351511,0.0089056393015741
060351510,060351514,0.0010522393178612104
060351511,060351512,0.005492105835045877
060351412,060351511,0.004257394827533546
060351408,060351511,0.00021232946892882067
060351412,060351413,0.0013892991271424677
060351411,060351412,0.0030414684130500693
060351408,060351412,0.0006039583867669179
060351410,060351412,0.002503676585323352
060351411,060351413,0.0016695644718414913
060351410,060351411,0.0016336001891180463
060351411,060353804,0.0009138842848601563
060351411,060353803,0.0010189448082865234
060351310,060351411,0.001186204984693242
060351310,060351410,0.0012209529996940996
060351309,060351310,0.0026573545721404537
060351310,060353803,0.0036667023608277813
060351307,060351310,0.001270529017669022
060351309,060351410,0.0010392370858371821
060351309,060351409,0.00025824369125545003
060351307,060351309,0.0012846464336125742
060351308,060351309,0.002461373858472992
060351408,060351410,0.0017991461579459807
060351409,060351410,0.0040079314257772565
060351408,060351409,0.0011739856458278138
060351407,060351409,0.0015289885266638443
060351406,060351409,0.0023498681301793146
060351308,060351409,0.0010179820637451886
060351406,060351407,0.0015859914511213327
060351308,060351406,0.0014865528729775936
060351405,060351406,0.002454921957270792
060351306,060351406,0.00010034927958982357
060351306,060351307,0.001525707309257497
060351306,060351308,0.0024424465119164815
060351306,060351405,0.001282497808451663
060351306,060351404,0.000830844288714053
060351304,060351306,0.002642255088859784
060351305,060351306,0.0015912918288358924
060350709,060351306,0.0012159585426464161
060351304,060351305,0.004871115110825603
060351303,060351305,0.0017759977568109469
060350707,060351305,0.0019390226989050262
060351302,060351305,0.0003928746357529998
060350708,060351305,0.0014533662947086687
060350705,060351305,0.0011553259899594035
060350704,060351305,0.0010452962407850725
060350703,060351305,0.0012050758322681042
060350702,060351305,0.00035657948661191075
060350707,060350708,0.0042697057261257675
060350706,060350707,0.0018569157951591076
060350705,060350707,0.004378884619431709
060350708,060350709,0.004338885501947931
060350706,060350708,0.002255211370621719
060351307,060351308,0.002529872796220709
060351307,060353803,0.0015587132137621258
060350712,060351307,0.0019048779662136912
060350711,060351307,0.0019079462330940104
060350709,060351307,0.0012658829122180518
060350711,060350712,0.003749267482164526
060350710,060350711,0.0019414182897191292
060350709,060350711,0.0039377600634808675
060350709,060350710,0.003839374494947233
060350709,060350815,0.0009207009421369122
060350706,060350709,0.0038792773921223324
060350710,060353802,0.0012174985773266043
060350710,060350712,0.0018906352041825765
060350710,060353801,0.003118503056128078
060350712,060353802,0.0037085254561015487
060353802,060353804,0.0027539016990686745
060353802,060353803,0.0025262664974564
060353801,060353802,0.003021824672382626
060353806,060353807,0.004640503051671401
060351413,060353806,0.0011153606906535523
060350605,060353806,0.0014415141043878522
060353805,060353806,0.0027842375103074163
060353804,060353806,0.006195311663391778
060351413,060353804,0.0011640853603349915
060353804,060353805,0.000711770600938493
060353803,060353804,0.004462822774538064
060353801,060353804,0.0008015117815863949
060351413,060351512,0.005014215129197764
060351413,060353807,0.0019658648666492505
060350606,060351512,0.0007394224755775072
060351512,060353807,0.00012058206027257139
060350606,060353807,0.002886129630622164
060350605,060353807,0.00014639138572950175
060350501,060350606,0.0010704791178255389
060350604,060350606,0.0035254328605581523
060350605,060350606,0.001411670878868122
060350604,060350605,0.0019997065303801326
060350605,060353805,0.0028210553382859464
060350601,060350605,0.001200143616293912
060350601,060353805,0.0035526767861235225
060353801,060353805,0.0028566304459683623
060350601,060350604,0.002029744675138779
060350601,060350603,0.0037708407001404588
060350601,060350602,0.004022033777938166
060350601,060353801,0.0029471326011646696
060350112,060350601,0.0018788902862323163
060350603,060350604,0.0025985896466056385
060350602,060350603,0.0011695740638699974
060350501,060350604,0.00444425377505352
060350602,060350604,0.0029933869392953436
060350501,060350602,0.004289417021784386
060350112,060353801,0.0007402503141485347
060350112,060350815,0.005673602138928741
060350112,060350814,0.0011813527107624386
060350815,060353801,0.0043363101509259865
060350706,060350815,0.004142717979865749
060350814,060350815,0.0064802693865425864
060350811,060350815,0.00039707853610644107
060350811,060350814,0.001482090943773551
060350813,060350814,0.004132350102087302
060350812,060350814,0.002805741065776448
060350812,060350813,0.006937835252176238
060350810,060350813,0.0005986855253839262
060350104,060350813,0.005104706590035755
060350807,060350813,0.0014095792289184293
060350104,060350807,0.003528979818888258
060350104,060350105,0.00139695992187597
060350103,060350104,0.0037082111623781833
060350103,060350105,0.0011800505560553604
060350103,060350106,0.0011831561521112826
060350103,060350107,0.0016559073137401726
060350103,060350113,0.000841078240682879
060350102,060350103,0.0034750426997052206
060350107,060350113,0.0035627664456080095
060350110,060350113,0.0006290025254113738
060350102,060350113,0.0060057014578924475
060350106,060350107,0.0028264025106261364
060350107,060350108,0.0011713214747451207
060350107,060350109,0.001169915758303852
060350107,060350110,0.0014468830912484822
060350106,060350806,0.0025637659309802685
060350106,060350805,0.0002545449590349278
060350105,060350106,0.0028384167873186684
060350106,060350802,0.0011756498231639372
060350106,060350108,0.002846939528569863
060350109,060350801,0.0002810152796484312
060350108,060350109,0.003995392746306422
060350109,060350111,0.0011924437504203227
060350109,060350110,0.004264983896519898
060350802,060350805,0.0011535852507188107
060350802,060350803,0.0015091730619867817
060350801,060350802,0.00039931976528007843
060350108,060350802,0.0011752054557047642
060350108,060350801,0.0011686899159122277
060350806,060350807,0.0011627274059918446
060350806,060350808,0.002843121873403788
060350805,060350806,0.002598816931812549
060350105,060350806,0.0011731738341551371
060350805,060350808,0.0013769884791007348
060350803,060350805,0.0006080834888078139
060350804,060350805,0.001690787490724681
060350808,060350809,0.005034014332745554
060350807,060350808,0.0011795954765177422
060350804,060350808,0.0025265851178210507
060350105,060350807,0.0014148677416864232
060350807,060350809,0.0011785174360903316
060350811,060350812,0.003504272978487535
060350810,060350812,0.0005724592735386962
060350706,060350811,0.0015998803617882586
060350705,060350811,0.001625778555044111
060350704,060350811,0.0013039361364544178
060350703,060350811,0.0011570202441229707
060350810,060350811,0.004371391233395218
060350705,060350706,0.002670916926775119
060350701,060350809,0.001440096036210382
060350809,060350810,0.005287422584805635
060350804,060350809,0.0009908045322581229
060350701,060350810,0.001710288301920646
060350704,060350705,0.007060673158229832
060350703,060350704,0.00718179709177314
060350702,060350703,0.00449627591844875
060350701,060350703,0.0027642162255508166
060350702,060350914,0.0029169990050459775
060350702,060350913,0.0037944738427874857
060350701,060350702,0.005035194607506073
060350702,060350907,0.00023959544748502454
060350702,060350906,0.00041133890906881244
060350701,060350906,0.003283976329086157
060350701,060350804,0.0016821143473145157
060350906,060350907,0.006105917265359774
060350804,060350906,0.003978179564113731
060350906,060350915,0.0021333578541764425
060350905,060350906,0.00030058487613699965
060350111,060350906,0.0014973231281719076
060350803,060350804,0.004523370705075079
060350801,060350804,0.0009588674050033522
060350111,060350804,0.0008919111638066273
060350801,060350803,0.0013058213414373315
060350111,060350801,0.0006579542251103517
060350111,060350905,0.002616277433627543
060350110,060350111,0.0043689140183485785
060350111,060350904,0.004722181048689908
060350102,060350111,0.0007777708326834521
060350907,060350915,0.0003826318954445303
060350908,060350915,0.0020256124520552153
060350905,060350915,0.005764179593977548
060350905,060350908,0.011929615404631493
060350904,060350905,0.00369378764261596
060350903,060350905,0.00046082267193516094
060350907,060350913,0.001458577415834151
060350907,060350911,0.003398259320924273
060350907,060350908,0.0026002397323793957
060350911,060350912,0.002328404216695611
060350910,060350911,0.0036384921870909683
060350909,060350911,0.000545871445444154
060350908,060350911,0.0019681313853746
060350910,060351005,0.0005487111969551082
060350910,060350912,0.002895659519654072
060350910,060351004,0.0022609611317483545
060350909,060350910,0.0019194980665289828
060350908,060351001,0.002369971899750033
060350908,060350909,0.004874243940145115
060350903,060350908,0.001009072916380285
020282112,020282212,0.002859780012448534
020282112,020282211,0.0009045830417616029
020282112,020282209,0.0017270719737173701
020282110,020282112,0.0027970192070250694
020282111,020282112,0.0050661768791311025
020282107,020282112,0.0016186849955002014
060351003,060351004,0.001282322783368252
060351004,060351005,0.0033124395737720246
060351001,060351004,0.004984742816721493
060350909,060351001,0.0016972661337169678
060351003,060351104,0.0013663497611177673
060351003,060353903,0.004055035995117473
060351003,060353901,0.0013864169886897294
060351003,060353902,0.0013352571956625086
060351003,060351005,0.002154762757230013
060351001,060351003,0.006127397176085491
060351105,060353903,0.00023558291917074236
060353903,060353904,0.001685869742323891
060353903,060353905,0.0012720706107522347
060351104,060353903,0.002053911722212452
060353902,060353903,0.0011986058245702109
060351105,060351109,0.0020747904243963063
060351105,060353904,0.001939032855784569
060351104,060351105,0.0014020057721445519
060351105,060351108,0.001197809648502052
060351105,060351106,0.0011740640538099511
060353904,060353906,0.0012945684097934727
060353904,060353905,0.0015577008186383157
060351109,060353906,0.0011891509866899515
060353906,060353908,0.0021402464803038377
060353906,060353907,0.0010801790360905103
060353905,060353906,0.0011080753390939628
060353901,060353905,0.0010453302231617314
060353902,060353905,0.00027875050576799137
060353901,060353902,0.002792091592791715
060353901,060353907,0.0014259377995007128
060351301,060353901,0.001215324835135433
060351005,060353901,0.002415266450018722
060353907,060353908,0.001993180211221589
060351302,060353907,0.0017849801897800244
060351301,060353907,0.0031174525105104618
060351302,060351311,0.0009756524212794774
060351302,060351303,0.004284007681346794
060351301,060351302,0.0030818763195499255
060350914,060351302,0.0009767834688293492
060350914,060351301,0.002994817930643463
060351005,060351301,0.002535071713370334
060350914,060351005,0.002243763049585689
060350912,060351005,0.0011899196903638342
060350913,060350914,0.0038668120200889364
060350912,060350914,0.001405753191416708
060350912,060350913,0.0029339562381865514
060351304,060351404,0.0011794201908891953
060351304,060351401,0.0015886740160917124
060351212,060351304,0.00015596259732505446
060351303,060351304,0.004055216890320961
060351212,060351303,0.0008500377005318752
060351211,060351303,0.0011317334473552728
060351210,060351303,0.0011026597452493637
060351303,060351311,0.0008489921622805637
060351208,060351311,0.0010968819712543314
060351311,060353908,0.0012866867726666815
060351209,060351210,0.0009198859530098473
060351210,060351211,0.0022374837479041884
060351208,060351210,0.0017530932177842263
060351211,060351213,0.0009212015524237883
060351211,060351212,0.002667549839286447
060351212,060351401,0.0030814466782518226
060351212,060351214,0.0012772158189186878
060351401,060351402,0.0019543937106223036
060351401,060351403,0.002942432770951255
060351205,060351401,0.001432180239185277
060351401,060351404,0.003747881280609359
060351214,060351401,0.0027319648183446944
060351404,060351407,0.0010631468546959337
060351403,060351404,0.0018826725413059865
060351404,060351405,0.002597952904553137
060351405,060351407,0.001456025737524699
060351407,060351408,0.0015859826869319858
060351403,060351407,0.0015091140928449262
060351408,060351514,0.0027033230517180514
060351408,060351506,0.003809912651329808
060351402,060351408,0.0011557512897471358
060351403,060351408,0.003788546009422287
060351506,060351514,0.0060952535917044885
060351402,060351506,0.0008647517516423738
060351402,060351403,0.003209222512939927
060351502,060351503,0.0024210999993197367
060351402,060351503,0.004106745035218862
060351501,060351503,0.0011098379801843105
060351402,060351502,0.0017436347608471945
060351501,060351502,0.0034991891724502192
060351402,060351501,0.004137134552649906
060351205,060351402,0.007254873635135748
060351205,060351214,0.001036756675946901
060351213,060351214,0.0026456564052782976
060351205,060351213,0.0008611384776716709
060351209,060351213,0.0011923045702250104
060351208,060351213,0.0013043852015037457
060351205,060351206,0.00022476481752889578
060351206,060351208,0.0021628558623926985
060351112,060351206,0.0007008980970791089
060351110,060351206,0.0019092590664621131
060351206,060351207,0.000980980863565086
060351205,060351208,0.0019099089664341234
060351208,060351209,0.002088828239766658
060351207,060351208,0.001429941717764182
060351207,060353908,0.001120381806123414
060351113,060353908,0.0010968423184208507
060351113,060351207,0.0010912242202241644
060351110,060351113,0.001037555313345721
060351109,060351113,0.0008193218339582167
060351109,060351112,0.001111113633475276
060351109,060351110,0.0016680220501255622
060351110,060351112,0.0010433846365204586
060351112,060351205,0.004022949499444512
060351112,060351201,0.001233216828232598
060351108,060351112,0.0034637259669874614
060351108,060351201,0.0006968677803113995
060351107,060351108,0.0014919624349050951
060351106,060351108,0.0020987789473490863
060351103,060351108,0.0008907233960723841
060351106,060351107,0.0015465576441010152
060351103,060351107,0.0016806013672718105
060351107,060351111,0.001451296673771849
060351201,060351205,0.0025956412628086083
060351201,060351204,0.0012498332347548368
060351201,060351202,0.003700867888009684
060351102,060351201,0.002535027091850538
060351103,060351201,0.002938242647158884
060351203,060351204,0.00231129339686615
060351204,060351205,0.003108569808533112
060351202,060351204,0.0013468234730646214
060351205,060353001,0.0022464160551784
060351205,060351501,0.004017715523098264
060351205,060353406,0.0022091378490107986
060351203,060351205,0.0037952890971392557
060351205,060353405,0.003850731588017445
060351202,060351205,0.0021845086252759885
060351501,060353003,0.0016495921298487458
060351501,060353001,0.00996187380351944
060353002,060353003,0.003996989364570677
060353001,060353003,0.0004923076563386616
060353001,060353002,0.008519812204886717
060353001,060353105,0.0034921089389834733
060353001,060353102,0.0003690140850452261
060353001,060353406,0.0008798856922620022
060353001,060353101,0.0012463736503495065
060353001,060353304,0.00820468986987154
060353405,060353406,0.003452516352439721
060353304,060353406,0.0033407521306685383
060353301,060353406,0.0019827781280094894
060353406,060353407,0.0015160971723201817
060351202,060351203,0.002060399095550416
060351202,060353405,0.001735824164609564
060351102,060351202,0.0016132087128593923
060351102,060353405,0.0008248572019114182
060351102,060351103,0.0030317169269357663
060351101,060351102,0.002040761341873478
060351101,060353405,0.0007617877830590463
060353405,060353407,0.0027095433011211333
060353401,060353405,0.0023169750429111067
020282311,020282312,0.004743948399370583
020282309,020282312,0.0035567087540983805
020282310,020282312,0.004197681237173219
060351101,060351104,0.0008784618368396001
060351101,060351103,0.0036389683220298067
060351101,060351111,0.0029742961401659487
060351001,060351101,0.004495030046834494
060351101,060353401,0.006106555598868691
060351103,060351111,0.0021739117092977717
060351104,060351111,0.0026922257371251087
060351106,060351111,0.002160582723034154
060351001,060351104,0.00022327970587644294
060351001,060351002,0.0064993781018316925
020282310,020282311,0.0020487887540986995
020282212,020282311,0.00516213302546872
020282306,020282311,0.004409118769484691
020282212,020282306,0.0006599895151252251
020282211,020282212,0.004726163416632422
020282211,020282306,0.0007649512831722811
020282210,020282211,0.0033565609904836445
020282209,020282211,0.0013962743056077117
020282210,020282306,0.0007682335666727789
020282209,020282210,0.0007979143555876623
020282207,020282210,0.0012301250613936826
020282208,020282210,0.0021077858655273035
020282306,020282310,0.0002890325613351153
020282306,020282307,0.0013286189381249247
020282304,020282306,0.0035936070857245485
020282305,020282306,0.0022963480310641137
020282309,020282310,0.003771162449422773
020282308,020282310,0.0007720994687358053
020282307,020282310,0.002517918311258547
020282307,020282308,0.0014113312477023897
020282302,020282307,0.0003372819647444062
020282303,020282307,0.0033362984169202398
020282304,020282307,0.0011827316181210936
020282303,020282304,0.003211216454096234
020282304,020282305,0.002788038020467206
020281212,020282304,0.0017410722738461747
020281210,020282304,0.0013918996011108762
020282302,020282303,0.0026138986516852833
020282301,020282303,0.002684931968974013
020281210,020282303,0.0007447792826006006
020282302,020282308,0.005439721452625713
020282301,020282302,0.0033196335148745148
020282308,020282309,0.003355244550602368
020281103,020282308,0.0016715087822713024
020281102,020282308,0.0023807269085999736
020282301,020282308,0.001117835112585538
020281101,020282301,0.0016560019543126869
020281206,020282301,0.003951149390725865
020281210,020282301,0.0016084277027618183
020281103,020282309,0.0011772843501406526
020281103,020281108,0.005951270885474891
020281103,020281104,0.0040101556908354805
020281102,020281103,0.0020427907181130864
020281109,020282309,0.0037061101608965416
020281108,020282309,0.0012800120245292906
060353401,060353407,0.00017030070849919756
060353401,060353404,0.0026153263607890005
060353401,060353403,0.0039152334943421095
060353401,060353402,0.005174405708287795
060353402,060353408,0.006087529991655703
060353402,060353403,0.0027729542376717037
020281108,020281109,0.006578580336966216
020281107,020281109,0.004780685316989974
020281107,020281108,0.003193106620346563
020281104,020281108,0.001640839923087098
020281104,020281105,0.0012706831924326905
020281102,020281104,0.005571732984557598
020281102,020281105,0.0029104644684560337
020281101,020281102,0.0047982246865231545
020281001,020281101,0.002182829931344558
020281101,020281206,0.004713569267949781
020281002,020281105,0.0009745057368140682
020281002,020281006,0.002001202486244546
020281001,020281002,0.00435880040793
020281105,020281107,0.0032371123596307326
020281105,020281106,0.004459206275617054
020281006,020281105,0.0020650630983793895
020281001,020281105,0.0032271861767004676
020281008,020281105,0.001484467660404281
020281007,020281105,0.0015454212942972176
020281106,020281107,0.004593657459294781
020281106,020282401,0.0009110916034140217
020281106,020282801,0.0004869395979088469
020281106,020282802,0.0012723840900767279
020282401,020282801,0.0019298968132585273
020282402,020282801,0.0008836280358056263
020282801,020282802,0.0016947763810370908
020282401,020282406,0.001686020430564419
020282401,020282405,0.00044064164207740185
020282401,020282402,0.00022202947784261788
020282402,020282802,0.0005720937959055612
020282802,020282803,0.0007832777888107428
020282802,020282804,0.000807947946686649
020281009,020282802,0.0011349115280250514
020281008,020282802,0.0012180279418719648
020281008,020281009,0.0007641434794925288
020281004,020281008,0.0006148991751189038
020281007,020281008,0.001135189025930633
020281006,020281007,0.00043259487333659354
020281001,020281007,0.0018850171053282738
020281004,020281007,0.0005760633285204518
020281003,020281007,0.0008022253031547299
020281001,020281006,0.0027189661609340115
020281001,020281003,0.0014476669231550368
020281001,020281005,0.004046690627962649
020281001,020282701,0.0006018894259958446
020281001,020282703,0.0036968389572082576
020281001,020281206,0.002000707511707803
020281001,020282707,0.007681348464953634
020281003,020281004,0.0019355115418357202
020281003,020281005,0.0007685127769701055
020281005,020282701,0.0009078883141783962
020282701,020282703,0.0030492035346783896
020282701,020282702,0.0025025822927410507
020280808,020282701,0.0015884251387687912
020282603,020282701,0.00011659050504499975
020281005,020282509,0.00020013502277045655
020281005,020282806,0.001317854267946713
020281005,020282805,0.00031537976571900975
020281005,020282601,0.0009037844143369113
020281005,020282804,0.00041951713203739334
020281005,020281009,0.0006079698927116804
020281004,020281005,0.00015039256518181038
020281005,020282602,0.0013194663147427098
020281005,020282603,0.0029598666179530327
020282601,020282602,0.002701966368727724
020282512,020282602,0.00020663480025659518
020282602,020282603,0.00317821561651987
020282509,020282601,0.0006322562341776269
020282504,020282601,0.0019008965553835935
020282512,020282601,0.00195368222788114
020282504,020282509,0.0010491092903676556
020282504,020282510,0.0017799565004152946
020282504,020282511,0.0004249999661912295
020282504,020282512,0.0007267506656336058
020282510,020282511,0.0012177706943026314
020282503,020282511,0.0015072191759181036
020280905,020282511,0.0012008813956556328
020282511,020282512,0.001262246421519246
020282508,020282510,0.0016016340348158973
020282509,020282510,0.0016863169998925587
020282503,020282510,0.00013704330147790112
020282502,020282509,0.00023570205239812595
020282509,020282809,0.0019517434462646716
020282508,020282509,0.0020251566746957218
020282509,020282806,0.0025985374681221506
020282807,020282809,0.0006555031334937804
020282807,020282808,0.001604185725359206
020282806,020282807,0.0022140425700304294
020282808,020282809,0.0003661154673022248
020282808,020282810,0.0006005827263899639
020282404,020282808,0.0006507846497365037
020282403,020282808,0.0012392012456531407
020282806,020282808,0.00023479800233138
020282805,020282808,0.0004672616024618154
020282806,020282809,0.00024655779220516465
020282805,020282806,0.0027205995364691154
020282803,020282805,0.0007242480177657103
020282804,020282805,0.000988889250128939
020282803,020282804,0.0016585792301117175
020281009,020282804,0.0011061796048978277
020281004,020281009,0.0022836317116417563
020282402,020282803,0.0005470360856237716
020282403,020282803,0.0010796463153177525
020282403,020282404,0.0004295796630726891
020282402,020282403,0.0005194216466365312
020282404,020282409,0.00038867874175796396
020282404,020282810,0.0004033227410822734
020282404,020282405,0.0006782890077364434
020282402,020282404,0.00036787937179712444
020282402,020282405,0.001034313204355427
020282405,020282407,0.0008370597684593231
020282405,020282409,0.00029689862850892506
020282405,020282406,0.00044117404903892544
020282811,020282902,0.0004356941236886232
020282811,020282901,0.001119809507062085
020282409,020282811,0.0012233251835518395
020282809,020282811,0.0008703962317516965
020282810,020282811,0.0010427060071981553
020282409,020282902,0.00016195685804068917
020282409,020282903,0.00034462416938661717
020282407,020282409,0.001240357711018349
020282409,020282810,0.0006333469361457125
020282407,020282904,0.00030004571694745
020282407,020282903,0.00020225035229330408
020282407,020282408,0.0009588098013962349
020282406,020282407,0.00023333294008848996
020282902,020282907,0.0005710513754466535
020282902,020282905,0.0006527917333632159
020282901,020282902,0.002702524460910388
020282902,020282903,0.0014740713691994622
020282507,020282901,0.0010220214337692544
020282502,020282901,0.0009508155485294332
020282809,020282901,0.0002498658468718467
020282809,020282810,0.0010429892621434565
020282502,020282508,0.001477994803041745
020282503,020282508,0.0018419342941334038
020282502,020282503,0.0017417425800473835
020280905,020282503,0.0015327634698907963
020282502,020282507,0.0009405393846770296
020282501,020282502,0.0013911452822592614
020282502,020282506,0.0005425233367350554
020280907,020282502,0.0018916234501462738
020282505,020282506,0.0010133748789063603
020282506,020282507,0.0021774955192404495
020282501,020282506,0.002222692616309231
020282505,020282507,0.0009195533897600009
020282501,020282505,0.00031889096907029504
020280907,020282505,0.0004994364588864365
020280907,020282501,0.002265601461279172
020282907,020282908,0.001508757564374104
020282906,020282908,0.0006149495640303503
020281107,020282908,0.0011650078615766664
020282906,020282907,0.0026183551438982646
020282905,020282906,0.0009011271011414009
020281107,020282906,0.0025230702554522692
020282905,020282907,0.0015736334579897527
020282904,020282905,0.0029071353160595183
020282903,020282905,0.0011602225172765688
020281107,020282905,0.00020116367954414366
020282903,020282904,0.0012060270626002292
020281107,020282904,0.0024174670737214243
020282408,020282904,0.0015068009159809514
020281107,020282406,0.0008114115984386711
020282406,020282408,0.001612478064794743
020281107,020282408,0.0010123427420710117
060353201,060353503,0.00197129734626851
060353302,060353503,0.0018365893499002538
060353503,060353504,0.00444267676737267
060353501,060353503,0.003922749119643106
060353503,060353508,0.0026775293444241946
060353502,060353503,0.004719315114488112
060353201,060353508,0.0035508855187828285
060353508,064340201,0.002109515871529918
060353507,060353508,0.00243372839195255
060353504,060353508,0.0010482361625901587
060353501,060353509,0.0023177803298170953
060353501,064340113,0.002340985133319291
060353501,060353504,0.0046436594129109655
060353409,060353501,0.0035766422631362134
060353408,060353501,0.0025907103658991816
060353501,060353502,0.005224198203757993
060353501,060353505,0.0033645247844076966
060353504,060353509,0.0010749197556888211
060353504,060353507,0.004062783047963224
060353504,060353506,0.0030749277535451194
060353506,064340103,0.0020354248036465075
060353506,060353509,0.002126818222939091
060353506,064340202,0.0010614362997961727
060353506,060353507,0.002222692699995679
064340202,064340203,0.004038863332807984
064340103,064340202,0.0031282488835940392
064340201,064340202,0.0033396878958881823
060353507,064340202,0.003012019931481501
060353507,064340201,0.0009970385971730827
060353202,064340201,0.003159240395098657
060353201,064340201,0.001396598943385104
064340201,064340203,0.0010324767202962357
064340201,064340204,0.003474908472606711
064340203,064340204,0.002441194685012784
064340204,064340301,0.002662168454732626
064340204,064340205,0.0031724360338282864
064340205,064340302,0.002082263749901589
064340205,064340212,0.0028477462962769613
064340205,064340211,0.0010466554144671143
064340205,064340206,0.0020316927218946
064340203,064340205,0.0010113912600472734
064340302,064340307,0.0031886430318820635
064340302,064340303,0.003299017792408421
064340212,064340302,0.0010931049548956475
064340301,064340302,0.003237491207499976
064340301,064340308,0.002784323827148956
060353203,064340301,0.0010477585764237952
060353202,064340301,0.0023068686920218783
064340307,064340308,0.0027182178515977942
064340308,064340309,0.002943283359055426
060353203,064340308,0.0026369555380460438
060353202,060353203,0.003519814544875048
060353201,060353202,0.002803375541933594
060353201,060353203,0.0012972664480613533
060353201,060353204,0.0014445112057452493
060353201,060353302,0.0026024583206226007
060353201,060353308,0.0012949252804273486
060353201,060353307,0.0012752474919136257
060353203,060353208,0.0012098402185847948
060353203,060353207,0.0014302489021102277
060353203,060353206,0.0012893780281725575
060353203,060353204,0.0027045651870356998
060353204,060353206,0.0033186741219531804
060353204,060353209,0.0006368593673267402
060353204,060353205,0.0014921041691976094
060353204,060353308,0.006538575093538096
060353206,060353207,0.003459519620473365
060353206,060353209,0.0014045721982869994
060353205,060353308,0.001305588306875453
060353307,060353308,0.0065706543287170575
060353205,060353307,0.001303581142474045
060353305,060353307,0.0026369580690675178
060353306,060353307,0.003936964643391459
060353302,060353306,0.0024346909726033015
060353305,060353306,0.0023671700995080737
060353303,060353306,0.003938557564720269
060353302,060353303,0.0010918761683887564
060353301,060353302,0.0034062975493674647
060353301,060353502,0.0020172350910237623
060353409,060353502,0.002510499987655201
060353301,060353409,0.005601333671687128
060353407,060353409,0.0013208395700844925
060353408,060353409,0.006475194717545175
060353301,060353303,0.00504203336096503
060353301,060353407,0.0026973206975721203
060353407,060353408,0.0014964819157985124
060353404,060353408,0.0013542078257303466
060353403,060353408,0.002552649824350138
060353403,060353404,0.001444367377872066
060353404,060353407,0.005425178661766918
060353101,060353304,0.0017391298233164864
060353304,060353305,0.003657708664817865
060353303,060353304,0.0028511841929923405
060353303,060353305,0.0025883739483938467
060353205,060353305,0.0008617194637109397
060353103,060353205,9.322269727279511e-05
060353102,060353205,0.0019389079348399105
060353205,060353209,0.0027039575431595784
060353101,060353205,0.0020699769780974688
060353101,060353102,0.00428475768389003
060353105,064340505,0.0015673082660136546
060353105,064340501,0.00036277697766466926
060353105,060353109,0.002876695083690405
060353103,060353105,0.004230272652370086
060353102,060353105,0.004145635778396561
064340406,064340407,0.0022777787222836737
064340407,064340505,0.0018787491802597363
064340407,064340408,0.0041736982787563956
060353103,064340407,0.003859178521425643
060353103,060353104,0.0056052050091542835
060353102,060353103,0.0036709120182741354
060353103,060353208,0.0014360835879109466
060353103,060353207,0.0012396248087957794
060353103,060353209,0.0016087678174041655
060353207,060353209,0.003935305031770857
060353207,060353208,0.00803844682833404
060353208,064340406,0.003018532726318554
060353208,064340310,0.002935230092400135
060353208,064340309,0.0028295791679558684
064340404,064340406,0.0020112378613822302
064340405,064340406,0.0023194369281653677
064340310,064340406,0.0030846535607737327
064340406,064340408,0.0006494851679337641
064340404,064340408,0.0011477432262010016
064340408,064340505,0.0011054762102327919
064340408,064340409,0.0044638444594841805
064340409,064340410,0.0047052834661689205
064340404,064340409,0.0008810834572444822
064340409,064340505,0.0008819227033697567
064340404,064340410,0.0010433845514658858
064340403,064340404,0.0032690355061348207
064340404,064340405,0.0030348795596071773
064341708,064341709,0.004185196003713582
064341707,064341708,0.0009058667937511898
064341706,064341708,0.0019933901691917225
064341601,064341708,0.0017613728707653448
064340410,064341708,0.004207082752700483
064340403,064341708,0.00020463851611021404
064340403,064340410,0.0021675050173909608
064340410,064340505,0.0042771831245174904
064340506,064341601,0.0010884502858060226
064340506,064340507,0.003960027763788302
064340505,064340506,0.006208240468242923
064340505,064341601,0.00046995888296275546
064340504,064340505,0.0026214189797664584
064340501,064340505,0.005112434234859895
060353109,064340501,0.002526020867290012
064340501,064340504,0.0016958163979322047
064340504,064340507,0.0029589839791617314
064340507,064341601,0.0032126323410422986
064340507,064340508,0.003719456211449949
064340508,064341606,0.0026716370816395455
064341606,064341607,0.0011718653274070763
064341605,064341606,0.004146282908719041
064341601,064341606,0.0014750148710761044
064341601,064341710,0.0009208571183228011
064341601,064341709,0.0018773151920716943
064341601,064341602,0.003311215981816432
064341601,064341605,0.0022314178828272855
064341604,064341605,0.002788787817561894
064341605,064341607,0.0024138558827394322
064341602,064341605,0.0010361790111879034
064341604,064344905,0.002341402077484592
064341603,064341604,0.003987224120963013
064341604,064341607,0.001242722522995313
064341602,064341604,0.002333584700592998
064341607,064344905,0.001953544237660515
064344904,064344905,0.001201610958484468
064344903,064344905,0.001933090383952091
064341603,064344905,0.0012169597674243817
064341508,064344908,0.002479140882649786
064344907,064344908,0.0022792153638484403
064341508,064344907,0.0012077729005987884
064344904,064344907,0.0023740919210477815
064341505,064341508,0.0011255240455376246
064341504,064341508,0.0011175440898443484
064341504,064341505,0.003244498281770895
064341504,064344904,0.0012219267987580219
064341503,064341504,0.0011255096024221324
064341504,064344902,0.0020138355911972997
064344902,064344904,0.001145693731620357
064341503,064344902,0.0012415098970781813
064344902,064344903,0.0032586465138780382
064344901,064344902,0.0011316039107681613
064344903,064344904,0.0013269535850759144
064344901,064344903,0.0015866575528323107
064341603,064344903,0.0012603803885868389
064341501,064344901,0.002806591951463696
064341603,064344901,0.0012440738190984588
064341502,064344901,0.0012698187708139268
064341501,064345501,0.00031363735815621906
064341501,064341603,0.0035399346255819255
064341501,064341502,0.0021499084340929234
064341501,064345007,0.0009076292417179742
064341503,064341505,0.0011255108369820866
064341503,064344802,0.0012502688913410332
064341502,064341503,0.002259042917249226
064341505,064341506,0.003244515842878665
064341506,064344803,0.0008128411794235414
064341506,064344804,0.002412211010904496
064341506,064344802,0.0011537065201974357
064344803,064344804,0.002385308005933702
064344802,064344803,0.0022651516455929176
064344801,064344802,0.0034188997885300967
064343208,064344801,0.001947360385890418
064344801,064345501,0.002061564600279134
064341502,064344801,0.0024034994069753787
064343208,064345501,0.0004989832570173994
064345501,064345509,0.0025676048354817543
064341502,064345501,0.002217071785709776
064345501,064345507,0.00020685051320030456
064345501,064345502,0.0027630753397010557
064345007,064345501,0.0009427762151878465
064341603,064345007,0.0006839045846069107
064345007,064345008,0.001475818782365223
064345006,064345007,0.001548933657188529
064341603,064345006,0.001301778179838454
064345005,064345006,0.0029877459210269357
064341711,064345006,0.0027267174229368947
064341602,064341603,0.003216450729753054
064341602,064341711,0.002673478474838315
064341709,064341710,0.004243454168420286
064341707,064341709,0.0018645369245439392
064341710,064341711,0.00428015716606437
064341707,064341710,0.0009327128580484411
064341711,064345005,0.0018256658239879926
064341707,064341711,0.0008650967279459106
064341705,064341707,0.0007297054286949645
064341707,064345001,0.0023754731267999407
064341706,064341707,0.005059830176901181
064341705,064345001,0.0024748164868197858
064345001,064345002,0.002749736338640409
064345001,064345005,0.0019341819209541364
064341808,064345001,0.0024145689861972824
064341705,064341807,0.0008119659207192745
064341705,064341805,0.002410388063305767
064341705,064341808,0.0005197514039315606
064341705,064341706,0.0012701637483085418
064341704,064341705,0.0025480174449815348
064341703,064341705,0.0017159405388415536
064341808,064341809,0.0013357343144926712
064341807,064341808,0.0033599989088725
064341808,064345002,0.0010688677994664247
064341807,064341809,0.0012972244984065765
064341806,064341807,0.0033202879025340027
064341805,064341807,0.0008732643266004972
064341810,064343103,0.001950838575858754
064341810,064345003,0.0010762293915850692
064341810,064345505,0.002617391310868734
064341810,064343101,0.0010520644107272286
064341809,064341810,0.004574385091223434
064345004,064345503,0.0014019170329144237
064345004,064345008,0.000960232417346009
064345003,064345004,0.002146005202045842
064345002,064345004,0.0014073299469632352
064345004,064345005,0.0011859175760528052
064345003,064345504,0.0013094249234537694
064341809,064345003,0.0010574084908834202
064345002,064345003,0.0012831473380274384
064345002,064345005,0.0010584169996723338
064345005,064345008,0.0013653858175528765
064345008,064345502,0.0013093835205016926
064345008,064345503,0.0005191466970234832
064345502,064345507,0.0007550485178406293
064345502,064345503,0.0006985856456026882
064345503,064345507,0.0013892961941315526
064345503,064345504,0.0012169946510238064
064345504,064345507,0.0012985258752916569
064345504,064345505,0.0012173102296958256
064345507,064345509,0.001381038622639764
064345507,064345508,0.0013203655954889142
064345506,064345507,0.0009554511673695319
064345508,064345509,0.002376970607683285
064343108,064345508,0.0010011049763420429
064343208,064345509,0.0011565857289216536
064343202,064345509,0.0015571431857529891
064343109,064345509,0.0012708644339487825
064343207,064343208,0.003494886461726737
064343203,064343208,0.000946309850662402
064343202,064343208,0.0013514280149519832
064343205,064343207,0.001175007800534654
064343202,064343203,0.0021681685479021913
064343109,064343202,0.000614727400060344
064343201,064343202,0.0012150797772309699
064343203,064343205,0.002157416385951326
064343203,064343204,0.0009436570835747992
064343205,064345604,0.0011750060327853837
064343204,064343205,0.0010840966610483468
064343109,064343201,0.0020070732980554907
064343201,064343204,0.003095543749566299
064343106,064343201,0.00102381737517246
064343107,064343201,0.0010963307902642611
064343108,064343109,0.0026203633376545125
064343107,064343108,0.0009290612695356296
064343108,064345506,0.002618908982343895
064343107,064343109,0.001088931589927843
064345505,064345506,0.002640801046572737
064343103,064345505,0.001245090085789328
064343103,064345506,0.0009470637003383538
064343103,064343107,0.0019340600855958592
064343103,064343104,0.0009405503524043156
064343102,064343103,0.001242605045023686
064343106,064343107,0.0008793260972989158
064343104,064343107,0.0017318677759522502
064343204,064345604,0.0020236740548581055
064343106,064343204,0.0009376545120332226
064345601,064345604,0.0023196618776501468
064343106,064345604,0.0010571126476597937
064343105,064343106,0.002247738473358278
064343106,064345601,0.002255095479950829
064343104,064343106,0.0022504045824205806
064343304,064345601,0.0024015453803432527
064343105,064345601,0.0009354180405508469
064343104,064343105,0.0027556666859208656
064343008,064343104,0.0010381605569939742
064343007,064343104,0.001446966007621881
064343102,064343104,0.004714739476336294
064343007,064343102,0.0014534158292045466
064343101,064343102,0.0037132996824910604
064341803,064343006,0.003594431635633822
064341803,064341806,0.001276534507585156
064341803,064341804,0.003573895210322826
064341802,064341803,0.0012614719946018671
064343007,064343101,0.0014227158450432265
064343006,064343101,0.0012551935810384872
064341809,064343101,0.0010662891904292095
064341806,064343101,0.0021786905937949
064341806,064341809,0.001973743655942779
064341804,064341806,0.002449122508218297
064341805,064341806,0.0015326367320473426
064341804,064341805,0.0035608573876016072
064341801,064341805,0.0024097202237673247
064341704,064341805,0.001147132461956383
064341802,064341804,0.0024866167518153783
064341704,064341801,0.002332106817189779
064341801,064341802,0.0023456304968163984
064341801,064341908,0.002426949652262753
064341704,064341909,0.0026101158312148037
064341909,064342005,0.003684918142515299
064341908,064341909,0.0033788045538465554
064341905,064341909,0.00033293022797557857
064341909,064342010,0.002340212982561038
064342005,064342011,0.0026440212015029557
064342003,064342011,0.0029697740405404023
064342010,064342011,0.002817883386167565
064342006,064342011,0.002736180336138767
064341704,064342005,0.0002897151680585517
064341703,064342005,0.002629955113244026
064342004,064342005,0.002588775134443474
064342003,064342005,0.0013835754776330722
064341703,064341704,0.0031847349263249124
064341703,064341706,0.0026134250607612337
064341702,064341703,0.0023073137343617156
064341701,064341703,0.00261120706675992
064341702,064341706,0.003677385209361881
064340403,064341706,0.00115219142745695
064341701,064341702,0.0035022274879340136
064340403,064341702,0.002427709601216077
064340403,064341701,0.0019118082974190652
064340402,064340403,0.0023266902490196224
064340403,064340405,0.0012063526825755685
064340402,064341701,0.0006683494394202188
064341701,064342004,0.0033312537290460294
064340402,064342004,0.0026791406304209394
064342003,064342004,0.0031187438380775893
064340402,064340405,0.0011244082498705096
064340401,064340402,0.0034377925810661785
064340402,064342003,0.0013828358333471188
064340305,064340402,0.0023371042123368005
064340401,064340405,0.0030111105168435107
064340310,064340401,0.0032330647256932172
064340306,064340401,0.002037477699681478
064340305,064340401,0.001030104569949094
064340309,064340310,0.0033371206883922935
064340306,064340309,0.002841811946819415
064340305,064340306,0.0028020382503922596
064340306,064340307,0.002111243155541216
064340305,064340307,0.00102005083111266
064340304,064340307,0.0029481453182333382
064340305,064342003,0.0028836397783830506
064340304,064340305,0.002917603863763634
064342002,064342003,0.0028279017558774243
064340304,064342002,0.003139576344448525
064342002,064342006,0.00324587418660303
064342001,064342002,0.0032455906836235207
064340303,064340304,0.0030129072165419003
064340303,064342001,0.003335268348064815
064340303,064342102,0.00026346567189384693
064340212,064340303,0.0027697552306010843
064342001,064342006,0.00026830946805156956
064342001,064342007,0.0024632659045772387
064342001,064342103,0.0019941203632917125
064342001,064342102,0.0018745724229318416
064342006,064342010,4.8970786762365354e-05
064342006,064342009,0.00119277060773912
064342006,064342007,0.002934521435514849
064342007,064342008,0.002433566916486519
064342007,064342104,0.0025718470093568663
064342007,064342009,0.0020583501264734598
064342007,064342103,2.1011463057300355e-05
064342102,064342103,0.004508124559700687
064340212,064342102,0.0022008774416018154
064342101,064342102,0.0022188004125231102
064340211,064342102,0.0020292405558199286
064342103,064342104,0.0008092661845193296
064342103,064342105,0.0019760450660364637
064342103,064342106,0.001876727484327236
064342101,064342103,0.0019937733853770123
064342105,064342111,0.0010562686003601387
064342104,064342105,0.0050303397772390145
064342105,064342106,0.00435635472680107
064342106,064342110,0.0017584575636888995
064342106,064342107,0.003411233435107183
064342107,064342110,0.0005541884697609314
064342107,064342109,0.002556179378711325
064342107,064345108,0.00271916038949136
064342101,064342107,0.002186123639016248
064342110,064342112,0.0023934259431715593
064342110,064342111,0.002504710856092183
064342109,064342110,0.0024821639727709705
064342111,064342112,0.0024044795871126434
064341901,064342111,0.0012485057591088461
064342008,064342111,0.0011401683803848883
064342104,064342111,0.0015197344376182192
064342008,064342104,0.0024102116598459546
064341901,064342008,0.000542521389863412
064341902,064342008,0.0031864812529540446
064342008,064342009,0.0030004214795476443
064341904,064341906,0.0009664044881353989
064341904,064341910,0.001672121835609163
064341904,064341905,0.0019894676529560356
064341903,064341904,0.001685225251614022
064341904,064341911,0.0014585914407899887
064341902,064341904,0.0019717693054284923
064341904,064342009,0.002709658675199369
064341902,064341911,0.0031931575489423988
064341901,064341902,0.0019744538290829474
064341901,064342701,0.002439678524011688
064341901,064342410,0.00076008527971582
064341901,064342112,0.004430812206738709
064341901,064341903,0.0020967853033066054
064341901,064341911,0.0011656241857220353
064341903,064341911,0.0031275692518661167
064341903,064341906,0.0022595509863681477
064341903,064342901,0.0030211075870779877
064341903,064342702,0.0017465183796590619
064342901,064342904,0.003121754309204139
064342901,064342902,0.003477446993031806
064342702,064342901,0.0038455797709898904
064341906,064342902,0.004083366403212785
064341906,064341907,0.002368503136829261
064341906,064341910,0.003014853061417966
064341907,064341910,0.001222354474701858
064341908,064341910,0.00074523819058379
064341905,064341910,0.0030577202764355002
064341905,064341908,0.001640838000510931
064341905,064342010,0.0029784131621275493
064342009,064342010,0.0026917071136599423
064341907,064341908,0.0031464177595688335
064341802,064343006,0.0011071484291333958
064341802,064343005,0.0012125814128534271
064341802,064341907,0.0037423728180998915
064341907,064343005,0.0027407649412092643
064343005,064343006,0.0014976822544028718
064343001,064343005,0.00014873402314800156
064342903,064343005,0.0011356851401593789
064342902,064343005,0.002902356737420899
064343004,064343005,0.005013704259191976
064343003,064343004,0.002718429306863258
064343004,064343006,0.002384099351902582
064343002,064343004,0.0022788372436603936
064343001,064343004,0.002327681656699803
064343006,064343007,0.00434263070386986
064343007,064343008,0.0021015717021943023
064343003,064343007,0.003559418560109776
064343008,064343304,0.0028473353735909983
064343008,064343105,0.0027032315803990747
064343008,064343009,0.002832256078182435
064343105,064343304,0.001860748578938359
064343303,064343304,0.0023604567746612565
064343003,064343009,0.002763463722809916
064343002,064343003,0.0035626823658816047
064343009,064343303,0.003831644737968041
064343009,064343302,0.0028084073686633617
064343002,064343009,0.0011707963924224556
064343302,064343303,0.0028953523745996104
064343302,064343402,0.002927760643102179
064343301,064343302,0.004166029235470254
064343002,064343302,0.00107384944461627
064343001,064343302,0.001144469768830401
064343401,064343402,0.0031048316432579753
064343301,064343402,4.884339375703776e-05
064342906,064343001,0.0028849660392809514
064343001,064343301,0.0026301218813110164
064343001,064343002,0.003546472529450442
064342905,064343001,0.0030441482607977133
064342903,064343001,0.0011989958108502056
064342905,064342906,0.0018316905218920627
064342905,064342907,0.0034347493432190387
064342904,064342905,0.0022477604340296426
064342903,064342905,0.004526169123117117
064342902,064342903,0.004244523234074289
064342903,064342904,0.0019590737710586917
064342904,064342908,0.0022516489614615373
064342703,064342904,0.0021985045935338414
064342702,064342904,0.0010339654258284996
064342908,064342909,0.0013127367599253953
064342907,064342908,0.0030572332545427167
064342908,064342910,0.0022024461055039682
064342707,064342908,0.0024673921786887154
064342703,064342908,0.0023275453784467595
064342809,064342909,0.0021853373917069246
064342808,064342909,0.003847802295843446
064342906,064342909,0.001307535089411887
064342907,064342909,0.003676800165486039
064342909,064342910,0.0021600398697191395
064342809,064342906,0.003201381782941823
064342906,064342907,0.002990155073646096
064342906,064343301,0.0014050177027294304
064343301,064343401,0.004343427020438508
064343401,064343408,0.0012433803981314858
064343401,064343409,0.001910292521599322
064342809,064343401,0.002973452699134861
064343408,064343409,0.004531645658898818
064342811,064343409,0.0013485682648864572
064342809,064343409,0.0032252301376080586
064342809,064342811,0.001235376066699696
064342809,064342810,0.006838272785568741
064342808,064342809,0.0006666809832534093
064342810,064342811,0.0025362567828729225
064342806,064342810,0.001232203318601416
064342808,064342810,0.0032349640621108797
064342811,064342812,0.005199623380320316
064342806,064342811,0.002727549753950457
064342812,064342813,0.0037732046858544427
064342806,064342812,0.0013584094658163361
064342805,064342806,0.0024718764288398113
064342806,064342807,0.0040860041050735825
064342806,064342808,0.0012418854895367064
064342801,064342911,0.0028405862917173586
064342708,064342911,0.0022767014348507603
064342808,064342911,0.0023285604389918163
064342910,064342911,0.002752377548105036
064342807,064342808,0.0024982665218515436
064342801,064342808,0.0013678868039451097
064342708,064342910,0.0010266491287039075
064342707,064342910,0.0018741629001094813
064342707,064342708,0.0022778859384213115
064342706,064342707,0.002725781044316834
064342703,064342707,0.002764804430433878
064342704,064342707,0.0012555435624941557
064342706,064342708,0.003151025811187872
064342706,064345307,0.0017766996011002161
064342705,064342706,0.0021254510060498537
064342704,064342706,0.0034141815707791163
064342705,064345307,0.002630710562823332
064342408,064342705,0.0033721076497938915
064342704,064342705,0.0025226583699147305
064342701,064342705,7.974435647918745e-05
064342409,064342705,0.0022063673077652923
064342408,064345307,0.0012578432734339823
064342408,064345306,0.000302408128542027
064342407,064342408,0.00384835543495437
064342408,064342508,0.0036918532598387865
064342403,064342408,0.000759190192180018
064342408,064342409,0.0010558800743023908
064342407,064342409,0.0012266039853632657
064342409,064342701,0.003741373036453363
064342409,064342410,0.003373725554203642
064342406,064342409,0.002462191787343849
064342703,064342704,0.0017849083155938566
064342701,064342704,0.003432984811666061
064342702,064342703,0.002976656036150608
064342701,064342703,0.001489428366021697
064342701,064342702,0.005174886689069269
064342410,064342701,0.0029814106429206302
064342112,064342410,0.0028151632499950133
064342405,064342410,0.0036371837611053025
064342112,064342405,0.0012916401004492745
064342112,064342113,0.0025169511829661573
064342109,064342112,0.001230347353417247
064342109,064342113,0.001232050522440728
064342108,064342109,0.004982267870715998
064342108,064342113,0.0025429406038888916
064342108,064345109,0.0034241827794732555
064342108,064345108,0.0016521853399473626
064345106,064345109,0.0030614289743681714
064342113,064345109,0.002273532667537558
064345107,064345109,0.0024045550114369213
064345108,064345109,0.0036233314446577724
064342113,064342405,0.0025076187343373336
064342113,064342404,0.001336957592773103
064342403,064342404,0.002545456589298434
064342402,064342404,0.0012905423063605378
064342401,064342404,0.0036786066623612813
064342404,064345106,0.0027541121450361584
064342404,064342405,0.003688132559980797
064342405,064342406,0.0038710399923011334
064342406,064342407,0.005139716812584668
064342403,064342406,0.0012364385483440805
064342403,064342407,0.002445857977715073
064342403,064342508,0.00017192753056831492
064342403,064342509,0.002716632247264133
064342402,064342403,0.003298767635059419
064342401,064342402,0.002669293892815956
064342401,064345106,0.0058423260476184544
064342305,064345106,0.0012777958193491193
064342304,064345106,0.0010946090332488514
064342204,064345106,0.0012060185254977132
064342301,064345106,0.0013137148668648422
064345106,064345107,0.002064766797999915
064345105,064345106,0.002864613368893575
064345103,064345106,0.0008398006537853361
064345102,064345106,0.0004819125340576214
064342204,064345105,0.0012133013253319534
064345103,064345105,0.0018881951996387197
064345104,064345105,0.00019192380591557252
064342204,064345104,0.0004972058458122006
064345103,064345104,0.0008691619556122036
064342204,064345103,0.0014423698688761555
064345102,064345103,0.003118530855948561
064342204,064342205,0.0007352461872270592
064342203,064342205,0.0024611221888010608
064342202,064342205,0.0012116902654558622
064342205,064345102,0.002167262206510824
064342205,064342206,0.0033749169980977494
064342201,064342205,0.0034321187735936783
064342204,064342301,0.002098517367931625
064342203,064342204,0.004059980746572345
064342203,064342301,0.00223029000573717
064342202,064342203,0.0034078035210078034
064342201,064342202,0.004851307695118402
064342201,064342206,0.005779408329455505
064340107,064342201,0.0022157086945633056
064340113,064342201,0.0005356530381265671
064340101,064342201,0.0010519269750158015
064342201,064342207,0.004220277833635653
064340108,064342201,0.002281781638960483
064342206,064345102,0.0008562202695737247
064342206,064342208,0.0046927874559046295
064342206,064342207,0.0013796238074090064
064340108,064342207,0.0016140091091749371
064340108,064342208,0.0023588108447674862
064340108,064340109,0.004290512810678065
064340106,064340108,0.0004875836648453227
064340107,064340108,0.005899232901239924
064340106,064340107,0.0017463986858432066
064340107,064340113,0.0016657362079822366
064340107,064340112,0.0017292621287813654
064340101,064340107,0.0026900322883655976
064340109,064342208,0.002460923573654859
064340109,064340110,0.004696809845396605
064340106,064340109,0.0019189715276246538
064342208,064345101,0.005383477749023947
064342208,064345102,0.0005182011416803415
064342208,064345108,0.002062820876604216
064342101,064342208,0.00315965563952222
064340209,064342208,0.0005713907590213855
064340208,064342208,0.0020535273881883225
064340111,064342208,0.002047579156587336
064340110,064342208,0.0020197324001953645
064345102,064345107,0.0030220129700515726
064345101,064345102,0.00456052738296423
064345101,064345107,0.001810409850669581
064345101,064345108,0.0017019619100205803
064345107,064345108,0.0024398837326261207
064342101,064345108,0.004315726884578883
064340208,064340209,0.0032595746863360144
064340111,064340208,0.002756666084126168
064340207,064340208,0.0015675094216254298
064340209,064342101,0.001420889809846873
064340209,064340210,0.0031268952870103636
064340207,064340209,0.002532299711093322
064340211,064342101,0.0010082362503404448
064340210,064342101,0.0020653344755557604
064340211,064340212,0.0036560418452733245
064340210,064340211,0.003442109007161781
064340206,064340211,0.002020011112063495
064340206,064340210,0.002068337010335225
064340203,064340206,0.004134162797977437
064340206,064340207,0.0019633326403678325
064340104,064340203,0.0027107190810501205
064340111,064340207,0.0019420921722827502
064340104,064340207,0.003060014039757553
064340105,064340207,0.0010499994012189001
064340104,064340105,0.003015599930075026
064340103,064340104,0.0030390397346771528
064340102,064340103,0.0029249260406219385
060353509,064340103,0.0010334388968479477
060353509,064340102,0.0010013791354494708
060353505,060353509,0.0025467338365459434
060353505,064340102,0.0010079468273513194
060353505,064340113,0.0042227319331902945
064340102,064340105,0.003067968145760848
064340102,064340106,0.0013086687437030068
064340102,064340113,0.003480831720473543
064340106,064340110,0.0020093410323261352
064340105,064340106,0.0032324657642337547
064340106,064340113,0.004837133688229474
064340105,064340111,0.002034684424491191
064340110,064340111,0.004678769954983753
064340112,064340113,0.003531174340455305
064340101,064340112,0.0027302278142976952
020280901,020280902,0.009195614444315868
020280204,020280901,0.002635792738402278
020280205,020280901,0.0013689291345119021
020280114,020280901,0.0018962507642955894
020280203,020280901,0.0004039385736411474
020280205,020280902,0.0018336524593715793
020280114,020280902,0.000270327604732822
020280902,020280907,0.003730459181956946
020280902,020280906,0.001331869336651655
020280902,020280905,0.0006083445182713258
020280902,020280903,0.00786038666135788
020280903,020280904,0.0038702365595700084
020280209,020280903,0.0017223467611893663
020280208,020280903,0.0028885090384119095
064340101,064340113,0.0025269074090191724
020280906,020280907,0.002246385363689919
020280905,020280907,0.0008816169048972805
020280905,020280906,0.003047760587812813
020280904,020280905,0.004326670719193272
020280209,020280904,0.002504196160928561
020280208,020280209,0.0035687031349758173
020280209,020280210,0.004802426109427774
020280904,020282512,0.0030222968726569535
020280904,020282603,0.000779015771752976
020280210,020280904,0.00040770066156245097
020282512,020282603,0.0012557061462262734
020280210,020282603,0.003718929871601586
020280811,020282603,0.0012363987831153025
020280208,020280210,0.0017901535809320874
020280207,020280210,0.0009434754705776839
020280210,020280510,0.008565777796501953
020280210,020280811,0.0009113137840470255
020280410,020280510,0.0007793611430890755
020280510,020280511,0.006819478378455409
020280510,020280512,0.0025454855002785617
020280509,020280510,0.002768502415924087
020280510,020280811,0.0019774751674662516
020280409,020280511,0.0011572120862387545
020280508,020280511,0.004321382261854626
020280509,020280511,0.001363535421616183
020280205,020280208,0.0024183879864212326
020280206,020280208,0.002126483025899113
020280207,020280208,0.0013163119550893333
020280204,020280205,0.004032953644448442
020280205,020280206,0.002519498247704719
020280204,020280206,0.00252990608695158
020280203,020280206,0.0016225757471597668
020280206,020280207,0.005080456848104254
020280203,020280207,0.002077074794428339
020280207,020280313,0.0005636044492072112
020280207,020280410,0.004269930283715004
020280313,020280410,0.0007104879837552711
020280408,020280410,0.001629491639116023
020280409,020280410,0.0039297486195020714
020280313,020280411,0.0031776515148459476
020280408,020280411,0.002128044936586058
020280312,020280411,0.0008786100149906261
020280407,020280411,0.004569173315603106
020280310,020280411,0.0008109393104982264
020280309,020280411,0.00035966148585505443
020280203,020280204,0.003350641702209476
020280114,020280203,0.002363183664071195
020280110,020280203,0.0011873432171333911
020280202,020280203,0.003680017875024185
020280201,020280203,0.0021519020629305035
020280203,020280313,0.002085609524120669
020280109,020280110,0.0013668793335365626
020280110,020280114,0.003608476875606408
020280110,020280111,0.005409270202577447
020280110,020280202,0.004008673206525015
020280111,020280112,0.003976808503453948
020280109,020280111,0.002725693098404677
020280111,020280114,0.0019005067418415432
020280114,020561302,0.0016311104744590932
020280114,020561308,0.0022409684965035643
020280113,020280114,0.0012129795228774725
020280112,020280114,0.0024192591839589327
020280112,020280113,0.004395728940622383
020280107,020280112,0.002028783506594012
020280109,020280112,0.0020548376838495763
020280108,020280112,0.0009935067874525536
020280108,020280109,0.004141821763270437
020280109,020280202,0.0019636392146094393
020280201,020280202,0.006072327903294117
020280108,020280201,0.0018039121822488089
020280201,020280313,0.006874785467494049
020280108,020280313,0.0009212251167312823
020280312,020280313,0.00615707290623786
020280103,020280313,0.002738499597362149
020280311,020280313,0.0038918867827254927
020280310,020280312,0.004035345205996277
020280311,020280312,0.0031365043445948926
020280103,020280104,0.002968616491221316
020280103,020280108,0.0041279934805162136
020280103,020491810,0.00056355426053951
020280103,020491809,0.0009219485205815381
020280102,020280103,0.003219722581715457
020280103,020280302,0.0016860263088206806
020280103,020280311,0.0002168628629242601
020280101,020280103,0.0013486995439846098
020280107,020280108,0.002351998322543971
020280104,020280108,0.0012510212972824193
020280104,020561410,0.0008828896604653556
020280104,020561307,0.0004084014399991066
020280104,020280107,0.002836429663201374
020280104,020280106,0.002487668996838997
020280104,020280105,0.002632820201123982
020280104,020491806,0.0012273525235868056
020280104,020491810,0.0007974232003394789
020280102,020491809,0.003032792194323681
020280101,020280102,0.0028962638467946787
020280101,020280302,0.0028581640171805815
020280101,020491807,0.00046289674144310317
020280101,020491808,0.0020928754714420695
020280101,020492012,0.003034182352102522
020491806,020491810,0.0018116681141902202
020491809,020491810,0.004704345430847567
020491806,020491809,0.00038600630985010726
020491809,020491811,0.001449585528007998
020491807,020491809,0.0012108527712922153
020491808,020491809,0.0012221761597365263
020491807,020491808,0.003295516528201213
020491807,020491811,0.0006678738684345266
020491807,020491813,0.0014658218222354503
020491805,020491807,0.0012371761306385015
020491807,020492013,0.002736848877076862
020491806,020491813,0.003631974646052467
020491811,020491813,0.0006789194860023638
020491805,020491813,0.002117908908014722
020491803,020491813,0.0006238602163965311
020491804,020491805,0.002540387645481618
020491803,020491805,0.0007867894394593992
020491806,020491811,0.0026436268812270445
020491806,020561405,0.007126099411721951
020491801,020491806,0.0026670108290195297
020491806,020491812,0.0024592289798391837
020491806,020561409,0.004472937082494123
020280105,020491806,0.0018377807321799124
020491803,020491806,0.000554096221334678
020280105,020561409,0.0016731928122922662
020280105,020280106,0.0010224449375823392
020280106,020561409,0.001349868149081996
020561408,020561410,0.002585812129969889
020561307,020561410,0.005173857145667431
020561409,020561410,0.0050064486593496575
020561408,020561409,0.0011580886325936967
020561407,020561409,0.0013848260443215677
020561304,020561408,0.0043822243134003696
020561407,020561408,0.006951617650047594
020561303,020561305,0.0060161354194820495
020561305,020561306,0.0024231803923178345
020561304,020561305,0.005261024693592569
020561306,020561308,0.0038083660104882176
020561306,020561307,0.006854825833567562
020561307,020561308,0.002505452213147986
020280113,020561307,0.00250936862987036
020280107,020561307,0.0026523685166678695
020561304,020561307,0.0001838483065690084
020280107,020280113,0.001841001983125977
020280113,020561308,0.0005104196628611909
020561302,020561308,0.0072487760974377525
020561303,020561308,0.002251620912212777
064342202,064342301,0.00500578023935138
064342301,064342304,0.002563370046226257
064342301,064342303,0.003567156634218833
064342301,064342302,0.002979003499109126
064342304,064342305,0.0028804247194337607
064342303,064342304,0.0011295405590289907
064342305,064345208,0.0032636574712865633
064342303,064342305,0.0012173312686387697
064342501,064345208,0.0012815309667989477
064345207,064345208,0.0030154702025115337
064342306,064345208,0.0012232153130559474
064342501,064345207,0.0013880522036512
064345206,064345207,0.0027107035238999617
064342306,064345207,0.0013279686436741892
064345203,064345207,0.0001310394879902483
064342502,064345206,0.0011900873573415962
064345205,064345206,0.0025124342456828022
064345203,064345206,0.0011376261564161585
064342303,064342306,0.00226055359850453
064342306,064345203,0.002126360811702614
064342306,064342307,0.0024567442504229405
064342303,064342307,0.0011358796066171036
064342302,064342303,0.002121833671860473
064342302,064342307,0.002154649747448102
064342307,064345203,0.00024187205683944528
064342307,064345201,0.002001532395422597
064345203,064345205,0.0005682681126447451
064345203,064345204,0.0003246051375631838
064345202,064345203,0.0016441228020305395
064345201,064345203,0.0021684730196556705
064345204,064345205,0.004205355945692451
064345202,064345204,0.003042525336588292
064345201,064345202,0.0016086615995503345
064342504,064345202,0.0023174565011672777
064342503,064345202,0.0023058890895434375
064345202,064345205,0.0006435924606068505
064342601,064345202,0.0021893877105380933
020561301,020561302,0.009065287734555968
020561302,020561303,0.010678376611272054
020561301,020561303,0.0013387690871860883
020561303,020561610,0.0015476193740202374
020561303,020561304,0.006111628128488325
020561304,020561610,0.0012415715232738744
020561304,020561603,0.0018307500627872525
020561304,020561406,0.0026896860818918793
020561304,020561407,0.004664883754460417
020561605,020561610,0.0008497506356985159
020561301,020561610,0.0005219937956335197
020561609,020561610,0.0036598514035848604
020561604,020561610,0.001472111479804353
020561603,020561610,0.0011515046781591751
020561301,020561609,0.000858444684344732
020561608,020561609,0.003049670058085705
020561606,020561609,0.00035684694847033273
020561301,020561608,0.000840136986798528
020561607,020561608,0.0025608606859792073
020561606,020561608,0.0004121579321392504
020561207,020561301,0.008934502025550229
020561008,020561301,0.011322083532287865
020561301,020561309,0.004302836712949811
020561301,020561311,0.003920372199312813
020561301,020561310,0.003384237646819482
020561301,020561605,0.0008180042844519389
020561301,020561601,0.002545296376969553
020561301,020561510,0.0012763434240864477
020561301,020561511,0.013707165130580077
020561301,020561607,0.003942111858816732
020561301,020561606,0.0009735260900709102
020561606,020561607,0.0010938621768333866
020561605,020561606,0.0021965454903212435
020561601,020561605,0.0008309018650217503
020561604,020561605,0.0017478119473304534
020561601,020561604,0.0015169049609998382
020561602,020561604,0.0014956357739219018
020561603,020561604,0.0013011421465437898
020561602,020561603,0.0015055423229129341
020561510,020561603,0.0007746276064726306
020561601,020561602,0.0010937021025653076
020561510,020561602,0.0026530848715569768
020561510,020561601,0.0013407312794262648
020561510,020561513,0.000879658704049179
020561510,020561511,0.002145536657818333
020561406,020561510,0.0023378085357535047
020561509,020561510,0.0044587519210382435
020561404,020561510,0.003448149767528627
020561406,020561407,0.004440664317042918
020561405,020561406,0.001267144326116227
020561404,020561406,0.0023703692450520422
020561405,020561407,0.007057656063120679
020491801,020561405,0.0013333041974513966
020561404,020561405,0.015715239020607914
020491711,020491801,0.0019108856216777208
020491801,020491812,0.0003064982848036075
020491710,020491801,0.0004384284485145423
020491801,020491802,0.0017494597316457055
020491709,020491801,0.000707510124133295
020491708,020491801,0.00018366027353764242
020491801,020561404,2.687457029932699e-07
020491802,020491812,0.0013763809878627646
020491803,020491812,0.0008716467818171371
020491802,020491803,0.001309037251533259
020491803,020491804,0.001162742907170336
020491803,020491906,0.0012492069155044562
020491804,020491906,0.001968787426049959
020491804,020491905,0.0008346184639964646
020491804,020492010,0.0006002409332430683
020491707,020491906,0.0015593969542177814
020491905,020491906,0.003309021653693641
020491707,020491905,0.0005416415908245374
020491713,020491905,0.00077836408104938
020491904,020491905,0.0042320784772109975
020491905,020492010,0.0013430882348675819
020491708,020491802,0.0001600191736087999
020491707,020491802,0.001380515645058347
020491707,020491708,0.0017204787312906943
020491707,020491713,0.0009575890128505442
020491709,020491710,0.0017356494724263104
020491704,020491709,0.0015405067440775158
020491708,020491709,0.001925814360980655
020491705,020491708,0.0007987834156194628
020491705,020491713,0.0012811920584597772
020491706,020491713,0.000685419763564874
020491713,020491904,0.000577045429230816
020491705,020491706,0.0006671663583898719
020491702,020491706,0.0011841002792756798
020491701,020491706,0.0012422557205559568
020491706,020491904,0.0007463738476936521
020491704,020491705,0.0004549012539597362
020491702,020491705,0.000617588737397062
020491702,020491704,0.0007527061211112787
020491702,020491703,0.0013225554381524993
020491702,020491712,0.00023006062420304963
020491701,020491702,0.0029162499554987197
020491703,020491710,0.0008127155134947366
020491703,020491704,0.0011156156162381542
020491703,020491712,0.0015233641828025393
020491710,020491712,0.00023202938483836563
020491701,020491712,0.0021350187116484115
020491710,020491711,0.001933434042286903
020491704,020491710,0.0006749008795072755
020491701,020491710,0.0015267234142905184
020491701,020491711,0.0004436010697041606
020491701,020561404,0.008735305184150947
020491510,020491701,0.006001181501115933
020491608,020491701,0.0041804835321926255
020491701,020491903,0.0013770492855131767
020491701,020491902,0.0013505105719973185
020491510,020561404,0.0013037481131818074
020491510,020491511,0.007107230714380049
020491509,020491510,0.005061706848225875
020491508,020491510,0.00195435637775744
020491502,020491510,0.0025656169574301436
020491507,020491510,0.002781625428194474
020491510,020491608,0.002569594818569183
020491510,020491607,0.0005383525806999832
020561411,020561507,0.0014138344259415014
020561411,020561506,0.002002119225005594
020561404,020561411,0.009333455139436585
020561404,020561509,0.0009982038754784894
020561404,020561505,0.0014395080956240785
020561403,020561404,0.004313875721855695
020491511,020561404,0.004260646487611877
020561509,020561513,0.002605209007273242
020561503,020561509,0.000619428461039643
020561508,020561509,0.001482052314897927
020561507,020561509,0.0013180642476937673
020561503,020561508,0.0016995230625512134
020561507,020561508,0.0015928449636416976
020561504,020561508,0.0014979890524317331
020561506,020561507,0.0013679499232798111
020561506,020561516,0.0006652777631037936
020561504,020561506,0.0011924911692122765
020561505,020561506,0.0012214884829881015
020561504,020561516,0.002054925571312188
020561503,020561504,0.000727570169447997
020561503,020561513,0.0009409471719259878
020561502,020561503,0.0013261060594853661
020561503,020561517,0.00053499576531109
020561503,020561515,0.003244800330862446
020561503,020561516,0.0010130990606521404
020561515,020561516,0.000294022907134644
020561514,020561516,0.0011863263176448706
020561514,020561515,0.0013209257337355475
020561505,020561514,0.001360422995534611
020561401,020561514,0.0005023583724036426
020561403,020561514,0.0007838627163183015
020561403,020561505,0.0011509743561891885
020561401,020561403,0.0031017033081678766
020561402,020561403,0.0034429836210864142
020491501,020561403,0.0034254015061881866
020561401,020561402,0.003445494686446617
020561401,020561511,0.004528552547744331
020561401,020561515,0.0019046657178238009
020491501,020561401,0.0008551120954109379
020561511,020561519,0.0023359605530960943
020561517,020561519,0.0012684809932697124
020561515,020561519,0.0020417361067094214
020561511,020561515,6.3096826441833785e-06
020561515,020561517,0.0006419091142927822
020561502,020561517,0.0010527679861487024
020561511,020561517,0.002997268805355712
020491501,020491511,0.010076894437921983
020491508,020491509,0.0013053917249374251
020491506,020491508,0.00328095176514787
020491507,020491508,0.0006239623607861917
020491506,020491509,0.0010250689171653476
020491505,020491509,0.001253347101549207
020491501,020631307,0.008554937516283759
020491501,020631304,0.004232447049796076
020491501,020491502,0.0029043729136059853
020491501,020631301,0.00244034045752028
020631301,020631304,0.004040264408078035
020491502,020631301,0.002294055594545707
020631301,020631302,0.003304683569602505
020631304,020631307,0.0004971718675177332
020631304,020631306,0.0027532315877221995
020631303,020631304,0.0027743183845477604
020631302,020631304,0.0006968175708442867
020631212,020631303,0.0021509156497470866
020631112,020631303,0.0029016896910325223
020631202,020631303,0.001428980779486995
020631302,020631303,0.002632761920211199
020631211,020631212,0.0021508094953493085
020631212,020631305,0.003355152128658408
020631208,020631212,0.001353276679062736
020631202,020631212,0.0019835622009536313
020631305,020631306,0.006664343209176563
020631305,020631404,0.002608649730959299
020631210,020631305,0.000617077670558098
020631211,020631305,0.003609582100009097
020631306,020631307,0.005129600171368626
020631306,020631404,0.0027675752382498543
020631307,020631404,0.0034542779944634373
020631404,020631410,0.0005846558195391384
020631404,020631412,0.0017748592616254762
020631404,020631411,0.000575891819165681
020631403,020631404,0.0021678870156544563
020631404,020631405,0.0009570013458837126
020631402,020631404,0.00046326403974945445
020631410,020631412,0.00036668879087330586
020631406,020631412,0.0009576862876884418
020631412,020631413,0.0011469206949178462
020631411,020631412,0.0006227412110864735
020631406,020631410,0.0019012076526775596
020631406,020631407,0.0008835838001523379
020631406,020631413,0.001137809483440986
020561701,020631410,0.004794424393242235
020560507,020631410,0.0005579745740859367
020631410,020631415,0.002770580737244332
020631407,020631410,0.0014500331486340815
020561701,020561703,0.001118376311167113
020561701,020561704,0.0017419246528160095
020561701,020561705,0.001132359952112509
020561701,020631307,0.0012287263899371508
020560601,020561701,0.0006242744811030461
020561701,020561702,0.002123931853886313
020561703,020561704,0.00126244405443775
020561703,020561705,0.0011196565216030682
020561702,020561703,0.0012596443425055095
020561704,020561705,0.0029941037369071036
020561511,020561705,0.007238015086889547
020561705,020631307,0.006623245314808064
020561702,020561705,0.0012818613708776658
020561511,020631307,0.005194153807531984
020560607,020560703,0.0025590567488363537
020560607,020560715,0.002423600574575123
020560607,020560716,0.002738662558258256
020560607,020561511,0.008815794155647635
020560606,020560607,0.00296154637484306
020560607,020560609,0.001711917439318386
020560607,020560608,0.003833271062208975
020560605,020560607,0.0020509909557252723
020561511,020561702,0.0012609520144380372
020560602,020561702,0.0010651945469358573
020560601,020561702,0.0013344622918146822
020560601,020560603,0.001014188056446491
020560601,020560602,0.001968777709158114
020560507,020560601,0.001924962255255506
020560602,020560606,0.0019079136205226005
020560602,020560603,0.0023314270214005424
020560606,020561511,0.0028045970005762862
020560605,020560606,0.0029589870797595156
020560603,020560606,0.001070444678342221
020560605,020560608,0.00101384175043109
020560604,020560605,0.0033992701054976586
020560603,020560605,0.002594120042851775
020560702,020560703,0.002036849051515666
020560703,020560704,0.0012225337016782776
020560703,020560715,0.0016044616197379868
020560701,020560702,0.001429901914796462
020560702,020560711,0.0010049454484754574
020560702,020560710,0.001043128412481817
020560611,020560702,0.002389379214871121
020560702,020560708,0.0003398414005848434
020560702,020560704,0.0004944658990089879
020560610,020560702,0.0010259810563642685
020560608,020560609,0.00606369132705372
020560604,020560608,0.0030795410396891455
020560609,020560806,0.0005322027891949787
020560609,020560805,0.0023900522013165105
020560609,020560610,0.005248307756923688
020560604,020560609,0.0022961232882497424
020560610,020560806,0.0024943057368799226
020560610,020560611,0.0042320902717354865
020560701,020560807,0.0014456611832580645
020560701,020560810,0.001230919055746234
020560701,020560713,0.0014614068201470429
020560701,020560711,0.002300873662597149
020560611,020560701,0.0025252198806400565
020560611,020560806,0.0007639313545909466
020560711,020560712,0.002051677582988163
020560710,020560711,0.0013806621482053355
020560709,020560710,0.0013895904756285105
020560708,020560710,0.000987152341514642
020560713,020561008,0.0005638568082795489
020560713,020561003,0.0011039379279263286
020560713,020560810,0.0029640083286337267
020560712,020560713,0.0032793210252614418
020560712,020561008,0.0020797831317662307
020560712,020561801,0.00021984365672085942
020560712,020560714,0.001681432429330944
020560712,020561806,0.00039598402139229727
020560709,020560712,0.0005234614637534369
020561801,020561806,0.0025150553084155565
020560714,020561806,0.0016851064992409225
020561805,020561806,0.0012607216173002706
020561806,020561807,0.0013386563898216187
020560714,020561807,0.00039682395528404667
020560709,020561807,0.001014106497621924
020561805,020561807,0.001269194184630271
020560708,020561807,0.0004476301835325744
020560707,020561807,0.0010233933060824882
020561807,020561808,0.0005306370376890177
020560709,020560714,0.0015793864172009607
020560708,020560709,0.002246967321395515
020560707,020560708,0.0020903201395366692
020560704,020560708,0.0020056248812296883
020560704,020560707,0.0012134172101940554
020560704,020560706,0.0011959761488247508
020560704,020560715,0.0030567638611770395
020560704,020560716,0.0008343357212992549
020560706,020560707,0.001603667966001894
020560706,020561808,0.0008528172510841896
020560705,020560706,0.0011395675985782995
020561805,020561808,7.592442685588054e-05
020561808,020561809,0.0007148268115837506
020560705,020561808,0.00020423207739098657
020561803,020561808,0.0010416457473968503
020560705,020561801,0.00033461610469961284
020560705,020561809,0.0015795086106741556
020560705,020560716,0.0031055428722724
020560716,020561801,0.0008760737184297573
020560716,020561511,0.00012873042521783872
020561801,020561809,0.0007183542984749683
020561803,020561809,0.0015396693544674825
020561803,020561804,0.0012536552814493875
020561801,020561803,0.0009284179703399336
020561802,020561803,0.0017640947067893902
020561803,020561805,0.0010875690797458042
020561008,020561801,0.007052164709485546
020561801,020561804,0.0012516756726804331
020561801,020561802,0.002535536990251169
020561801,020561805,0.0012848140580885767
020561511,020561801,0.004025471370774458
020561802,020561804,0.0007188533618498491
020561804,020561805,0.0007426027280796284
020561511,020561513,0.0007911215664540351
020561502,020561511,0.00046595743467217957
020561511,020561512,0.00644301939951234
020561511,020561518,0.0033994733059967966
020561501,020561511,0.0025324350858128824
020561512,020561518,0.0002868030875566672
020561501,020561512,0.0019523636627849577
020561501,020561502,0.000877589662964097
020561501,020561518,0.002324725707734284
020561513,020561518,0.00022282927542483015
020561502,020561518,0.0017072098064439128
020561502,020561513,0.0009632174079332098
020561309,020561310,0.002121858165641919
020561310,020561311,0.0022759543224747025
020561206,020561207,0.006093402536118939
020561207,064271801,0.011253421349689095
020561205,020561207,0.0030803440353083977
020561204,020561207,0.005263738591455265
020561102,020561207,0.004504106106150091
020561105,020561207,0.0032560943071920675
020561008,020561207,0.008818205359430321
020561104,020561105,0.003833667472716742
020561103,020561104,0.005236049591741029
020561102,020561105,0.0007450106350228201
020561103,020561105,0.0009599443255528372
020561008,020561105,0.0019781274266432386
020561008,020561103,0.0012541993799192964
020561007,020561008,0.002832854594419179
020561003,020561008,0.0006553019260281805
020561006,020561008,0.00401126270560242
020561102,020561103,0.0031625526801042176
020561007,020561103,0.0038118723321063294
020561007,020561101,0.002450953888971269
020561005,020561007,0.00029645607333549936
020561006,020561007,0.0032140839166143386
020561101,020561102,0.0024682869885388147
020561001,020561101,0.0021871608392631196
020561002,020561101,0.0005432349882733516
020561005,020561101,0.0025283099917512014
020561004,020561101,0.0003599377190462177
020561002,020561004,0.0015231621710876755
020561004,020561005,0.00368433599874218
020561003,020561004,0.004359303398934363
020561004,020561006,0.001870986300474895
020561005,020561006,0.0011363514351862588
020561003,020561006,0.002789464962580545
020560811,020561003,0.0018532114754826585
020561002,020561003,0.0032425759832101545
020560810,020561003,0.0030192046380363843
020560810,020560811,0.0012114875541304542
020560809,020560810,0.001728661921604718
020560807,020560810,0.0037926304501532315
020560809,020560903,0.0017191606778010162
020560809,020560811,0.004223691435887465
020560808,020560809,0.002307182562801373
020560807,020560809,0.0019122490483311572
020560811,020560903,0.0012056597220519965
020560811,020561002,0.0024072873691510484
020560908,020560909,0.003016709604825903
020560904,020560909,0.0010252741478547385
020560903,020560909,0.002041796070888214
020560909,020561203,0.0030221021993747255
020560909,020561002,0.0030104847809479564
020561002,020561203,0.0004652581566558603
020561001,020561002,0.004013896814276442
020561202,020561203,0.002976830882928691
020561203,020561204,0.0029769185721730982
020561001,020561203,0.0025134314776227087
020561201,020561202,0.00297241180359202
020560908,020561202,0.003076356023404711
020561202,020561205,0.0030773858986464504
020561205,020561206,0.00296969280942779
020561204,020561205,0.0029793953064160177
020561102,020561204,0.0025390968851019546
020561001,020561204,0.0027764866592363277
020561001,020561102,0.003795120001592729
020561206,064271703,0.003622420658360278
020561206,064271701,0.001936179048287518
020561201,020561206,0.003514618168325185
064271703,064271803,0.0004514608265158842
064271703,064271802,0.001539434997728894
064271703,064271712,0.002115717951435861
064271703,064271713,0.002470953601617677
064271701,064271703,0.002547903047184957
064271703,064271801,0.0013680502006881358
064271705,064271803,0.0011165020686619781
064271704,064271803,0.002695528540090423
064271802,064271803,0.004412668417130933
064271712,064271803,0.0006128457273054039
064271801,064271803,0.0011364717422329938
064271801,064271802,0.006210451537796764
064271705,064271804,0.0015743740741009226
064271705,064271706,0.0016720186062718122
064271704,064271705,0.001429341224642412
064271705,064271801,0.0005581532372024165
064271804,064271805,0.002756672951138328
064271706,064271804,0.002952778913302774
064271801,064271804,0.007009078970849127
064271801,064271823,0.0007508082415499435
064271801,064906308,0.004478296188645541
064271801,064271817,0.013212470795070179
064271801,064271808,0.0013017736157108029
064271801,064271805,0.000806646597312403
064271801,064906307,0.0036197890352647633
064271801,064906301,0.004889100419591925
064271801,064903706,0.0037247478492730543
064271801,064903701,0.002060849097476986
064903706,064903707,0.0024876438286084704
064903705,064903706,0.0012307421876474565
064903706,064906301,0.0034716975907972455
064903701,064903706,0.0045894458786526985
064903701,064903705,0.0012051806038929057
064903701,064903702,0.002611501537678162
064900101,064903701,0.0011122866939150661
064900115,064903701,0.005803245758797098
064903705,064903708,0.001589681929462921
064903704,064903705,0.004043930620381405
064903705,064903707,0.001645512006068423
064903702,064903705,0.0016488582095460294
064903702,064903704,0.0015894877044258155
064903702,064903703,0.0027272371868493897
064900205,064903702,0.0015938628817836371
064900101,064903702,0.0017032560091215353
064900110,064900115,0.0022419220815777206
064900101,064900115,0.01634722157188814
064900112,064900115,0.012397004192200509
064900102,064900115,0.009370779262339125
064900103,064900115,0.0020238648123562107
064900107,064900115,0.00013426826009430595
064900106,064900115,0.0004572173833738521
064900105,064900115,0.002207258450787104
064342601,064900115,0.0004882311504857236
064900101,064900205,0.003460094224254906
064900101,064900114,0.0034376540463145373
064900101,064900113,0.004633420565130152
064900101,064900112,0.00038514244780598884
064900205,064903703,0.0021680064521930036
064900205,064900206,0.004508429007318657
064900204,064900205,0.0030095756693748867
064900114,064900205,0.0015300834116342712
064900114,064900204,0.004313590305731483
064900113,064900114,0.001978172989357057
064900207,064900405,0.0014221978093566217
064900207,064900404,0.0019274060134799992
064900207,064900208,0.0030052449941459975
064900206,064900207,0.002709939092524827
064900204,064900207,0.0032600662413335415
064900204,064900208,0.002139240695883698
064900203,064900204,0.001549045135371934
064900204,064900206,0.00011102289551767742
064900113,064900204,0.0021873663352892036
064900113,064900203,0.0015874736701655878
064900112,064900113,0.001787192623719387
064900203,064900208,0.0023966587064091207
064900202,064900203,0.004158827497835035
064900111,064900203,0.001201549922451338
064900112,064900203,0.002450065245029019
064900404,064900405,0.003825753249714989
064900403,064900404,0.001748523440028913
064900402,064900404,0.0024989629135620337
064900208,064900404,0.0020278661127561257
064900208,064900402,0.0023687478156346124
064900208,064900209,0.003256610982163297
064900202,064900208,0.00012089401608729015
064900402,064900408,0.0018638532226382656
064900402,064900403,0.0018831306383475504
064900311,064900402,0.00010288634853928389
064900401,064900402,0.004931414614242568
064900312,064900401,5.5910981592280926e-05
064900311,064900401,0.002564430344716066
064900313,064900401,0.004960991293270704
064900209,064900401,0.0025833489721825654
064900209,064900313,0.001995299448415246
064900209,064900210,0.004231421875450813
064900202,064900209,0.003911422101434982
064900201,064900202,0.0038108074063590413
064900111,064900202,0.0017169904323436403
064900109,064900202,0.003367102507618884
064900108,064900202,6.275501308383473e-05
064900201,064900210,0.0032727866745141916
064345410,064900201,0.0034836661739161418
064900108,064900201,0.003295534178832926
064345410,064345411,0.002232907111041835
064345411,064900108,0.0024820855304544835
064345408,064345411,0.0038340381262985017
064345411,064900107,0.0004921644772908157
064342609,064345411,0.0014126296152863539
064342609,064345408,0.0011786672341723191
064342609,064900107,0.0010098618490812063
064342608,064342609,0.002429650654806632
064342609,064342610,0.0027415857763247735
064345410,064900108,0.0007214062626411614
064900108,064900109,0.0031288991221722646
064900107,064900108,0.003294873626522756
064900107,064900110,0.002008690996503199
064900106,064900107,0.003784501432358708
064342608,064900107,0.00048141134741695523
064900105,064900106,0.003941244813668679
064342608,064900106,0.0009941708332556118
064900104,064900106,0.0026087762718299164
064342607,064900106,0.0009362961604893242
064900102,064900105,0.003408381925764586
064900104,064900105,0.0011371380873996745
064900110,064900111,0.0013470513861197442
064900109,064900110,0.002705117778177068
064900110,064900112,0.0005012666413679568
064900109,064900111,0.0025300739537713808
064900111,064900112,0.006881848503122756
064900102,064900103,0.002640073986158801
064900102,064900104,0.0019256439650440374
064900103,064900104,0.0015583437622375084
064342607,064900104,0.002088713072893108
064342603,064900104,0.0009162216853017535
064342602,064900103,0.001552699059156093
064342603,064900103,0.0017304413060333147
064342601,064900103,6.522923597850187e-06
064342602,064342603,0.0010673819401278812
064342603,064342607,0.0019658241081075764
064342603,064342604,0.0022126744134742175
064342601,064342602,0.0038865042195398184
064342601,064345301,0.0014853805367376735
064342504,064342601,8.240388501490819e-05
064342601,064342604,0.0016702401573639699
064342601,064342605,0.008791637868604927
064342605,064342612,0.0010851380994380021
064342605,064342611,0.004201839760759383
064342605,064345305,0.002156719204912766
064342605,064342606,0.005204571703692718
064342605,064345302,0.002605483100472445
064342605,064345301,0.00613100089780386
064342604,064342605,0.0012921979070201913
064342604,064342607,0.0013655301679558658
064342604,064342606,0.002132235418606925
064342606,064342611,0.0006986196825359216
064342606,064342610,0.00038655461936278534
064342606,064342607,0.0030135040860804624
064342607,064342608,0.0014320697671063715
064342607,064342610,0.0018003628090360528
064342608,064342610,0.0004512184485108623
064342610,064345408,0.0008117615506904661
064342610,064342612,0.0003878675819446456
064342610,064342611,0.0025119208555903732
064342611,064342612,0.006569359455661143
064342612,064345408,0.0019746025211704273
064342612,064345407,0.0020099519974725454
064342612,064345406,0.00133704225358858
064342612,064345401,0.0018016623742538838
064342612,064345305,0.0002847633494069157
064345402,064345406,0.0007138242570449246
064345405,064345406,0.002029979008884671
064345406,064345407,0.003394519523225797
064345401,064345406,0.0019174474789158992
064345401,064345402,0.0025105539989139364
064345309,064345401,0.0009917905417752017
064345308,064345401,0.0023826130262210123
064345305,064345401,0.0022307296870556757
064345305,064345308,0.0028548709790200254
064345305,064345306,0.0011960613383982667
064345304,064345305,0.005516710578178323
064345302,064345305,0.0008799193188714002
064342507,064345304,0.0012581458927964334
064345303,064345304,0.004285256933149862
064342507,064345303,0.001279226418588791
064345302,064345303,0.004041754166800333
064342505,064345303,0.0014224730920162768
064342505,064345302,0.0012866260913553193
064345301,064345302,0.0037819291950187276
064342505,064345301,0.0025721047053965805
064342504,064345301,0.00402553083453761
064342504,064342505,0.002862383806236263
064342503,064342504,0.004687555223921671
064342503,064342506,0.0013048089390701053
064342502,064342503,0.002701743967736833
064342503,064345205,0.000566200470314818
064342502,064345205,0.0028212210617427486
064342506,064342507,0.002737165650665554
064342506,064342508,0.003873536087386497
064342505,064342506,0.005286142015628136
064342508,064345306,0.002109889000111808
064342507,064342508,0.0025585797701356194
064342508,064342509,0.005480630275944611
064342502,064342508,0.0013246803434358682
064342402,064342509,0.0026453301804648093
064342501,064342509,0.002946342003730219
064342501,064342502,0.00440923408103926
064342402,064342501,0.002340559077609981
064342507,064345306,0.0027394120812435155
064345306,064345308,0.001208309794230179
064345306,064345307,0.0025794760319386434
064345308,064345403,0.0005549034706755241
064345308,064345309,0.005162491450032322
064345307,064345308,0.005500818069710693
064345309,064345403,0.0013430697110646144
064345309,064345402,0.0030144391630542253
064345307,064345403,0.0003492107237878548
064342708,064342709,0.0029689023077145928
064342708,064345403,0.0023899806394585537
064342801,064342807,0.002739902590131433
064342801,064342802,0.002840597250021998
064342709,064342801,0.004107778324503824
064342709,064342710,0.002541069274022321
064342709,064345403,0.002003320463650171
064342709,064345404,0.0020676312859106124
064345402,064345403,0.0021388693460937347
064345403,064345404,0.0018377141953769436
064345402,064345404,0.00026045798510624746
064345402,064345405,0.0014458183658550621
064345405,064345409,0.002198969663556338
064345404,064345405,0.004034662526822056
064345405,064345407,0.0012206485346827507
064342710,064345404,0.0013568995748220495
064345404,064345409,0.0018866792746675197
064345407,064345408,0.0026280591301526945
064345408,064345409,0.0020932615647026045
064342710,064345409,0.0026765461445711625
064345409,064345410,0.005050253096185833
064345410,064900210,0.00013535065890147205
064342710,064345410,0.0013438191287645773
064342710,064342802,0.0027180096712999483
064342710,064342803,0.002730361742757855
064342710,064900210,0.002077262761413633
064342803,064342804,0.002743223722565648
064342802,064342803,0.004102811397692506
064342803,064900301,0.002500134965545813
064342803,064900210,0.0015829003890449373
064900210,064900301,0.00263345916415532
064900312,064900313,0.0019715017802259135
064900302,064900313,0.0012527604963326357
064900301,064900313,0.003727058195329664
064342804,064900301,0.001254470998979875
064900301,064900302,0.0026719698860765417
064900302,064900312,0.002488136770080477
064900302,064900303,0.0026847946802825966
064342814,064900302,0.001234207442851146
064342804,064900302,0.0025049749286692865
064342804,064342814,0.0013581407478888343
064342804,064342805,0.005085244938163861
064342802,064342805,0.0013541753983395857
064342802,064342807,0.0025805836605943314
064342805,064342807,0.0012280830368062718
064342805,064342814,0.0013675324915013315
064342805,064342813,0.0013472865065027732
064342814,064900303,0.0025159915202419498
064342813,064342814,0.005118684815071298
064900303,064900312,0.0024995215804186023
064900303,064900305,0.001336309316510884
064900303,064900306,0.001260501751931921
064900303,064900304,0.0029698036825030957
064900306,064900307,0.00040283270813342396
064900306,064900309,0.0025262901452359873
064900306,064900310,0.0006601444783079392
064900306,064900312,0.002105193368216139
064900306,064900314,0.0027362423378034517
064900304,064900306,0.0016482524876565798
064900307,064900308,0.0031595874924011213
064900307,064900309,0.002647950104651144
064900307,064900503,0.002685661509505065
064900307,064900314,0.00283355713419066
064900314,064900502,0.0027144374963425175
064900305,064900314,0.0028073187370560144
064900304,064900305,0.0014005609037567853
064900502,064900504,0.0014585084659937354
064900502,064900503,0.0019644881217209826
064900504,064905301,0.0009451124896144278
064900504,064905302,0.0009762747439218502
064900504,064900506,0.0030989493106668787
064900503,064900504,0.004040060440447411
064900506,064905303,0.002009073711153635
064900506,064905302,0.0007593926024371465
064905302,064905304,0.002085378034190126
064905302,064905305,0.0007488862165805507
064905301,064905302,0.0033601084639530822
064905302,064905303,0.004502069927725132
064900503,064905301,0.002926783160955572
064900308,064900503,0.00039726230925347483
064900308,064905301,0.001618615503219889
064900308,064905207,0.0028024082114625854
064900308,064905206,0.0003420474411796012
064900308,064900309,0.001963919073631714
064905301,064905305,0.0020121377101577943
064905301,064905306,0.001770604547641096
064905207,064905301,0.001713716630451791
064905304,064905305,0.003806086283976271
064905305,064905307,0.0014030406897387827
064905305,064905306,0.0053642249527852326
064905306,064905307,0.003206298116498308
064905208,064905306,0.0026097425950492954
064905207,064905306,0.0013615083124786512
064905207,064905208,0.0041563247599191375
064905206,064905207,0.0017566893754363364
064905206,064905208,0.0013087256977205042
064900309,064905206,0.002555736474352043
064905205,064905206,0.0027886843365391113
064905203,064905206,0.001360075919040738
064900407,064905206,0.0016015238124536858
064900309,064900315,0.005844889201890359
064900309,064900310,0.00031551459580403206
064900309,064900408,0.0015126149114715538
064900309,064900407,0.00322429971510359
064900310,064900315,0.004983339043155853
064900310,064900408,0.0007159896676759798
064900310,064900312,0.002547095458831491
064900310,064900311,0.0030466581237595046
064900311,064900312,0.0024295835909058493
064900311,064900408,0.0009697660427923317
064900315,064900408,0.0013347842278504177
064900407,064900408,0.0030502241728859684
064900403,064900408,0.0011178895391817374
064900407,064905203,0.001348049289638778
064900407,064905202,0.0016671789543558164
064900406,064900407,0.0032847333560243187
064900403,064900407,0.0025280376370733107
064905201,064905202,0.004754983247547022
064905202,064905203,0.006061030049869045
064900406,064905202,0.004262475366430659
064900406,064905201,0.0006699247117232394
064900405,064900406,0.004024234648388457
064900403,064900406,0.0003750931747748822
064900403,064900405,0.0011228229817397098
064900405,064903501,0.0009672232573358637
064900405,064905201,0.006251669993255591
064900405,064903601,0.0015058005090841603
064900206,064900405,0.004520613728919376
064903503,064905201,0.0025039365513919287
064903502,064905201,0.0016122261937225957
064903501,064905201,0.000611941473869637
064905201,064905203,0.0028074847526751018
064903503,064903504,0.0026291896574040597
064903503,064903506,0.0008344391283876952
064903503,064903505,0.0029968900870772346
064903502,064903503,0.0027795467475707184
064903503,064905203,0.001147308546794597
064903504,064906202,0.001604442601358091
064903504,064906201,0.0028264358178286247
064903504,064903507,0.003063351640089159
064903504,064903506,0.0016029133346302793
064903504,064905204,0.0013590280749060752
064903504,064905203,0.0017403110540510954
064906201,064906202,0.004985586862908356
064906201,064906206,0.0007363138682818574
064906201,064906207,0.0014374580359475483
064906202,064906204,0.0021391423619861604
064906202,064906203,0.0030500669546223106
064906202,064906205,0.0004070150742303097
064906202,064906206,0.0010849811965524209
064905209,064906202,0.0036399232362582827
064905204,064906202,0.00047458322267427636
064905209,064905307,0.0035598139168617773
064905208,064905209,0.0028122021030773975
064905204,064905209,0.00535725694193803
064905204,064905205,0.0027108792566534696
064905203,064905204,0.003564188929216519
064905203,064905205,0.0025912314197548527
064905205,064905208,0.0025972285001485277
064903301,064905307,0.002763437992528521
064905307,064906203,0.0017817456550400122
064905307,064905308,0.0035284154939713343
064903201,064903211,0.0002965281699655183
064903201,064903202,0.004168876759645363
064903201,064903302,0.004522495051757907
064903201,064905403,0.0040296641630803
064903201,064905308,0.004024057366320343
064903302,064903303,0.004139123722282876
064903301,064903302,0.005905552920753326
064903302,064905308,0.0027814557648526165
064903301,064903303,0.0013714631041416199
064903301,064906204,0.0013662723962387215
064903301,064906203,0.003113522723384059
064906203,064906204,0.0014792119640658183
064903303,064906204,4.2151833251463315e-05
064906204,064906205,0.0022155527373240768
064903303,064906205,0.002765916292621268
064903305,064906205,3.535444556641196e-05
064906205,064906210,0.0014839983807684325
064906205,064906209,0.0007448540842997628
064906205,064906206,0.0031713815990098764
064906206,064906209,0.0007468458468952123
064906206,064906208,0.001483161605822993
064906206,064906207,0.0027774942873694114
064903305,064906210,0.004179531902497019
064906210,064906211,0.0014450444350463496
064906209,064906210,0.004134629820404328
064903303,064903305,0.0027429510561728047
064903305,064903311,0.0027894576532043174
064903305,064903306,0.0027429787702923578
064903304,064903305,0.002784548982442709
064903305,064906211,0.0013594600620517499
064903203,064903304,0.0014133533060504471
064903303,064903304,0.002763659808452125
064903304,064903310,0.0013741170984275643
064903304,064903311,0.002756769573800404
064903203,064903303,0.0013927277292224195
064903202,064903303,0.0014064598776401447
064903205,064903310,0.002779040597268346
064903203,064903310,0.005728677365375536
064903309,064903310,0.004463515367471731
064903310,064903311,0.002787518630488566
064903309,064903311,0.0013399382652313678
064903306,064903311,0.0014132061316307766
064903206,064903309,0.0028127305298818257
064903308,064903309,0.005861653114733304
064903306,064903309,0.0027797884501131595
064903206,064903207,0.002835638735258327
064903205,064903206,0.0027568679919547368
064903206,064903212,0.0027616763901673405
064903205,064903210,0.004155688458800428
064903204,064903205,0.0041268281695406046
064903204,064903210,0.0027833590897462647
064903204,064903211,0.002725973793967818
064903203,064903204,0.0041522353033947345
064903202,064903203,0.004233152102356705
064903202,064903211,0.001460743957537174
064903210,064903211,0.0020514276258080276
064902901,064903211,0.0019929478202610753
064903211,064905404,0.002811799072199503
064903211,064905403,0.0013151138827615918
064903207,064903210,0.0013784475387659948
064903209,064903210,0.005760255279846762
064902901,064903210,0.0027558666016975937
064902901,064902904,0.001290622169788089
064902901,064903209,0.0003235668912407064
064902901,064902902,0.005073214390525156
064900715,064902901,0.0029395868568922214
064900714,064900715,0.0031366415570275325
064900715,064905404,0.0023249619932188678
064900715,064905407,0.002995437082118524
064900715,064905405,0.0009588398053837509
064900715,064905403,0.001022655353154169
064905405,064905407,0.0030811791094174203
064905403,064905405,0.001068828514478715
064905402,064905405,0.0014506435743705415
064905405,064905406,0.002068556431893854
064905401,064905405,0.0013025812750333669
064905402,064905403,0.0018562810648487618
064905308,064905402,0.0010690131677861328
064905401,064905402,0.001854125923025607
064905403,064905404,0.00512340513660049
064905304,064905308,0.004123579520165755
064905308,064905401,0.0025543262527447414
064900508,064905308,0.0026182501173705785
064900508,064905304,0.003784265212561929
064905303,064905304,0.001886222669782904
064905401,064905406,0.007551441457904096
064900508,064905401,0.006261222483016357
064900508,064905303,0.0035282456948713967
064905406,064905407,0.0012447434628538405
064900608,064905406,0.0023893542582502755
064900608,064900713,0.0014640439480439749
064900608,064905407,0.00300757748316608
064900713,064905407,0.004499682321171048
064900714,064902902,0.0024460099934420308
064900712,064900714,0.002354588903078895
064900713,064900714,0.004361928320982298
064900712,064900713,0.004661710501514049
064900712,064902801,0.003135512676066271
064900712,064902902,0.0006860744322682135
064900711,064900712,0.00429061848870501
064900711,064902801,0.0008086333028841045
064900711,064902803,0.003872771077139627
064902803,064902806,0.001077100466235046
064902802,064902803,0.0034932752673778773
064902801,064902803,0.0014673802035131713
064902803,064902807,0.0032637072493841455
064902801,064902802,0.0023891051198248097
064902801,064902903,0.0033780487901791945
064902801,064902902,0.003862014770120971
064902902,064902904,0.00300692862282861
064902902,064902903,0.001337592500418964
064902903,064902906,0.0041940734646598865
064902903,064902904,0.002762779427970505
064902802,064902903,0.0036113180519003604
064902802,064902808,0.004498385454539223
064902802,064902906,0.00198507554312629
064902808,064902809,0.0012445005392745642
064902808,064902911,0.0029562611692965407
064902808,064902906,0.0009750938554944938
064902807,064902808,0.0026282140441725955
064902908,064902911,0.002423239026762296
064902908,064902909,0.00699745316183393
064902907,064902908,0.005871724467125504
064902906,064902908,0.007719595283577714
064902909,064903005,0.0018712192771564624
064902909,064903110,0.0013821479345697018
064902909,064902910,0.003551304848820875
064902909,064902911,0.0038426877108849785
064902907,064902909,0.0020013781282658093
064902910,064903011,0.002939255320522152
064902910,064903005,0.001459090962558022
064902701,064902910,0.0030357841022114734
064902910,064902911,0.004515173099714721
064902809,064902911,0.004463445287915407
064902701,064902911,0.004623809687958133
064902702,064902809,0.00042638619706695114
064902809,064902810,0.0034276746149515857
064902807,064902809,0.004592418052481515
064902806,064902807,0.003884314972479784
064902806,064902810,0.0044231178263904975
064902702,064902810,0.004306691013365232
064902702,064902704,0.0016764598167009915
064902701,064902702,0.005891787296324512
064902704,064902705,0.008008687923720899
064902701,064902704,0.00012523543862473993
064902705,064902711,0.0021280244304126535
064902705,064902706,0.010854608001724287
064902701,064902705,0.00017948613692272643
064902711,064902714,0.0045324691209819475
064902706,064902711,0.00221976475916523
064902709,064902714,0.0009429722792252344
064902710,064902714,0.0045227376109667075
064902706,064902714,0.0019065754454849352
064902707,064902709,0.0007927491997891505
064902707,064902708,0.0033762219686036704
064902707,064903009,0.0011548941688347219
064902707,064902710,0.004503838805654374
064902706,064902707,0.003366119769393261
064902707,064903010,0.0036586483427295496
064902709,064902710,0.001787944808478261
064902706,064902710,0.001980268368426681
064902708,064902709,0.005149474958605479
064903009,064903010,0.0050593327560313275
064903010,064903011,0.003522341766752447
064902706,064903010,0.004946757936684175
064902701,064903010,0.000530396999738518
064902701,064902706,0.010536888850396293
064902701,064903011,0.0003352181052324163
064903009,064903011,2.7934297061589188e-05
064903006,064903011,0.003199592699989767
064903004,064903011,2.792833805689086e-05
064903005,064903011,0.003344830784152353
064903006,064903009,0.0035320080806774522
064903006,064903007,0.0027514102120221
064903004,064903006,0.003913855223504546
064903003,064903006,0.0013967579206558304
064902708,064903008,0.0026239726869690056
064903008,064903009,0.0035336426875528424
064903007,064903008,0.004085558169013487
064903008,064904101,0.0034911424586701037
064902708,064903009,0.003569031337204919
064903007,064904101,0.002802875774146834
064903003,064903007,0.00410885006836883
064903004,064903005,0.0033036121588571384
064903003,064903004,0.0013688043223890147
064903002,064903004,0.001375672283568975
064903001,064903004,0.0036605444587478773
064903003,064904101,0.0027607431398705548
064903002,064903003,0.004131500618273397
064903002,064904101,0.004181325624231444
064903001,064903002,0.00277926598570352
064903002,064903107,0.004164010867695793
064903110,064903112,0.0013792990818019726
064903109,064903112,0.0013898163724975526
064903001,064903112,0.0036653692943758587
064903107,064903112,0.002768704106361765
064903108,064903112,0.0036721724393974017
064903108,064903109,0.0013934687549675456
064903107,064903108,0.0013898101808026916
064903103,064903108,0.0036741378923567055
064903109,064903110,0.0046567705791223865
064902907,064903109,0.0029084477037091216
064902906,064903109,0.0012176142209054817
064902905,064903109,0.0001542242735184381
064903102,064903109,0.0032936297710776654
064903001,064903110,0.0027760210683432235
064903005,064903110,0.0033193089410408893
064902907,064903110,0.0013963064269321413
064902906,064902907,0.0029539344368237816
064902905,064902906,0.005563193197363237
064902905,064903213,0.0029373020356117446
064902905,064903208,0.0027878305512230115
064902904,064902905,0.0025542078637888297
064902905,064903102,0.0005461503455434448
064902904,064902906,0.0017268595925539478
064902904,064903209,0.003744431773831297
064903208,064903209,0.001539836331375987
064903207,064903209,0.0014080707258053526
064903208,064903213,0.0025444965085641147
064903207,064903208,0.002866664665239764
064903207,064903213,0.0027276674768862653
064903101,064903207,0.0013801322143730745
064903207,064903212,0.004091726402517369
064903102,064903213,0.002205515423892196
064903101,064903213,0.0013833786301442877
064903102,064903103,0.002807126020579828
064903101,064903102,0.0033942293122506653
064903101,064903103,0.001358199399209917
064903101,064903104,0.001389360389811377
064903101,064906102,0.00332849341121866
064903212,064906102,0.0027484964653870887
064903212,064903308,0.0027558097900562918
064903212,064906101,0.0013741430020439817
064906102,064906103,0.001382480649395685
064903104,064906102,0.001386119907004766
064906101,064906102,0.0032938368838158344
064903104,064906107,0.001274298465760421
064903104,064906103,0.0022613747807814087
064903104,064903105,0.004168920481331545
064903103,064903104,0.0049045878882156575
064906103,064906107,0.004489850677770246
064906103,064906105,0.004044261287421707
064906103,064906104,0.0009763336682723074
064906101,064906103,0.005914009363404913
064906107,064906108,0.004476101436440506
064906106,064906107,0.001252730354861482
064906105,064906107,0.0012733497206733925
064903105,064906107,0.0012576559115142058
064906106,064906109,0.006875776668689464
064906105,064906106,0.003606464224756341
064903407,064906106,0.00248011747452031
064906104,064906106,0.0019900356630154353
064903111,064906108,0.0005721379299326992
064903106,064906108,0.003502471857001782
064906108,064906611,0.005807174732842069
064906108,064906109,0.002671738308279762
064904101,064906611,0.0014274631116526746
064903111,064906611,0.0002717706726189285
064906610,064906611,0.0071127993695039365
064906609,064906611,0.0005397700607155011
064904014,064906611,0.000902230324969024
064903106,064903111,0.003699937222350372
064903105,064903106,0.005405093695585692
064903111,064904101,0.006928516502972223
064903107,064903111,0.0030947527387106093
064903105,064903111,0.002755338246157557
064903105,064903107,0.0024938965640791096
064903103,064903105,0.0027617699033624715
064903107,064904101,0.0028405927037328748
064904101,064906605,0.006878571331477853
064904101,064906610,0.007757471188686212
064904101,064906601,0.0006642734231758626
064906604,064906605,0.006051465514315233
064906604,064906606,0.0010036939057081955
064906601,064906604,0.0030952231056559057
064906603,064906604,0.005312626374796281
064906605,064906610,0.004070956536551069
064906605,064906606,0.005277235835632641
064906601,064906605,0.00122586192242037
064906606,064906610,0.006347180504468773
064906608,064906610,0.0013287622935245545
064906609,064906610,0.002199050776370379
064906606,064906608,0.0009134810980271114
064906607,064906608,0.0045891295082373515
064906608,064906609,0.0046710223902978985
064904014,064906608,0.0022212308023239723
064904014,064906109,0.005687145126233486
064903407,064906109,0.0014512491365482566
064904014,064906609,0.007364997819494708
064904014,064906607,0.0029829902540936043
064904013,064904014,0.008312663618170797
064904014,064906602,0.0011084594181510717
064906606,064906607,0.007004444993430537
064906603,064906606,0.0035392604038305357
064906602,064906606,0.006114657228318478
064906602,064906607,0.00064065688227186
064903407,064904013,0.0029986149970841944
064904013,064906513,0.004985549658083436
064904009,064904013,0.00444607903539379
064904012,064904013,0.004652631906782249
064903404,064906513,0.005063325175617175
064904012,064906513,0.0032952094503778872
064906507,064906513,0.0020091894547524065
064906512,064906513,0.002073164505988517
064903404,064903407,0.004947704890578221
064903404,064903405,0.00197945576959408
064903403,064903404,0.0025144836626739575
064903404,064906405,0.005634032879469078
064903403,064906405,0.001993623136343225
064903402,064906405,0.002082347379705273
064906405,064906406,0.004126369667771477
064906405,064906512,0.0029747714099727894
064906405,064906511,0.002647747414908458
064903912,064906405,0.0009142449403089233
064906404,064906405,0.003188768214952816
064906404,064906406,0.0036920726102912353
064906402,064906404,0.0010091304984006866
064903912,064906404,0.002127093575774104
064906403,064906404,0.00844394071710929
064906402,064906407,0.0024512076814638883
064906401,064906402,0.002984912188123986
064903806,064906402,0.0024511633934683466
064906402,064906403,0.0019757083453121257
064903402,064906406,0.003689307352400019
064906406,064906408,0.0021295817880185672
064906406,064906407,0.001989904523771493
064903401,064903402,0.00200097089297381
064903402,064903403,0.005994431625389192
064903402,064906408,0.0022515966239732336
064903401,064903403,0.0019515042888087375
064903403,064903405,0.003513028769581438
064906407,064906408,0.005715099752353036
064906401,064906407,0.0032793853964844712
064903513,064906407,0.0020898260734194284
064903401,064906408,0.003514207880419325
064903512,064906408,0.0013626050182445613
064903513,064906408,0.0009685308829980631
064903401,064906101,0.0027056689261447738
064903401,064906215,0.0029854214526730634
064903401,064903512,0.0013165846464550934
064903401,064903405,0.00031411958613279705
064903405,064903407,0.0010192782253259818
064903405,064906101,0.002757875992874685
064903405,064903406,0.0035266568697170514
064903406,064903407,0.0029817973002862347
064906104,064906105,0.0033565022575576912
064906101,064906104,0.0027231497828163
064903406,064906104,0.003538788816856128
064903406,064906101,0.003009301566727419
064903308,064906101,0.005950543091233806
064903307,064906101,0.004109464422331979
064906101,064906216,0.0029691841955671997
064906101,064906215,0.000690417383018971
064903307,064903308,0.0025761802806706976
064903306,064903307,0.004150832896805997
064903306,064906214,0.0013713018898267701
064903306,064906213,0.001378100774061287
064903307,064906216,0.0025044955327113896
064903307,064906214,9.80280910062014e-05
064906211,064906213,0.0030146969679406225
064906209,064906211,0.0028892081390438926
064906211,064906212,0.0035479697235449225
064906208,064906211,0.000746847137067665
064906208,064906209,0.002752065634321968
064906208,064906212,0.0021737724787435683
064906207,064906208,0.0028369473508444857
064903509,064906208,0.0013164715479337366
064906212,064906213,0.002924283198823769
064903509,064906212,0.0027893183698467104
064906213,064906214,0.005896668090034795
064903509,064906213,0.001443687503867992
064906214,064906216,0.002973622213230701
064906214,064906215,0.002926823778779758
064903512,064906214,0.0014093154384320157
064903509,064906214,6.068797304615817e-05
064906215,064906216,0.002527833715075782
064903512,064906215,0.002942918386080885
064903509,064903512,0.0027555456735192806
064903512,064903513,0.0025264335758893117
064903511,064903512,0.0012690822274430285
064903509,064903511,0.0014085937034415707
064903511,064903513,0.003966737536154592
064903510,064903511,0.003993579819986739
064903511,064903610,0.0014923053670319938
064903511,064903609,0.0012212368906723327
064903510,064903610,0.002440966284762986
064903508,064903610,9.29215646425222e-05
064903610,064903611,0.0029066249285442107
064903605,064903610,0.001248982157022556
064903609,064903610,0.0027716957089107697
064903606,064903610,0.0027062120038868456
064903508,064903611,0.0024521213018030646
064903611,064903612,0.002969579075726812
064903605,064903611,0.001228732654685366
064903604,064903611,0.0012260440405156233
064903509,064903510,0.003387814341415385
064903508,064903510,0.005157532313691565
064903508,064903509,0.0014579692350019174
064903507,064903509,0.002091697756275738
064903507,064903508,0.0022774943644919207
064903506,064903508,0.005122271819541262
064903507,064906207,0.004212998586075735
064903506,064903507,0.004242814836772539
064903506,064903612,0.0024707139385825123
064903505,064903506,0.005622442008832375
064903502,064903505,0.002494174524305883
064903502,064903612,0.001457105454226742
064903501,064903612,0.0015828148602776407
064903603,064903612,0.0024845429831927145
064903501,064903602,0.0024823783603726006
064903601,064903602,0.0038510969971463148
064903602,064903603,0.0037296204821226247
064903602,064903704,0.0024580875953553486
064903501,064903502,0.005251298908105824
064903501,064903601,0.002759819266277339
064900206,064903601,0.002483555202163041
064900206,064903703,0.00011678961033614744
064903601,064903703,0.002722435140582945
064903703,064903704,0.0024202446770411863
064903704,064903709,0.0025430731481443226
064903603,064903604,0.00492381234953537
064903603,064903709,0.0012171786852338494
064903604,064903605,0.003099494743510776
064903604,064906304,0.00046360297348132357
064903604,064906303,0.0012266376047641704
064903604,064903709,0.001230770721616663
064903605,064903606,0.0031070098107202878
064903605,064906304,0.002466454693274494
064903708,064906303,0.0012307945485620548
064903708,064903709,0.0024919161005338766
064903707,064903708,0.003720558702615783
064903708,064906302,0.0015932634284674075
064903709,064906303,0.0026670166026782497
064903707,064906302,0.0016524296760898705
064903707,064906301,0.001235572318569367
064906301,064906307,0.002117170424851809
064906301,064906302,0.0037302150674175666
064906302,064906304,0.0024781528680774267
064906302,064906306,0.0015932661428699935
064906302,064906303,0.0012494425852666172
064906302,064906307,0.0016593651974841932
064903607,064906305,0.002101886734292534
064903606,064906305,0.0016546882954374285
064906304,064906305,0.0028412929713383392
064906305,064906306,0.003364809738266505
064906305,064906308,0.0012681024043412453
064903606,064906304,0.00159937196261636
064906303,064906304,0.003969556628431514
064903606,064903608,0.0015095592358847542
064903606,064903607,0.002499619760921159
064903513,064906401,0.0010834783282143983
064903513,064903609,0.0028595277127989958
064903609,064906401,0.0011115937324665827
064903608,064903609,0.00568332034229689
064903806,064906401,0.0013871278018220187
064903804,064906401,0.0013981995526135406
064903608,064906401,0.0008023201581947934
064903608,064903804,0.0023593145488069755
064903607,064903608,0.004148681488050323
064903607,064903804,0.0020745432494336472
064903607,064903802,0.003929222744160505
064903802,064903804,0.000251023785685374
064903802,064903803,0.00432224994236695
064903801,064903802,0.002845432644178727
064903802,064906308,0.002132830635803597
064903804,064903806,0.007427636912445663
064903803,064903804,0.003220292691457706
064903804,064903805,0.0038516013253019634
064903806,064906403,0.0012103951943691156
064903806,064903807,0.0030254419878251847
064903803,064903805,0.0025322422480633677
064903803,064903810,0.0011541341708582952
064903801,064903803,0.0004316549386974264
064903801,064903810,0.004599389687151965
064903801,064906308,0.004597079842600842
064906306,064906308,0.002104395612001724
064903810,064906308,0.000882070373196385
064906307,064906308,0.0029286060965836667
064906306,064906307,0.0033663976002748512
064271816,064271817,0.0030794745577899705
064271808,064271817,0.002140668266751166
064271817,064271818,0.009416165739226195
064271809,064271817,0.0034638240733050277
064903805,064903807,0.0021045116471662744
064903805,064903809,0.0022282080641685747
064903805,064903810,0.0050193150957188225
064903807,064906403,0.0024884727075996987
064903807,064903808,0.004007820171272778
064903807,064903809,0.0012103856241040781
064903809,064903811,0.00448518940583695
064903809,064903812,0.001247673954317033
064903808,064903809,0.002072858507821719
064903809,064903810,0.002863897350980058
064903810,064903811,0.002446628958115725
064271829,064903810,0.0003841696176801042
064271823,064903810,0.006503680800107308
064271823,064271825,0.002251052269176948
064271823,064271824,0.000773239386180358
064271822,064271823,0.003900127730879592
064271823,064271829,0.0028535045541415926
064271823,064271826,0.0015139787778203546
064271823,064271827,0.00216121674359556
064271818,064271823,0.009066992879210105
064271829,064903811,0.003840374838542572
064271828,064271829,0.0020173521142932533
064271829,064271830,0.0007032906712807571
064271826,064271829,0.00032214004872848344
064271827,064271829,0.001931216273020485
064903811,064903911,0.003670510793955307
064271830,064903811,0.0013185530280350234
064903811,064903812,0.001800731977293028
064271831,064903811,5.7171443494713e-05
064271826,064271828,0.0013486844151882169
064271827,064271828,0.0005275329683808463
064271826,064271827,0.0008177877932110018
064271822,064271824,0.001514987048755834
064271821,064271822,0.0028906253070436726
064271818,064271822,0.0020084444283222725
064271821,064271824,0.001617048151435457
064271820,064271821,0.0030767082471896186
064271819,064271821,0.0033078779118660634
064271818,064271821,0.00253223065915743
064271819,064271820,0.002179567024156753
064271818,064271819,0.001695823192162225
064271820,064271824,0.003371963759452582
064271820,064271830,0.00029105326412838425
064271818,064271820,0.006734056553364939
064271820,064271831,0.010033437471809039
064903904,064903907,0.0010138643824562114
064903904,064903905,0.002035583946109248
064903903,064903904,0.0027386325676682175
064903902,064903904,0.003322293234106319
064271831,064903904,0.0026877169935401613
064271824,064271825,0.0016252463790295123
064271824,064271830,0.0010854303076112614
064271825,064271830,0.002263364158019585
064271825,064271826,0.0016545822204237996
064271826,064271830,0.00359256208570659
064271830,064271831,0.006553097749194203
064906503,064906504,0.003011207133438617
064906504,064906506,0.0010577490657357235
064906504,064906505,0.0035130503710903223
064906502,064906504,0.0030356235243076245
064906501,064906504,0.003047262299945237
064903909,064906504,0.0019783594782436806
064906501,064906502,0.005630706220260664
064903909,064906501,0.006724213701646923
064903908,064903909,0.007170772609829832
064903906,064903908,0.0027218193027215487
064903907,064903908,0.005445168610733074
064271831,064903908,0.0036210575636456198
064903909,064906505,0.0014658778052032268
064903909,064903910,0.003911241703876706
064903909,064903911,0.001424112398539962
064271831,064903909,0.0072672705976813716
064903906,064903907,0.003670984635821891
064903905,064903907,0.002136521880804851
064271831,064903907,0.0021183021280579725
064903905,064903906,0.0013807240724522662
064903903,064903905,0.00183818606305157
064904001,064906502,0.00024097336932438015
064906502,064906503,0.0030030350378118078
064904001,064906503,0.007667597330426176
064906503,064906506,0.0042285597742849155
064904001,064904003,0.0007962495784552539
064904001,064904002,0.0026912346280693897
064904001,064904004,0.004486007679756006
064904004,064904010,0.0007040764825057177
064904004,064904011,0.0021503798941075827
064904003,064904004,0.0017294775952234607
064904004,064904005,0.004171237883420359
064904004,064906506,0.002590489208646905
064904008,064904010,0.003030007499000668
064904009,064904010,0.0007494904979190671
064904010,064904011,0.0025143888734972895
064904005,064904010,0.002398245049818953
064904011,064906506,0.001242127014900368
064906505,064906506,0.0015360193567438524
064906506,064906507,0.0009759061072605617
064906506,064906508,0.0025103391352485124
064906506,064906509,0.0027338541674249914
064906505,064906509,0.001528737390919681
064906505,064906510,0.0021658025389332215
064903910,064906505,0.002089959952592762
064903911,064903912,0.0041360901805811276
064903910,064903911,0.001708882176032021
064903812,064903911,0.00014503866417098593
064271831,064903911,0.0037884161985489366
064903910,064906510,0.0016401141136987794
064903910,064903912,0.0033323800486567117
064906508,064906509,0.003448154699275908
064906509,064906511,0.002443824372180401
064906509,064906510,0.0017822152918116451
064906510,064906511,0.0040211312629936605
064903912,064906510,0.0048590857646178855
064903912,064906511,0.00037367864986110857
064903912,064906403,0.001085872274905917
064903812,064903912,0.0043437763633302675
064903812,064906403,0.001991260440601954
064903808,064903812,0.004007665096211205
064903808,064906403,0.0020729124613199047
064906511,064906512,0.002310974009882496
064906508,064906511,0.0029635025342383283
064906507,064906512,0.0062443664245653415
064906508,064906512,0.005447280770046255
064904011,064906507,0.0015530515607661845
064904012,064906507,0.005383751305705055
064906507,064906508,0.0012047208218703967
064904009,064904011,0.0027349032117080893
064904011,064904012,0.0014943301440197678
064904009,064904012,0.0010309335999905064
064904009,064906602,0.001426884786380719
064904007,064904009,0.004179845751726044
064904008,064904009,0.0013162346397761798
064906601,064906602,0.0051024012123848115
064906602,064906603,0.00337668395183317
064904007,064906602,0.00426023414270172
064904006,064906602,0.001332049574154401
064904007,064904008,0.0015875339444915409
064904006,064904007,0.005425107163549613
064904006,064904008,0.0026052342547648174
064904005,064904008,0.0012687583572814187
064904005,064904006,0.0023114630649324034
064904003,064904005,0.002134351564911567
064904003,064904006,0.0003267342672380388
064904002,064904003,0.004829117487825212
064904006,064906601,0.001543659697437269
064906601,064906603,0.0021209715925480065
064275105,064275117,0.010034928698731545
064903902,064903903,0.0020934861197430326
064903901,064903902,0.0024814996727567967
064271831,064903902,0.003537665274387899
064271831,064903901,0.005334612997707029
064271818,064271831,0.01014990007096788
064271831,064275105,0.00918877322764566
064271831,064275101,0.005303956581996169
064271831,064271909,0.011774435200267077
064271831,064272007,0.0009283616317214741
064275101,064275105,0.008497875282374574
064271903,064271911,0.0032333857876528215
064271902,064271903,0.0027897773107205355
064271903,064273906,0.00219052777176888
064271907,064271911,0.0033132542282192654
064271901,064271911,0.0018785950971032033
064271901,064271907,0.0011599265660361413
064271901,064271908,0.0038360900560377824
064271901,064271902,0.003937957225153403
064271901,064272001,0.0036823882774429635
064271907,064271909,0.004549339727070185
064271907,064271908,0.003743337602489679
064271908,064271909,0.006614225419413023
064271908,064272001,0.004495869233191508
064271909,064272001,0.0021718779651297565
064272004,064272006,0.0019006094128773588
064272004,064272005,0.0047075480770791085
064272001,064272004,0.006316469062771495
064272003,064272004,0.0015716757849804912
064272002,064272004,0.001867007626193724
064272005,064272006,0.0014088168870969903
064272005,064272011,0.0015407398758903478
064271315,064272005,0.003187582345494774
064272003,064272005,0.00141296889673595
064271311,064271315,0.0033028538282960846
064271311,064271314,0.004713648685101425
064271308,064271311,0.0015814974592941928
064271311,064272003,0.0030598022420993336
064271315,064272011,0.0033707421301556384
064271315,064271420,0.0015637518632887271
064271307,064271315,0.0015439161082418935
064271308,064271315,6.555953249061763e-05
064271307,064271308,0.0018049933262799353
064271308,064271314,0.000426728421752184
064271306,064271308,0.00131322002835577
064271308,064271309,0.0028887617326830866
064271308,064271313,0.0021232202058452596
064271309,064271314,0.002590130398453039
064271314,064272003,0.0014981909931903192
064271310,064271314,0.0030641357923966465
064272002,064272003,0.005878500170980239
064271310,064272003,0.0016294462676272204
064272001,064272002,0.007205286068653723
064271310,064272002,0.0008820626508268242
064272001,064272007,0.0026826165182431676
064272001,064272006,0.00511082210624297
064271902,064272001,0.005042896726393991
064272001,064273906,0.00047120009145564776
064271310,064272001,0.0002334171477431769
064272001,064272112,0.0017700697836144888
064271902,064273906,0.0021465837363400277
064272112,064272113,0.006138025265534682
064272109,064272113,0.003685501737471188
064272107,064272113,0.0007877029969337288
064271310,064272112,0.002446081513203841
064272109,064272112,0.0011260652291627787
064272110,064272112,0.0007919760236184832
064272108,064272112,0.00021691126093010724
064271310,064272111,0.001881995387144814
064271310,064272110,0.0005011473906763571
064272108,064272109,0.005472841743093055
064272107,064272109,0.0007313375045463666
064272108,064272110,0.004332080958513722
064272104,064272108,0.003173157080915144
064272105,064272108,0.0012751639046448377
064272107,064272108,0.003989834241746963
064272105,064272107,0.0013272473555450692
064272107,064272203,0.004063765085774527
064272106,064272203,0.0023764022237530782
064271010,064271013,0.0019979164305695372
064271007,064271013,0.0016559088265398437
064271009,064271013,0.0026888373111128086
064271008,064271013,0.0010247536774044162
064271011,064272106,0.0024510904325251355
064271010,064271011,0.0027179640271839086
064271011,064271108,0.0002377719314858649
064271010,064271108,0.0013374401675996092
064271007,064271010,0.003055694700819006
064271007,064271108,0.0009180795698999695
064271007,064271107,0.0018268913900216077
064271006,064271007,0.002071622262036063
064271005,064271007,0.001996723478257971
064271007,064271008,0.001999237553696668
064272105,064272106,0.002530576967838848
064271108,064272106,0.001957822924593229
064272104,064272105,0.002767106139581362
064271108,064272105,0.0026220071977543858
064272103,064272104,0.0037350846317807593
064272101,064272104,0.002843513905069996
064271108,064272104,0.0008168359556561415
064271108,064272101,0.0016465911305180683
064271108,064271109,0.0017491184125066274
064271107,064271108,0.0025593249313068866
064271107,064271109,0.004806438240915165
064271107,064271112,0.0009977765396741128
064271106,064271107,0.0030905432116372553
064271006,064271107,0.001337275003832496
064271106,064271112,0.0021384258233884275
064271105,064271106,0.002821642743079885
064271006,064271106,0.0022167405491605925
064271109,064272101,0.002518684657756832
064271109,064271110,0.0025204034533515282
064271109,064271112,0.001841153784374407
064272101,064272102,0.001569426868268851
064272103,064272110,0.00247770340701542
064271210,064272103,0.002616730167625322
064272102,064272103,0.003616592878486153
064272110,064272111,0.005269075393831775
064271304,064272110,0.0003382885952516305
064271210,064272110,0.0002527482305576124
064271309,064272111,0.0026958701915936467
064271305,064272111,0.002003277938923063
064271305,064271309,0.0025807188943499887
064271305,064271313,0.0026232243996055383
064271304,064271305,0.0029593661407830993
064271306,064271313,0.0025916381392390156
064271303,064271313,0.0010568682142881754
064271304,064271313,0.0010863425352807047
064271306,064271420,0.0007242645991740791
064271306,064271418,0.0033430519530677823
064271306,064271307,0.0018669170689866409
064271303,064271306,0.0010598318419071523
064271306,064271312,0.0014183869483452916
064271418,064271420,0.0015601841074071613
064271418,064271419,0.003979345948259115
064271417,064271418,0.0020645131638709676
064271312,064271418,0.0026711768908342943
064271418,064271423,0.0016072645289245291
064271303,064271312,0.0026069042881078567
064271302,064271312,0.0018746543568659655
064271302,064271303,0.002079289883814648
064271303,064271304,0.002649273743021319
064271302,064271304,0.002610308095661872
064271301,064271304,0.0003007051408848994
064271209,064271304,0.001661578885185924
064271210,064271304,0.0052036482394086534
064271209,064271210,0.003724272083795688
064271210,064272102,0.0026099909082665453
064271111,064272102,0.001294170926716589
064271110,064272102,0.0012181866812387154
064271110,064271111,0.005222448063253143
064271104,064271110,0.0017546494100551214
064271110,064271112,0.0020188286719408613
064271104,064271105,0.002305689737742216
064271105,064271112,0.0024537830856776843
064271006,064271105,0.0007644342937194568
064271103,064271105,0.004884158060459278
064271101,064271105,0.0004474172736209294
064271111,064271209,0.0012933547191853337
064271111,064271208,0.0026189609028881757
064271111,064271207,0.0013133281283154935
064271104,064271111,0.0013058777572457353
064271209,064271301,0.0016173094558715251
064271205,064271209,0.00045072251394203284
064271208,064271209,0.003572100455770433
064271205,064271208,0.0013266306268727057
064271207,064271208,0.004913334676259586
064271205,064271207,0.0025687358528685414
064271206,064271207,0.0035540991438647823
064271206,064271213,0.002633200880654804
064271206,064271211,0.003587343581797597
064271104,064271206,0.002635907514772976
064271211,064271213,0.0010526966281873174
064271202,064271211,0.001288729211016083
064271201,064271211,0.0046274569702469456
064271104,064271211,0.0012761223715926327
020560208,064271201,0.0018613559390073349
064271201,064271202,0.0017242651352147454
064271104,064271201,0.0023361373164573654
020560201,064271201,0.0010505234121585643
020560101,064271201,0.0012927432750741462
020560102,064271201,0.00038023833664223327
064271205,064271213,0.0023623681365182647
064271202,064271213,0.0013131813189078472
064271205,064271301,0.0016171552727863002
064271204,064271205,0.003265214363987752
064271203,064271205,0.0015835375720126845
064271205,064271212,0.0014494747755439913
064271202,064271205,0.0010595875429408193
064271204,064271301,0.003009374091819053
064271203,064271204,0.003991035264370638
064271417,064271423,0.001991696029245557
064271416,064271423,0.003996057352510976
064271302,064271423,0.002758302679267211
064271301,064271423,0.0027147017187674023
064271203,064271423,0.0005337223646591161
064271415,064271423,0.0016065675491555732
064271301,064271302,0.004430943167428432
064271203,064271301,0.0005708314517070027
064271417,064271419,0.0023732910482604035
064271417,064272015,0.0040493170563641765
064271416,064271417,0.0015585266584837365
064271414,064271417,0.0008041781967841886
064271613,064272015,0.002639127226701333
064272012,064272015,0.0018927291170200045
064272013,064272015,0.0016221377504724724
064272014,064272015,0.001137053368375583
064271614,064272015,0.0009067615358262362
064272015,064272016,0.002261325721908234
064271419,064272015,0.002659432094846616
064271601,064272015,0.005027376851334802
064271413,064272015,0.0032909033967274343
064271412,064272015,0.0005480772405604906
064271414,064272015,0.0009700684151362701
064271613,064271818,0.0031517544856377497
064271611,064271613,0.0003006201362454249
064271612,064271613,0.005729763939473926
064271613,064272012,0.002643326493172518
064271613,064271614,0.004139690111300182
064272012,064272013,0.0013235298565450137
064272013,064272014,0.0005651920536306112
064272012,064272014,0.0006080264776618503
064272011,064272012,0.0013393438657163753
064272009,064272012,0.0018852309508701022
064272010,064272012,0.002225507315539073
064272012,064272016,0.002239118584129411
064271419,064272012,0.0038937648844200303
064271419,064272011,0.0008963141535593525
064271419,064271420,0.0041582082017025835
064271420,064272011,0.001560583752487725
064271307,064271420,0.002042175949972575
064272006,064272011,0.0022042623283766135
064272010,064272011,0.003592039701337653
064272006,064272010,0.0029973088610290408
064272009,064272010,0.004632745736371609
064271818,064272008,0.0021815912956879265
064272007,064272008,0.002446317173519337
064272006,064272008,0.0014416000548662239
064272008,064272009,0.0017093637339882144
064272006,064272007,0.001962646530149918
064271818,064272007,0.0035875439195903005
064271818,064272009,0.0035413401436699132
064271816,064271818,0.0038197778490154464
064271814,064271818,0.0023895660775248295
064271619,064271818,0.0009800759272312561
064271608,064271818,0.002662708841800688
064271609,064271818,0.0013004867034837296
064271815,064271818,0.00194878872106279
064271611,064271818,0.001428347101377917
064271610,064271818,0.001556498465383669
064271608,064271619,0.0015624128947841656
064271608,064271618,0.0013115318581953708
064271608,064271609,0.0028359100450805912
064271609,064271618,0.0032665133564392175
064271607,064271609,0.003425957752762681
064271609,064271610,0.0036632506915049877
064271609,064271617,0.0016312932976380006
064271611,064271612,0.0044606658399309876
064271612,064271615,0.0016271753535225322
064271610,064271611,0.003519015189923031
064271611,064271615,0.0008385258266327909
064271614,064271615,0.000788676529074763
064271602,064271614,0.0032583308340097504
064271601,064271614,0.002051006021730806
064271602,064271615,0.0010917535260266415
064271602,064271603,0.0017015995868237001
064271601,064271602,0.0024399435503940758
064271601,064271603,0.0006361847870635476
064271601,064271604,0.0017531099257860135
064271512,064271601,0.0017941214824153564
064271603,064271615,0.003638662831004207
064271603,064271616,0.0009987644413303014
064271603,064271604,0.0029777274005240778
064271615,064271616,0.0031358956288428906
064271610,064271616,0.0015906415334853096
064271607,064271617,0.0025234632104145353
064271617,064271724,0.0014201313007315784
064271606,064271617,0.0016536112031037054
064271616,064271617,0.0024586856512672116
064271605,064271617,0.002719327576048439
064271605,064271616,0.0009059773720592424
064271604,064271616,0.002562479018025908
064271513,064271518,0.0017873292491352483
064271513,064271604,0.003747908063396704
064271513,064271517,0.00019582019268075777
064271511,064271513,0.002377695903054429
064271513,064271516,0.0013577311285990845
064271512,064271513,0.002045836642852369
064271518,064271604,0.000698686130024243
064271604,064271605,0.0024961726876447455
064271512,064271604,0.0010331414405975305
064271511,064271517,0.0019903300244977977
064271510,064271511,0.00235647473094115
064271511,064271516,0.001994598384957912
064271606,064271721,0.0029902352967622996
064271606,064271720,0.0001692481755610659
064271518,064271606,0.0019442867675422335
064271605,064271606,0.0023696023426192773
064271518,064271605,0.001687269685615947
064271607,064271724,0.0008675135569847449
064271723,064271724,0.0011611889640699325
064271724,064271725,0.0035504672498596224
064271722,064271724,0.0021537733463950445
064271721,064271724,0.001257473032261168
064271619,064271725,5.102127171375281e-05
064271618,064271725,0.000530574154854198
064271607,064271725,0.0015319021321161801
064271715,064271725,0.002757597250020342
064271711,064271725,0.0013325715959355243
064271723,064271725,0.00043116641511931205
064271715,064271813,0.0018277602574788498
064271619,064271715,0.0010414307519440215
064271715,064271812,0.001225947897391287
064271715,064271716,0.0020037816865688695
064271711,064271715,0.0016083845214997497
064271607,064271618,0.000791976233787675
064271618,064271619,0.002498611874610861
064271619,064271814,0.0010346639643202158
064271619,064271813,0.0010186822325432645
064271813,064271814,0.0021665999085913154
064271812,064271813,0.0008905294014258057
064271814,064271815,0.000619993922050928
064271812,064271814,0.0006107914041399127
064271815,064271816,0.0006443602869473907
064271811,064271815,0.0016828702335787429
064271812,064271815,0.0036303961398307053
064271716,064271815,8.30276224126915e-05
064271716,064271812,0.0009834520302535123
064271811,064271816,0.0022991396151365797
064271810,064271811,0.002747773307745043
064271716,064271811,0.0034363709297310406
064271810,064271816,0.00437309211766665
064271809,064271816,7.021391174651904e-05
064271714,064271810,0.0014461842041094445
064271716,064271810,0.0002533664227946636
064271809,064271810,0.001255249726901719
064271714,064271716,0.00021671980324634128
064271710,064271716,0.001180346598060668
064271711,064271716,0.0024909051614455985
064271716,064271723,0.0001349778375256865
064271711,064271723,0.002406585506366857
064271710,064271723,0.003239444343802192
064271708,064271723,0.0001882607404777098
064271718,064271723,0.002228685846055997
064271722,064271723,0.002077050832869716
064271710,064271714,0.003501521276488984
064271710,064271809,0.0010978578447452202
064271710,064271807,0.0005183516515432265
064271709,064271710,0.0016578598303994623
064271708,064271710,0.00217330900929119
064271714,064271809,0.0018429009690549693
064271808,064271809,0.0007981689670942252
064271807,064271809,0.001177448751019152
064271709,064271807,0.0023390133413153094
064271709,064271805,0.0007230783751636959
064271708,064271709,0.0022908851347403394
064271709,064271806,0.0010591625564193839
064271807,064271808,0.0017476619358677676
064271805,064271807,0.0010206797765793154
064271805,064271808,0.001101215557092991
064271706,064271805,0.0005312594719998517
064271805,064271806,0.002191076223239994
064271706,064271806,0.0027533379070238014
064271704,064271706,0.0016183182917965584
064271708,064271806,0.0023603143981483
064271704,064271806,0.001027540378633539
064271718,064271806,0.000503930871643112
064271717,064271806,0.0014589231446137476
064271708,064271718,0.0022662380022378994
064271713,064271719,0.00045432542430985277
064271713,064271717,0.0014940022682877526
064271712,064271713,0.0029538217167641
064271707,064271713,0.0032770731213991842
064271713,064271726,0.0016104424020906216
064271701,064271713,0.0001514680811822266
064271704,064271717,0.0009501258267614339
064271717,064271718,0.0026380195141097306
064271717,064271719,0.0016945704197778996
064271712,064271717,0.002178442215805756
064271704,064271712,0.0023326487022794218
064271701,064271726,0.0028852208182535404
064271701,064271702,0.0018820453502517557
064271505,064271701,0.00021749603336686073
064271504,064271701,0.001434965544678931
020561201,064271701,0.0012430659554327674
064271707,064271726,0.0019070904091543636
064271702,064271726,0.0020984432019443685
064271707,064271719,0.0032396174799919843
064271707,064271720,0.0006994885260055003
064271518,064271707,0.0002663462358937204
064271515,064271707,0.002179680128185836
064271702,064271707,0.0015491198232265302
064271505,064271707,0.0009064528001246463
064271505,064271702,0.0024889478132107826
064271505,064271515,0.0029470469075035914
064271505,064271514,0.00023454866025936986
064271505,064271506,0.002926899228435374
064271504,064271505,0.0021858887817144397
064271515,064271518,0.0019342592963777223
064271514,064271515,0.002431594013599628
064271718,064271719,0.0013757201478733067
064271719,064271720,0.004246501107923055
064271718,064271722,0.0007849082201575754
064271718,064271720,0.001962830049727359
064271720,064271722,0.0015019151563568506
064271720,064271721,0.0012838877665441346
064271518,064271720,0.0019681887230357446
064271721,064271722,0.0026716390579741124
064271517,064271518,0.0035715368108062205
064271514,064271518,0.0005691307218756093
064271514,064271517,0.00016661026360585988
064271506,064271514,0.0025322829367602617
064271506,064271517,0.001571176679519775
064271510,064271517,0.0003559392173126514
064271506,064271507,0.002049165799889819
064271507,064271509,0.002337204335997607
064271502,064271507,0.0023132376656153546
064271507,064271508,0.003397689638970234
064271501,064271507,0.0013477241638056062
064271501,064271502,0.002365057923051502
064271501,064271508,0.004698056149544094
064271410,064271501,0.0018075834922488838
020560901,064271501,0.0028266715355075417
020560801,064271501,0.002879001261200196
020560901,064271502,0.0015793310772176596
020560901,020560907,0.0015032048038454212
020560901,020560906,0.002468011677183799
020560901,020560905,0.0014885277679992127
020560801,020560901,0.0025404220655556877
020560901,020560902,0.0014870050190746388
020560906,020560907,0.001020144237735039
020560905,020560906,0.0014436053102096485
064271503,064271506,0.0022667797787773356
064271502,064271503,0.0028053568435947767
064271503,064271504,0.0032168121354286387
020560907,064271503,0.003018030204119126
064271502,064271506,0.00015514915056455018
020560907,064271502,1.7997249256089618e-06
064271506,064271510,0.0006728830075095574
064271506,064271509,0.0009412932466484751
020561201,064271504,0.0017313272840751009
020560907,020561201,0.0035640486809294975
020560907,020560908,0.0030221506891351634
020560905,020560908,0.0020508336915766386
020560904,020560908,0.001026702768856544
020560905,020560907,0.0010257850082731233
020560904,020560905,0.003957845284012259
020560902,020560905,0.0020528647369733753
020560902,020560904,0.0030768210480822946
020560903,020560904,0.0029317055988269877
020560902,020560903,0.0014864730241898807
020560808,020560903,0.001486605968856725
020560803,020560903,0.0020775827207316026
020560803,020560808,0.0011095434281524906
020560804,020560808,0.002304193531159392
020560807,020560808,0.002592982338003884
020560804,020560807,0.0008703414209354015
020560806,020560807,0.003694085483429323
020560803,020560804,0.002802112210070979
020560804,020560806,0.004149913767378866
020560804,020560805,0.0022742413689723303
020560802,020560803,0.0056130737872466165
020560306,020560803,0.0023736441463058965
020560803,020560805,0.0010503688011117092
020560306,020560309,0.0019403394595014117
020560306,020560802,0.002030488395144396
020560306,020560307,0.0022846450199351283
020560304,020560306,0.003614138946877155
020560306,020560308,0.001410151311116208
020560306,020560805,0.0036929208938590607
020560305,020560306,0.0020819310809704204
020560801,020560802,0.00340726978248052
020560309,020560802,0.0007137626240298466
020560802,020560902,0.003073865646729604
020560801,020560902,0.002056350337731632
020560310,020560801,0.0018825351711507226
020560309,020560801,0.002675883503723344
020560304,020560307,0.003186022685388971
020560307,020560308,0.0031842263241414794
020560303,020560307,0.002225434287475215
020560308,020560309,0.003705573407459774
020560308,020560312,0.002464093087363779
020560308,020560311,0.004583701062279433
020560210,020560308,0.0016813270290593478
020560210,064271212,0.0009710384067289653
020560210,020560311,0.004095023218195341
020560209,020560210,0.005518373009784027
020560207,020560210,0.0022436104749457065
020560210,020560303,0.0011159741567802056
020560310,020560311,0.0006348076166910443
020560311,064271212,0.0016354299114568933
020560310,020560312,0.0026665708576279943
020560309,020560312,0.0005722529534680915
064271402,064271410,0.001553534693014774
064271402,064271406,0.0012869332951442895
064271402,064271403,0.0010461033128651017
064271401,064271402,0.0017053301333538433
064271212,064271402,0.00031131202423512183
064271404,064271409,0.0009787552698685992
064271404,064271408,0.0008573619304674897
064271404,064271405,0.0011645766530556584
064271403,064271404,0.00039628597384777
064271403,064271409,0.0004319919060049446
064271403,064271410,0.0006399126399678024
064271403,064271405,0.0012094570199837182
064271403,064271406,0.000697724217619884
064271405,064271408,0.00040788161089966594
064271405,064271406,0.0004147496376951908
064271409,064271414,0.000765753076380943
064271409,064271411,0.0007087960396893546
064271409,064271421,0.0003148494823003294
064271409,064271410,0.0022560704530766654
064271408,064271409,0.0013539204726281517
064271410,064271411,0.0015436191691798416
064271410,064271421,0.0016448951991625672
020560310,064271410,0.0052765159646834935
064271212,064271410,0.0002830400113489551
020560310,020560314,0.0026068717887181175
020560310,020560313,0.001014079739285951
020560309,020560310,0.0015516008812363777
020560310,064271212,0.00046542410766767434
020560313,020560314,0.0018785115865987585
020560309,020560314,0.0018879772260194465
020560309,020560313,0.0029912555113081754
064271508,064271509,0.005031920015737363
064271508,064271512,0.0008834875662828994
064271411,064271508,0.0034851588703864777
064271509,064271510,0.006362497817272747
064271510,064271516,0.0026974116905801983
064271510,064271512,0.0023187330678337724
064271512,064271516,0.003323596395825403
064271412,064271512,0.004906563955480986
064271411,064271412,0.0009041101988399424
064271411,064271422,0.003597469862877645
064271411,064271421,0.0017725387514452178
064271412,064271422,0.0022244382012662277
064271414,064271422,0.002023560201381646
064271414,064271416,0.003993729053384703
064271413,064271414,0.0029874215142095466
064271412,064271414,0.0019292957505799946
064271414,064271415,0.003950989229852297
064271412,064271413,0.005657169816277256
064271415,064271416,0.001544310111482708
064271203,064271415,0.0039961984063024494
064271408,064271415,0.003123569372795152
064271203,064271408,0.0012336761014530779
064271203,064271407,0.0003793386738486907
064271203,064271401,0.00041125452769274665
064271203,064271212,0.0031700994860836378
064271406,064271408,0.0006871870773167913
064271406,064271407,0.0002362695271784847
064271407,064271408,0.0011739732757001917
064271401,064271407,0.0014518241456198033
064271212,064271401,0.0018313236006327718
064271202,064271212,0.007050392748062564
020560208,020560209,0.004776476549891439
020560209,064271202,0.0027415821880417564
020560201,020560208,0.0018021385227759805
020560201,020560202,0.0012876600487165956
020560201,020560203,0.0014207540032260691
020560101,020560201,0.002545221232312863
020560202,020560204,0.0013939407913305417
020560202,020560205,0.0026910663406296154
020560202,020560203,0.0006457371940054923
020560102,020560202,0.0017350027944403592
020560203,020560208,0.0012013181256832486
020560203,020560204,0.000748278606734214
020560204,020560208,0.0018377202473028667
020560207,020560208,0.0019206397596009468
020560206,020560208,0.00013950885143245941
020560205,020560208,0.001186125721684889
020560204,020560205,0.0009571097012867937
020560206,020560207,0.0011894215673981532
020560205,020560206,0.0027151370944654063
020560122,020560206,0.000837520397919619
020560122,020560205,0.0018369086007912444
020560121,020560205,0.0006114250877266051
020560102,020560205,0.002176787284055166
020560121,020560122,0.002136070838767376
020560112,020560121,0.003317242283922135
020560102,020560121,0.0006455059026658426
020560112,020560122,0.002952664686669225
020560103,020560112,0.0011903584077820274
020560111,020560112,0.0016138978076254318
020560112,020560113,0.000306663085448806
020560102,020560112,0.00015714193685147036
020560111,020560122,0.000614959028553628
020560103,020560111,0.0013217711253474232
020560110,020560111,0.0011542073096967856
020560111,020560120,0.001143808021651451
020560103,020560115,0.002544852301384969
020560102,020560103,0.0013743190203105858
020560103,020560120,9.932708031211531e-05
020560102,020560115,0.0015811448100618863
020560105,020560115,0.0019550392303845795
020560115,020560120,0.0013546931570640628
020560115,020560116,0.0021615392182249395
020560115,020560117,0.00010706361689621947
020560104,020560115,0.0005066687144540215
020560102,020560113,0.009039088125456934
020560102,020560105,0.0017084437817022535
020560105,020631613,0.0009053029094298836
020560105,020631612,0.0010398816720436916
020560105,020560116,0.0017473180386141048
020560116,020631612,0.0005862835763526926
020560104,020560116,0.002381465507447807
020631612,020631613,0.002270707419468327
020631610,020631612,0.0007988023761811812
020631611,020631612,0.0017412080007960593
020631604,020631612,0.0018883701610974187
020560104,020631612,0.0004592767353028781
020631510,020631604,0.004383820947546202
020631501,020631510,0.002994645088245518
020560401,020631510,0.0028035637203733385
020560402,020631510,0.0018999363254906035
020631510,020631511,0.0033901337271452316
020631509,020631510,0.0030528732971996614
020560118,020560119,0.000690011593954099
020560117,020560118,0.0013471819478280893
020560118,020560124,0.00014495824378549753
020560108,020560118,0.0015789334189519103
020560107,020560118,0.0013034409912901564
020560107,020631604,0.0010834273646250245
020560107,020560117,5.8144322850513214e-05
020560106,020560107,0.0015900099272432133
020560107,020560108,0.0013152648677795813
020560106,020631604,0.0007969853156506779
020560106,020560117,0.0010354624614430132
020560104,020560106,0.001464701690878666
020560104,020631604,0.0002527039657473367
020560104,020560117,0.001138156811281679
020560110,020560120,0.00044969544740973595
020560119,020560120,0.0010751091841568877
020560117,020560120,0.0007821585586864786
020560117,020560119,0.000944973194084246
020560109,020560119,0.0019083872997882204
020560110,020560119,0.001114380512647203
020560119,020560124,0.00030567095389157285
020560109,020560124,0.0005490696187903289
020560108,020560124,0.0026291551434965803
020560108,020631604,0.0016212071071478092
020560108,020560301,0.002021666579924785
020560108,020560109,0.0007230746451677918
020560108,020560401,0.004608653002226853
020560401,020560407,0.0028295990036973197
020560401,020560402,0.0031174746606980872
020560401,020560403,0.001590572638143122
020560402,020631511,0.0023145317715928208
020560402,020560403,0.0036398960514156674
020560402,020560404,0.0016768648665393133
020560403,020560406,0.0036438009100726557
020560403,020560404,0.0015868597125005689
020560407,020560408,0.00279664483672446
020560301,020560407,0.0035114324025201883
020560406,020560407,0.0035053341861736513
020560301,020560302,0.002310965027069429
020560301,020560408,0.0012444994724631975
020560109,020560301,0.0047154424616898324
020560109,020560122,0.0011992134636036836
020560109,020560114,0.0013040855876248992
020560109,020560123,0.004385103542850473
020560109,020560303,0.0013258919608495554
020560109,020560110,0.001632494185643121
020560122,020560123,0.0009144778344312585
020560114,020560123,0.001513719611231296
020560110,020560122,0.0006004851328454323
020560122,020560207,0.0020566398526437445
020560114,020560122,0.001617482831369799
020560122,020560303,0.004829068572552445
020560114,020560303,0.0020560432840734553
020560207,020560303,0.00023882632079147073
020560303,020560304,0.0036129919971190343
020560302,020560303,0.0038629379379515874
020560304,020560305,0.003171005520640956
020560302,020560305,0.003262802686775439
020560302,020560408,0.004374236938807288
020560305,020560805,0.0029203098857436957
020560305,020560604,0.004499333573901224
020560305,020560411,0.002485988145887289
020560305,020560408,0.0005410298362570102
020560305,020560409,0.0030227533316820156
020560805,020560806,0.004861662249869887
020560604,020560805,0.0007227823440668741
020560603,020560604,0.0010984782273384813
020560411,020560511,0.0010598128463178964
020560411,020560603,0.0006204652710506802
020560409,020560411,0.0026898652005088713
020560410,020560411,0.003098789066643119
020560411,020560505,0.0013325932459731253
020560511,020560603,0.0023719491319059874
020560510,020560603,0.0009401512822056424
020560509,020560603,0.0009046987144095573
020560510,020560511,0.0029080485731343077
020560505,020560511,0.0019313184421017805
020560505,020560510,0.001321793580989418
020560509,020560510,0.00307953296349353
020560506,020560510,0.0013335783813367779
020560506,020560509,0.0007321537589227239
020560507,020560509,0.00221145183656611
020560506,020560507,0.0029929591975073177
020560507,020560508,0.004006836783573612
020560507,020631415,0.00029552134321900934
020560503,020560507,0.003015050709032201
020560507,020631409,0.0009911491179729903
020560505,020560506,0.002976505573383031
020560504,020560506,0.0020602090341965253
020560410,020560505,0.002577683172283434
020560405,020560505,0.0019966384138829147
020560504,020560505,0.001980020254469759
020560405,020560504,0.001485502236243487
020560503,020560504,0.0024261891043692706
020560404,020560504,0.001031050874787909
020560501,020560504,0.00206219879674642
020560405,020560410,0.0030951673443493826
020560405,020560406,0.005556431417245563
020560404,020560405,0.0010319673593334223
020560409,020560410,0.0025490174435015707
020560408,020560409,0.006689253422432224
020560406,020560409,0.0015905867759465186
020560404,020631511,0.0010728659127559749
020560404,020560501,0.0029632545272821756
020560404,020631507,0.0010695313840898538
020631503,020631505,0.0007935032502594645
020631505,020631507,0.0015760059428860857
020631505,020631506,0.0030699641986215893
020631401,020631505,0.003176544021910745
020631504,020631505,0.003874808255602287
020560501,020631506,0.001070715506199377
020560502,020631506,0.0020574974822914665
020631506,020631507,0.002969360825773426
020631401,020631506,0.001583858593492536
020631402,020631506,0.0017153723102478848
020631401,020631504,0.0015047444743467703
020631401,020631402,0.0034748129740923323
020631210,020631401,0.0017447127764916171
020631209,020631401,0.0016789832229383522
020631206,020631401,0.004099525119979665
020560502,020560503,0.003002190723459674
020560501,020560502,0.003561068758119035
020560502,020631403,0.0022646669285868557
020560501,020631507,0.0021392608606287857
020560503,020631409,0.00248012846700774
020560508,020631415,0.0005239245154623307
020560508,020631409,0.000886341524571357
020631409,020631415,0.001859115915764477
020631407,020631409,0.0019008803621976206
020631407,020631408,0.0014067820345760713
020631407,020631413,0.0009443191642654228
020631408,020631409,0.0006718306627746351
020631409,020631414,0.000825411566770572
020631403,020631409,0.0016651028765694781
020631408,020631414,0.0014718518188664128
020631403,020631414,0.00136209888582546
020631405,020631414,0.0007946617245339403
020631408,020631411,0.0006513625045568712
020631405,020631408,6.562679984279306e-05
020631411,020631413,0.0009373586666607391
020631405,020631411,0.001658077865061388
020631403,020631405,0.0014898024931893745
020631402,020631403,0.004430104744359505
020631210,020631402,0.002551028316347863
020631210,020631211,0.0028604075889993386
020631208,020631210,0.002661639842379324
020631209,020631210,0.004534076101460552
020631208,020631211,0.0027430931864482855
020631202,020631208,0.009884483384708173
020631208,020631209,0.0015758488546399837
020631207,020631208,0.003043806698686733
020631203,020631208,0.0008666140774040482
020631207,020631209,0.0038193984141769444
020631206,020631207,0.0015063681704718885
020631203,020631207,0.004773667563435165
020631206,020631209,0.0017573318916853243
020631205,020631206,0.0032034893500865113
020631204,020631206,0.0021001204333730454
020631203,020631206,0.0015336648254286615
020631201,020631203,0.0019993057894882506
020631202,020631203,0.0023190109189991518
020631203,020631204,0.002671221194495169
020631201,020631204,0.0027771578634505165
020631204,020631205,0.0026858387563140737
020630909,020631201,0.0012726843524582202
020631002,020631201,0.004412681434221367
020631003,020631201,0.001279276057030894
020631201,020631202,0.0013945960378999999
020631201,020631205,0.0016538131550963365
020631006,020631201,0.0007073192369962805
020630909,020631002,0.0011834771453809651
020631001,020631002,0.0037802595352744535
020631002,020631003,0.004570911175261747
020630914,020631504,0.0009133688620653153
020630913,020630914,0.004249185213777459
020630909,020630914,0.0030964831066525866
020630914,020631205,0.002700589955716963
020630913,020631503,0.0010324526869146377
020630913,020631504,0.002247592735512726
020630912,020630913,0.002755822979204587
020630910,020630913,0.0010349233922152304
020631503,020631504,0.003772060738523919
020631205,020631504,0.0015346916997454438
020631507,020631511,0.00257806260267961
020631507,020631508,0.002613284117572903
020631503,020631507,0.0020675716631734327
020631509,020631511,0.0020699537847158602
020631508,020631511,0.0026171206925755747
020631508,020631509,0.003040574985042023
020631503,020631508,0.005118805780224101
020631502,020631503,0.001463293081625585
020630912,020631503,0.0030939733027971813
020630911,020630912,0.0020667272843528533
020630912,020631502,0.002784929714506612
020630910,020630912,0.0010348558070051718
020631501,020631509,0.002682982583829821
020631502,020631509,0.0020742256248594973
020631501,020631604,0.005654489966539869
020630904,020631501,0.003202748272262886
020630905,020631501,0.0010573031249039985
020631501,020631502,0.0042515388085151064
020630905,020631502,0.002065132463201021
020630905,020630911,0.0025307622188982986
020630906,020630911,0.003327716565210021
020630910,020630911,0.003784879832517497
020630906,020630910,0.0010179367307758685
020630909,020630910,0.002503281362286047
020630908,020630910,0.001292298348842428
020630907,020630910,0.001032923083650765
020630908,020630909,0.0031117832367382253
020630908,020631001,0.001370890822066019
020630907,020630908,0.0031090385046347027
020631001,020631003,0.001892143865713507
020631001,020631004,0.0017819775791072879
020631001,020631005,0.0021413290545185142
020630907,020631001,0.0015437987406662378
020630610,020631001,0.003316858015267993
020630906,020630907,0.0015876610792035718
020630611,020630907,0.00206265787949513
020630610,020630907,0.002100667992868432
020630610,020630611,0.0032270537159671295
020630608,020630610,0.001021365407736908
020630609,020630610,0.0010923766651595337
020630611,020630612,0.003120169287907119
020630607,020630611,0.0010192917877497427
020630608,020630611,0.0010326697888782752
020630612,020630906,0.0020521128491827784
020630612,020630901,0.0030086097012961273
020630607,020630612,0.002038720839245931
020630905,020630906,0.0022917357379695687
020630902,020630906,0.001597995226666213
020630901,020630906,0.00207314914122745
020630901,020630902,0.0029043827079156042
020630604,020630901,0.0020496015384541856
020630902,020630904,0.002582427537297347
020630902,020630905,0.0016760801798993813
020630902,020630903,0.003944453596712662
020630604,020630902,0.0012285118738537882
020630604,020630607,0.002234788526544802
020630606,020630607,0.003086970300136462
020630607,020630608,0.0022325570199743846
020630604,020630606,0.000743847612101795
020630606,020630608,0.0012308024738705513
020630606,020701608,0.0022594666555118452
020630605,020630606,0.0015309340999712772
020630511,020630606,0.0011536807057185303
020630603,020630604,0.002226497437859157
020630604,020630605,0.003945061150321779
020630603,020630605,0.0006879139375872339
020630602,020630605,0.001268734682880807
020630601,020630605,0.0013799168355623965
020630507,020630605,0.0012383336815544675
020630511,020630605,0.002258348249328635
020630602,020630714,0.0014249150169192513
020630602,020630709,0.0013765571976703647
020630602,020630603,0.004907329465431232
020630601,020630602,0.003911601020010806
020630714,020630808,0.0023265963240813948
020630713,020630714,0.0026623017704125226
020630709,020630714,0.0020425023501914564
020630603,020630714,0.0015764207569762367
020630603,020630903,0.0033626497609612715
020630808,020630903,0.0025533693190204127
020630903,020630904,0.0023755164778764114
020630808,020630809,0.006811137205542194
020630807,020630808,0.001250154371188495
020630808,020630904,0.00153339879120599
020630713,020630808,0.0017674618068711056
020630810,020631602,0.0024663964272499737
020630810,020630811,0.0034495390468859636
020630806,020630810,0.002073422569080669
020630809,020630810,0.003399480068071693
020630807,020630810,0.0010384706489055563
020630807,020630809,0.003568481396112049
020630809,020631603,0.0006516313171215465
020630809,020631604,0.005922441825393459
020630809,020630904,0.002543647837211687
020630904,020631604,0.0012562238813788426
020630904,020630905,0.003725472549388859
020631610,020631611,0.0034024871217159095
020631605,020631611,0.0016295981124891292
020631604,020631611,0.0029117947262910114
020631604,020631605,0.004470698744109734
020631603,020631604,0.005074159637883415
020631605,020631610,0.0025016986543177472
020631605,020631606,0.0024178087195419985
020631603,020631605,0.0020895178225694613
020560102,020631609,0.0032169125070796003
020631609,020631613,0.001914977703355425
020631609,020631610,0.004166313045001908
020631608,020631609,0.005694132424693992
020631606,020631609,0.002075399877393108
020631610,020631613,0.002613244129690074
020631606,020631610,0.0010415771386332777
020560102,020631613,0.0021695335773561086
020560102,064271104,0.005372007771250483
020560101,020560102,0.0038107920745256013
020560102,020631608,0.0022715681818789592
064271103,064271104,0.007950312787644175
064271102,064271104,0.0004688348953360618
020631608,064271102,0.005161220658147631
020631608,064271001,0.0002749166064246987
020631607,020631608,0.0045713250363160545
064271101,064271103,0.0010533960793643793
064271102,064271103,0.004684796227791648
064271101,064271102,0.006391647899794917
064271001,064271102,0.002441628117465769
020631601,020631607,0.0035551634167643063
020631601,064270902,0.0019994066158328517
020631601,020631606,0.0020744989214054104
020630813,020631601,0.0047033078313161525
020631601,020631602,0.002970647235122188
020631607,064271001,0.0025126064054183292
020631606,020631607,0.0036799035775579862
020631602,020631606,0.0020200086009926864
020631603,020631606,0.0002917115390924588
020631602,020631603,0.005055892113110984
020630813,020631602,0.001855215747994613
020630811,020631602,0.0010365130936708209
020630813,064270902,0.0018465116552828986
020630812,020630813,0.0027254241330065153
020630811,020630813,0.0020616603630566666
020630804,020630811,0.0012160938945479582
020630811,020630812,0.0034895554617865522
020630806,020630811,0.0020782057084155993
020630812,064270902,0.0015500855206680869
020630812,064270901,0.00188795483364721
020630804,020630812,0.0026847146263518553
064270902,064270903,0.002353994344182028
064270902,064271001,0.003932210112084404
064270902,064270913,0.002097325629014134
064270901,064270902,0.0025515940938848894
064271001,064271101,0.0009886981282980504
064271001,064271002,0.0016175162709952853
064271001,064271003,0.0022108497524257146
064270913,064271001,0.0009768669839184936
064271006,064271101,0.0020897923462910783
064271005,064271101,0.001933915059874737
064271002,064271101,0.0025522628439960766
064271005,064271006,0.0043694379954973194
064271005,064271008,0.0013603379457929835
064271004,064271005,0.002230995915767443
064271002,064271005,0.0007540953241649795
064271002,064271004,0.0012747714322106074
064271002,064271003,0.0030811968542510696
064271003,064271004,0.002181071272872955
064270905,064271003,0.0007934990940137133
064270913,064271003,0.001993722845087404
064270905,064270913,0.0022202320348471815
064270903,064270913,0.0030100128682862275
064270905,064271004,0.0015533355665104326
064270905,064270906,0.002779379770875922
064270905,064270907,0.0015273372998929821
064270903,064270905,0.0019863220952780645
064270904,064270905,0.002080152662924488
064271004,064271008,0.0038498911697435164
064270906,064271004,0.0013363279251894073
064271008,064271009,0.0019788756635313446
064270908,064271008,0.0010857025228792952
064270906,064271008,0.0016600294622954102
064270908,064271009,0.0012722798999029795
064270906,064270908,0.0016280948915712013
064270908,064270914,0.0028302056660981264
064270906,064270914,0.003013244557062896
064270907,064270914,0.002268156152697971
064270906,064270907,0.0014154592413283692
064270904,064270907,0.0010827730613660244
064270903,064270904,0.0010487433591118039
064270901,064270904,0.003614523135985016
064270801,064270904,2.8219179636167116e-05
064270901,064270903,0.001911403894523145
064270801,064270901,0.004285850085805094
020630804,064270901,0.0014565012327824025
020630804,064270801,0.003180786442986228
020630804,020630805,0.005261274701194247
020630803,020630804,0.00149652762850978
020630804,020630806,0.0015698755575482147
020630803,064270801,2.838445220400989e-05
020630803,020630805,0.0013543055427569285
020630802,020630803,0.004363349129363726
020630702,020630803,0.0035716731995613024
020630702,020630802,0.0015620825554052092
020630702,020630704,0.001604763086866159
020630704,020630801,0.001181016254524847
020630704,020630705,0.0045758816960157446
020630705,020630801,0.0008120994305790865
020630705,020630706,0.0037462360761673116
020630705,020630711,0.0008679846394279324
020630801,020630805,0.0013394225547320106
020630801,020630802,0.004087961452102032
020630801,020630806,0.0010824487902687326
020630712,020630801,0.0017084837315402977
020630711,020630801,0.0027081749062313333
020630802,020630805,0.0023457378929598372
020630805,020630806,0.003908366389715757
020630806,020630807,0.0031017180830228202
020630712,020630806,0.0010736199026137414
020630712,020630807,0.002088376409652193
020630713,020630807,0.0010518949632278413
020630712,020630713,0.002272553883056562
020630710,020630713,0.0018447215932006849
020630709,020630713,0.0008483029765215765
020630711,020630712,0.004342559947915164
020630710,020630712,0.0013627026796986853
020630706,020630711,0.0020482161494187307
020630710,020630711,0.0013671549752162216
020630708,020630709,0.004209713596451391
020630505,020630708,0.003203541140786327
020630601,020630708,0.0027863788648935434
020630707,020630708,0.002466831195728426
020630709,020630710,0.002729115759066932
020630707,020630710,0.0018387496003171963
020630506,020630601,0.001844146716466313
020630507,020630601,0.0026913420861889815
020630506,020630507,0.0033647095558976842
020630507,020630511,0.0010497779688873109
020630507,020630508,0.004484726930374378
020630505,020630506,0.0030620756544376083
020630503,020630506,0.0029843434593570996
020630506,020630508,0.0014866299938166468
020630505,020630707,0.000990738336343006
020630504,020630505,0.001825037143337992
020630503,020630505,0.0037854710235551113
020630503,020630504,0.0014880319236559964
020630502,020630503,0.0035027547653066196
020630501,020630503,0.0027676075537949375
020630207,020630503,0.0012623953398225986
020630503,020630509,0.0014826665129122742
020630208,020630503,0.0007714750021514804
020630706,020630707,0.0031718663639503705
020630504,020630707,0.0010961025220760214
020630504,020630706,0.0019146644520401188
020630411,020630504,0.0026343516197076576
020630411,020630502,0.003078212315864414
020630501,020630502,0.003235956737859179
020630212,020630502,0.0018988545857012346
020630211,020630212,0.004204989885787041
020630208,020630211,0.00031667682586177946
020630211,020630308,0.0021199100485976754
020630211,020630307,0.0008862260105915033
020630210,020630211,0.004789692670077845
020630212,020630501,0.0030033874126116494
020630208,020630212,0.0015173390390907605
020630208,020630210,0.00044616880320359965
020630209,020630210,0.0013111590172394352
020630210,020630307,0.0012482626706399446
020630202,020630210,0.003555856191097885
020630201,020630210,0.0024731735040642703
020630104,020630105,0.0015867274816289388
020630104,020630202,0.0013604043482181298
020630104,020630204,0.001306611257633615
020630103,020630104,0.0016956260434437447
020630104,020630203,0.003115332225776674
020630104,020630201,0.0024502058824252835
020630104,020630306,0.0013487465295474745
020630102,020630104,0.007893685992184405
020630202,020630209,0.0011248113045567367
020630202,020630203,0.004135784520603982
020630201,020630202,0.002434839523166612
020630203,020630209,0.0008345312482009441
020630203,020630205,0.0007852877401946059
020630203,020630204,0.0018524557395341449
020630207,020630209,0.002640969150260189
020630206,020630209,0.0007796412615456469
020630208,020630209,0.0027788763596194067
020630205,020630209,0.00290976860179837
020630208,020630501,0.002971995779924884
020630207,020630208,0.004220797348172613
020630207,020630509,0.0012095331177657072
020630206,020630207,0.0014937625593477303
020630508,020630511,0.0017565334807628204
020630508,020630510,0.002975750328767149
020630508,020630509,0.0033316750896768966
020630509,020630510,0.002047524490118322
020630206,020630509,0.00416102378935893
020630509,020701605,0.0014881996665086807
020630205,020630206,0.0034177643260231184
020630206,020701605,0.001481839638702652
020701602,020701605,0.0013962386082000703
020701602,020701610,0.002808880284920396
020701602,020701604,5.463284088403922e-05
020630213,020701602,0.0009980216502463851
020701602,020701603,0.0009066043957800887
020630103,020701602,0.0018017464751603695
020701601,020701602,0.0045646192796384285
020630102,020701602,0.001371360479243498
020630103,020630204,0.0015829777594680739
020630103,020630213,0.0013774535086143384
020630102,020630103,0.0029379324390118944
020630205,020630213,0.001387175306927088
020630204,020630213,0.001007207805031252
020630205,020701605,0.0007264366069005539
020630204,020630205,0.002281326286892513
020630101,020630102,0.013122674759320385
020630101,020700408,0.0026206116521520677
020630101,020700809,0.0022811434542039486
020630101,020700409,0.0035173218807939737
020700806,020700809,0.002653493713871171
020700409,020700806,0.002467827202208252
020700806,020700807,0.003724405628288242
020700805,020700806,0.003884507454336477
020700802,020700805,0.0026085514746061545
020700804,020700805,0.0037301975581424084
020700805,020700901,0.001229336556275324
020700409,020700805,0.0012638157494878398
020700805,020700807,0.002471358663689585
020700408,020700409,0.002504434720976911
020700409,020700809,0.003172633519485791
020700406,020700407,0.002680915073309458
020700405,020700406,0.0030499570741998336
020700406,020700802,0.0020326757070582117
020700406,020700408,0.0028681987103234695
020700407,020700408,0.0012464619052568082
020700408,020700802,0.0025139208629931173
020630102,020700408,0.0006058159662924004
020630102,020700407,0.0032229545155330118
020630102,020700404,0.0006783855618231107
020630102,020630105,0.0005660868185356925
020630102,020701601,0.003494565055998331
020630102,020630106,0.003110573844745568
020630102,020630107,0.0030959043105066343
020630102,020700308,0.0006330173895973461
020630102,020701505,0.0014623614321639445
020630102,020700809,0.0017803936630171539
020700404,020700407,0.0014578277392554456
020700405,020700407,0.0015268971411152151
020700404,020700405,0.002746605098485225
020700403,020700405,0.0033969558874223527
020700405,020700514,0.0007314501803947624
020700405,020700802,0.0009274642710359557
020700403,020700514,0.0019033484006574573
020700513,020700514,0.002326077788408631
020700510,020700514,0.0013275354696973413
020700514,020700802,0.0012783264012143328
020700514,020700801,0.001146635622560412
020700511,020700514,0.0013330549097718709
020700512,020700513,0.0013482706999249307
020700509,020700512,0.001147753002381314
020700511,020700512,0.003946628538067629
020700502,020700512,0.003971547737254745
020700510,020700801,0.003882404591057462
020700509,020700510,0.001387281983437566
020700510,020700511,0.00397332628995924
020700509,020700511,0.0014554962657880057
020700502,020700513,0.0008540112917861229
020700501,020700502,0.004496516090951749
020700108,020700502,0.0012848841790279882
020700502,020700503,0.0026867774039693545
020700402,020700513,0.0013483219697581717
020700401,020700513,0.001364753191327126
020700501,020700513,0.0028869760264173764
020700401,020700501,0.0012833123327521427
020700208,020700501,0.0012631831254386987
020700108,020700501,0.0037383221470864707
020770607,020770609,0.0011764613137273494
020770607,020770608,0.0023711718021058657
020770607,020770610,0.0017128104876790176
020770606,020770607,0.0027950332186667108
020770607,020770701,0.0011459171468277264
020770604,020770607,0.0012311838473367516
020700108,020770609,0.00041589622319181737
020700105,020770609,0.001007848785966192
020770609,020770611,0.003890427790187696
020770608,020770609,0.0032639175055259933
020770609,020770610,0.0019620418073352415
020700504,020770610,0.001724447834327326
020770610,020770611,0.002126184618615379
020770610,020770701,0.002993741719471076
020770610,020770712,0.0011886464176690938
020770701,020770712,0.0026759878067489917
020770701,020770702,0.003956434877527796
020770604,020770701,0.003467116348870972
020700108,020770611,0.001580047123927641
020700503,020770611,0.0025953303383388065
020700504,020770611,0.0009119953732936688
020700503,020700509,0.0016709671348301865
020700503,020700508,0.0009005429086519354
020700503,020700504,0.0027070961740900306
020700507,020700508,0.001012224704784806
020700508,020700509,0.0039850155791193494
020700506,020700508,0.0008280041029048469
020700505,020700508,0.003974749265157131
020700504,020700508,0.0009625322230272598
020700505,020700601,0.0018466450244832772
020700504,020700601,0.002713280823341466
020700601,020700612,0.0028581429339744357
020700601,020700602,0.0026391664660260763
020700601,020770712,0.0015914664584526649
020700504,020700505,0.0016825539242556987
020700602,020770712,0.0024473999822916823
020700603,020770712,0.0009902339586241175
020770702,020770712,0.0015069878177476656
020770711,020770712,0.0011309557168471963
020770703,020770712,0.0009916680008281145
020700602,020700612,0.002594935817175589
020700602,020700603,0.0027762641972986666
020700505,020700612,0.0007685665146452959
020700612,020700613,0.0035629092564505773
020700611,020700612,0.0025678201609002143
020700505,020700506,0.0017307461641385977
020700505,020700613,0.001339817839079257
020700506,020700507,0.002683646908856655
020700506,020700702,0.0017297404984971906
020700506,020700703,0.001858155130808546
020700507,020700803,0.00048328098487388345
020700507,020700801,0.0013728425824888293
020700507,020700701,0.0018525629266856148
020700507,020700702,0.0016504882790819462
020700507,020700509,0.001659237934168562
020700802,020700803,0.0015402243686109566
020700803,020700804,0.0037262392619683638
020700801,020700803,0.004148078951317213
020700701,020700803,0.0010374857325493128
020700801,020700802,0.0026731414579775348
020700802,020700804,0.002539008887403051
020700701,020700804,0.0025824911531616354
020700701,020700901,0.0034650131459549142
020700701,020700702,0.005198938563372292
020700901,020700907,0.0017703994489903867
020700901,020700902,0.004121626016925119
020700807,020700901,0.0011762917461887064
020700902,020700906,0.0034088752178212914
020700702,020700902,0.0017448082788609686
020700902,020700903,0.0024974184593325403
020700702,020700710,0.002957217954998166
020700710,020700903,0.0021333281111963805
020700709,020700710,0.002494600044417681
020700703,020700710,0.003588702594496595
020700702,020700703,0.0005421964594313962
020700703,020700704,0.0036652758904667897
020700613,020700703,0.0033827993660947154
020700613,020700704,0.002620993616172964
020700611,020700613,0.0026700490794904328
020700610,020700613,0.0012786754712377701
020700603,020700611,0.002791207173880537
020700603,020700605,0.0015141228401746717
020700603,020770711,0.0019328232559544006
020700603,020700604,0.0012769719607016203
020700610,020700611,0.0014556335966725575
020700605,020700611,0.0011654697095237552
020700605,020700610,0.002749900057958952
020700605,020700606,0.002673738510431696
020700604,020700605,0.0028726486069379615
020700610,020700704,0.002633032353326087
020700609,020700610,0.0027973411258607967
020700704,020700709,0.0025585631379588226
020700704,020700708,0.00016448108322089135
020700704,020700705,0.004535678880513563
020700709,020700904,0.003789866527864641
020700708,020700709,0.0025909822322851845
020700609,020700705,0.0011801722134649236
020700609,020700614,0.002549941457276085
020700608,020700609,0.001470785631232112
020700606,020700609,0.0024675673598026438
020700705,020700708,0.0012759441447946632
020700705,020700707,0.0035046630914415153
020700705,020700706,0.002476141818556143
020700614,020700705,0.0025536347759794807
020700608,020700705,0.0013908469885498178
020700705,020771407,0.0010052353568885074
020700608,020700614,0.002693353056158757
020700608,020771407,0.0014985260139501705
020700606,020700608,0.0011830182007805685
020700608,020771404,0.0014790108125237356
020700607,020700608,0.0014253268877199704
020700707,020700708,0.0036779912058903207
020700706,020700707,0.002582347649545347
020700708,020701001,0.003571071629572908
020700706,020700708,0.0013787983194087764
020700904,020701001,0.0013775149275376821
020701001,020701003,0.0035709564069791
020701001,020701002,0.0013739733710603852
020700909,020701006,0.0009257528845378666
020700909,020700910,0.002903753854464522
020700908,020700909,0.0012398624186012411
020700909,020701301,0.0020978996018476063
020700905,020700909,0.004290325864592422
020700905,020700906,0.0012357724092380749
020700903,020700905,0.0026146553001978766
020700904,020700905,0.0016563158501840575
020700905,020701004,0.0014265017925050767
020700905,020701003,0.0013734917784228562
020700903,020700904,0.003737393937748452
020700903,020700906,0.0023760776989060275
020700906,020700907,0.0012832931680647323
020700906,020700908,0.005139307699036368
020700907,020700908,0.0014455873362674671
020700908,020700910,0.004545101632861331
020700910,020701401,0.0016717533464351286
020700907,020700910,0.001375067864889971
020700910,020701402,0.0027104300230015354
020700910,020701301,0.0023095934913353313
020701401,020701402,0.004198336632791269
020701302,020701402,0.0013672958170820484
020701303,020701402,0.0012715468570162192
020701301,020701402,0.0007085261886514058
020701402,020701403,0.0016048904327865116
020701403,020701405,0.001242179639741076
020701305,020701403,0.0016495475536640195
020701401,020701403,0.004013942192309501
020701403,020701502,0.0012619044590931924
020701403,020701404,0.0045347508793093525
020700907,020701401,0.002292031547148505
020701401,020701502,0.0011488470972085044
020700808,020701401,0.0006203793547108846
020701404,020701405,0.002374129392547156
020701404,020701503,0.0015293296159357144
020701404,020701407,0.003357125152708941
020701404,020701502,0.0001819189723945648
020701509,020701703,0.00129988940855757
020701509,020701704,0.0014907828447791043
020701508,020701509,0.00277349382830207
020701503,020701508,0.0033228853960642485
020701503,020701507,0.00146816149959777
020701503,020701504,0.003435947396447948
020701407,020701503,0.0028494985993330214
020701502,020701503,0.0010946976487706459
020701503,020701505,0.00015144657840037467
020701502,020701504,0.0029400812888188558
020701504,020701505,0.003529641311324342
020701507,020701703,0.001464692673577722
020701507,020701702,0.0014771107174959203
020701507,020701508,0.0014013187267782256
020701506,020701507,0.0013370964554397908
020701505,020701507,0.0016104969220313062
020701501,020701502,0.0017850969808602033
020700808,020701502,0.0014872728554759494
020700808,020700907,0.003451151468000158
020700807,020700907,0.0012924578999337296
020701501,020701505,0.0038695024901542726
020700809,020701501,0.0012700291392992674
020700808,020701501,0.0023571293163867045
020700808,020700809,0.0022453234483204142
020700807,020700808,0.003916345299937353
020700807,020700809,0.002714115265774119
020700809,020701505,0.0017986257923153118
020701601,020701603,0.002019259007062606
020701506,020701601,0.002206926379373661
020701506,020701701,0.0019116693783030672
020701506,020701702,0.001139181588723115
020701505,020701506,0.004669798228497251
020701607,020701701,0.0017411041201586682
020701701,020701703,0.0008180329710731995
020701701,020701702,0.0036800461648686237
020701604,020701701,0.0017233240353522567
020701603,020701701,0.0011697558071172972
020701604,020701606,0.0014981355469743884
020701604,020701607,0.0022094488512023817
020701604,020701610,0.00145691934376878
020701603,020701604,0.0027286928311386076
020701606,020701610,0.0010698247996298966
020701605,020701610,0.003996107219874364
020701605,020701606,0.0020526556228819288
020630510,020630511,0.002056732430010696
020630510,020701606,0.0029801833255401417
020630511,020701608,0.002760075366022648
020701606,020701608,0.0030690151271596973
020701606,020701607,0.0014406523847947993
020701608,020701609,0.0029760452713233987
020701607,020701608,0.0015150357623372965
020630608,020701609,0.003436792432747555
020701609,020701709,0.0029852349783146643
020701607,020701609,0.0020563648616858565
020701607,020701709,0.0004199145706560615
020701607,020701703,0.0005979308839802569
020701702,020701703,0.004017842105916149
020701703,020701709,0.00256175892112477
020701703,020701705,0.0012505803071593922
020701703,020701704,0.001254137043073279
020701704,020701705,0.002738191908003178
020701709,020701710,0.00037888882442925183
020701708,020701709,0.0039053340063883142
020701705,020701709,0.001472986780162053
020630608,020630609,0.0025746427134364317
020630608,020701710,0.0009112493141463038
020630609,020701710,0.0015091698452881466
020631005,020701710,0.005179259275628426
020701707,020701710,0.003353658818843371
020701708,020701710,0.002901613887448508
020631003,020631004,0.003489690096353588
020631004,020631005,0.0043411322696929955
020631004,020631006,0.0016887954391435554
020631004,020701707,0.00045439259851911044
020631006,020701707,0.0016210832497757983
020631007,020701707,0.0010021714868750642
020701707,020701812,0.0005427417412782303
020701706,020701707,0.0052526255491432295
020701707,020701708,0.002440669808371224
020701705,020701707,0.0019482691353557083
020701706,020701812,0.0017043569366830896
020701706,020701801,0.0034370535413788374
020701705,020701706,0.0026440070122278653
020701508,020701706,0.0011199800336088403
020701801,020701812,0.0015801232117001536
020701801,020701802,0.002211654217821181
020701410,020701801,0.0032513570498182987
020701705,020701708,0.0014735594170694124
020701508,020701705,0.0029564252544946727
020701410,020701508,0.0018249582286034175
020701408,020701508,0.0028414257941916697
020701408,020701410,0.0010078014820966987
020701408,020701409,0.001315414214067985
020701407,020701408,0.0029874120102192387
020701406,020701407,0.002054424963916874
020701405,020701407,0.001429681423164708
020701405,020701406,0.0021302079551911495
020701307,020701405,0.0019965997289338503
020701306,020701405,0.0015630037638890443
020701306,020701307,0.0023798533305779035
020701306,020701308,0.002402226014492268
020701305,020701306,0.004777032917067074
020701101,020701306,0.0013445013116838787
020701307,020701406,0.0007979093205100302
020701307,020701309,0.0021623431618270836
020701307,020701308,0.002175164031719138
020701406,020701409,0.0037222642894874
020701310,020701406,0.0005385726513920219
020701309,020701406,0.0010481705169403247
020701410,020701411,0.0013749416248046735
020701409,020701410,0.002783424334881721
020701802,020701812,0.00206162575342168
020701802,020701803,0.0020027706356058497
020701411,020701802,0.0018951497020823736
020701411,020701803,0.0013611053278178486
020701409,020701411,0.0018280357745991875
020701409,020701805,0.001607859051094204
020701308,020701309,0.0021977998576462173
020701101,020701308,0.001753122594507031
020701309,020701310,0.0032163950729105573
020701309,020701311,0.0011465045355610885
020701201,020701309,0.0010666562860360861
020701310,020701805,0.003046446539016181
020701310,020701312,0.001229116429940354
020701310,020701311,0.0009111229165830984
020701311,020701312,0.0017606828037414516
020701210,020701311,0.0010762933028446039
020701201,020701311,0.0005805413010770737
020701201,020701210,0.0015208628095872703
020701201,020701202,0.0024459649255090675
020701109,020701201,0.0012850739216841798
020701101,020701201,0.0007532449742409571
020701102,020701201,0.0012744493908912091
020701210,020701312,0.0015576281644483013
020701209,020701210,0.00119642613260247
020701202,020701210,0.0011116156367240767
020701312,020701805,0.0016295572723501954
020701312,020701806,0.0012691404119027367
020701209,020701312,0.00034982322025150657
020701804,020701805,0.0028728554180725355
020701805,020701807,0.0006895500152554537
020701805,020701806,0.0008197178854896271
020701803,020701812,0.0007031065380390262
020701803,020701811,0.0027003543254975025
020701803,020701804,0.00462092963537407
020701804,020701811,0.0009000021176328781
020701804,020701810,0.0003374140066319777
020701804,020701808,0.0026601855262460977
020701804,020701807,0.0013801409486368526
020631008,020701811,0.002394116406267008
020701811,020701812,0.0014303305547229454
020631009,020701811,0.0011250929688940245
020701810,020701811,0.0005530925765499603
020631008,020631012,0.001873064041030219
020631008,020631011,0.0011928083766659097
020631007,020631008,0.004314010240067901
020631008,020631009,0.003906990261428464
020631007,020701812,0.0019237665998878316
020631003,020631006,0.004822595349489082
020631006,020631012,0.0004318421503943026
020631006,020631007,0.005087322377376499
020631007,020631012,0.0015881658132724317
020631012,020631202,0.001208491641277631
020631011,020631012,0.002108412418298785
020631011,020631202,0.0021951031297659388
020631010,020631011,0.0014180166071239547
020631009,020631010,0.0027721635198535853
020631009,020631101,0.002249305914479805
020631010,020631202,0.002716221754112024
020631010,020631101,0.0015082723802521607
020631101,020631103,0.001470743807045942
020631101,020631102,0.005115109963973995
020631101,020701810,0.003116029492668275
020631112,020631202,0.0016268005159719753
020631110,020631202,0.0016623467150740714
020631109,020631202,0.004236592892360039
020631103,020631202,0.002095933312967658
020631109,020631110,0.0029030916638061836
020631108,020631109,0.00430188929116449
020631107,020631109,0.0013437197876938784
020631103,020631109,0.0014409068421089815
020631107,020631110,0.0015228125998303303
020631107,020631108,0.004161973011536865
020631106,020631107,0.0027541457124761618
020631103,020631107,0.0015317078335387027
020631105,020631107,0.0014225518639902608
020631104,020631107,0.00132250464969772
020491401,020631104,0.0012352400731019718
020631103,020631104,0.001288805778194309
020631104,020631105,0.0055597469919710565
020631104,020701912,0.004455655598092864
020631103,020631108,0.002774780611953413
020631102,020631103,0.0030550011492580325
020631103,020701912,0.0008792754166178348
020631102,020701912,0.00027825756050897643
020631102,020701810,0.0016532588698177394
020631102,020701911,0.002865644318078884
020701908,020701909,0.001180819195292415
020701909,020701911,0.002119784031742158
020701909,020701913,0.001901979397190215
020701905,020701909,0.00221079581812922
020701906,020701909,0.0011004861935522668
020701911,020701912,0.006865906035929414
020701908,020701911,0.0012961126065860308
020490805,020701911,0.0012813372388933676
020701911,020701913,0.0011512997193801947
020701910,020701911,0.0021873845465739945
020490805,020701912,0.0011071332144499293
020490805,020701910,0.0014517003378484578
020701910,020701913,0.0017137725477876283
020701904,020701910,0.0022298174163652104
020701904,020701913,0.0011485250585523416
020701904,020701905,0.0014628978108800709
020490110,020701904,0.0014897966557480442
020701903,020701904,0.0033589921571407903
020490109,020490110,0.0023847445473214515
020490109,020701903,0.0018493349421819657
020490105,020490109,0.0011581253857788668
020490107,020490109,0.00047512679640564605
020490106,020490109,0.0012254113987398177
020490108,020490109,0.0014234196845048848
020701902,020701903,0.0035104507018417592
020701208,020701903,0.000510903574444192
020701207,020701903,0.0022706565622153036
020701206,020701903,0.0033272796319613307
020701902,020701905,0.0022447034403509057
020701905,020701906,0.0014499614655696543
020701207,020701208,0.0008735352988584229
020701203,020701207,0.0010912388803430452
020701204,020701207,0.0033047709455865113
020701206,020701207,0.0008758563489153877
020701203,020701208,0.001452733399727798
020701202,020701203,0.002258925706455084
020701203,020701204,0.001164798156211465
020701110,020701203,0.0014622442992212217
020701208,020701902,0.0014537831453475766
020701208,020701901,0.0014125027732547575
020701208,020701209,0.0027407089568071883
020701902,020701906,0.001479692290835429
020701901,020701902,0.0009933499778275608
020701906,020701908,0.002629384144759244
020701906,020701907,0.001429500863658862
020701810,020701908,0.0014591944935127533
020701809,020701908,0.0016813475920172002
020701907,020701908,0.0012520963940422399
020701808,020701810,0.002314614513187487
020701809,020701810,0.002990955974010093
020701809,020701907,0.0017609307124327918
020701901,020701907,0.002069325983338588
020701808,020701809,0.0015742248299027584
020701807,020701809,0.0013882131218686785
020701806,020701809,0.0009221927920681435
020701807,020701808,0.001599756139222556
020701806,020701807,0.0009356878496379717
020701806,020701901,0.0011542373768859075
020701209,020701901,0.001261039663168076
020701202,020701209,0.002694266995634672
020701109,020701202,0.0014229019647105394
020701109,020701110,0.00131172182837407
020701107,020701109,0.002513906507093495
020701108,020701109,0.0012966696344545504
020701102,020701109,0.002421887220327627
020701110,020701111,0.0013067910586969033
020701107,020701110,0.0014706904440591256
020701107,020701111,0.0022081253186809996
020701107,020701108,0.0028958199487874674
020701106,020701107,0.0010944913379509786
020701104,020701107,0.0022024052496247074
020701103,020701108,0.004200139437894615
020701102,020701108,0.0010990651026722843
020701104,020701108,0.0010930330580837134
020701103,020771708,0.0008762553753723758
020701104,020771708,0.0021757127682701534
020701105,020771708,0.0014848915583462246
020771706,020771708,0.0027812948092420667
020771707,020771708,0.0013338445915400936
020771708,020771801,0.0009303811476355228
020771708,020771809,0.0018446037209038694
020701103,020701104,0.001077874823256937
020701104,020701105,0.0024946818158124817
020701105,020771809,0.0017650106504568258
020771801,020771809,0.0019258454586874609
020490101,020771809,0.0012009695006864691
020771808,020771809,0.0037140539890993976
020701105,020701106,0.004466673457862489
020490101,020701105,0.002023573810723878
020701111,020701204,0.0022163191844665
020701204,020701205,0.0022350812580373297
020701111,020701205,0.0011368242552863284
020701106,020701111,0.002473796654863738
020701205,020701206,0.004409314171795813
020701106,020701205,0.0010796577666541845
020701106,020701206,0.001156117893358958
020490104,020701106,0.0024546420284658104
020490101,020701106,0.0011064071888290021
020490105,020701206,0.0029195228533816604
020490105,020490106,0.002867066954408001
020490104,020490105,0.0011584492515372292
020490106,020490107,0.0032826823407881823
020490106,020490206,0.0016631821418495122
020490104,020490106,0.0012209601620031079
020490106,020490701,0.0011559226218465653
020490104,020490206,0.0013759138988711395
020490103,020490104,0.002189124524709693
020490101,020490104,0.0034488125098637757
020490103,020490206,0.001689813966594048
020490103,020490205,0.0021867952529559423
020490102,020490103,0.0017181939975877592
020490102,020490205,0.0010920938674868973
020490101,020490102,0.002547920212479747
020490102,020490201,0.001828768222081697
020490102,020771808,0.0017556496575541428
020490101,020771808,0.0011234226175770821
020771801,020771804,0.0015969788305459512
020771803,020771804,0.004310067536806099
020771804,020771808,0.0028286474850222087
020771804,020771807,0.0014958407682585284
020771804,020771805,0.0012889606516263983
020771807,020771808,0.004017553877603384
020490201,020771807,0.00289809970484251
020771807,020771909,0.002630886209623355
020771805,020771807,0.0014136414985936162
020771806,020771807,0.0014809046538909244
020771805,020771806,0.0025699772152696556
020771806,020771908,0.00128294183356983
020771806,020771810,0.0014820729242835033
020771806,020771907,0.0012865115850003977
020771907,020771908,0.0029572296494379457
020771810,020771907,0.001286290090195009
020771906,020771907,0.002869238681676111
020771907,020772006,0.0014546172972772016
020771606,020771810,0.0014830523989063035
020771606,020771607,0.0012829620855686313
020771605,020771606,0.001483450353212498
020771606,020771906,0.001283460755943896
020771805,020771810,0.0012885597371509112
020771803,020771805,0.0012824477879429563
020771802,020771805,0.0012906837764761197
020771607,020771805,0.001412967271098341
020771607,020771608,0.002569951082705367
020771603,020771607,0.0012853995912055487
020771604,020771607,0.0014120559728048245
020771605,020771607,0.002570187324912262
020771608,020771802,0.001461390790806513
020771608,020771610,0.001287480586672291
020771608,020771609,0.0012839978683043306
020771603,020771608,0.0014612088341887043
020771801,020771802,0.0012893993738628054
020771802,020771803,0.004313911247514665
020771610,020771802,0.002854543274377255
020771801,020771803,0.0012881505916164766
020771707,020771801,0.0033071764724391345
020771705,020771801,0.0012900546489772865
020771610,020771801,0.001426071843534877
020771706,020771707,0.0027487339823176766
020771705,020771707,0.0026876406652930904
020771705,020771706,0.0013751876186251708
020771704,020771705,0.002711343578532042
020771610,020771705,0.0012832675549574572
020771702,020771705,0.0019823415014798475
020771609,020771610,0.0028531405578527485
020771601,020771610,0.0014257748681727757
020771601,020771609,0.0012843895498700112
020771602,020771609,0.002852782413357739
020771601,020771602,0.002706543647795891
020771602,020771611,0.0014288011921061085
020771602,020771603,0.0012850739568229116
020771601,020771702,0.0038562844053323057
020771601,020771611,0.0012837890033494002
020771511,020771601,0.002848266433975651
020771702,020771704,0.00135165401424887
020771702,020771703,0.0024781955151529666
020771701,020771702,0.0012799328445062697
020771504,020771702,0.0010905311507957145
020701002,020771701,0.0013741625099185396
020771701,020771703,0.004791784957732469
020771502,020771701,0.0032839440911679608
020771503,020771701,0.00111551894258951
020771504,020771701,0.000703112834003635
020701005,020771703,0.002750092817395242
020771703,020771704,0.004656061312034744
020701011,020771704,0.001372658187567187
020771704,020771706,0.0019453341097658433
020701011,020771706,0.002752209288022043
020701012,020771706,0.002159699312317171
020701012,020701103,0.0027302526988398712
020701010,020701012,0.0027086402468715137
020701011,020701012,0.0038064382917432616
020701102,020701103,0.0013326431360016337
020701010,020701103,0.00141072225699276
020701101,020701102,0.00474335322706542
020701009,020701102,0.0012998917062819752
020701101,020701305,0.0011959212399090195
020701101,020701304,0.0011146085843245605
020701009,020701101,0.0027879841845044094
020701008,020701009,0.0035614147257722415
020701009,020701010,0.0022238312957676585
020701009,020701303,0.0008263122997687301
020701008,020701010,0.0013811445677221615
020701010,020701011,0.0013918987394787687
020701005,020701010,0.001218234028971393
020701005,020701011,0.0038261685306066485
020701006,020701007,0.0035623587183313578
020701006,020701301,0.0003944774426793234
020701004,020701006,0.0035708142771045852
020701005,020701006,0.001364728654499905
020701007,020701008,0.004262136641262914
020701007,020701301,0.00145117880596317
020701005,020701007,0.0006922312819598952
020701008,020701303,0.0012966784662367615
020701005,020701008,0.0006785568128755761
020701304,020701305,0.003980481657644797
020701303,020701304,0.0031122012142109226
020701303,020701305,0.001424785445703799
020701302,020701303,0.003949756408099194
020701301,020701303,0.001729433851306072
020701301,020701302,0.0033690003456460426
020701003,020701004,0.0035684499406998596
020701004,020701005,0.0013858526306392673
020701003,020701005,0.0012087736462615393
020701002,020701003,0.002582738772944197
020701002,020701005,0.0024566629865787164
020700706,020701002,0.003675718922760383
020701002,020771502,0.001376674579515786
020771501,020771502,0.004657043606929763
020771502,020771503,0.002743312099626004
020771501,020771503,0.0013822967165994463
020771503,020771504,0.004980839602507113
020771408,020771503,0.001299527292908923
020771406,020771503,0.001413332413906672
020700706,020771501,0.0027479498564327532
020771407,020771501,0.0023003688339765338
020771408,020771501,0.0010158381334679624
020771404,020771407,0.0025548176555371077
020771407,020771408,0.002009100801455135
020771404,020771405,0.0014627234103062293
020771401,020771404,0.001118999554486541
020771403,020771404,0.0014904872573121917
020771403,020771405,0.004708723223577744
020771310,020771403,0.0012206947466267513
020771401,020771403,0.0038153997834854633
020771402,020771403,0.003433125368841051
020771406,020771408,0.0020842108723604777
020771405,020771408,0.0018471377083626684
020771406,020771504,0.0010446599998130922
020771405,020771406,0.003599315333989924
020771311,020771406,0.0006490590551306683
020771311,020771405,0.001374893455188503
020771310,020771405,0.0007500564942804957
020771307,020771310,0.0026939070152920065
020771307,020771308,0.002959017870185392
020771306,020771307,0.0032317647216149287
020771306,020771310,0.0014816797741421216
020771306,020771308,0.0015269312433349223
020771204,020771306,0.0012195966564779593
020771305,020771306,0.0030874315341700535
020771306,020771402,0.001720507552401799
020770809,020771306,0.0012385941785394482
020771304,020771306,0.001547750506039959
020770809,020771402,0.0009049484584521904
020770808,020770809,0.002396337078988581
020770805,020770809,0.0008417389496322028
020770809,020771304,0.001170403443924833
020771401,020771402,0.0016647261022628777
020770808,020771402,0.0023513681489289954
020770808,020771401,0.0011149404915959584
020770807,020770808,0.0034042227115005197
020770805,020770808,0.0021761818117696508
020771304,020771305,0.0011678884186970679
020771303,020771304,0.0011352534537803652
020770805,020771304,0.0011224032799403837
020771302,020771304,0.0015731515275848444
020771302,020771303,0.0015501520187164134
020770804,020771302,0.0008645014669049343
020771301,020771302,0.003784106164531953
020771301,020771303,0.00163919110350736
020771201,020771301,0.001343338689174333
020770910,020771301,0.0033252036010791575
020771004,020771301,0.0019822394960821335
020770804,020771301,0.0015865749878315079
020770902,020771301,0.0004318544578266181
020770912,020771301,0.0018679636098555131
020770911,020771301,0.0003501579695362791
020770910,020770911,0.0012183679532249587
020770911,020770912,0.002139807724122863
020770909,020770911,0.0009314266615367241
020770908,020770911,0.0012997176331721843
020770907,020770911,0.0015499349326457321
020770908,020770909,0.001572837196755339
020770907,020770908,0.0028785062375529247
020770908,020771001,0.00260062705586578
020771001,020771004,0.001276728796612218
020770909,020771001,0.0009304146709809413
020771001,021050604,0.0018108746084218828
020771001,020771002,0.0024895011888973347
020770909,020770910,0.001571272026862326
020770910,020771004,0.0014929105921244737
020771002,020771003,0.002671347871777079
020771002,020771006,0.0007751159622580319
020771002,021050607,0.0016456364922067686
020771002,021050606,0.0027287872897318326
020771004,020771009,0.0008242152471881673
020771004,020771201,0.0010063512659730797
020771004,020771005,0.00229182747484512
020771003,020771004,0.002409746618365316
020771303,020771305,0.003123139837081495
020771201,020771303,0.0009675613636213967
020771201,020771305,0.0011654807158221266
020771204,020771205,0.001274466137393356
020771204,020771308,0.0017096806995974359
020771203,020771204,0.0017207922653157271
020771202,020771204,0.0012253633936518966
020771201,020771204,0.0011763374953846586
020771202,020771203,0.003922164626564801
020771201,020771202,0.0026968273747922373
020771201,020771203,0.00031789872141880723
020771009,020771201,0.002616956208143005
020771003,020771005,0.0013340510398490671
020771003,020771006,0.0010752910414878216
020771006,020771011,0.0005469732744675192
020771005,020771006,0.002194224379945062
020771006,020771007,0.001343177042712674
020771006,021050607,0.0024201968675972066
020771005,020771009,0.0009559935954201368
020771005,020771007,0.0025299926375104854
020771009,020771203,0.001997857753773924
020771009,020771010,0.003864098066354254
020771008,020771009,0.001268813281909709
020771007,020771009,0.002228004934847197
020771007,020771008,0.00045160179549580604
020771007,020771011,0.0012184769104494025
020771008,020771011,0.0024260037388654614
020771011,021050607,0.003102328628356715
020771203,020771206,0.00271410642474188
020771101,020771203,0.0030857014537254836
020771010,020771203,0.0005747743178530533
020771206,020771208,0.0013920204884110246
020771206,020771207,0.002946762720320165
020771205,020771206,0.0012805504787321113
020771102,020771206,0.0016135606661981403
020771101,020771206,0.0013105864643647063
020771207,020771210,0.0011405834551252482
020771207,020771209,0.0013743245158842237
020771207,020771208,0.0011394782275452133
020771205,020771207,0.0015570463717304583
020771210,020771506,0.0016112785596134093
020771209,020771210,0.001466932335081929
020771210,020771309,0.0021633084878083858
020771205,020771210,0.0013757740878848105
020771309,020771506,0.001524161266946076
020771309,020771311,0.001771850014004949
020771309,020771310,0.0015175858702971702
020771205,020771309,0.0015304482456885188
020771308,020771309,0.0014691532526188377
020771205,020771308,0.0012571654685564156
020771310,020771311,0.0036391595352971316
020771504,020771505,0.0018751743270365503
020771505,020771511,0.001425945601310883
020771505,020771506,0.001834284313263936
020771311,020771505,0.0014566761947784792
020771311,020771506,0.0015526155615834287
020771504,020771511,0.0025824881034950302
020771506,020771510,0.004322012785646382
020771506,020771507,0.0007444914878745226
020771510,020771511,0.004134225131217783
020771509,020771510,0.0014621037800806617
020771508,020771510,0.0006035736942604784
020771507,020771510,0.0006104400293573929
020771511,020771611,0.0014280220118594083
020771509,020771511,0.001286400702259433
020771603,020771611,0.0012828382031577464
020771208,020771209,0.0028531557142743545
020771107,020771208,0.0013363929195063053
020771106,020771208,0.0012252454194482427
020771209,020771507,0.0031074469869678822
020771107,020771209,0.0008757385544886815
020771507,020771508,0.003494571225821204
020771507,020771901,0.001194567197752145
020771106,020771107,0.0030181759082660077
020771102,020771106,0.003837495965488235
020771105,020771106,0.0017867513261228657
020771107,020771901,0.003060262588671562
020771107,020771108,0.0015561374410232023
020771105,020771107,0.001228604385247627
020771603,020771604,0.0012820770487984203
020771604,020771605,0.001482811120380695
020771509,020771604,0.0028932905172038893
020771604,020771904,0.0012803569470215726
020771508,020771509,0.0035346087712860275
020771508,020771904,0.0006461724987236493
020771509,020771603,0.0014609111660054662
020771509,020771904,0.0006436232160047906
020771605,020771905,0.0025675601940438374
020771904,020771905,0.002870359861817372
020771904,020772005,0.0012834119344482479
020771903,020771904,0.002764571898213466
020771901,020771904,0.0013963952338668535
020771905,020771906,0.0041531917813289075
020771905,020772005,0.0012853380576236077
020771906,020772006,0.0025637334847085852
020772006,020772007,0.003846440739008473
020772005,020772006,0.0013526537876008466
020772006,020772204,0.0012992860595283883
020771902,020772005,0.0026709302093006456
020771902,020771903,0.0012869983181035922
020771901,020771902,0.0026934516341886733
020771902,020772001,0.0012719974080310276
020772005,020772007,0.001283186858509382
020772004,020772005,0.0025607299761791543
020772001,020772004,0.0025795050101237024
020771901,020772001,0.0006006668356830369
020772001,020772002,0.0035638917433584443
020771109,020772001,0.0012888439567213443
020772001,021050711,0.001310771845132426
020772001,020772003,0.0014796551491180429
020771108,020771901,0.002697305130613795
020771108,020771109,0.0027573330444253547
020771105,020771108,0.003950109678595361
020771901,020771903,0.0014727861218341
020771103,020771104,0.0025931146672778086
020771010,020771104,0.0034309952647852823
020771104,020771109,0.0012441018964680672
020771104,020771105,0.0009472239866713183
020771104,021050712,0.0009793400406923416
020771104,021050709,0.0020293948981584264
020771105,020771109,0.0010821612545210064
020771109,021050712,0.0037773658887317266
021050711,021050712,0.0030506515526748205
021050709,021050712,0.0036532569856579673
020771010,021050709,0.00015618996251670354
021050709,021050710,0.0014365319138816388
021050708,021050709,0.0033795489485719346
020771010,020771101,0.0039003193837050523
020771008,020771010,0.0033770656701939666
020771010,021050606,0.003589028082017941
020771010,021050704,0.0024850422342193043
020771102,020771105,0.00022520002965824423
020771103,020771105,0.0027611667045061242
020771102,020771103,0.002278815986223843
020771101,020771103,0.0022847294629608442
020771101,020771102,0.0033466215011992524
020771008,021050606,0.0010434084758602145
021050112,021050514,0.003442484661515706
021050513,021050514,0.0032452159559711487
021050210,021050514,0.0016285925094812808
021050209,021050514,0.0011043884659902635
021050105,021050112,0.0024288387600256037
021050109,021050112,0.0013336481925701603
021050110,021050112,0.0043725879287086905
021050112,021050606,0.014547155880960908
021050112,021050513,0.0034874578254843135
021050112,021050210,0.0030519107557563244
021050112,021050511,0.002272091636786437
021050112,021050701,0.0007469541416295848
021050111,021050112,0.0018460212124707563
021050512,021050513,0.0030726664373919407
021050209,021050513,0.0010499839281136174
021050511,021050513,0.002527583106661655
021050704,021050713,0.007901575084280282
021050704,021050705,0.0007669481747009684
021050703,021050704,0.0033229951876222867
021050606,021050704,0.007779148907161716
021050701,021050704,0.006551795476859429
021050510,021050512,0.0010057672765063635
021050510,021050511,0.00417729775724338
021050510,021050701,0.0022029754715510858
021050509,021050510,0.0027405854334908736
021050508,021050510,0.0025762598278197928
021050511,021050512,0.0014123430036518318
021050511,021050701,0.00031022789074969747
021050507,021050512,0.001562865381965973
021050207,021050507,0.0009048481487015505
021050507,021050508,0.0012027195302613271
021050506,021050507,0.0035623402715388324
021050505,021050507,0.0005740805640869175
021050206,021050507,0.0009575148912271688
021050503,021050507,0.0038499931672305457
021050506,021050508,0.0043969857503241795
021050505,021050506,0.0024644496734875063
021050508,021050512,0.001683477256041611
021050508,021050509,0.002669398027611258
021050505,021050508,0.0011008415178488948
021050413,021050509,0.0028143594086220505
021050509,021050701,0.004131205783980953
021050505,021050509,0.0014809003411653545
021050412,021050509,0.0007099719891846867
021050504,021050509,0.0009275212058104735
021050504,021050505,0.003783326778831822
021050503,021050505,0.0014570702032470364
021050412,021050504,0.0028854260128015658
021050502,021050504,0.0014769021155484892
021050401,021050504,0.000922625572997766
021050206,021050502,0.001219186482339781
021050205,021050502,0.0011012547418971991
021050502,021050503,0.00495977624560151
021050501,021050502,0.004325367806519971
021050302,021050502,0.0010532427502756942
021050206,021050503,0.0007805158055580687
021050206,021050207,0.0020994852234983243
021050204,021050206,0.0023135829335297637
021050205,021050206,0.0011513628449841013
021050209,021050512,0.001247347841738475
021050207,021050512,0.0015744325783674754
021050207,021050209,0.001323540607620599
021050207,021050208,0.0012787935993971078
021050203,021050207,0.001563783495133182
021050209,021050210,0.0011390216102914604
021050208,021050209,0.0033095812020854567
021050208,021050210,0.0017467248861966832
021050202,021050208,0.0022935755840152467
021050203,021050208,0.0009707397336695692
021050202,021050203,0.0032747044219257862
021050203,021050204,0.0030763393785079255
020841512,021050203,0.000723981374382176
020841409,021050203,0.00114132734736659
021050204,021050205,0.001580839578604793
020841410,021050204,0.0023200059552010584
020841409,020841512,0.002730936841866729
020841409,020841410,0.002410348328164965
020841408,020841409,0.0014247581736577218
020841406,020841409,0.002317391165633208
021050201,021050202,0.002770386002739419
020841511,021050202,0.0012404656143534015
020841512,021050202,0.001402633083982116
020841511,020841512,0.0027609224756541427
020841512,020841513,0.0020115842916946037
020841511,021050201,0.0012371345423980208
020841510,020841511,0.004041322399494366
020841508,020841511,0.0012361418895258873
021050110,021050111,0.002853448175263466
020842110,021050111,0.0017647061882490344
021050111,021050201,0.0028785056655961086
021050109,021050110,0.005886928859817814
020842110,021050110,0.0013331311315326199
021050201,021050210,0.001733463571936089
020841510,021050201,0.0007972665672046829
021050604,021050606,0.0024549746523242957
021050606,021050607,0.008528463401541434
021050605,021050606,0.004247169452505797
021050105,021050109,0.0020460878295142084
021050106,021050109,0.0009969140222230654
021050108,021050109,0.002830643244802181
020842110,021050109,0.0013320444481218028
021050104,021050106,0.0009982584100679667
021050106,021050107,0.0029309448566301657
021050105,021050106,0.003998623456186876
021050106,021050108,0.002929699964445048
021050104,021050105,0.0009906173751266587
021050105,021050605,0.0020439977791108575
021050604,021050605,0.002119879334601965
021050102,021050605,0.0002022874978327625
021050104,021050605,0.0031626377999966694
020770907,021050604,0.0024638908401325003
021050602,021050604,0.0003286061055000574
021050603,021050604,0.004389764888576794
021050102,021050604,0.0017947429126490219
021050102,021050104,0.000706878574157114
021050103,021050104,0.003597085026538918
021050104,021050107,0.0009276401032211484
021050103,021050107,0.0018853069783248593
021050107,021050108,0.0018856916572626819
020842108,021050107,0.0006665034762376341
020842109,021050107,0.0013367037143343402
020842106,020842110,0.0013319052097328955
020842105,020842106,0.0019400089316336808
020842106,020842109,0.002664808739364509
020842106,020842107,0.00327028865619184
020842103,020842106,0.0026682217541332577
020842109,021050108,0.001990385167320616
020842109,020842110,0.0019204496688453674
020842108,020842109,0.002602531871566605
020842105,020842110,0.003954613145828179
020841510,020842110,0.0009397484411975164
020841510,020842105,0.0020284735116478047
020842104,020842105,0.0036904166058362537
020841510,020842104,0.0019779885418402077
020841509,020841510,0.0036619804840617334
020841508,020841510,0.0013817359746276048
020841509,020842104,0.0011539112582563407
020842103,020842104,0.0009728232524549079
020842104,020842113,0.0011020323958057328
020842008,020842104,0.0022704830854609
020842102,020842103,0.0009719484159539987
020842103,020842113,0.0026688425157956512
020841501,020842008,0.002294454486164324
020842008,020842113,0.001336546028303562
020842007,020842008,0.00450544261583636
020841514,020842008,0.0006155048101814703
020841913,020842008,0.0018461850879799109
020842006,020842007,0.0023281801678340323
020842007,020842113,0.0013345356756233274
020842005,020842007,0.002846592378085132
020841913,020842007,0.0010381963997638287
020842112,020842113,0.001101862482597467
020842107,020842210,0.000968566309709435
020842107,020842209,0.0009728406728324774
020842107,020842108,0.004006207476373733
020842107,020842111,0.0013333191140871337
020842101,020842107,0.0013382972523621488
020842102,020842107,0.002662581628731337
020842101,020842102,0.0009708973929305793
020842102,020842112,0.002662173355027223
020842101,020842112,0.0011009171081127773
020842006,020842112,0.0026599154305046845
020842101,020842111,0.0020705759044668645
020842006,020842101,0.001336107353770624
020842111,020842215,0.0020721709911066836
020842003,020842111,0.0013314120125241156
020842003,020842006,0.0011872488619513735
020842006,020842010,0.002480011697498337
020842005,020842006,0.002663967554668024
020842004,020842005,0.002443443299280027
020842005,020842010,0.0011409258314206484
020841912,020842005,0.0029468985482923697
020841913,020842005,0.0004435940287221684
020842003,020842010,0.002282991404892387
020842004,020842010,0.0013314260700880705
020842003,020842004,0.001324838346035979
020842001,020842004,0.0020357943022484455
020842004,020842202,0.0015186852606106267
020841912,020842004,0.005157624450760337
020841911,020842004,0.0001003258019428046
020842001,020842003,0.0011417092128315973
020842001,020842009,0.001585696994460637
020842001,020842212,0.0011392203043629023
020842001,020842002,0.001517593246201634
020842001,020842204,0.0036200262760753706
020842001,020842202,0.0015118692259975023
020842009,020842206,0.0011294038290709028
020842009,020842215,0.0015849836791948066
020842009,020842212,0.0011536515570181492
020842002,020842009,0.002303164524735406
020842206,020842212,0.0015455733835820899
020842205,020842212,0.0023023458900540807
020842204,020842212,0.0015522854887570292
020842206,020842213,0.0008405434693578291
020842206,020842214,0.0015516962551766697
020842205,020842206,0.001945497414491066
020842002,020842215,0.0015176965184135875
020842002,020842003,0.0023242285226879626
020842209,020842215,0.004061516860726443
020842214,020842215,0.0011438656084334234
020842209,020842210,0.0030834579819607605
020842208,020842209,0.0009679985051878466
020842207,020842209,0.0009719442100147424
020770114,020842211,0.0019316454252766408
020842211,021050101,0.00311956290319161
020842210,020842211,0.001933359295472987
020842208,020842211,0.0031139769506159953
020770110,020842208,0.0019423380333888538
020842208,020842210,0.0009749496336190104
020842207,020842208,0.00311232455234731
020842207,020842214,0.0015527241913030128
020842213,020842214,0.0011616498550743042
020770109,020842207,0.0009719006003863563
020842207,020842213,0.001558487152465514
020770113,020842213,0.0011634477151815897
020842205,020842213,0.0007168978665398161
020770110,020770112,0.001211683972774462
020770110,020770114,0.0017502126546273865
020770109,020770110,0.003286731876233387
020770111,020770114,0.0030275152494741472
020770111,020770302,0.0011864870885824224
020770111,020770303,0.005329852851976729
020770111,020770112,0.003966059415602
020770111,021050102,0.000851103204774452
020770111,021050101,0.0005783895434690087
020770303,020770304,0.0024564596372555984
020770302,020770303,0.0015228004818243822
020770303,020770306,0.003084350692833495
020770303,021050102,0.0003255772988060726
020770305,020770306,0.0009267903728476522
020770304,020770306,0.0025020973233750667
020770306,020770307,0.0056389364515895815
020770306,020770308,0.0008253805490829659
020770306,021050601,0.0001274569670615689
020770307,020770308,0.0019231649975329267
020770308,020770906,0.001553382754411157
020770308,020770309,0.00203241205005949
020770308,020770907,0.0012310814475829462
020770308,021050602,0.003770927384479595
020770308,021050601,0.0021845746143766215
021050102,021050603,0.0004945944421102641
021050102,021050601,0.005032602485283973
021050101,021050102,0.006340331576614297
021050102,021050103,0.0018494550928063154
021050601,021050602,0.0020987105263551146
021050601,021050603,0.0011370931946451087
021050101,021050103,0.000964683716867869
020842210,021050101,0.0030728121223753606
020842108,020842210,0.0019351416277171326
020842108,021050103,0.002673189529544434
021050602,021050603,0.0030261866004291788
020770906,020770907,0.002660035594346712
020770903,020770912,0.001287993862430632
020770906,020770912,0.0015747434136711928
020770903,020770906,0.0012982742553935527
020770905,020770906,0.0013333100654106538
020770309,020770904,0.00156831872761623
020770309,020770310,0.0020335644553845424
020770307,020770309,0.0031416092934077227
020770309,020770905,0.001572969957403086
020770902,020770903,0.003640195308647967
020770903,020770904,0.0031786337219188174
020770901,020770903,0.002001023091252786
020770903,020770905,0.0015786447986296769
020770904,020770905,0.0013053513050668994
020770801,020770902,0.001312760662518218
020770802,020770902,0.002379571314393543
020770803,020770902,0.0010850728624907846
020770804,020770902,0.0012953719931077293
020770901,020770902,0.0047884093704060335
020770802,020770806,0.00230475585411121
020770801,020770802,0.002021935041817667
020770802,020770805,0.0010040516267569705
020770802,020770803,0.0029034412093189143
020770803,020770805,0.001085184830937202
020770803,020770804,0.002905254849058869
020770804,020770805,0.0009251296077257471
020770805,020770806,0.0010920902767169146
020700607,020770807,0.001272350272958345
020770807,020771401,0.0028326383802092098
020770708,020770807,0.0011608682234734052
020770806,020770807,0.004132303617387922
020700607,020771401,0.0027546426408925143
020700606,020700607,0.0038346775792542954
020700604,020700607,0.0012719441329777565
020700607,020770708,0.0014736159507963745
020700607,020770709,0.0010586626050764554
020700604,020700606,0.0024967125603906014
020770708,020770806,0.001976811725482121
020770801,020770806,0.0028054024541254345
020770707,020770801,0.002034531576533334
020770801,020770901,0.0015266364346973533
020770707,020770708,0.0025651245723838597
020770707,020770709,0.0019759120635483947
020770706,020770707,0.0010204261693938848
020770412,020770707,0.0010100986683525123
020770413,020770707,0.0010183985513763977
020770312,020770707,0.001524499306429181
020700604,020770709,0.0010278521520178557
020770709,020770710,0.0021227510572282967
020770708,020770709,0.004193485548617657
020770706,020770709,0.0020333146256787445
020700604,020770711,0.0019027251524577806
020700604,020770710,0.002511745769795022
020770710,020770711,0.0016095171650924516
020770705,020770710,0.00046973630734920013
020770706,020770710,0.002575012591051799
020770703,020770711,0.00048305915878786587
020770704,020770711,0.0019635156043426947
020770705,020770711,0.0019318787577463894
020770705,020770706,0.0030962449462461046
020770411,020770706,0.001006949156288762
020770412,020770706,0.0015055497958336404
020770411,020770412,0.002167991679819322
020770410,020770412,0.0030801656243365193
020770412,020770413,0.0037970771408966097
020770409,020770412,0.001012478432293082
020770409,020770413,0.0010168838401576636
020770312,020770413,0.0038126692068666647
020770311,020770904,0.0028804301574578625
020770311,020770312,0.0028389626259491115
020770311,020770405,0.0006817631560822551
020770305,020770311,0.0030015532003803717
020770310,020770311,0.003209775683566284
020770312,020770409,0.001351351257197109
020770312,020770901,0.004573930510991092
020770901,020770904,0.0027380334964220553
020770310,020770904,0.0010336063767735265
020770305,020770310,0.0025266279659493787
020770307,020770310,0.0025721081546149914
020770304,020770305,0.0015311564100058386
020770301,020770304,0.0033386540709981695
020770302,020770304,0.0030599617419594374
020770305,020770405,0.001923600265445276
020770301,020770305,0.0030639014796984784
020770301,020770404,0.0029002270248053366
020770301,020770405,0.0009260383217371587
020770211,020770301,0.001530852946755065
020770301,020770302,0.00201570965012643
020770210,020770211,0.000697859431581868
020770211,020770404,0.0030527532553721692
020770211,020770302,0.0020382249168582733
020770112,020770211,0.002029590574092215
020770207,020770211,0.004139854138202228
020770206,020770211,0.00021590801935514656
020770205,020770211,0.003331010516450892
020770405,020770406,0.006015367633743177
020770403,020770405,0.0006815660916584099
020770404,020770405,0.005011545572878406
020770405,020770409,0.001272494421376208
020770408,020770409,0.002696288258749485
020770409,020770601,0.0009426242823788629
020770409,020770410,0.004217949312797422
020770406,020770409,0.005606056260609654
020770410,020770601,0.0012216572940653688
020770410,020770411,0.004608441778198996
020770411,020770705,0.001716078733822529
020770411,020770602,0.002504451345703796
020770704,020770705,0.0035144755237986832
020770703,020770704,0.003997966831300677
020770602,020770704,0.0017562911787006447
020770702,020770703,0.003980529501226129
020770602,020770703,0.001490685230433658
020770602,020770702,0.001491499409557684
020770602,020770604,0.00124907572138379
020770602,020770603,0.004120596768550825
020770601,020770602,0.001746962804668606
020770601,020770603,0.0012533052084135674
020770408,020770601,0.000808074306124333
020770408,020770603,0.0029812577399152256
020770408,020770504,0.0010381680671448222
020770407,020770408,0.005466021071989894
020770406,020770408,0.0014914949325601475
020770603,020770604,0.002458991215310437
020770604,020770606,0.0012109963040019525
020770604,020770605,0.0014739223594841407
020770507,020770604,0.001158511611636179
020770505,020770604,0.0013618167159651906
020770504,020770604,0.0016883852958523243
020770504,020770505,0.0032157778178658735
020770503,020770504,0.003348035375681281
020770407,020770504,0.0009967730790117876
020770407,020770503,0.00099459785907201
020770401,020770407,0.001489161011521442
020770406,020770407,0.003974571695221361
020770401,020770403,0.003810673181907346
020770403,020770406,0.0007980389839397681
020770402,020770403,0.0019456066865269138
020770209,020770403,0.0014892174022603406
020770210,020770403,0.004468084890204864
020770403,020770404,0.0028973690445364673
020770401,020770402,0.003310817195182958
020770402,020770406,0.005818802068054334
020770401,020770406,0.0009257860582714503
020770210,020770404,0.0019578691777081803
020770209,020770210,0.001941195008834165
020770208,020770210,0.00447338791225965
020770207,020770210,0.0023040609154877773
020770207,020770208,0.0057007315128890035
020770206,020770207,0.004592791414610951
020770206,020770208,0.0026992208161156403
020770205,020770206,0.003269588699510091
020770201,020770206,0.005658988901602172
020770206,063712504,0.0007476687062313744
020770202,020770205,0.0026281504204800823
020770201,020770202,0.0026053017784307903
020770202,020770203,0.0020608522173411743
020770202,063712503,0.002104309931242513
020770106,020770202,0.0015649091104020518
020770102,020770202,0.0034625518182941693
020770202,063712408,2.6702982528249047e-05
020770102,020770106,0.0019181538261395974
020770103,020770106,0.0017155677373528473
020770106,020770107,0.0025620310778566298
020770105,020770106,0.00318055794793134
020770112,020770205,0.00020141083760259884
020770204,020770205,0.003459736033792937
020770201,020770205,0.0011363644670178575
020770203,020770205,0.0022820262154005814
020770112,020770204,0.004034225911137739
020770203,020770204,0.0036217304606420246
020770112,020770302,2.4612126671412628e-05
020770109,020770112,0.002420779629112724
020770112,020770113,0.0014578564089882523
020770109,020770113,0.003452497399009072
020770107,020770113,0.0016647320631073153
020770108,020770113,0.002486374421890094
020770107,020770108,0.0022577137141474293
020770105,020770108,0.0009167924711546185
020770108,020842205,0.0022627507899432896
020770104,020770108,0.0015721149387455582
020770107,020770203,0.0029711901360081165
020770105,020770107,0.0006633544677686036
020770103,020770105,0.0015750397386227947
020770104,020770105,0.003180231286173468
020770103,020770104,0.0009770891000218534
020770104,020842205,0.0021931480608218925
020770104,020842203,0.0019629158877785048
020770101,020770104,0.001570865684692832
020842204,020842205,0.0020386966772263726
020842203,020842205,0.0025474727264303667
020842203,020842204,0.001556253146177287
020842202,020842204,0.0015868017364726412
020842201,020842203,0.0030973133397416684
020842202,020842203,0.00196908073125584
020770101,020842203,0.0009801048020998677
020842201,020842202,0.0014166890025743377
020841911,020842202,0.0035792016781665053
020770101,020842201,0.0031369066895739523
020841911,020842201,0.0020177950836245567
020841904,020842201,0.002164772492901344
020770101,020770102,0.0008170380121284702
020770101,020770103,0.004112573559782303
020770101,063712408,0.005000498151732625
020770101,020841904,0.00048421810007944367
020770102,020770103,0.0029290418128291246
020770102,063712408,0.00388283189587398
063712401,063714106,0.009248751858204604
063712408,063714106,0.004941449450067494
063712407,063714106,0.0035346410444962667
063714106,063714203,0.005384870024197392
063714106,063714202,0.0013233676344220635
063714102,063714106,0.00584310364796211
063714101,063714106,0.002560277559282723
063714103,063714106,0.0017533762928785648
020841904,063714106,0.0035677433367221414
020841903,063714106,0.004673913411740327
020841901,063714106,0.00423675420989943
063714104,063714106,0.001911361038604308
063714105,063714106,0.002284231095463304
063714106,068612909,0.0021129997242420586
063714106,063714204,0.004031073375231986
063714101,063714102,0.002563090841222148
063714102,063714103,0.003217541005498468
063714101,063714103,0.001845454216759276
063714103,063714104,0.005032818014742288
063710806,063714103,0.0017977467777817119
063714104,063714105,0.004991670118032185
063710806,063714104,0.0008522217785173086
063710807,063714104,0.0010452699230159269
063710807,063714105,0.0020413519576238655
063714105,068612909,0.0050007927511111485
020841901,020841903,0.0016046173547975284
020841901,020841902,0.0020027742151121296
020841901,020841907,0.002704791575873545
020841803,020841901,0.0011621526890235546
020841801,020841901,0.001360608232038805
020840101,020841901,0.0006208375278861456
020841902,020841906,0.0019129348510797167
020841902,020841903,0.0015226473880561241
020841902,020841907,0.002728830348525421
020841903,020841904,0.001227591953778704
020841903,020841905,0.003548182464252849
020841903,020841906,7.120018177898764e-05
020841904,063712408,0.00040271209152942873
020841904,020841911,0.004821809577928507
020841904,020841905,0.0022799390801818975
020841905,020841911,0.003818325642190084
020841905,020841906,0.003867596493095669
020841911,020841912,0.0023236536673937077
020841910,020841911,0.001777181637257848
020841906,020841911,0.000972502170695766
020841910,020841912,0.003078268487599514
020841909,020841910,0.004484863025889185
020841906,020841910,0.0036457661809252725
020841907,020841910,0.0013264224891458838
020841906,020841907,0.0031509294540869553
020841907,020841909,0.001335225777040966
020841907,020841908,0.0017950611374151241
020841809,020841907,0.0003282654825799175
020841808,020841907,0.001529893982984723
020841804,020841907,0.0015265248749440645
020841807,020841907,0.0014540364491030843
020841805,020841907,0.0013206213538772492
020841803,020841907,0.00023066597553988524
020841909,020841912,0.00266288015234933
020841908,020841909,0.003157932697946582
020841912,020841913,0.0019104152197843833
020841908,020841912,0.0009799293727017493
020841908,020841913,0.002566499546135923
020841812,020841908,0.0010278585233214122
020841810,020841908,0.002339529389138008
020841809,020841908,0.0009913177355837968
020841514,020841913,0.00016865528681394548
020841815,020841913,0.0010887281066215182
020841813,020841913,0.000577095669288116
020841814,020841913,0.0010364946480121268
020841814,020841815,0.0031699479083194685
020841812,020841814,0.003411700441289852
020841811,020841814,0.0009628441932063212
020841810,020841812,0.0036515749651887127
020841810,020841811,0.0021047445418181446
020841809,020841810,0.0042124794838751594
020841811,020841812,0.0009616528826197308
020841809,020841811,0.0012472422177707309
020841808,020841809,0.004520296678326316
020841707,020841809,0.0012390608068996805
020841806,020841809,0.0012400574683344675
020841807,020841808,0.004883293341127868
020841806,020841808,0.0014087434108470567
020841805,020841807,0.005387544124383567
020841806,020841807,0.0013015941317217673
020841804,020841806,0.0009093135410498507
020841707,020841806,0.0014063529623473976
020841805,020841806,0.001238874790111785
020841703,020841806,0.0013060413020330652
020841702,020841806,0.0012596461538224738
020841802,020841806,0.0012310281367118414
020841701,020841806,0.0020162516413568385
020841803,020841806,0.0011765045972033851
020841702,020841703,0.0051275095857024385
020841701,020841702,0.0018891911500046941
020840902,020841702,0.003247265993112297
020840904,020841702,0.0013383343184846213
020840902,020841701,0.0019004337274121578
020840901,020840902,0.004681094851200464
020840902,020840908,0.0016645957515498836
020840902,020840904,0.0013046856199575847
020840901,020841701,0.0016414137861214084
020840901,020840908,0.001638477988702682
020840102,020840901,0.0007334217782592639
020840103,020840901,0.004034762369161031
020841701,020841802,0.0016356694968091045
020840102,020841701,0.0019146584771276005
020841802,020841803,0.0029842830583897946
020841801,020841802,0.0015880762253249218
020840101,020841802,0.004200712235775033
020841804,020841805,0.005852672877670605
020841803,020841804,0.006524167342370999
020841801,020841803,0.004063363854488085
020840101,020841801,0.004563786739709822
020840101,068612909,0.008053877756026262
020840101,020840102,0.00622052189186776
020840101,020840103,0.0006135751843443242
020840102,020840103,0.01008849400555378
020840103,068612909,0.005591574711789379
020840103,068612910,0.002114946700448767
020840103,020840908,0.001251888460034428
020840103,020840110,0.005452174527780392
020840103,068612912,0.003919191865495555
020840103,020840104,0.0026598556839057676
020840103,020840106,0.0009721919317616812
020840103,020840903,0.0026143501553385494
020840103,020840207,0.0021139073767470298
020840103,020840206,0.0022873285767222354
020840103,020840205,0.001857401104312467
020840103,020840204,0.0021491258448923887
020840103,020840209,0.0004737933997024461
020840103,020840111,0.00013420236275405245
020840109,020840110,0.0019177144075322979
020840106,020840110,0.002198261315120034
020840110,020840111,0.0018441726878599787
020840104,068612912,0.0017448398550282854
020840104,020840106,0.0033159361490074325
020840104,020840105,0.002352847165017723
020840104,068611109,0.003723425310276928
068611109,068612912,0.0011366268030343922
020840105,068611109,0.0011815526544608017
068611109,068612806,0.0035896621372170107
068611109,068611110,0.003975827671033165
068611108,068611109,0.0016446105977765667
068612807,068612911,0.002253466868221451
068612807,068612810,0.0032068281465009825
068612807,068612809,0.0009810442799359483
068612807,068612912,0.00012776425022648257
068612807,068612808,0.00360048935604877
068612806,068612807,0.002951451932535335
068612910,068612912,0.0018368189548048871
068612911,068612912,0.005532654422289668
068612806,068612912,0.00015656772792407053
068612909,068612910,0.003384348872013405
068612910,068612911,0.002175763901099125
068612909,068612911,0.0026688960625278913
068612810,068612911,0.004789410170085615
068612810,068612902,0.0020736086849829265
068612809,068612810,0.0035971522032600223
068612809,068612901,0.00259123483565363
068612803,068612809,0.002861519915912998
068612808,068612809,0.0011287709189770105
068612804,068612809,0.0012006691922734855
068612901,068612902,0.0023774751485824905
068612901,068612903,0.003350677597625378
068612803,068612901,0.00332692800792504
068612710,068612901,0.0017731600362890882
068612901,068613011,0.0022119898638176456
068612902,068612903,0.0023874013887394464
068612903,068612904,0.0015221585032482042
068612903,068612905,0.002164980428508139
068612903,068613010,0.0015533531485451297
068612903,068613011,0.0015903620544383272
068612904,068612909,0.002310586387816724
068612902,068612904,0.002103902009859859
068612904,068612905,0.004908251331501174
068612902,068612909,0.004779397358648231
063710807,068612909,0.003934053737730436
063710803,068612909,0.0013228252303247527
063710802,068612909,0.002824744275812556
068612909,068612913,0.0036522045666775946
068612905,068612909,0.002367184965817836
063710806,063710807,0.00398359295406363
063710803,063710807,0.0034069114332408315
063710803,063710806,0.0001231857384306876
063710803,063710804,0.0011792363500605315
063710802,063710803,0.003489254958400389
063710802,068612913,0.0010936726868469055
063714006,068612913,0.000877218273602291
068612908,068612913,0.003641701811017921
068612905,068612913,0.002097937373931648
068612905,068612908,0.004066376914271209
068612905,068612906,0.0044121342430262795
068612905,068613010,0.0008906779746585681
068612906,068613010,0.0014226250639478308
068613009,068613010,0.0019130463999499285
068613010,068613011,0.00434253827225246
068613008,068613010,0.0008711727826010992
068613010,068613012,0.0014700998475504984
068612906,068612908,0.002126219954764459
068612906,068612907,0.006916216844857656
068612906,068613009,0.0010358113460291563
068612907,068613009,0.003123765246464381
068613009,068613013,0.0018339553650062596
068613007,068613009,0.0019144922213174959
068613008,068613009,0.0021395765125620117
068613007,068613008,0.0019186479974902231
068613006,068613008,0.0016050978284249725
068613001,068613008,0.003333823322075481
068613008,068613012,0.0031275527259793964
068612705,068613001,0.0029564811678466038
068612705,068613012,0.003932453461493791
068612704,068612705,0.002635956846660674
068612703,068612705,0.002649755730247466
068612705,068612708,0.0013190786603936326
068612705,068612706,0.0030229708427404684
068612710,068613012,0.00320960422353777
068613011,068613012,0.0018602637806709628
068613001,068613012,0.0016853665634544981
068612708,068613012,0.0021971725277731193
068612710,068613011,0.00208338164387774
068612710,068612803,0.00165260001793447
068612710,068612802,0.0010514945059680665
068612709,068612710,0.002020120357359769
068612708,068612710,0.0013153507508258068
068612803,068612804,0.002956161758489881
068612802,068612803,0.0009151370811206516
068612709,068612802,0.0045415725892185895
068612709,068612801,0.0018230866085255648
068612708,068612709,0.004005562461381802
068612708,068612801,0.0009317353640496353
068612706,068612708,0.004116923535478016
068611208,068612708,0.0005931346206389441
068612707,068612708,0.001978477852477289
068612702,068612703,0.002115846154050735
068612702,068612707,0.00420725952545824
068612701,068612702,0.00541641816360516
068611807,068612702,0.0017011759499321053
068612703,068612706,0.002305385488438597
068612706,068612707,0.0038129437702786166
068612703,068612707,0.0010717740562952653
068611208,068612707,0.0004901906346478177
068611808,068612707,0.004161672497153787
068611807,068612707,0.0008701623798089043
068611807,068611808,0.0021134230741297047
068611807,068612701,0.0017284395078168498
068611807,068611809,0.0021625751782229433
068611807,068612603,0.0009158489121773618
068611807,068611810,0.002705275267763389
068611806,068611807,0.0026826572619153733
068612701,068612703,0.0010301857589973952
068612604,068612701,0.0019294692758324474
068612603,068612701,0.00387455213082889
068612603,068612604,0.002242940867539932
068612602,068612603,0.0025243143994581638
068611806,068612603,0.0018454358948668582
068612602,068612604,0.001172037979779238
068612602,068612605,0.002878797838212303
068612601,068612602,0.002524210434991036
068611805,068612602,0.0016327379365721423
068611806,068612602,0.0016391215782904378
068612703,068612704,0.003362882413854005
068612610,068612703,0.002428577284610295
068612604,068612703,0.0005127628727289633
068612704,068613001,0.0010919374228833415
068612704,068613104,0.003531379903642105
068612610,068612704,0.003726008296908247
068612610,068613104,0.0015089687102424394
068612609,068612610,0.005341618682295421
068612604,068612610,0.0017963610445524592
068612604,068612609,0.001783442594947509
068612604,068612608,0.0005617322564250599
068612604,068612605,0.0020800945289566296
068612605,068612608,0.0035265283982615094
068612605,068612611,0.00013796401689377275
068612605,068612606,0.002372644532719438
068612601,068612605,0.001178027253399392
068612601,068612606,0.002955136554636995
068611805,068612601,0.002995836091151327
068612507,068612601,0.0036843399554729005
068611804,068611805,0.005583370015722279
068611804,068611806,0.0005791507067621399
068611802,068611804,0.0007067327964485
068611803,068611804,0.0037195977790804753
068611804,068613408,0.0011954432041805783
068611804,068613407,0.000634012521518467
068611805,068611806,0.0019117451259654072
068611805,068613408,0.0013325584339330422
068612507,068613408,0.0019355887784378613
068612506,068613408,0.0019914862229413726
068612505,068613408,0.0015456617949994335
068612504,068613408,0.0014202361419834294
068613407,068613408,0.006704736144421202
068612308,068613408,0.0030019163882714275
068612309,068613407,0.003919671775252424
068612308,068612309,0.0033239732314547512
068612305,068612309,0.00461204083429682
068612307,068612309,0.006419891462119819
068612306,068612309,0.0013085745775361904
068612302,068612305,0.006330672950193997
068612305,068613406,0.00170346151328661
068612305,068613401,0.001758223649463158
068612304,068612305,0.0022762460689896543
068612301,068612305,0.00035928990238955164
068611803,068613407,0.0016475488806537324
068611801,068613407,0.0032700876379464423
068612308,068613407,0.001072654997774136
068613406,068613407,0.00661056306046132
068611709,068613406,0.0015417777710027645
068613405,068613406,0.0024306752342067115
068613404,068613406,0.0026320780263590555
068613401,068613406,0.0014203353767373347
068612302,068612304,0.0026155954217164565
068612304,068613401,0.0031064950312084585
068612303,068612304,0.0022095001755774463
068613404,068613405,0.005272804427526764
068613403,068613404,0.0008581818121044318
068613401,068613404,0.007203908262263822
068611709,068613405,0.002815483376768912
068611704,068613405,0.0009802678403879298
068611703,068613405,0.001306969552361679
068613403,068613405,0.002420823068761396
068611708,068611709,0.005154251397716891
068611709,068611801,0.0031428588431965778
068611704,068611709,0.0023817087543577466
068611802,068611803,0.0017100866322276897
068611801,068611803,0.003749418518583833
068611801,068611802,0.003917901196053015
068611806,068611810,0.001449624391429434
068611802,068611806,0.003147023852825635
068611802,068611810,0.003279845648664185
068611708,068611802,0.0028127152118919735
068611809,068611810,0.0045430799031918575
068611706,068611810,0.002944312247198522
068611204,068611205,0.002624613517974124
068611205,068611206,0.004704373724423847
068611203,068611205,0.001023283187682007
068611205,068611705,0.0023794417745199403
068611205,068611706,0.003962892576357072
068611206,068611706,0.0006403052431798091
068611705,068611706,0.0021430222123848455
068611706,068611707,0.004744548183691486
068611706,068611708,0.0006556284021371624
068611704,068611705,0.0013386446264490278
068611704,068611707,0.0014470101888577453
068611704,068611708,0.0025693243447176615
068611703,068611704,0.0068099681038965845
068611705,068611707,0.000748908250807684
068611707,068611708,0.005407289324511526
068613401,068613402,0.0031206218100510905
068613401,068613403,0.0031165858936888368
068612303,068613401,0.005294416995981499
068612005,068613401,0.002147909116073335
068611906,068613401,0.0025751138368475313
068611703,068613403,0.0010173605425942856
068611604,068613403,0.002095388627369388
068613402,068613403,0.003286560476046367
068611702,068611703,0.0024620978132957787
068611701,068611703,0.0031900489518857504
068611605,068611703,0.0025480092699390403
068611604,068611703,0.0017270747054519543
068611701,068611702,0.0027903976848164336
068611611,068611701,4.703714675315921e-05
068611606,068611701,0.0029040441843423597
068611605,068611701,0.002586938814568081
068611605,068611606,0.002312532529597928
068611604,068611605,0.005943019712742392
068611603,068611605,0.0015510025783014277
068611603,068611604,0.0017468505414188315
068611604,068613402,0.0038309359470514006
068611907,068613402,0.0029251429982937015
068611906,068613402,0.0009538746665697551
068611603,068611907,0.002549649775222617
068611601,068611907,0.0009551363445825967
068611904,068611907,0.002924765852006809
068611906,068611907,0.002573086254674313
068611905,068611907,0.0009314680701314235
068611603,068611607,0.002386759357276083
068611602,068611603,0.002141894562963123
068611601,068611603,0.0010958613299256459
068611606,068611611,0.00228529630102714
068611606,068611607,0.0029063215442632477
068611201,068611702,0.001332534208505702
068611306,068611702,0.0013052387724575751
068611305,068611702,0.002637730528309442
068611702,068611705,0.0028806000154471853
068611611,068611702,0.002884381045076176
068611203,068611705,0.0013090523184183828
068611201,068611705,0.0023734536489962
068611201,068611202,0.0013152024554904662
068611201,068611203,0.003148604758433273
068611201,068611306,0.005529063196970815
068611306,068611307,0.0006633274027338017
068611202,068611306,0.0017418851395965972
068611305,068611306,0.006678081389661415
068611202,068611203,0.0013387182944213489
068611203,068611204,0.0021058269187433057
068611202,068611309,0.002363276089868736
068611202,068611307,0.0013430378329559575
068611101,068611202,0.00125425546540054
068611202,068611209,0.0031963911824852533
068611202,068611204,0.0010910938987568066
068611105,068611209,0.0019008288521311857
068611101,068611209,0.0027344435017863334
068611208,068611209,0.003153993933358319
068611204,068611209,0.002673769879522287
068611206,068611209,0.0019288148199269517
068611204,068611206,0.0031663605779083956
068611206,068611207,0.003131731931630989
068611206,068611809,0.003390402367931457
068611808,068611809,0.0009237356148701932
068611207,068611809,0.0042639059122758635
068611208,068611808,0.0029141867062241608
068611207,068611808,0.0032896434465074648
068611208,068612801,0.0009305337622138817
068611108,068611208,0.0009787526767454484
068611107,068611208,0.0036605273721513733
068611106,068611208,0.00197440548244834
068611207,068611208,0.004425726017669181
068612801,068612805,0.0019118975634265511
068612801,068612802,0.0018032411114726325
068612801,068612806,0.0014769080971118562
068611108,068612801,0.004771060241860678
068612805,068612808,0.0024037763496961503
068612804,068612805,0.0028834087019196965
068612802,068612805,0.002215468936356709
068612805,068612806,0.0010232379908639993
068612802,068612804,0.002360141747360767
068612804,068612808,0.0011968260786987515
068612806,068612808,0.0011287983956712487
068611108,068612806,0.0027628024888701986
068611108,068611110,0.0022391919376914824
068611107,068611108,0.009471677236818292
068611106,068611107,0.007881792771729634
068611106,068611110,0.0011058439636077257
068611105,068611106,0.0074018913074454145
068611104,068611105,0.0011985253785504323
068611105,068611110,0.0017457288145234038
068611101,068611105,0.006937583471922108
068611101,068611103,0.002216686851000365
068611101,068611102,0.0047020005091312385
068611007,068611101,0.0001739171103496326
068611101,068611309,0.00012496706004405585
020840106,068611110,0.001858213534918139
020840105,068611110,0.001997295402478879
020840108,068611110,0.00023689102034134423
068611010,068611110,0.0024278724026871915
068611010,068611104,0.0038680323168120306
068611103,068611104,0.0036656601551698885
068611008,068611104,0.0017520210877492073
068611102,068611103,0.0028717243083322135
068611007,068611103,0.0021489459477737147
020840301,020840306,0.003510789438165327
020840107,020840301,0.004383652008676159
020840301,020840302,0.0036572830264682693
020840301,068611010,0.003872425663747083
020840302,020840305,0.0020882358823920595
020840302,020840303,0.0035182366830785973
020840302,068611010,0.002125735631800512
020840108,068611010,8.884051413934692e-06
020840107,068611010,0.0008425908738900002
020840303,068611010,0.0031662619509555115
020840404,068611010,1.8573583842318147e-06
020840402,068611010,0.0010692795350580528
020840401,068611010,0.0016955938435141886
068611009,068611010,0.001938894613878086
068610912,068611010,0.0052444607210567545
068611008,068611010,0.004007887538744271
068610912,068611009,0.0020638281760957593
068611004,068611009,0.003983287897482764
068610906,068611009,0.0017416054906208437
068611008,068611009,0.001730399224249382
068611007,068611008,0.001342535887963443
068611006,068611008,0.001335099696863963
068611005,068611008,0.0013190448352584491
068611004,068611005,0.0021279422731517645
068611005,068611006,0.00657848768322078
068611003,068611005,0.0023373399159438953
068611005,068611011,0.0020992123380507923
068611005,068611309,0.0013251484469315954
068611003,068611004,0.003975756197740829
068610914,068611003,0.0006088243946798233
068610905,068611003,0.0017496149203144304
068611003,068611011,0.0026576760669311077
068611002,068611003,0.0013151954829970945
068610906,068611004,0.0010911389638738316
068610914,068611004,0.0010219266913226676
068610905,068611002,0.0013214677578278168
068611002,068611011,0.0021053450742545797
068611002,068611309,0.0013189372525522936
068611002,068611407,0.0013250948995065205
068611001,068611002,0.0021205771008726082
068610905,068610914,0.0026465390823552735
068610904,068610905,0.0016380950782571555
068610905,068611001,0.001429392839396278
068611011,068611309,0.0026483006034730494
068611307,068611309,0.003905714182267072
068611307,068611308,0.0032882568868871573
068611303,068611307,0.0012885687817706362
068611305,068611307,0.0024150113975118146
068611007,068611309,0.0012520932352070705
068611006,068611309,0.001325145895703244
068611309,068611407,0.0020796651312809025
068611308,068611309,0.0026478670333751017
068611006,068611007,0.006572154273373201
068611007,068611102,0.004269959582223634
068611303,068611305,0.0012316171161696591
068611304,068611305,0.00414554438697396
068611305,068611611,0.0015405427625986875
068611308,068611407,0.0021911397636579237
068611303,068611308,0.0026637786798775808
068611308,068611405,0.0010774758569958628
068611405,068611407,0.0013288231448893742
068611303,068611405,0.0011212634910032437
068611302,068611405,0.001035278283125923
068611405,068611406,0.0032541578292392052
068611404,068611405,0.0013128215948072879
068611302,068611303,0.0029686028956607733
068611303,068611304,0.00025039468493600025
068611302,068611304,0.0012014610492737516
068611301,068611302,0.002223416715239365
068611301,068611304,0.002591162624103037
068611301,068611404,0.0010488877183304852
068611301,068611610,0.0019071642220600898
068611304,068611610,0.0005224035920820057
068611610,068611611,0.000930642142985068
068611404,068611610,0.0036882349736566825
068611609,068611610,0.004206345542273816
068611510,068611610,0.002151627179815675
068611607,068611611,0.001229194731292871
068611609,068611611,0.002376630833388239
068611602,068611607,0.0023496085202922377
068611607,068611608,0.005358687531969818
068611511,068611607,0.00021371166866225783
068611601,068611607,0.001192945428656028
068611601,068611602,0.0044078510477941505
068611511,068611601,0.0021531366996530078
068611503,068611601,0.0011059960286365607
068611601,068611904,0.0026401188402520566
068611503,068611511,0.0023942037592924164
068611503,068611504,0.001893766707805303
068611502,068611503,0.0011121746701071794
068611503,068611903,0.0026497691421585668
068611506,068611511,0.0025882737695169483
068611504,068611511,0.002872639919767314
068611608,068611609,0.0035647597106152826
068611507,068611608,0.001420344958976891
068611506,068611608,0.002927394112511044
068611510,068611609,0.0014601945912140824
068611507,068611609,0.0014468467289838723
068611403,068611510,0.0013659167350556492
068611401,068611510,0.0005517762508684123
068611404,068611510,0.0015378812438474865
068611508,068611510,0.0013558569981841125
068611507,068611510,0.002650802802664808
068611509,068611510,0.0013850005814951519
068611507,068611508,0.0017214337277273747
068611506,068611507,0.0021305405530634564
068611505,068611507,0.0009901434304543742
068610509,068611507,0.001549944177184738
068611505,068611506,0.0028724859470430457
068611504,068611505,0.0009360259781104707
068611502,068611504,0.0013249673205373085
068610505,068611504,0.0014494945601123508
068611501,068611504,0.0007805143466582084
068610506,068611505,0.0028384953957950017
068610509,068611508,0.001315764667631261
068610509,068610701,0.0018371855626407407
068610508,068610509,0.002884492194366006
068610506,068610509,0.001569789463477687
068611508,068611509,0.001594649107619491
068611401,068611402,0.0017962949251249698
068611401,068611403,0.0009373322320417763
068610702,068611401,0.0009549268028538702
068611401,068611509,0.0013538568214266405
068610701,068611509,0.0013442095076422818
068611403,068611409,0.001175439298079965
068611403,068611410,0.0013348916549187086
068611402,068611403,0.0023433832371131157
068611403,068611404,0.002095523565168108
068611404,068611408,0.0013093677555424026
068611404,068611406,0.0024020498806679087
068611404,068611409,0.0013091434699294049
068611406,068611407,0.001334960995206076
068611406,068611408,0.002231840195721191
068611407,068611408,0.00428438568737128
068611001,068611407,0.001344931715773099
068611001,068611408,0.0013153961502957673
068611408,068611409,0.006530371624700554
068611001,068611409,0.0013214193581830912
068610901,068611409,2.352208607310234e-05
068611409,068611411,0.00211902339275581
068611409,068611410,0.00326728010811618
068611410,068611411,0.001318868506693941
068611410,068611412,0.0012249645359670453
068610707,068611410,0.0013291633102333511
068610706,068611410,0.0007884980766362253
068611402,068611410,0.002524225370255777
068611411,068611412,0.00218346489410411
068610708,068611412,0.0003059182605974483
068610707,068611412,0.0007594343928833936
068610901,068611411,0.0023412162379936575
068610708,068611411,0.0010553826707032866
068610901,068610913,0.0020848237006101623
068610901,068611001,0.0022333359162253737
068610805,068610901,0.0010927323010639163
068610806,068610901,0.0011246934704466271
068610805,068610806,0.0028084934819134696
068610803,068610805,0.0011137084246767945
068610708,068610805,0.0026814945593566304
068610708,068610803,0.0014330669478674553
068610708,068610709,0.0014605456868060683
068610707,068610708,0.0038903058619618944
068610705,068610706,0.0010489281738711449
068610706,068610707,0.003689207023656049
068610706,068611402,0.00023470598693033328
068610703,068610706,0.0013189092243540892
068610704,068610706,0.0022566458055502123
068610707,068610709,0.002064627780775566
068610704,068610705,0.0035283006062657683
068610703,068610704,0.002097524257892606
068610605,068610704,0.00104281248378054
068610604,068610704,0.001071383755885651
068610603,068610704,0.002367973618992971
068610701,068610704,0.0034009453679464683
068610703,068611402,0.002072614142875439
068610702,068610703,0.001140750930864661
068610702,068611402,0.00109727797874494
068610701,068610702,0.003051928076240406
068610603,068610701,0.0034734524850354395
068610508,068610701,0.0022556551757297438
068610506,068610508,0.00823279500880459
068610504,068610506,0.006013640506298755
068610505,068610506,0.004013695847730253
068610501,068610506,0.002858766183753236
068610508,068610603,0.005419366704011587
068610508,068610602,0.00024369216032521144
068610507,068610508,0.0030084648454971326
068610501,068610508,0.00021166319420434822
068610605,068610705,0.0012075501886980049
068610605,068610606,0.0010368514467275433
068610604,068610605,0.001217289604031127
068610604,068610607,0.0010836015316456266
068610603,068610604,0.001197492992775368
068610603,068610607,0.0012444770748380916
068610602,068610603,0.003321859400547484
068610507,068610602,0.0005495535567157
068610507,068610601,0.0016315314895038473
068610501,068610507,0.0020505052768687595
068610602,068610607,0.00026382499175964176
068610601,068610602,0.0038266393016048207
068610606,068610607,0.0012984098247785006
068610607,068610608,0.001055705965872503
068610606,068610709,0.0005460281395975007
068610606,068610705,0.0025867258455932185
068610606,068610609,0.004089084780910896
068610705,068610709,0.005109277947132652
068610611,068610709,0.0008940160730692313
068610709,068610803,0.0022189556426788857
068610709,068610802,0.0025035207709907196
068610609,068610709,0.0011119210957812225
068610803,068610806,0.001127341005248044
068610803,068610804,0.003666127874842712
068610802,068610803,0.0021853971800210844
068610806,068610902,0.00013447986583327352
068610806,068610913,0.0009613554208404991
068610806,068610807,0.0015910882721242685
068610804,068610806,0.0025390361725279665
068610804,068610809,0.0015675772871822818
068610804,068610807,0.0010867004595185492
068610804,068610810,0.003663420156105819
068610802,068610804,0.002185190661509415
068610801,068610802,0.00418671344789447
068610802,068610810,0.001543997721866472
068610801,068610810,0.0022462911488770228
068610810,068610910,0.0012171616234355588
068610810,068610911,0.0035003927417719826
068610809,068610810,0.0021852596586323185
068610909,068610910,0.0010907617509347805
068610910,068610911,0.006135578842105499
068610808,068610910,0.0018266368648437148
068610809,068610910,0.001711401014057636
068610812,068610911,0.002678164078392573
068610801,068610911,0.0003013062943126382
068610909,068610911,0.0006731825749638061
068610911,068610915,0.008442777113098755
020910101,020910110,0.0010351911898141561
020840407,020910101,0.0009605019836780922
020910101,020910111,0.002422688466877762
020840405,020910101,0.0014319024896044816
020910101,020910102,0.0021087509107140297
020910101,068610915,0.003550632884814851
068610909,068610912,0.001793494668763562
068610907,068610909,0.001910357919998016
068610908,068610909,0.0014947713414614763
068610909,068610915,0.00018817177212249658
068610808,068610908,0.0020569318567997953
068610808,068610809,0.002141568458432337
068610807,068610808,0.0016792004078515362
068610807,068610902,0.0010909761030728814
068610907,068610908,0.0010775224444203224
068610903,068610908,0.0009585424947847147
068610902,068610908,0.001778751942841684
068610902,068610903,0.0012674264218393337
068610902,068610913,0.0019436814388173922
068610903,068610907,0.0013189372124939754
068610903,068610904,0.003220685367340921
068610903,068610913,0.0009795600177703741
068610903,068611001,0.0013114761376511166
068610904,068611001,0.0013316629808962216
068610904,068610907,0.0013152406508529885
068610904,068610914,0.0016022876361205072
068610906,068610914,0.0026477988559000173
068610906,068610912,0.0026167780937625534
068610906,068610907,0.002815036023986503
068610907,068610912,0.0023759847031974484
020840403,020840404,0.002105450424455045
020840404,020840406,0.001064336119858965
020840402,020840404,0.002502855467238852
020840404,068610912,0.0010633097282524754
020840404,020840405,0.004757431687005635
020840405,068610912,0.004272153706550164
068610912,068610915,0.001961085978773549
020840303,020840305,0.001040836878378943
020840303,020840304,0.0030615049532385146
020840303,020840401,0.002342738239041178
020840305,020840306,0.001915523044122337
020840305,020840308,0.003131764030465056
020840304,020840305,0.0019325947745292896
020840304,020840308,0.002102669011592364
020840304,020840401,0.0028925779172490253
020840401,020840402,0.0058598356693776955
020840308,020840402,0.0009395371596733936
020840402,020840410,0.001567582461167138
020840402,020840403,0.003668190027192175
020840410,020840501,0.0032941266687965174
020840309,020840410,0.001967850776614673
020840409,020840410,0.0018356700120950424
020840403,020840410,0.002119246674914407
020840403,020840408,0.0018520359282546083
020840403,020840406,0.0018115487932205258
020840405,020840406,0.001973252307682906
020840405,020840407,0.0023381058668829322
020840406,020840408,0.0030270336202618243
020840406,020840407,0.0017994907785610318
020910109,020910111,0.0009613686123103011
020910110,020910111,0.0009542489967722218
020840407,020910111,0.0009577377388459036
020910111,020910112,0.0033816631733464063
020840407,020910114,0.0009362418577794593
020840407,020910113,0.0010052348745164478
020840407,020840504,9.915330575779051e-05
020840407,020840505,0.0014065718319173006
020840407,020840408,0.001868748402926871
020840407,020910112,0.0018397959457645812
020840408,020840409,0.0020893563830191348
020840408,020840504,0.000990659653571526
020840409,020840502,0.002097238065834218
020840409,020840504,0.0018147065322632262
020840504,020840512,0.001060665340768326
020840504,020840505,0.0018001644021189058
020840502,020840509,0.0021511496094390676
020840501,020840502,0.0022132246403539627
020840502,020840503,0.00030832000772907915
020840502,020840512,0.0021957284833052887
020840507,020840509,0.00046142737734073796
020840509,020840510,0.0020904639185300223
020840509,020840511,0.0029424623431698322
020840511,020910501,0.0009862947247333562
020840511,020910502,0.002931500417753105
020840510,020840511,0.002256002121050173
020840508,020840511,0.0011649565729352051
020840510,020840606,0.0020443465719203672
020840510,020840604,0.0019122010016577695
020840501,020840510,0.0030006987036260515
020840309,020840501,0.0019171242214214728
020840604,020840605,0.0031496057540963294
020840604,020840606,0.0010598972304092793
020840603,020840604,0.0019535751855050206
020840309,020840604,0.004459539243002393
020840607,020840608,0.001424280257779498
020840607,020840701,0.0020973141002553976
020840605,020840607,0.002092813859834881
020840606,020840607,0.0014145682294192182
020840702,020840704,0.0010287678891077016
020840702,020840703,0.0018388230075450879
020840701,020840702,0.0018079526188867355
020840702,020910501,0.001868404830421642
020840606,020840702,0.002858425526972643
020840605,020840606,0.00235550854021461
020840606,020910501,0.0014002161341781134
020910501,020910602,0.0009753359311894675
020910501,020910505,0.0018859535317303823
020910501,020910502,0.0013972692839670324
020840705,020840706,0.005519009845207241
020840704,020840705,0.004349217792458234
020840701,020840705,0.002691258619086749
020840706,020840806,0.0010391567926049128
020840706,020840707,0.003683102264292891
020840706,020840803,0.002321615084194215
020840706,020840802,0.0014365877440245486
020840704,020840706,0.0009038552159751528
020840701,020840706,0.00046114363633100873
020840706,020840708,0.0002197190302773679
020840807,020840809,0.00233703192644238
020840807,020840808,0.002254856923335285
020840805,020840807,0.00126293871993916
020840806,020840807,0.0033671609724148584
020840707,020840807,0.0013394565750975754
020840803,020840807,0.0010696740158353643
020840707,020840806,0.0022581255156386973
020840803,020840806,0.0022950528382829497
020840804,020840805,0.0013533113241576639
020840805,020840809,0.001066734030733548
020840803,020840805,0.0011043294955015504
020840803,020840804,0.0022448872810915243
020840802,020840803,0.004420562426242499
020840701,020840801,0.001983477062714635
020840608,020840701,0.0016554483924375854
020840608,020840801,0.0004206001261669994
020840608,020840609,0.0014349297396905388
020840605,020840608,0.002078841884820399
020840801,020840802,0.0031302885716022323
020840801,020840812,0.002724725502892146
020840610,020840801,0.0010425514047765526
020840609,020840801,0.0020800801418172743
020840802,020840804,0.0012396487908739263
020840802,020840812,0.0013655577040759502
020840804,020841004,0.004054966012352107
020840804,020840809,0.0005587644755569669
020840804,020840810,0.0018324843442188532
020840804,020840812,0.0023742071223429436
020841004,020841005,0.0006633359385999082
020841004,020841007,0.000662958321986632
020841004,020841006,0.002143663171334417
020841003,020841004,0.0047415131523995385
020840810,020841004,0.00034332632525647244
020840907,020841004,0.0019318665228082927
020840812,020840907,0.002974141887271145
020840208,020840812,0.00016479708754932153
020840610,020840812,0.0011010934344886333
020841003,020841007,0.0004220007839276921
020841002,020841003,0.0035372519560641783
020841001,020841003,0.0013818692796564557
020840905,020841003,0.0010727787122473457
020840907,020841003,0.001940591516302363
020840609,020840610,0.002929656607658303
020840602,020840609,0.002084903550046609
020840605,020840609,0.0014291755365633627
020840208,020840610,0.002969177409253848
020840601,020840610,0.00200619490317939
020840601,020840602,0.0019871373993849244
020840203,020840602,0.0009660528691636685
020840602,020840603,0.0029001548150081567
020840311,020840602,0.0020975158608763193
020840603,020840605,0.0020882952588101673
020840310,020840603,0.0012539087081158908
020840309,020840603,0.0015068304231338407
020840309,020840310,0.004150387201816538
020840308,020840309,0.003145361309621644
020840308,020840310,0.0020834014355253345
020840307,020840308,0.0009840284550144596
020840310,020840311,0.002895376680229147
020840307,020840310,0.0010599310286331619
020840107,020840306,0.002237070592179265
020840306,020840307,0.00316172742394034
020840107,020840307,0.0009295065806758116
020840307,020840311,0.0021070769120103854
020840203,020840311,0.000977577274969489
020840202,020840311,0.0019282398943449189
020840203,020840601,0.0019859082252121243
020840201,020840203,0.000817241622674973
020840202,020840203,0.002805187812998298
020840208,020840601,0.0020612527642306917
020840201,020840202,0.003053090029260889
020840107,020840202,0.0017646822608800945
020840201,020840208,0.00038442752497748337
020840201,020840204,0.006251957766400017
020840201,020840209,0.0044276713019208045
020840111,020840201,0.0003126968991001859
020840108,020840201,0.0018386686702706596
020840107,020840108,0.006595732928798541
020840108,020840109,0.0009547734551778172
020840106,020840108,0.005391497797937604
020840108,020840111,0.00197936202737564
020840105,020840106,0.005247503888371438
020840106,020840109,0.005457532347717217
020840109,020840111,0.004501744566911082
020840204,020840209,0.0006983440498796582
020840111,020840209,0.004180885003051265
020840205,020840206,0.0031315828434522615
020840204,020840205,0.005000239129535924
020840904,020840908,0.0028964866227536865
020840903,020840908,0.0016413042676832008
020840903,020840904,0.001532998304508394
020840903,020840905,0.0010483159594996147
020840207,020840903,0.0016435571167645764
020840905,020841704,0.001162398103822403
020840905,020841001,0.003215491796251149
020840904,020840905,0.002710408148769322
020840905,020840906,0.00589403055645781
020840905,020840907,0.0012228583437969114
020840207,020840906,0.004230030229574088
020840906,020840907,0.001657981051212921
020840206,020840207,0.0031168845654433734
020840207,020840907,0.00207322242129553
020840207,020840208,0.002745771653623688
020840206,020840208,0.0022821454481873186
020840204,020840208,0.004095873586111783
020840208,020840907,0.00193491255356603
020841002,020841007,0.0021670113119585358
020841002,020841012,0.0011993875566411961
020841001,020841002,0.0023699871464979384
020841007,020841012,0.0021697367255027137
020841012,020841710,0.001204684161888152
020841001,020841012,0.002145082432632647
020841007,020841620,0.0009054026715656316
020841007,020841013,0.001821982678080521
020841007,020841009,0.0032077190008822686
020841006,020841007,0.0015092425569542003
020841007,020841710,0.0009442469156239736
020841013,020841620,0.001183962197292064
020841013,020841619,0.00015363058806275355
020841008,020841013,0.0015600109485012863
020841009,020841013,0.0012638501240319806
020841606,020841621,0.0009625664420021358
020841606,020841607,0.001508863705450895
020841606,020841619,0.0012596215435477264
020841008,020841606,0.001036554414261387
020841609,020841621,0.0009619209393778004
020841608,020841621,0.0014514045688398497
020841618,020841621,0.0014511462751385692
020841605,020841618,0.0009621429424300162
020841617,020841618,0.001450809950638638
020841618,020841619,0.0009622930259596925
020841619,020841620,0.0010114341072702765
020841008,020841619,0.0008803263728600009
020841617,020841620,0.0009639718905098388
020841616,020841620,0.0009825351568160039
020841620,020841710,0.0004984214530313912
020841616,020841617,0.0014505314795914977
020841615,020841616,0.0009896511108688
020841616,020841710,0.0014544376518191217
020841604,020841617,0.0009644025209629985
020841609,020841610,0.001032581492732765
020841603,020841609,0.0005105027105961041
020841607,020841609,0.0015102125996978536
020841605,020841609,0.0012422475069363817
020841603,020841605,0.0009618700725815964
020841604,020841605,0.0012416445482742295
020841603,020841604,0.0009646440904706956
020841604,020841615,0.001241180036983614
020841603,020841610,0.0020392544568678212
020841601,020841603,0.000962029658525215
020841602,020841603,0.003934600801927439
020841603,020841615,0.0010067816004635474
020841603,020841708,0.0012765150167026711
020841615,020841709,0.0012452249147638479
020841708,020841709,0.0012521789468907085
020841709,020841710,0.0012359243213640755
020841705,020841709,0.0012545591009829901
020841705,020841710,0.0028298942534287857
020841001,020841705,0.0014470030929922878
020841001,020841704,0.001382507401003051
020841705,020841706,0.0014106052111545382
020841705,020841708,0.0012630100414704197
020841704,020841705,0.005262491524516902
020841703,020841704,0.001300885549301356
020840904,020841704,0.003988349434569991
020841706,020841707,0.004404772873946713
020841703,020841706,0.0038370440409494825
020841706,020841708,0.0008276442147022533
020841703,020841707,0.0012667511673080294
020841601,020841707,0.0024917760925300425
020841602,020841707,0.001756165667600549
020841707,020841708,0.0012564071037326245
020841601,020841602,0.003300199390889759
020841602,020841708,0.0007936715904329175
020841612,020841613,0.0035199637585009505
020841611,020841612,0.0025082333642387636
020841610,020841612,0.001010830333154404
020841504,020841613,0.004299128745788146
020841611,020841613,0.0012444806562438837
020841613,020841813,0.001643594452763457
020841610,020841611,0.0009631228738461315
020841601,020841611,0.003751810139469019
020841611,020841811,0.0009629722834316692
020841601,020841811,0.003042376916622091
020841811,020841813,0.0012362125102600686
020841504,020841813,0.001237151419055648
020841514,020841813,0.002808619674375329
020841813,020841815,0.0039272980288827366
020841501,020841514,0.003698448822672894
020841502,020841514,0.0014907918873414763
020841504,020841514,0.0001720399439932717
020841501,020841509,0.002069220888938093
020841501,020841515,0.0010349591858234044
020841502,020841515,0.0012341325968584294
020841502,020841516,0.0011197544513717106
020841502,020841503,0.00035428271545002
020841502,020841504,0.0012691435150143423
020841503,020841516,0.002350264987261077
020841503,020841505,0.0012460248024339419
020841503,020841504,0.003908298926370422
020841508,020841516,0.0012364079293635767
020841515,020841516,0.0010430660045765662
020841505,020841516,0.0010447124626526217
020841509,020841515,0.0012333869923440203
020841508,020841509,0.001632110775128482
020841508,020841513,0.0013946530113921932
020841507,020841508,0.0016498377228151243
020841506,020841513,0.0009362309735065739
020841506,020841507,0.0016656595458766667
020841405,020841506,0.0016840334873464739
020841505,020841506,0.0008612231627196001
020841507,020841513,0.001000422571617391
020841505,020841507,0.0009893951512939586
020841405,020841505,0.0011609350357783437
020841401,020841505,0.0010666522905344806
020841504,020841505,0.001760775742633644
020841402,020841504,0.001023844970469433
020841401,020841504,0.0022632894325660124
020841504,020841614,0.001273536229598288
020841504,020841610,0.0012635512002672291
020841307,020841504,0.0006505160509921021
020841504,020841607,0.0005153621317751581
020841610,020841614,0.0020298151955077857
020841607,020841614,0.001085115623092795
020841401,020841404,0.0011607372379984265
020841401,020841402,0.0021822393557821675
020841402,020841407,0.0007127047239943047
020841402,020841403,0.0011623101786239626
020841306,020841402,0.001265667791493475
020841307,020841402,0.00121398399403402
020841307,020841607,0.0011202575839573342
020841301,020841607,0.003122255167694361
020841607,020841608,0.003475381308060145
020841008,020841607,0.0007128277290807349
020841306,020841307,0.002099726266711074
020841304,020841307,0.0010285409621525955
020841301,020841307,0.0021041895265649863
020841403,020841404,0.0016937062558800584
020841403,020841407,0.0028580384902721586
020841405,020841406,0.0011568833011332388
020841404,020841405,0.0016900679777957874
020841404,020841406,0.001161246847356425
020841406,020841513,0.0014373666691104387
020841406,020841407,0.001471978649684263
020841408,020841410,0.0011672407369517804
020841408,020841411,0.0014290583065908
020841407,020841408,0.0011622191670662746
020841407,020841411,0.0016775548613957468
020841206,020841407,0.0016077776133201279
020841201,020841407,0.0018704353193071148
020841206,020841207,0.001276148775765819
020841205,020841206,0.001420774265692324
020841201,020841206,0.0013128600276665129
020841410,020841411,0.000746696281216661
020841411,020841412,0.001354571251918312
020841207,020841411,0.0015642256588756088
020841410,021050205,0.0007461956437529588
020841410,020841412,0.001227338867446193
020841412,021050205,0.0017294702315811474
020841207,020841412,0.0013371510067742304
021050205,021050501,0.0010696103984384445
020841207,021050301,0.0014011704041836418
020841205,020841207,0.0017547818869639512
020841207,020841208,0.0016266289387807079
020841202,020841205,0.0025836616962763136
020841201,020841202,0.0014900380505917944
020841202,020841305,0.0013051126682600684
020841202,020841209,0.0011604702671338298
020841202,020841311,0.0012619091948759358
020841205,020841208,0.0029085875908383203
020841204,020841205,0.0021198913491452817
020841204,020841209,0.0009697585429621929
020841203,020841209,0.0012647251378305868
020841209,020841309,0.000925559123942998
020841203,020841309,0.0004916183798423443
020841309,020841311,0.0012240923603686147
020841308,020841309,0.001198836834921272
020841309,020841310,0.001642594764161825
020841305,020841306,0.001126336767591764
020841305,020841311,0.0011452918644497452
020841304,020841305,0.0012679592593171055
020841304,020841311,0.0009956393882583822
020841201,020841306,0.0016136118526264196
020841301,020841304,0.0019989937449152897
020841304,020841310,0.0010948761712777236
020841301,020841302,0.0011477694743758492
020841010,020841301,0.00020084989101970614
020841302,020841310,0.001861022654314264
020841302,020841303,0.001078373914668237
020841101,020841302,0.0012746452079467746
020841010,020841302,0.0031175379635089394
020841102,020841302,0.00024593602212507194
020841008,020841009,0.002287509146818522
020841009,020841010,0.005344235394329297
020841006,020841009,0.0012621026127071023
020841008,020841010,0.0010347138807191934
020841005,020841006,0.001563373410670759
020841006,020841011,0.0032040711240209404
020841010,020841011,0.004678423243272284
020841011,020841102,0.002235205872524444
020841011,020841106,0.0011349714143517717
020841005,020841011,0.0029520938138316594
020841101,020841102,0.0023568214512284503
020841010,020841102,0.0010794008721380604
020841102,020841103,0.002140194799926597
020841102,020841106,0.0011069593195952828
020841303,020841308,0.0010744977216263917
020841303,020841310,0.0010032566373684476
020841101,020841303,0.0009869330817216103
020841203,020841308,0.0010786612005083175
020841101,020841308,0.0012261701295250755
020841101,020841104,0.001072524787427499
020841101,020841103,0.0022246117944035707
020841103,020841104,0.0011945473637888237
020841103,020841105,0.001094902656635244
020841103,020841106,0.0022529356609811042
020840810,020840811,0.0012514853886361032
020840810,020841005,0.0028588486738488498
020840809,020840810,0.00175340720592254
020841005,020841108,0.0025081619757454654
020841005,020841109,0.00010908515365455133
020840811,020841005,0.0025625041291752553
020840809,020841005,0.0007944660424288037
020840809,020840811,0.0013610544374019937
020840809,020841109,0.001636194415350481
020840809,020911802,0.000628814683533843
020840808,020840809,0.0026160574909244224
020841108,020841110,0.0010744783961800803
020841106,020841108,0.0008949981384209042
020841107,020841108,0.0058393251430236175
020841108,020841109,0.004960996777188052
020841106,020841110,0.0010746527185509212
020841105,020841106,0.00234205738260979
020841106,020841107,0.004598613320380072
020841107,020841110,0.001071440696007806
020841105,020841112,0.0010934737427669315
020841104,020841105,0.0023360126251493443
020841112,020841113,0.0011817094427564931
020841111,020841112,0.0010824119530537621
020841104,020841112,0.0011905215946384695
020841110,020841112,0.0023713963568047086
020841113,020841204,0.0011844923439068924
020841111,020841113,0.0021745143471706484
020841104,020841113,0.0021970546860395727
020841104,020841204,0.0011859027411099813
020841104,020841203,0.0023471733992282773
020841203,020841204,0.002294721450482799
020841204,021050313,0.0011217629870901784
020841204,020841208,0.0029975850382404795
020841111,020841204,0.0011460120706394228
020841208,021050301,0.0025053396582510115
021050301,021050501,0.003660092925404386
021050301,021050302,0.0027469508982177833
021050301,021050313,0.0015042130556641017
021050302,021050501,0.0006674389439558093
021050302,021050401,0.000723532427293435
021050302,021050303,0.0017897932825226039
021050302,021050313,0.002331368140484012
021050303,021050313,0.002654219202645127
021050305,021050313,0.002915296295879306
021050303,021050403,0.00010072152040304383
021050303,021050402,0.001587684419861582
021050303,021050401,0.0032203819209257706
021050303,021050304,0.0026611348508833914
021050304,021050403,0.0005995228724571194
021050304,021050306,0.003863175376025538
021050304,021050305,0.004212110635289948
021050403,021050406,0.001133628892217389
021050403,021050405,0.0011321766762894922
021050403,021050404,0.0018022254500120378
021050309,021050403,0.0026902283645352633
021050306,021050403,0.0021177737459457955
021050306,021050309,0.0015375337286899003
021050306,021050307,0.0054476067118519695
021050305,021050306,0.0014280161902869742
020841111,021050306,0.0010814117580450334
020841111,021050307,0.002123074311261102
020841111,020911809,0.0011753130565918411
020841111,021050305,0.004321158084483253
020841110,020841111,0.004289242488605652
020841110,020911809,0.0011533268808198932
020841110,020911806,0.0012852933319180014
020841109,020841110,0.001056862520147799
020841109,020911806,0.002392252718313502
020841109,020911801,0.0026024135850406865
020911801,020911806,0.001071683353614331
020911801,020911805,0.0016297482118775054
020911801,020911804,0.001048486279109211
020911801,020911802,0.0025763526962560976
020840713,020840808,0.0014227096482788953
020840808,020911802,0.0023821852955622953
020840710,020840808,0.0011168972565431682
020911802,020911803,0.0036059900807757102
020840713,020911802,0.0009888372611374682
020911804,020911805,0.0012542497007920605
020911804,020911807,0.0023535613066423522
020911803,020911804,0.002564422529252957
020911803,020911807,0.0023244547383409193
020911707,020911803,0.0012632714045107557
020911706,020911803,0.0012161929140959208
020840713,020911803,0.001194444941110733
020911705,020911803,0.001043509182663067
020911706,020911707,0.00129053708247965
020911704,020911706,0.0012214165334421987
020911705,020911706,0.0012912772980112858
020911805,020911806,0.004396156867106176
020911805,020911807,0.0012669089402341266
020911806,020911809,0.003253113529309952
020911806,020911807,0.0012641635140284587
020911809,021050307,0.0008272675017279317
020911809,020911810,0.0028058506421972896
020911808,020911809,0.002506491421747647
020911807,020911808,0.0037034379618136005
020911807,020911905,0.0012547093956300829
020911807,020911901,0.0019769124608353273
020911707,020911807,0.0015461402973794046
020911707,020911901,0.0005497042096804937
020911707,020911711,0.0012651262666146725
020911707,020911708,0.0012101315296652298
020911708,020911711,0.0012079707514606297
020911708,020911709,0.0012061173988683251
020911704,020911708,0.0012113462437133968
020911711,020911901,0.0012062595426089637
020911710,020911711,0.0012640540737746842
020911901,020911905,0.0024982840208655098
020911901,020911902,0.0012354141863657627
020911905,020911908,0.0024087952910578623
020911905,020911906,0.0012944190834969544
020911902,020911905,0.001203498669120146
020911904,020911905,0.001260507986469129
020911710,020911902,0.001202495118611158
020911710,020911903,0.0011885433975736977
020911709,020911710,0.00238881242639814
020911505,020911710,0.0012632427913141504
020911902,020911903,0.0012362448575732258
020911903,020911904,0.001190751937558089
020911506,020911903,0.0012415335303700573
020911908,020911912,0.0006046068979316196
020911907,020911908,0.0012114525801471382
020911908,020911911,0.0005960502457933423
020911906,020911908,0.0011721894519889494
020911908,020911909,0.001191492775735092
020911808,020911906,0.0011688388089070377
020911906,020911907,0.0012935341852365867
020911808,020911810,0.004606209832424425
020911808,020912402,0.0011805637732139346
020911808,020911912,0.0008033039730437932
020911808,020911907,0.002613381967836844
020911907,020911912,0.005406701111012904
020912501,020912502,0.0038159648714246102
020912501,021050307,0.00019135418226381382
020911810,020912501,0.0011597245701769547
020912401,020912501,0.002667298112800799
020911810,021050307,0.0047309155823814265
020911810,020912401,0.0011047542550526501
021050307,021050309,0.001364664206214564
021050307,021050308,0.0017602231145916643
021050309,021050312,0.0022529981801387277
021050309,021050310,0.002498375894675688
021050308,021050309,0.0012337576336304706
021050312,021050407,0.0028414135938225034
021050312,021050406,0.0010918323030789212
021050311,021050312,0.0038827103659432437
021050310,021050312,0.002920914548573108
020912502,021050308,0.0023490791169546053
021050308,021050310,0.003238871256418154
021050310,021051001,0.000302861344075368
021050310,021050311,0.0012357496726590395
020912502,021050310,0.0020078900985688436
020912502,021051001,0.00012270030655647403
020912502,020912504,0.0014412354144912492
020912502,020912503,0.0014486000480214342
020912406,020912502,0.001308245027267781
021050311,021050408,0.002767029354205085
021050311,021051001,0.002477491580624239
021051001,021051002,0.0038169670488146603
020912504,021051001,0.001566561038090746
020912503,020912504,0.0036951034797434615
020912407,020912503,0.002224980561414844
020912401,020912406,0.0013133941505742899
020912401,020912402,0.0021003774919853132
020912401,020912403,0.00042742076768973077
020912402,020912403,0.0025501918504421033
020912403,020912406,0.002425248161181455
020912403,020912405,0.000988986925246663
020912403,020912404,0.0010463401068132026
020911912,020912403,0.0016780160780740937
020912406,020912407,0.0020752854047362827
020912406,020912408,0.0013275185522851536
020912405,020912406,0.001217467801207646
020912407,020912409,0.0023511901004262567
020912407,020912408,0.0010200881815424123
020912408,020912410,0.002226600417040742
020912408,020912409,0.002603335273640009
020912405,020912408,0.00244307567325866
020912505,021051002,0.00018536397390711708
020912505,020912601,0.0008873686052738605
020912505,021051003,0.0012334720129056214
020912505,020912506,0.0025959996689034516
020912504,020912505,0.002765895661064572
020912504,021051002,0.0012135283202946612
020912409,020912504,0.0011172238494391534
021051003,021051004,0.002748875946063929
021051002,021051003,0.0035026690372589875
021051003,021051005,0.002428861613953247
020912506,021051003,0.0011559270866203966
021051004,021051005,0.001392358070677247
021051005,021051006,0.0023995919497609656
020912507,021051005,0.001395521384690017
020912506,020912508,0.0010972725987040152
020912506,020912507,0.0032054247269157165
020912506,020912601,0.003084929665105691
020912507,021051006,0.0005385898368302119
020912507,020912508,0.0010420790046781773
020912508,021051007,0.001304481499792469
020912508,021051006,0.0008691040623657929
020912508,020912901,0.0007495392275519727
020912508,020912902,0.0010999033663513628
020912508,020912607,0.0012278041431413313
020912508,020912606,0.0010238247090723976
020912901,020912902,0.003184061902355546
020912607,020912902,0.0011021284796540627
020912902,020912903,0.0009534774917463464
020912607,020912608,0.0012889711990267032
020912606,020912607,0.0011014027085591853
020912608,020912903,0.0010979599887156895
020912606,020912608,0.001092146727996344
020912608,020912609,0.001293508382991455
020912601,020912606,0.0011037790686323
020912606,020912609,0.0010147580145595126
020912605,020912606,0.001088628580439802
020912601,020912605,0.002965621221238186
020912605,020912609,0.0011079875230251672
020912604,020912605,0.0017487163351829192
020912602,020912605,0.001362817638048405
020912609,020912903,0.0011052236879897656
020912609,020912611,0.001297743654669268
020912609,020912610,0.001010138178475921
020912610,020912611,0.0026886738283449143
020912604,020912610,0.0013757521256548052
020912603,020912610,0.0012599809881441567
020912312,020912610,0.0010020494330225222
020912603,020912604,0.0016689819963097666
020912602,020912603,0.0014485903773625614
020912410,020912603,0.0011314456234063942
020912312,020912603,0.0029388094689397144
020912602,020912604,0.0012322226642616123
020912601,020912602,0.0017185149109573542
020912410,020912602,0.0012553769178699917
020912409,020912602,0.0013142908898435852
020912409,020912601,0.002372577888511624
020912409,020912410,0.002009710558681585
020912303,020912312,0.0010710938175391151
020912302,020912303,0.0010511835644799671
020912010,020912303,0.0010305537549258619
020912303,020912308,0.0009011141832641245
020912303,020912304,0.0017385822551414646
020912308,020912312,0.0010615210107697754
020912308,020912309,0.0009006678659998195
020912307,020912308,0.0010619052623344247
020912307,020912310,0.0009330199463566505
020912304,020912307,0.0009285745065517705
020912306,020912307,0.0010630488042770228
020912405,020912410,0.0006474888582702487
020912312,020912410,0.0032238277690939004
020912312,020912611,0.0013342229152344522
020912312,020912801,0.0010669285774300198
020912312,020912405,0.0012863637705084073
020912312,020912708,0.0011861750659306937
020912312,020912707,0.00083165346835168
020912312,020912704,0.002026630678686257
020912309,020912312,0.0019920599505121516
020912301,020912312,0.0012816965075075743
020912302,020912312,0.0009187058512223293
020912312,020912805,0.0008880132228082664
020912704,020912707,0.000807453947253826
020912704,020912705,0.0010795238666733086
020912704,020912710,0.0009745949457719944
020912309,020912704,0.0008993465020356725
020912701,020912710,0.000942375964173107
020912309,020912701,0.0010230725577253614
020912310,020912701,0.0009369386648621314
020912701,020912702,0.001023365987712206
020912705,020912710,0.0009489021616843372
020912703,020912710,0.0009715402497734503
020912702,020912703,0.001680781249333175
020912311,020912702,0.0016549029725722183
020912201,020912702,0.001003743569880535
020912309,020912310,0.0009677902229875096
020912310,020912311,0.0009677595770544939
020912306,020912311,0.0016329859568230893
020912305,020912306,0.0016090180321092615
020912201,020912306,0.0010675339046354048
020912201,020912311,0.0009676624824539169
020912201,020980101,0.0009120582871546824
020912201,020912305,0.0006441363205183356
020912201,020980104,0.001356584381183881
020912201,020912203,0.0017505892092128268
020912201,020912202,0.0012162739259368685
020912109,020912201,0.0010988663360813789
020912201,020912204,0.0009691983627882974
020912201,020912205,0.0012255802909564894
020912202,020912203,0.0010929357372781341
020912109,020912202,0.0015844895832391043
020912202,020912204,0.0005317027426221748
020912203,020912204,0.0007203934294366302
020912012,020912109,0.000987912168820872
020912101,020912109,0.0019063541802206898
020912109,020912110,0.00122360225644768
020912108,020912109,0.0010475576913528838
020912006,020912101,0.0011523665318182927
020912012,020912101,0.00018308749144962518
020912101,020912108,0.0012349740829278484
020912101,020912102,0.0023223519847281856
020912005,020912101,0.0012495384142163371
020911407,020912101,0.0011686646658989244
020912304,020912305,0.0013462485660758253
020912012,020912305,0.0018228937539900905
020912011,020912012,0.0009923197888274098
020912006,020912012,0.0014065843913652445
020912011,020912304,0.001055791861328245
020912010,020912011,0.0009911271522911641
020912006,020912011,0.001050609295928292
020912006,020912007,0.0010682933918535822
020912005,020912006,0.0021793130381887954
020912004,020912005,0.0012385575297301464
020911510,020912005,0.0010401968224918372
020911509,020912005,0.0011362873438441057
020911510,020911511,0.0012450093268773128
020911509,020911510,0.002279744713018405
020911511,020912004,0.0010318153281700046
020911511,020911512,0.0012486647184667306
020911508,020911511,0.001033338554286639
020912004,020912007,0.001031887306751976
020912003,020912004,0.001233524167813482
020912007,020912008,0.0010709189375084696
020912007,020912009,0.00103870581212872
020912007,020912010,0.0010311213038292487
020912003,020912007,0.001036300493903206
020912002,020912003,0.001225779258098186
020911512,020912003,0.0010355019369554489
020912008,020912301,0.0012313233666224768
020911910,020912008,0.0019233291913445159
020912008,020912009,0.000990170388760866
020912002,020912008,0.0011097784771923018
020912009,020912302,0.0010417354941830573
020912009,020912010,0.0009909175327463165
020912301,020912302,0.001403336799810437
020912301,020912404,0.0016526364310611116
020911912,020912301,0.00025541603902240587
020911910,020912301,0.0004378700475547826
020912404,020912405,0.003984583168967137
020911912,020912404,0.0026041489540851604
020911910,020911912,0.0012839071401567201
020911910,020911911,0.0012441720885408992
020911909,020911910,0.0008887780188844431
020911911,020911912,0.001626178579814421
020911909,020911911,0.000304709754718062
020911904,020911909,0.0011913289904316603
020911904,020912001,0.0012566871578859622
020911909,020912002,0.0011848828102825261
020912001,020912002,0.0011023323595740965
020911512,020912001,0.0012523167640128875
020911507,020911512,0.0010367033414075166
020911506,020911507,0.00124545873882367
020911507,020911508,0.0012497920678079377
020911504,020911507,0.001036610560544494
020911506,020912001,0.0011071239635621196
020911505,020911506,0.0011103202748277193
020911504,020911505,0.0012584322743858596
020911503,020911504,0.0012533169956672437
020911504,020911612,0.001038037812225826
020911508,020911509,0.001253417102508868
020911503,020911508,0.0010335479502542738
020911503,020911509,0.0010357820880802693
020911503,020911611,0.001035333412961097
020911501,020911503,0.0010361818324268045
020911502,020911503,0.001252135718048792
020911501,020911611,0.0012154433596889488
020911501,020911502,0.0012154831805938824
020911501,020911610,0.0010368709435469232
020911611,020911612,0.0012111867081230705
020911610,020911611,0.0010361881950113126
020911609,020911610,0.0012333241074900631
020911605,020911610,0.0010383125142729144
020911604,020911610,0.0010378325476639537
020911603,020911610,0.0012287198081268906
020911604,020911605,0.0012398268484638314
020911603,020911604,0.0012417230331996521
020911602,020911604,0.001037443815462612
020911502,020911603,0.001145277351812639
020910904,020911603,0.0012266309427639516
020911602,020911603,0.0009618936679898135
020910903,020911603,0.001246401714021132
020910705,020911603,0.001092648933381703
020910808,020911603,0.0009550016594554241
020910704,020910810,0.0006284040870084634
020910705,020910810,0.0006492182554188742
020910808,020910810,0.0012124469055361379
020910809,020910810,0.0012396795048057285
020910801,020910810,0.0012713930430525002
020910808,020910809,0.0010611922992231511
020910809,020910811,0.0012176220299168344
020910802,020910809,0.001064192303011754
020910808,020910903,0.0011577391830871633
020910705,020910808,0.00031289724534319647
020910808,020910902,0.0010596030722021899
020910807,020910808,0.0012156788142665255
020910903,020910904,0.0011512769931727618
020910902,020910903,0.0012463067998855866
020910904,020910910,0.0011529900218688327
020910904,020910911,0.001226549104578971
020910910,020910911,0.0010677765772163649
020910905,020910911,0.0012270641905177129
020910902,020910911,0.0010638034132999827
020910902,020910905,0.001057340520083957
020910901,020910902,0.0012487657216619043
020910807,020910902,0.0010574358324223487
020910806,020910807,0.0011965328609664216
020910807,020910811,0.0010560779882717289
020910806,020910901,0.0010395892753875897
020910805,020910806,0.0011759069761910386
020910804,020910806,0.001047658703028372
020910901,020910906,0.0010366446186652369
020910805,020910901,0.0012478860595483998
020910905,020910909,0.0010571312122895555
020910905,020910906,0.0012270656619391836
020910909,020911401,0.0010537354416293066
020910909,020910910,0.001228486430426258
020910908,020910909,0.0012258094728309912
020911406,020911509,0.0012580892519323016
020911406,020911407,0.0011674164969296516
020911406,020911408,0.0010721023469501085
020911406,020911502,0.0012510314982073494
020911406,020911409,0.001053513345791826
020911405,020911406,0.001219463157372878
020911401,020911406,0.0023389162943419097
020910910,020911406,0.002234416973080723
020910910,020911502,0.0012184969543390493
020911502,020911509,0.0011390509268217675
020911407,020911509,0.0012379159810001082
020911407,020911408,0.0012390135352205241
020911408,020912102,0.0010721275608517754
020911408,020911409,0.0012409661348099853
020911401,020911402,0.0012865473461061646
020911405,020911410,0.0010353599467845653
020911402,020911405,0.0010342955292599275
020911404,020911405,0.0012208338044514496
020912103,020912108,0.001052557123569482
020912102,020912103,0.0012496601869079777
020912103,020912104,0.0012486694063743474
020911409,020912103,0.001053320051727647
020911409,020911410,0.0012429138060289287
020912104,020912107,0.001037533676167718
020912104,020912105,0.0012479199884508011
020911410,020912104,0.0010370292437295377
020912107,020912108,0.001236508284240809
020912107,020912110,0.0010389917711868327
020912106,020912107,0.0012391274706164445
020912106,020912110,0.0010447808393097338
020911310,020912106,0.0012419170676339873
020912105,020912106,0.0010425616841856316
020911308,020912105,0.0012477976480711438
020911411,020912105,0.0010384839166065498
020911410,020911411,0.0012450504583162913
020911404,020911411,0.0010336896929510461
020911301,020911411,0.0012478079849489515
020911301,020911404,0.0012592152912976194
020911403,020911404,0.0010784219889962057
020911008,020911301,0.0010127789298040623
020911008,020911403,0.001254881107001813
020911008,020911009,0.0012921967712131426
020911007,020911008,0.0010505458714676833
020911301,020911308,0.00261536541625288
020911301,020911302,0.002784307996058057
020911009,020911301,0.0006651176275383552
020911010,020911302,0.0013235121608160569
020911009,020911010,0.002788854496251638
020911010,020911011,0.0024664672062969725
020911006,020911010,0.000912204605602911
020911005,020911010,0.0013392700412292564
020911009,020911302,0.0006557087345073096
020911007,020911009,0.0012193414522116055
020911006,020911009,0.0004088240248377371
020911402,020911403,0.0012881305347918614
020910907,020911403,0.0010332533399991693
020910907,020910908,0.0012232658724942993
020910906,020910907,0.0010365451779571237
020910907,020911007,0.0012201120981578182
020910908,020911402,0.0010334803713642664
020910906,020910908,0.001033959648083707
020910906,020911007,0.0012314927051503128
020910805,020910906,0.0010364026389862787
020910805,020911007,0.001953829238686445
020911006,020911007,0.0029685563293035495
020911002,020911007,0.0007959994054575763
020910805,020911002,0.0004986416612669565
020911002,020911006,0.002117883137548253
020911002,020911005,0.0011173547211071949
020911001,020911002,0.0013385800980393989
020911002,020911013,0.0011991059473332774
020911003,020911005,0.0010922590040959308
020911003,020911015,0.0014228135030773113
020911003,020911104,0.0011259601820463672
020911003,020911014,0.0014187767943080265
020911005,020911006,0.0024727168650860282
020911004,020911005,0.0024722184214503416
020911005,020911015,0.0010968244195836605
020911005,020911013,0.001113562888718837
020911005,020911014,0.0013375553923697472
020911004,020911011,0.0014125748577925822
020911004,020911015,0.0014053129032134137
020911004,020911107,0.0012348691156227594
020911004,020911106,0.001238075601450111
020911015,020911105,0.00034563495488425006
020911015,020911104,0.0006705106320582758
020911104,020911105,0.0030460398619647985
020911103,020911104,0.0026760001816522883
020911014,020911104,0.0010718317134699854
020911105,020911106,0.0038125519129666384
020911103,020911105,0.0002497140640161258
020911102,020911105,0.0031343307624392613
020911101,020911103,0.003596579386087025
020911102,020911103,0.001047991734048494
020910310,020911103,0.0014201175819151257
020910302,020911103,0.0013644928373338053
020910310,020911014,0.0014330512574108015
020910309,020910310,0.0013983755569141345
020910310,020910313,0.0013800111936271564
020911013,020911014,0.0011295601567383605
020910309,020911014,0.0013344194769169644
020910309,020910313,0.001304478489709302
020910311,020910313,0.001252472322993871
020910302,020910313,0.0013417052936211486
020910311,020910312,0.0018473385744960029
020910304,020910311,0.0008496153863562781
020910302,020910311,0.0019489541290936769
020910309,020910312,0.0010886763405970447
020910306,020910312,0.001851567875257536
020910304,020910312,0.0010684727408244233
020910308,020910309,0.002438023662178731
020910307,020910309,0.0012792449685403058
020910306,020910309,0.0010445741250858355
020911001,020911013,0.0011343537265181662
020911012,020911013,0.0011471708671214236
020910308,020911013,0.001163690636586993
020910804,020910805,0.0017163912782695862
020910805,020911001,0.0012812181286528123
020910804,020911001,0.0012733719260446445
020911001,020911012,0.0023731503005312744
020910412,020911001,0.0001632596870401011
020910307,020911001,0.0005905928824469908
020910308,020911012,0.001031377326326111
020910307,020911012,0.00021088713517101977
020910307,020910308,0.0023961247184496734
020910416,020910804,0.00105865352760895
020910415,020910416,0.0013828390014967043
020910412,020910416,0.0024172029109519977
020910804,020910811,0.0011967396014351361
020910803,020910804,0.0012287735689678685
020910412,020910804,0.0003062079588549086
020910803,020910811,0.0010542247595213216
020910802,020910803,0.0012447382319674927
020910415,020910803,0.0010585443814144916
020910801,020910802,0.0012602873962087435
020910413,020910802,0.0010660448899818022
020910413,020910415,0.0013845387430394692
020910411,020910415,0.0010548797171422571
020910411,020910412,0.0013246087125782927
020910307,020910412,0.002773217505621298
020910408,020910412,0.0008808589084633055
020910306,020910412,0.0003935856976648094
020910306,020910406,0.0009585586313472803
020910306,020910307,0.0023148739842752267
020910306,020910408,0.001929293549473072
020910305,020910306,0.005613985387340396
020910301,020910306,0.00018126275715090544
020910301,020910305,0.0026336322098713333
020910303,020910305,0.0030709287331954203
020910304,020910305,0.0009432962795741013
020910408,020910411,0.00163622813062975
020910408,020910409,0.0009384975085307485
020910407,020910408,0.002018649287809275
020910406,020910408,0.0012412429984063468
020910407,020910409,0.001052201657967705
020910405,020910407,0.0009552517517776306
020910406,020910407,0.0021047057193387124
020910405,020910406,0.0009618163385403158
020910404,020910406,0.002833993344206545
020910301,020910406,0.000530108867674519
020910301,020910404,0.0009613123947367633
020910301,020910402,0.001954538751618693
020910209,020910301,0.0008176033696783581
020910301,020910303,0.0009615748978230972
020910210,020910301,0.0015097188249514912
020910301,020910302,0.0009897307472948676
020910402,020910404,0.0007314491283701643
020910402,020910403,0.0020103852353713387
020910401,020910402,0.0010020710790190214
020910209,020910402,0.0018634972987466435
020910403,020910511,0.0005797891755608473
020910403,020910404,0.003276219676009921
020910403,020910510,0.0003941967227444244
020910401,020910403,0.002267322814401585
020910405,020910507,0.0014392539254565698
020910405,020910409,0.0010421440845032116
020910405,020910512,0.0004905666717085353
020910404,020910405,0.0011292321532577671
020910404,020910512,0.0005358179348696271
020910404,020910511,0.00043667844203517324
020910409,020910410,0.0010972111056117054
020910409,020910411,0.0009476259498782787
020910409,020910507,0.0009789663807266522
020910507,020910605,0.001243601855344097
020910507,020910508,0.00247106181683076
020910507,020910512,0.0013718686540909468
020910605,020910606,0.0019045294633507352
020910604,020910605,0.0014368971296015492
020910410,020910605,0.0013752828916270047
020910508,020910605,0.0008744090954897325
020910606,020910703,0.002030474605000812
020910606,020910607,0.0013585449226677147
020910414,020910606,0.001421030253816903
020910410,020910414,0.0009734342196196007
020910410,020910411,0.0013496451199342626
020910411,020910414,0.00047539561584782324
020910411,020910413,0.0010650501250500767
020910413,020910414,0.0013868392455989409
020910414,020910801,0.0013313811827197018
020910704,020910801,0.0003311012267419589
020910703,020910801,0.0009619448861970216
020910704,020910706,0.0009838662728005518
020910703,020910704,0.0020615549852571443
020910704,020910705,0.002096119314003474
020910705,020911602,0.0010399567744993838
020910705,020910706,0.0009795985936045736
020910703,020910706,0.0010515280452558177
020910702,020910703,0.001013652796627758
020910607,020910703,0.0010532038566717535
020910706,020911602,0.0010475468272418138
020910706,020910707,0.0019940923974060727
020911602,020911605,0.0010450965582052666
020911601,020911602,0.0009895712771570224
020911605,020911606,0.0012390683225741717
020911609,020911612,0.001037576455897045
020911608,020911609,0.0012355587032842408
020911606,020911609,0.0010386073247403884
020911612,020911613,0.0012057744492348771
020911505,020911613,0.0011151661082973736
020911613,020911709,0.0012017914916446317
020911608,020911613,0.001118376838715574
020911608,020911702,0.0012385256020097353
020911607,020911608,0.0011228057941335605
020911703,020911709,0.0014694323011236726
020911702,020911709,0.000916696346342441
020911607,020911713,0.0012335314891073546
020911606,020911607,0.0012371886312735557
020911601,020911607,0.00110794972897219
020911601,020911606,0.00103876862045804
020911601,020911712,0.001015036455051957
020910708,020911601,0.001081594667816635
020910707,020911601,0.001044645185124713
020911712,020911713,0.0011341834041441326
020911701,020911712,0.001033936281400897
020910709,020911712,0.001163333863145261
020911703,020911713,0.0015107815792495345
020911702,020911713,0.0015924457227870464
020911701,020911713,0.0011538331188960342
020911702,020911703,0.0015120560493288298
020911703,020911704,0.0012290559672836422
020911703,020911705,0.0012423019205095507
020911704,020911705,0.0012126311853518064
020840711,020911701,0.0012953393947757032
020840709,020911701,0.0007462183493193964
020910709,020911701,0.0009994083097521005
020840709,020910709,0.0010501859636141936
020910701,020910709,0.0021917093191060047
020910708,020910709,0.0010188334045782988
020910701,020910708,0.0010413650430838564
020910707,020910708,0.0020279939950390994
020910702,020910708,0.0010837071174154749
020910702,020910707,0.0010589701527845784
020910701,020910702,0.0010373124909311409
020910608,020910702,0.001087153552769032
020910607,020910702,0.0010637816354298235
020910607,020910608,0.0013430506849216282
020910603,020910607,0.0013055653610212915
020910604,020910607,0.0034218753232525094
020840703,020910608,0.0013230607420632718
020910608,020910701,0.002257986086558138
020910603,020910608,0.002259817729410574
020910602,020910608,0.0011158729964006256
020910602,020910603,0.0033805167435978292
020910603,020910604,0.0010626949286216705
020910601,020910603,0.0010209228230064356
020840708,020910701,0.002160052131908984
020840711,020911705,0.0013067748878736363
020840711,020840712,0.0012031624164700336
020840709,020840711,0.0007434481374648854
020840712,020911705,0.0012827258383471714
020840712,020840713,0.0012840142478121688
020840709,020840712,0.0012963544433611065
020840709,020840710,0.0010805211458079992
020840708,020840709,0.002775292250508089
020840707,020840708,0.0021997295710616937
020840704,020840708,0.0014959013716335965
020840703,020840708,0.0010328043074974678
020840710,020840713,0.0022743758078331198
020840707,020840710,0.002334210389903152
020840703,020840704,0.0055220990148189125
020840703,020910602,0.0037750775400497904
020910601,020910602,0.0014895881070847653
020910505,020910602,0.0010013111238923616
020910502,020910503,0.001387985338824182
020910502,020910505,0.002928606296309413
020910505,020910601,0.0019773869383950867
020910505,020910506,0.0009397345353809009
020910504,020910505,0.0010108593937532499
020910601,020910604,0.00173662290336029
020910508,020910601,0.0014777583789871657
020910506,020910601,0.0009457982517485433
020910508,020910604,0.0010495428921947498
020910506,020910508,0.0009836957690266856
020910504,020910506,0.0019390713947939888
020910506,020910512,0.0009843956382096098
020910504,020910509,0.0009800032512474659
020910503,020910509,0.0013841833602352342
020910509,020910510,0.001380460716173128
020840507,020910509,0.0009767512445710367
020910510,020910511,0.0013152466764109723
020840507,020910510,0.001286728226690389
020910401,020910510,0.0010075221260638979
020910503,020910504,0.0009739452105500918
020910504,020910511,0.0010109816806990741
020910511,020910512,0.0013400562163910243
020910209,020910401,0.0023104621682756626
020840503,020840507,0.002138192840358247
020840503,020840506,0.00289538458584828
020840503,020840512,0.002452452342489266
020840506,020840507,0.0014133655832463713
020840507,020910209,0.0005120867458748385
020840507,020840508,0.0021166667171316905
020840508,020910503,0.0009717213691424322
020840506,020840512,0.0009483787464053884
020840505,020840506,0.0017630691214210541
020840505,020910201,0.0018610895756507803
020840506,020910209,0.0005444746422169041
020840506,020910208,0.000894601070689854
020840506,020910212,0.0016938164996211304
020910201,020910212,0.0013638481351635383
020910201,020910202,0.0018467367328508133
020910114,020910201,0.0013693425473836655
020910114,020910202,0.0010508550051738371
020910113,020910114,0.0033821791780386887
020910112,020910113,0.0024245622693831554
020910108,020910112,0.0009127731743456912
020910108,020910109,0.0031311564836904175
020910107,020910109,0.0009675477386964011
020910109,020910110,0.003129796602391529
020910113,020910202,0.0010400871013565493
020910108,020910113,0.0010381450114201529
020910107,020910113,0.0019351431914342572
020910107,020910108,0.0029989547556009497
020910107,020910202,0.0010513562975335141
020910107,020910204,0.001850945261039994
020910106,020910107,0.002818113293427167
020910104,020910107,0.0009537667446401967
020910103,020910107,0.0017761860203462036
020910202,020910203,0.0020941597980842453
020910202,020910204,0.0029096190638653588
020910208,020910212,0.0013299328407154712
020910203,020910212,0.0016802445054225333
020910203,020910208,0.0020972011960464477
020910203,020910204,0.0016832605494330377
020910208,020910209,0.00492075462167595
020910204,020910208,0.0010680006306543971
020910207,020910209,0.0008724517713784097
020910204,020910209,0.0014885761397359428
020910209,020910210,0.0010519959150698114
020910204,020910207,0.00024295076521237965
020910204,020910205,0.0032591095622690456
020910207,020910210,0.0013405718100347732
020910210,020910213,0.0021119153398922764
020910206,020910210,0.0005682857723079963
020910210,020910302,0.004023151290287507
020910207,020910213,0.0019431980326740932
020910206,020910213,0.0019259598865725082
020910207,020910211,0.0014255607069646706
020910205,020910207,0.0008830161673338372
020910206,020910207,0.0008915957052208409
020910205,020910211,0.002632069547648814
020910206,020910211,0.0012733139160068312
020910211,020910302,0.0016290310731794757
020910206,020910302,0.0018573161568070473
020910106,020910205,0.002269097940067984
020910104,020910106,0.0017844274344809797
020910106,020910302,0.0028240135283419767
020910205,020910302,0.0010952317155043067
020910104,020910105,0.002252020799964315
020910103,020910104,0.00097162186430619
020910104,020910302,0.0009494462339893524
020910105,020910302,0.0009420570610293208
020910105,020910115,0.0014149186577566272
068610811,068610812,0.0037382251300188477
068610801,068610812,0.0014792341014654568
068610812,068610915,0.0021442839599880533
020910103,020910115,0.0018392283935318437
020910115,020910302,0.0017165030268084065
020910115,068610811,2.529615279783677e-05
020910115,068610915,0.0011731288688626835
020910103,020910110,0.000952971348563183
020910102,020910103,0.0019891489011914284
020910103,068610915,0.0021567289267237512
020910102,020910110,0.00209532340610965
020910102,068610915,0.0024104742380442598
068610811,068610915,0.0004613907955631285
068610801,068610811,0.006441840780098951
068610611,068610801,0.005096373652806633
068610610,068610611,0.0044674665211200506
068610609,068610611,0.002735292322550107
068610609,068610610,0.00757694626444371
068610608,068610609,0.005405211685002008
068610601,068610608,0.005732487637430464
068610501,068610601,0.006684428552082281
020910302,068610811,0.008016078344270587
020910302,020911101,0.019444613018465357
020910302,020910303,0.0021135946281068086
020910302,020910304,0.004199047226356218
020910303,020910304,0.0019329847773229517
020911101,020981002,0.006334170461733449
020911101,020911205,0.015149964397304427
020911101,020911102,0.009762743309138485
020911205,020981002,0.0030111157520248733
020911205,020911210,0.003164563671371583
020911205,020911206,0.003830909731493132
020911204,020911205,0.003702866088109806
020911107,020911205,0.0012163662507309616
020911106,020911205,0.0012530441492939405
020911102,020911205,0.0024240830907663368
020911206,020911210,0.0013051097242011357
020911206,020911207,0.0038354934027898294
020911204,020911206,0.0013018604347387003
020911207,020911210,0.0026277281415325654
020911207,020911209,0.0012400050301382942
020911207,020911208,0.0012818267214960127
020911204,020911207,0.0012972184655289762
020911203,020911204,0.002507373188813803
020911202,020911204,0.002473874226567061
020911107,020911204,0.0012989755285715522
020911102,020911106,0.003900651292765782
020911106,020911107,0.007713269945673681
020911201,020911208,0.001299679402304456
020911201,020911203,0.0012668022297967184
020911201,020911202,0.001195982246396142
020911201,020911303,0.0012149063545156622
020911011,020911201,0.0024596165313334507
020911107,020911201,0.0025111442392012967
020911107,020911202,0.0039005732159567265
020911202,020911203,0.0026212105210569898
020911203,020911208,0.0038537565234678705
020911208,020911305,0.001267399201942876
020911208,020911209,0.003910477733714028
020911208,020911303,0.0012568212466006856
020911313,020911315,0.0012522308020554355
020911314,020911315,0.0012016068487564094
020911306,020911315,0.0012048178885320606
020911210,020911315,0.0012535763250096298
020911306,020911307,0.0012457098035123441
020911305,020911306,0.0012080081699474552
020911209,020911306,0.0012461908329128284
020911304,020911305,0.0012629120727857097
020911303,020911305,0.0012106956820463967
020911302,020911303,0.0012624223124074246
020911303,020911304,0.00139920310098267
020911011,020911303,0.0014069143058729778
020911302,020911307,0.0007505222130691166
020911302,020911304,0.002286660455516165
020911304,020911307,0.0017418991296126183
020911307,020911308,0.0015925404509985462
020911307,020911313,0.0016934456369470912
020911309,020911311,0.0010544604278123514
020911309,020911310,0.0012438756837378378
020911308,020911309,0.0023063076807369395
020911308,020911310,0.0010505709888430723
020911308,020911312,0.0017118445171397816
020911308,020911313,0.0013804058584513466
020911310,020911311,0.0010480504404623632
020911311,020912204,0.0010491595431837083
020911311,020912205,0.001054426324535062
020911311,020912110,0.0012250385944957971
020911311,020911312,0.0012263970680426591
020911312,020912206,0.0018389271955824547
020911312,020912209,0.0005029369821190308
020911312,020911313,0.0014747052140399938
020911313,020912208,0.0007178518394423726
020911313,020911314,0.0011747006196839759
020912206,020912209,0.0012800671819323231
020912208,020912209,0.0026889898497804605
020912205,020912206,0.001224341351865031
020912206,020912207,0.0020604357977175823
020912205,020912207,0.0012262498328661723
020912207,020980108,0.0011220676594477761
020912207,020980201,0.0011911163276643062
020912207,020912208,0.0012904399595818961
020912208,020981001,0.00030999072480390657
020912208,020980202,0.0008685308953729243
020912208,020980203,0.0009399368225662528
020911210,020912208,0.0025642105277998706
020980201,020980202,0.0016732396871141197
020980202,020980205,0.0009748710437760382
020980202,020980203,0.0016108349877819949
020980203,020981001,0.0004945139317478452
020980203,020980204,0.0011393970579161319
020980203,020980208,0.001176024684990128
020911210,020911314,0.0023811742583262838
020911209,020911210,0.003909302030773406
020911210,020981001,0.006652663757421671
020911210,020981002,0.017691942098081996
020980204,020980205,0.0012053613462623468
020980204,020980207,0.0011434063509589427
020980204,020980208,0.001210985748806052
020980208,020981001,0.004467034811097674
020980207,020980208,0.0014003898653720404
020980208,020980209,0.0013388157995441383
020980207,020980210,0.0011821169327185439
020980206,020980207,0.0012570769615414341
020980109,020980205,0.001218518927914766
020980205,020980206,0.0011470558829120583
020980206,020980301,0.0013531914751058844
020980110,020980206,0.0010740355457121873
020980110,020980402,0.0015909974946658465
020980108,020980110,0.0011552762264220979
020980110,020980301,0.00011348031341408841
020980109,020980110,0.0016316734304837736
020980401,020980402,0.0013249863053580817
020980107,020980402,0.0010378319665834384
020980402,020980403,0.004538959861540924
020980108,020980402,0.0021304746155682767
020980301,020980402,0.0017717227386577449
020980301,020980302,0.0016675062283147712
020980210,020980301,0.0017169715395669253
020912810,020980405,0.0006088233616213426
020980405,020980406,0.005422795905439006
020980308,020980405,0.0006708674457521896
020980404,020980405,0.0013269460688277556
020980403,020980405,0.004216146627225528
020980302,020980405,0.0005912338897655148
020980403,020980404,0.0012235584523736926
020980302,020980403,0.0012683991360862277
020912807,020912810,0.0013046122157892692
020912810,020980504,0.001362143111277187
020912809,020912810,0.0012446018533662814
020912810,020980406,0.0007605944612232815
020912809,020980404,0.0011427770423941973
020980401,020980404,0.0016043662842705414
020912808,020912809,0.0018723665208594318
020912803,020912809,0.000992738132625095
020912809,020980401,0.0009777846048732552
020912803,020980401,0.00031530769769945737
020980107,020980401,0.0015351036837244387
020980104,020980108,0.0022708505466936513
020912205,020980108,0.0010539585945646907
020980107,020980108,0.0010050519532782743
020980106,020980108,0.0020104370018587158
020980105,020980108,0.001509532481282129
020980108,020980109,0.0010635680861544833
020980108,020980201,0.002061881587258824
020980109,020980201,0.0016410254449771154
020912205,020980104,0.0020879402164315796
020912204,020912205,0.003314453467562765
020912110,020912204,0.0020850418248416743
020912703,020980101,0.0010275088009821473
020980101,020980102,0.0008702680514178562
020980101,020980104,0.0009785913793870888
020980103,020980104,0.002129090509877023
020980104,020980105,0.0010235385948492394
020912711,020980103,0.0006106110417486314
020980102,020980103,0.0019904543875646397
020980103,020980105,0.0019173501247410915
020912708,020912709,0.0010501601228886017
020912709,020912802,0.0018484394588724098
020912709,020912711,0.0018109206628113138
020912709,020980105,0.0008822592606709661
020912707,020912711,0.0007085350897743276
020912706,020912711,0.001797013009895979
020912706,020980102,0.0012252520931785743
020912703,020912706,0.0017269619704187917
020912705,020912706,0.0011389359209187644
020912707,020912708,0.001685436985134241
020912705,020912707,0.0009679145711654529
020912708,020912801,0.0015639750422129122
020912801,020912804,0.0009694036134139542
020912801,020912802,0.0009990097509688742
020912801,020912805,0.000494094595402619
020912802,020912803,0.0019027120202761748
020912802,020980106,0.0009127104618514658
020980105,020980106,0.0018469102055930291
020980106,020980107,0.002728985353624225
020912803,020980107,0.000863497528140713
020912803,020912804,0.001108337399094602
020912803,020912808,0.0010368534958800587
020912806,020912808,0.0016712913144104242
020912807,020912808,0.0010249491936993736
020912804,020912806,0.0009840826846397566
020912806,020980503,0.0010212501774847906
020912805,020912806,0.002716483097802652
020912806,020912807,0.001274838940514034
020912906,020912907,0.001008268454814543
020912906,020912908,0.0026919212861652685
020912904,020912906,0.0013838731991150425
020912906,020912911,0.0011090676282393599
020912906,020980501,0.001250904250924887
020912905,020912906,0.0012743636181093234
020912805,020912906,0.0012201828570459234
020912904,020912905,0.0020099692989553747
020912611,020912905,0.001400511018740325
020912805,020912905,0.0023432225004761495
020912805,020980501,0.00044545462225792766
020912805,020980502,0.0001256541924027994
020912804,020912805,0.0011006256297463447
020912805,020980503,0.0006119688468485549
020912611,020912904,0.001364463330990247
020912901,020912904,0.0008029990310766115
020912904,020912907,0.0011180058203415953
020912903,020912904,0.0021493463921796597
020912901,020912903,0.0011550789695555694
020912901,021051010,0.0016237055683325963
020912901,020912907,0.004031376391859228
020912907,021051114,0.0008509699974102265
020912907,021051010,0.0002660491811876806
020912907,020912908,0.005084883699022375
020912908,021051114,0.001413427155116209
020912908,020912909,0.0006874434708420091
020912908,020912910,0.000836563717337889
020912908,020912911,0.005287806733561334
020912909,020912911,0.00048680655214874464
020912910,020912911,0.0022761445945174647
020912911,021051115,0.0015088300011399645
020912911,020980702,0.0016987720794803662
020912911,020980703,0.0012598259297354024
020912911,020980705,0.000811726155790379
020912911,020980704,0.001319707016574032
020912911,020980714,0.0013797789420038056
020912911,020980508,0.0026362890471541608
020912911,020980501,0.001272267838325363
020980705,020980714,0.0002978151695176454
020980704,020980714,0.0008417400368502291
020980714,020980715,0.0013956059726996123
020980501,020980508,0.0002976383708726018
020980501,020980502,0.002510797574451806
020980502,020980508,0.0011277641520282158
020980502,020980503,0.0024568828566525047
020912807,020980503,0.00101934156953942
020980503,020980504,0.0012240680846793948
020980504,020980505,0.0014664077717778876
020980406,020980504,0.0012383790433731126
020980503,020980508,0.0026539076715913694
020980503,020980507,0.003156672734622789
020980503,020980506,0.0023187245256065087
020980506,020980507,0.0009530731448266916
020980505,020980506,0.0013239248603384823
020980505,020980510,0.00161639266735585
020980407,020980505,0.0006309751486954447
020980406,020980505,0.0007496245304394786
020980507,020980510,0.0014836213875436904
020980509,020980510,0.00178270394107406
020980407,020980510,0.0015246440273002917
020980507,020980508,0.0017503249855664066
020980507,020980601,0.00028678831225219573
020980507,020980509,0.0019290015787879172
020980602,020980613,0.0014775778691627787
020980508,020980613,0.00126184596511894
020980603,020980613,0.0012362787516521305
020980612,020980613,0.0014083255677312877
020980508,020980602,0.0015452857675501055
020980508,020980612,0.0008528777868964429
020980508,020980611,0.0002294184794475916
020980705,020980715,0.002533851162311504
020980704,020980715,0.00060891904242969
020980602,020980705,0.001522044342527077
020980602,020980603,0.0015431843839332918
020980603,020980801,0.001541062110119814
020980603,020980705,0.002603740474808368
020980603,020980813,0.0012201390656949058
020980603,020980604,0.002599542221515744
020980604,020980612,0.0008352287056216334
020980611,020980612,0.0013614953435918573
020980604,020980611,0.0013132169716955772
020980601,020980611,0.002054149932546568
020980604,020980802,0.0008273147010085679
020980604,020980607,0.0026237385525509902
020980604,020980605,0.001301181097451592
020980801,020980813,0.0012971391993668925
020980812,020980813,0.001213827425392957
020980802,020980813,0.0012963360691498427
020980802,020980812,0.0013022154795378764
020980802,020980803,0.0013005669599839118
020980802,020980815,0.0008160985982860772
020980608,020980802,0.0012956119928509739
020980803,020980809,0.0013643510410649975
020980608,020980803,0.0013516741308392231
020980803,020980804,0.0013017132596522738
020980607,020980608,0.0013386854437810673
020980608,020980609,0.0012983741017319997
020980606,020980609,0.0012793878484595224
020980609,020980804,0.0013040484236468179
020980609,020980610,0.0013037046753318457
020980606,020980607,0.0012995365603047685
020980605,020980606,0.0015466061936484248
020980606,020980610,0.0005818657075202836
020980410,020980606,0.0013464350633445683
020980409,020980605,0.001373792292383864
020980409,020980410,0.0020811634390654997
020980409,020980601,0.0013634360629945904
020980409,020980509,0.0019493923813803237
020980408,020980409,0.003156197180877697
020980407,020980409,0.0010628623662308871
020980406,020980409,0.002143378294039836
020980409,020980912,0.00013500301101921475
020980601,020980605,0.0012032686019991337
020980406,020980408,0.002568101029706918
020980408,020980912,0.0007156124149860222
020980911,020980916,0.002308400940686469
020980406,020980911,0.0013073046179157672
020980910,020980911,0.001710778340477697
020980911,020980912,0.0009417811567287554
020980909,020980911,0.0001538785787037595
020980509,020980601,0.0016712556326468862
020980406,020980407,0.003151516991301009
020980406,020980910,0.0009386452256622489
020980406,020980912,0.0007567988363182288
020980406,020980914,0.001215504373920476
020980406,020980901,0.0011895355067199317
020980308,020980406,0.0012372460085073949
020980901,020980914,0.00110294234541969
020980901,020980902,0.0012010582698118845
020980308,020980901,0.0007548552534795621
020980309,020980902,0.0011367580078299106
020980308,020980309,0.0023852861809287263
020980309,020980310,0.0012460692508683919
020980302,020980308,0.0013193449248645394
020980307,020980308,0.0006747253719406229
020980302,020980307,0.0017078390330818902
020980302,020980303,0.0012500625442915191
020980210,020980303,0.0011499617279375066
020980209,020980210,0.0015525003596156945
020980209,020981001,0.0012669953853761534
020980209,020980304,0.00121436608116858
020980303,020980306,0.0011423383012894109
020980303,020980304,0.0012505232814160857
020980304,020981001,0.001252652344654467
020980304,020980305,0.0012167267018865704
020980306,020980307,0.0012680058450523577
020980306,020980311,0.0011386115301655945
020980305,020980306,0.0012720931277231166
020980307,020980310,0.0011284197316830885
020980310,020980902,0.001134023806198494
020980310,020980311,0.0012454318888378982
020980311,020980905,0.001134743401916847
020980311,020980312,0.0012431433314086019
020980305,020981001,0.0012760775551327198
020980305,020980312,0.0012100821286080313
020980906,020981001,0.001185026723861185
020980906,020980907,0.001330172654187298
020980905,020980906,0.0007593419647124389
020980312,020980906,0.0011969697958607718
020980312,020981001,0.001239088943734212
020980902,020980905,0.00035024471875237645
020980904,020980905,0.0012729516707706697
020980904,020980908,0.0011363468133527696
020980904,020980907,0.0016519372986683856
020980903,020980904,0.0012140113918782574
020980902,020980904,0.00085134186970049
020980903,020980908,0.0011352252305666599
020980903,020980915,0.0012190543790476177
020980902,020980903,0.001140386852173819
020980909,020980915,0.0011350539766675108
020980914,020980915,0.0012235448126661503
020980902,020980915,0.0011362604988312593
020980910,020980914,0.0014442808135449803
020980909,020980910,0.00096532005313402
020980912,020980916,0.0011362609605794069
020980909,020980916,0.0011705643588508076
020980909,020980912,0.001205296903814757
020980909,020980913,0.0036727648568685356
020980908,020980909,0.0009769780994343495
020980908,020981001,0.0005247398278094943
020980908,020980913,0.0039400630530643885
020980907,020980908,0.0011806223884234487
020980907,020981001,0.0012187683316005411
020980913,020981001,0.006522581280834515
020980912,020980913,0.007066936547709206
020980806,020980912,0.0028034183349259605
020980912,020981101,0.00370162317291549
020980410,020980912,0.002960449416563751
020980912,020981102,0.003810015350441401
020980912,020981001,0.0008503262676363153
020980410,020980806,0.0006327212227260036
020980410,020980805,0.0008315002454813298
020980410,020980610,0.0015759158054332591
020980804,020980805,0.00130526036251005
020980805,020980806,0.0023188283358305944
020980610,020980805,0.0011535883242056958
020980804,020980808,0.0013283155760915768
020980808,020980809,0.0024395683343787665
020980808,020981201,0.001356616155735769
020980807,020980808,0.0011530939667474243
020980806,020980808,0.0011834880433610846
020980807,020981201,0.0023759032173240537
020980806,020980807,0.0027535036399829772
020980807,020981101,0.0002577081639681634
020980806,020981101,0.0002762635822680865
020981201,020981302,0.0013124303772835172
020981201,020981203,0.0014019078913492346
020981201,020981202,0.002395097260014146
020981201,020981205,0.0016059035633653566
020981110,020981201,0.0011224349248655772
020981101,020981201,0.0013801457339044062
020981202,020981203,0.0010443787682049416
020981202,020981204,0.0013497444016842654
020981212,020981303,0.000990899465645259
020981208,020981212,0.0014282779182102478
020981203,020981212,0.0014158080277164482
020981204,020981212,0.0009965176166605364
020981203,020981302,0.0010264180537466994
020981303,020981304,0.0012102142813450515
020981303,020981401,0.001438014036890162
020981302,020981303,0.0013762125711013135
020981208,020981303,0.0004645877895824732
020981401,020981402,0.001456465317959143
020981304,020981401,0.0010708595237985702
020981209,020981401,0.0010676426881972944
020981405,020981407,0.00120409413145021
020981405,020981406,0.0022846480437020778
020981404,020981405,0.0022973848210444438
020981304,020981405,0.0012089599735349943
020981306,020981406,0.002334613256467404
020981406,020981407,0.001197751411371556
020981305,020981406,0.0013800711243868635
020981304,020981404,0.0008145198128319704
020981304,020981305,0.001777803703893598
020981302,020981304,0.0019429693317786993
020981305,020981308,0.0009579733330710162
020981305,020981306,0.002527077171802921
020981302,020981305,0.00350804233944071
020981306,020982105,0.0024091933268423214
020981306,020981307,0.003244619027048382
020981306,020981308,0.001147407432254741
020981301,020981302,0.0023614747530711004
020981302,020981308,0.0012594427486211372
020980709,020981302,0.002264838541759395
020980811,020981302,0.0027835047562353634
020980815,020981302,0.0008175284413227901
020980809,020981302,0.0013854776896950664
020980809,020980815,0.0024531106750336866
020980811,020980815,0.0012276090338228212
020980814,020980815,0.001174321743811424
020980811,020980814,0.0012015989438382958
020980810,020980814,0.0011741167629404302
020980812,020980814,0.0012072188926822668
020980709,020980811,0.0009959943414496897
020980810,020980811,0.0015361332284898192
020980709,020980810,0.001172802967340486
020980801,020980810,0.0015374085414314358
020980801,020980812,0.0013045309301222506
020980706,020980801,0.0026032066636440436
020980706,020980708,0.001314481542702813
020980706,020980709,0.003386446372051577
020980706,020980707,0.0037231505308620346
020980705,020980706,0.0009409909565125024
020980701,020980709,0.0005573902717975379
020980709,020981301,0.003910898436059152
020980708,020980709,0.003909014959578787
020980701,020981301,0.0011813948459799808
020981301,021051202,0.0013553461434253312
020981301,020981309,0.0038250536560031725
020981301,020981308,0.0012336765661309333
020981307,020981308,0.0024755641205863686
020981308,020981311,0.0011220982494224672
020981308,020981309,0.0010501677913350314
020981307,020981311,0.001161593731014194
020981311,020981312,0.0026569673511120362
020981310,020981311,0.0037650984263506862
020981309,020981311,0.0010162796405037398
020981312,020982101,0.0025829281028504694
020981312,020982102,0.00121531329780171
020981307,020981312,0.0011376895759583779
020981312,021051301,0.001101734338308326
020981310,020981312,0.001110806576332329
020981310,021051301,0.0011361416692545353
020981310,021051202,0.0010355179692137866
020981309,020981310,0.002680691953232361
020981309,021051202,0.001144590324177374
021051202,021051203,0.0021633938251286442
021051201,021051202,0.002407491913890791
021051202,021051301,0.002473180673752359
021051301,021051302,0.004254301475495801
021051301,021051304,0.0022561889476811915
021051203,021051301,0.0012943849247992324
021052005,021052006,0.0012773735040391906
021052004,021052005,0.0012687398889008523
021052005,021052008,0.001269309101970361
021051303,021052005,0.001279288548452696
021052007,021052008,0.0012808915027977426
021052008,021052010,0.0012780993187307408
021051303,021052008,0.0012811925361584898
021052008,021052009,0.0012711642237184346
021051302,021052008,0.0012773076039901638
021052010,021052102,0.0012802673354055788
021052007,021052010,0.0035457903678729453
021052010,021052011,0.002263178969567655
021052009,021052010,0.001278111558546444
021052009,021052011,0.001272446549579829
021051302,021052009,0.0012764163117013063
021051302,021051303,0.00123855577719834
021051302,021052011,0.0012797340933263551
021051302,021052012,0.0007197873307439031
020982101,021051302,0.0013055734775989502
021052011,021052103,0.001269198711862387
021052011,021052012,0.003531584078435873
021052102,021052103,0.0011494149670095322
021052103,021052104,0.00326380007817002
021052012,021052103,0.0016511841187019417
020982201,021052103,0.0012656746584650172
020982111,021052012,0.002436424975685597
020982111,020982201,0.0023412090828466414
020982110,020982111,0.0010179016003373524
020982101,020982111,0.0024652910522239184
020982102,020982111,0.0013630566432372084
020982101,021052012,0.0013683794373992486
020982101,020982102,0.002597192884411145
020981307,020982103,0.0012155495847841515
020982102,020982110,0.001430570158909559
020982102,020982103,0.00402407725095264
020982103,020982110,0.001170666011384427
020982103,020982104,0.0013819571590510426
020982103,020982105,0.00260734070304527
020982104,020982105,0.0023626741502111503
020982105,020982106,0.0013531004009921033
020981407,020982105,0.0012105969117138262
020982110,020982201,0.0013726708606806547
020982110,020982202,0.0011459876974902858
020982109,020982110,0.000978846260808101
020982201,020982208,0.002245064478252901
020982201,020982207,0.0012759126226514605
020982201,020982202,0.0011368159391299255
021052104,021052111,0.0012627313618482508
021052104,021052105,0.0011468616463786254
021052104,021052112,0.001367996386592965
021052104,021052113,0.0009693129313999285
020982208,021052104,0.0012480483556247188
020982208,021052113,0.002359774290280743
020982208,020982209,0.001104635146161412
020982207,020982208,0.00282809721270761
020350101,020350102,0.0021090936660019236
020350102,020350103,0.0013085810100759655
020350102,021052112,0.0016434030746156742
020350505,020350506,0.0014695335681797874
020350504,020350506,0.0012222631325094007
020350506,020350507,0.0012242470882192743
020350103,020350506,0.001472064859889594
020350101,020350504,0.0029928958440651457
020350101,020350501,0.00041758346734058996
020350101,020350103,0.0009092557404887627
020350101,021052110,0.0012115186674545011
020350101,021052111,0.0013604342277222423
021052111,021052112,0.0014760094310839664
021052112,021052113,0.0018666133383110947
021052110,021052111,0.0012145727597731829
021052105,021052110,0.001279595351938299
021052105,021052106,0.0011454590125618803
021052102,021052105,0.0012802824374546853
021052108,021052109,0.0005704162015969765
020350501,021052109,0.0013225804267504252
021052109,021052110,0.0013856703638578296
021052107,021052109,0.0011458194778476492
021052106,021052109,0.0012840067440317011
020350501,020350502,0.0012037986737332383
020350501,020350504,0.001211329511545801
020350503,020350604,0.0016077220920246648
020350502,020350503,0.0012738201711413157
020350503,020350504,0.0028464767525773114
020350502,020350602,0.0008298830421011657
020350502,020350601,0.0003036501843972399
020350502,020350603,0.0009032512279636265
020350502,021051910,0.0004972330558376453
020350502,021052108,0.0012626034605232248
021051910,021052108,0.0009254477674104757
021052107,021052108,0.0012782323314263163
020350602,020350608,0.0008316398860546996
020350601,020350602,0.001875012728588041
020350602,020350603,0.0018365480178783326
020350603,020350608,0.000905595921760883
020350603,020350604,0.001794690356897726
020350607,020350608,0.001027770557129935
020350606,020350608,0.0008961367166843684
020350608,020420702,0.002610597407826093
020350601,020350608,0.0001852071973917759
020350604,020350606,0.001586938728177055
020350604,020350605,0.0017221171496391383
020350606,020350607,0.0030725280825567103
020350606,020350704,0.0009060636126098836
020350605,020350606,0.0014917877981600921
020350605,020350703,0.0007974224466659395
020350605,020350702,0.0008630216078374531
020350504,020350605,0.0014747736464803792
020350504,020350505,0.0012727576505877779
020350505,020350702,0.00146632642312815
020350505,020350508,0.001273994567526785
020350703,020350704,0.0014661872412872526
020350701,020350703,0.0007562369923457063
020350702,020350703,0.0014642558999207458
020350701,020350702,0.0008610550098306131
020350704,020350707,0.001465017860961536
020350607,020350704,0.0008474801168251654
020350704,020350705,0.001661767395092957
020351101,020351111,0.0014909296865492964
020350707,020351111,0.0013324572368954104
020351102,020351111,0.0012207356960823865
020350607,020351111,0.0015224120488089442
020351101,020351105,0.00145169281996863
020350708,020351101,0.0014289722992550857
020351101,020351103,0.0015724113498272565
020350708,020351106,0.0014924338955038159
020350708,020351107,0.001570679660346402
020350707,020350708,0.00439449412472642
020351106,020351108,0.0021414441360927336
020351106,020351109,0.0007859538084906271
020351105,020351106,0.0018324467700856868
020351106,020351107,0.0016600148210002032
020351108,020351201,0.004501965414375823
020351108,020351110,0.0011638496770825435
020351108,020351109,0.0014635474855748758
020351107,020351108,0.0014751512486377379
020351108,020351207,0.0008817369257885473
020351201,020420910,0.0006883829893473904
020351201,020351202,0.0019603451754853733
020351201,020351203,0.0015626968784535355
020351201,020351204,0.0013662932452785847
020351110,020351201,0.0016399171973962895
020351201,020351205,0.0014532348023667326
020351201,020351206,0.00031824344211330425
020351201,020351207,0.0003234991208743806
020351109,020351110,0.0014872139612569914
020351109,020420809,0.000987178589476309
020351104,020351109,0.001429727169370052
020351105,020351109,0.001469202879257691
020351104,020351105,0.0020026244259064123
020351104,020420713,0.0007446373152009346
020351104,020420712,0.0014503916099522813
020351103,020351104,0.0012836538557045134
020351110,020420810,0.0014346905582446744
020420808,020420809,0.0009228463653140809
020420809,020420810,0.0011835052346962
020420713,020420809,0.0014723097663931536
020420810,020420910,0.0008227623975026281
020420810,020420811,0.0013606978957854138
020420710,020420713,0.000739783992018758
020420712,020420713,0.0017425129843519965
020420710,020420712,0.0006710588489293541
020420711,020420712,0.0023810166999603125
020420705,020420712,0.0013422827199672087
020351103,020420705,0.001684688477448262
020351102,020351103,0.0014615520274323366
020351102,020420704,0.0011075395985901992
020350607,020351102,0.001570442456789547
020420702,020420704,0.0015162778310017497
020420702,020420703,0.0024869775157398753
020420701,020420702,0.0009638866110486219
020420704,020420705,0.003380667121958859
020420704,020420706,0.0013300484773470177
020420703,020420704,0.0008447892507826882
020420705,020420710,0.0018087418422409545
020420705,020420711,0.0011084521141039737
020420705,020420706,0.002001977825876717
020420710,020420711,0.0016199368973529404
020420710,020420808,0.0007954409730817596
020420710,020420801,0.0014160150491239142
020420709,020420710,0.0023836894088009953
020420707,020420710,0.001070393802133111
020420808,020420811,0.0015976022000788268
020420802,020420808,0.0009348843698206543
020420801,020420808,0.0008075278498597204
020420801,020420802,0.0024577649794753154
020420709,020420801,0.00173429926604937
020420802,020420807,0.0016798191229061724
020420802,020420804,0.0021719769131709177
020420802,020420803,0.0014392675053638013
020420708,020420802,0.001502264866592492
020420709,020420802,0.0008188392396402154
020420708,020420709,0.0012536774693975225
020420707,020420709,0.0015417436124634037
020420708,020420803,0.0010572981622476339
020420603,020420708,0.0012349943152149994
020420707,020420708,0.002592723623499343
020420803,020420804,0.0012750307372844947
020420604,020420803,0.0014508812916503486
020420512,020420707,0.0016762706449072202
020420603,020420707,0.0008948502522255191
020420706,020420707,0.003979893999876017
020420506,020420706,0.001057107220669722
020420505,020420706,0.0023183753724407173
020420703,020420706,0.004612561104010979
020420706,021051712,0.00236048034750962
020420706,021051811,0.0006201211900061775
021051811,021051812,0.001136451583593002
021051812,021051813,0.0015527785915641903
021051812,021051907,0.0011498889386421817
021051809,021051812,0.0015013585445885216
021051809,021051810,0.0011465850412304924
021051809,021051906,0.0011539690384004915
021051808,021051809,0.0014525788307482104
021051906,021051907,0.0013568585064870464
021051905,021051906,0.0020222513029111194
021051901,021051906,0.0012668371053651943
021051905,021051909,0.0012288454155801737
021051905,021051907,0.0011575835858856735
021051905,021051911,0.0012035267921868193
021051904,021051905,0.0011494202317749653
021051902,021051905,0.0012775035805886715
020420703,021051908,0.0013793590576021892
021051813,021051908,0.0007402473250369694
021051908,021051909,0.0008991999344540937
021051907,021051908,0.001376673842687928
020420703,021051813,0.0016299864708084837
021051811,021051813,0.0005372293310794225
020420701,020420703,0.001509917850848896
020350601,020420701,0.001606921685888844
020420701,021051909,0.0006466169817544838
020350601,021051909,0.001293820827269395
021051909,021051910,0.0013440475630699651
021051910,021051911,0.0011522471806041173
021051904,021051911,0.001277466796126624
021051903,021051904,0.0012766114274881354
021051904,021052106,0.001147802072785434
021051911,021052107,0.0011478046334610966
021052106,021052107,0.0012790674626856808
021052101,021052106,0.0012797427026317908
021052102,021052106,0.0012811313412507256
021052101,021052102,0.0011498865874216516
021052007,021052102,0.0012791801419643775
021051903,021052101,0.0011482874373400064
021052007,021052101,0.001279885278093194
021052006,021052007,0.002268484212590575
021051903,021052006,0.0012750042671531387
021052003,021052006,0.002269930670229973
021051902,021051903,0.0011464126988387313
021051901,021051902,0.0014534250043268307
021051902,021052002,0.000791552767377588
021051902,021052003,0.0011908538686692968
021051808,021051901,0.0011623619208155688
021051901,021052002,0.0005972693168704564
021052002,021052003,0.0022709089411224043
021052003,021052004,0.0011909254648400677
021052001,021052004,0.0012676861031204532
021051307,021052004,0.0011896284118842755
021051804,021052002,0.0009681941765103362
021051803,021052002,0.0013451309930637145
021052001,021052002,0.0015038497338673758
021051804,021051805,0.000958979013839422
021051804,021051808,0.001409824826857974
021051803,021051804,0.0013973811164774486
021051802,021051803,0.0011528864492104814
021051801,021051803,0.0012901172432908702
021051803,021052001,0.0012672710185597507
021051404,021051803,0.0013759760497793997
021051308,021052001,0.00158992723415733
021051308,021051404,0.0013087715388681552
021051307,021051308,0.0012605618032519041
021051308,021051309,0.0016898032135796476
021051404,021051405,0.0012922156630755057
021051403,021051404,0.0013917220590881356
021051403,021051405,0.0012853605709930028
021051402,021051403,0.0014120154476767934
021051309,021051403,0.0012799564887501138
021051405,021051408,0.0012986689015095343
021051405,021051801,0.0013052675267682678
021051405,021051406,0.0012889595354346178
021051405,021051407,0.0012877314851802513
021051701,021051702,0.002599659818282075
021051701,021051801,0.001293568962060271
021051406,021051701,0.0013053780618447175
021051801,021051802,0.0013070045765821085
021051702,021051802,0.0009722162373224175
021051802,021051805,0.001328377549785242
021051711,021051806,0.0006992688297972095
021051708,021051806,0.0014161345379617124
021051707,021051806,0.0011787938407622173
021051806,021051810,0.0005585654498647353
021051806,021051807,0.0012121520007455093
021051702,021051806,0.0016762668072260408
021051805,021051806,0.0009422943789848987
021051410,021051702,0.0011878586274056508
021051702,021051703,0.002381148604278138
021051707,021051709,0.0011540666515335643
021051706,021051707,0.0010025933630312116
021051707,021051708,0.001567877910331183
021051703,021051707,0.0022593655244319936
021051709,021051710,0.0022928432018384003
021051706,021051709,0.0011563613631157019
021051709,021051711,0.0011585357185306066
021051708,021051709,0.0011560902047205927
021051708,021051711,0.002128729610704037
021051710,021051711,0.0012111060522811423
021051711,021051712,0.0012063438427178598
021051711,021051810,0.0005887317229558537
021051805,021051807,0.001407148526340646
021051807,021051810,0.001499928819239097
021051807,021051808,0.0011889646649147713
021051712,021051810,0.00020534370257144035
021051810,021051811,0.0013186375326673936
021051712,021051811,0.0018540467959123849
021051710,021051712,0.001314961917954912
020420505,020420506,0.0014018302728188816
020420503,020420505,0.0002624809320902352
020420504,020420505,0.0027144425807792113
020420505,021051710,0.002399448221591758
020420506,020420512,0.001414451410034357
020420506,020420507,0.0010561727714569974
020420603,020420604,0.0007437312134290358
020420602,020420603,0.0021880722800701243
020420512,020420603,0.0010123724221887237
020420602,020420605,0.0018386420827200681
020420602,020420606,0.0010730981520502283
020420601,020420602,0.0013003220065683026
020420511,020420602,0.0016420316749211747
020420511,020420512,0.0021624709495428342
020420510,020420511,0.00232291329282131
020420507,020420511,0.0016235166959500844
020420510,020420601,0.001480744325537985
020420412,020420510,0.001229236895530045
020420509,020420510,0.002342262632617955
020420507,020420510,0.0013208370381773992
020420601,020420606,0.0010433515912404018
020420408,020420601,0.0013172442394667838
020420408,020420412,0.0011329517895523498
020420406,020420412,0.001187702482330584
020420405,020420412,0.0011443672103160156
020420412,020420509,0.001192880216246671
020420404,020420412,0.0004445583598767829
020420508,020420509,0.0011526575268955648
020420502,020420507,0.001004286423849151
020420501,020420502,0.0006766431536666536
020420502,020420513,0.0011909269648509306
020420502,020420503,0.0017382483608376438
020420502,021051705,0.0012271252237166473
020420503,020420507,0.0014627246297152072
020420503,020420504,0.0012412473026905198
020420503,021051710,0.0014299278792222357
020420507,020420508,0.0012247022258572641
020420504,020420507,0.0014800996142839565
021051705,021051710,0.0012461382025739194
021051706,021051710,0.0012454513584393978
021051611,021051705,0.001988221181629038
021051705,021051706,0.0021445130798834265
021051608,021051705,0.0019519384397687788
021051704,021051705,0.0020733557217243346
020420513,021051611,0.001572562190046593
021051610,021051611,0.0014606896721104528
021051608,021051611,0.0011840226777353722
020420310,020420404,0.0022854858129953692
020420310,020420501,0.0015318187014088766
020420310,020420513,0.000522143497683571
020420310,020420311,0.002057602527380152
020420309,020420310,0.00028922745642399596
020420310,021051610,0.0006254625513306008
020420501,020420508,0.0011518573649574085
020420501,020420513,0.0016405454273580946
020420404,020420508,0.001227419787403679
020420406,020420408,0.003391466043458251
020420405,020420406,0.0031384447541568977
020420406,020420407,0.0011867600250814747
020420404,020420405,0.002676620822965134
020420402,020420405,0.0012619386897952344
020420403,020420404,0.0012712662597264045
020420402,020420403,0.0033271311690311074
020420305,020420403,0.0012249218911306956
020420311,020420403,0.0015684732920929708
020420201,020420402,0.0011898793933815736
020420402,020420407,0.00393460040109855
020420401,020420402,0.0023617698340495444
020420304,020420402,0.001167037585412178
020420304,020420305,0.001588987990596641
020420305,020420311,0.0017375365264747688
020420305,020420306,0.0011679857734055697
020420308,020420311,0.0012181676933351658
020420306,020420308,0.0018676727223761987
020420308,020420309,0.0018641194352813154
020420307,020420308,0.0011234765989959388
020420308,021051610,0.001729087595261458
020420309,020420311,0.001413177029470295
020420309,021051610,0.002900147860065123
021051609,021051610,0.003223894225830902
021051608,021051609,0.0032548380115763505
020420307,021051610,0.0013174740476130506
021051606,021051610,0.001699883597364479
021051608,021051610,0.0010233728548278201
021051607,021051610,0.0011591431370796886
021051411,021051704,0.0023222053123336858
021051411,021051603,0.002952067640685339
021051411,021051602,0.001011749289257869
021051411,021051508,0.001304505844761696
021051410,021051411,0.0028645126790286224
021051411,021051506,0.00036719658618534524
021051409,021051411,0.0035342605454523196
021051411,021051703,0.001377870700752354
021051607,021051608,0.0012695520072263805
021051608,021051704,0.0010526049832327617
021051603,021051608,0.001061321604874552
021051704,021051706,0.001173766465769901
021051703,021051704,0.001937816060999389
021051410,021051703,0.00016903089224843825
021051409,021051410,0.0011358898132120504
021051408,021051410,0.0012997160810338422
021051406,021051410,0.0012888182842305288
021051407,021051410,0.0012925452376143381
021051406,021051407,0.0013055108625856162
021051407,021051408,0.0013065419143303055
021051408,021051409,0.004020199639665499
021051408,021051503,0.0013230023899848428
021051402,021051408,0.001294775388352257
021051401,021051408,0.0026184391265272463
021051409,021051505,0.0012661022484613995
021051409,021051504,0.002645238982493309
021051504,021051505,0.0031403187185161216
021051503,021051504,0.0021934651230837822
021051502,021051504,0.003649001377147006
021051502,021051503,0.0009197230801188417
021051502,021051505,0.0020334082836200407
021051501,021051502,0.003462721057155469
021050903,021051502,0.004335572922488436
021050907,021051502,0.0013711916629175827
021051401,021051502,0.0013130613348777223
021051206,021051502,0.001159710693779747
021050903,021050904,0.0033849055138213107
021050903,021051113,0.0012663456300617188
021050903,021051112,0.0015824679578449762
021050903,021051116,0.0005843410525975314
021050902,021050903,0.0031198641258169367
021051112,021051116,0.001869309592061286
021050902,021051116,0.0004722428620349855
021051110,021051116,0.001148120583325874
021051111,021051116,0.001486799134332754
021051112,021051113,0.002370723112163873
021051110,021051112,0.0011524988697959777
021051113,021051206,0.002223975745680667
021051206,021051210,0.0010155377943090558
021051206,021051207,0.0020195019971228118
021051205,021051206,0.0016435614317026528
021051110,021051113,0.0011657388576515723
021051113,021051205,0.0012193900211275627
021051107,021051113,0.003418315415077696
021051107,021051201,0.002655892977563628
021051106,021051107,0.0027132908005092797
021051107,021051108,0.003334819375135956
021051208,021051210,0.0011181437362084337
021051204,021051210,0.0009840938453464715
021051205,021051210,0.0011911226988682653
021051208,021051501,0.0009997716410982524
021051208,021051209,0.0009618026239222204
021051207,021051208,0.0009650965357905065
021051207,021051501,0.0010129047898913902
021051401,021051501,0.0014719780944244538
021051401,021051402,0.0014322859848203693
021051209,021051401,0.0011014626390262845
021051209,021051310,0.000934284064141069
021051204,021051209,0.0011477573978048176
021051310,021051402,0.0012933559476249392
021051309,021051310,0.001788909225857948
021051305,021051310,0.0012163516757134382
021051204,021051310,0.0009595090555992724
021051204,021051305,0.0012052189069664977
021051204,021051304,0.0012917791065103167
021051204,021051205,0.0024557157798778236
021051203,021051204,0.0014523234989886197
021051305,021051306,0.0011973492076364216
021051304,021051305,0.0011892026236465772
021051306,021051309,0.0012162331227031941
021051306,021051307,0.0011908156315897946
021051303,021051306,0.0012807489545177163
021051304,021051306,0.0024418666527897793
021051303,021051307,0.0012534406512454683
021051303,021051304,0.0012823111581558666
021051203,021051304,0.0012945267234638345
021051201,021051203,0.0019635846906580724
021051201,021051205,0.003998910844633379
021051106,021051201,0.002922445963005703
020980701,021051201,0.0003389950636898298
021051104,021051105,0.0011333007726232506
021051105,021051106,0.0012281569800636277
021051105,021051108,0.003345316172970623
020980711,021051105,0.0024955179149638057
020980710,021051105,0.0015814177102660197
020980701,020980711,0.0012869617992777276
020980711,020980712,0.0013073728513832202
020980710,020980711,0.001313518413335626
020980707,020980711,0.0013064446766486812
020980701,021051106,0.0034320850344008056
021051106,021051108,0.0011788447074527917
020980701,020980708,0.0011614884841630833
020980701,020980716,0.0013411327069432532
020980708,020980716,0.0028784226612989677
020980707,020980708,0.0012325908060051292
020980707,020980716,0.0016025358968112513
020980707,020980712,0.001638605970259075
020980703,020980707,0.0024652147381394457
020980705,020980707,0.0012741089795467039
020980703,020980705,0.002602666819818384
020980703,020980704,0.0027047139294231297
020980703,020980712,0.0013065972193445654
020980703,020980713,0.001312808042791664
020980702,020980703,0.0013768713866537327
020980712,020980713,0.001672652507288865
020980710,020980713,0.0013227040452293316
020980702,020980713,0.0017090403952912138
020980702,020980710,0.000965148528131629
020912909,020912910,0.0015107535278448187
020912909,021051102,0.0014220463615474484
021051104,021051115,0.0017869580650596959
021051102,021051115,0.0013710803635696104
020980710,021051115,0.0013769065396314983
021051108,021051109,0.0010748605946924227
021051104,021051108,0.002137492388538525
021051104,021051109,0.004445515000748893
021051103,021051104,0.002199112863240785
021051102,021051104,0.0011271542053699103
021051110,021051111,0.0025220363593023024
021051109,021051110,0.003397699302904753
021051109,021051111,0.001150256335128579
021051013,021051109,0.001087894485152354
021051103,021051109,0.0011558690556144802
021051011,021051109,0.0010806582460467166
021051011,021051103,0.002421821675257784
021051102,021051103,0.001218749422141724
021051101,021051103,0.002417923712653096
021051101,021051102,0.0011226615429742904
021051101,021051114,0.002346517043237479
021051010,021051101,0.001052667457094929
021051102,021051114,0.0013667494352256919
021051010,021051114,0.0013673505898501941
021051010,021051011,0.0010164481873864847
021051009,021051010,0.0020637210264673545
021051007,021051010,0.0014217157629335894
021051011,021051013,0.0015287503737988926
021051011,021051012,0.0011618220784780278
021051009,021051011,0.0022223025713255227
021051009,021051012,0.0011860482443182656
021051008,021051009,0.002247918954185818
021051007,021051009,0.0009150543939171628
021051007,021051008,0.0013121335101450569
021051006,021051007,0.002369057820765549
021051004,021051006,0.0014101904635917374
021050909,021051008,0.0012827249155694467
021051004,021051008,0.002616863345611157
021051008,021051012,0.000981234954435144
021050902,021051012,0.000668451061741387
021051012,021051013,0.002990568467891731
021050901,021050902,0.004454310706539362
021050901,021051013,0.002780240864344952
021050902,021051013,0.001298534618404083
021051013,021051111,0.0018235453172160624
021050902,021051111,0.0017329408517082444
021050902,021050904,0.0011646850033091205
021050904,021050907,0.0033218801370802566
021050904,021050906,0.0007294236203070197
021050904,021050905,0.0025046395537252474
021050804,021050907,0.0016859323166661952
021050802,021050907,0.0014216518501343161
021050907,021051506,0.0007911182944364433
021050907,021051505,0.004601951245377421
021050906,021050907,0.005435865582889874
021050907,021050909,0.000439045244706284
021050902,021050905,0.0033485462804104145
021050905,021050906,0.0020996027285563367
021050905,021050909,0.0036563020707861154
021050902,021050909,0.008268224888362517
021050906,021050909,0.0041541792307618
021050713,021050909,0.0004710427276617738
021050802,021050909,0.004664519715852649
021050801,021050909,0.0017894497789775455
021050705,021050909,0.0009614475478090558
021050908,021050909,0.004469059480736908
021050909,021050911,0.0002556996266999757
021050909,021050910,0.0033862555509399737
021050702,021050909,0.005986061674271071
021050414,021050909,0.005273481792249145
021050410,021050909,0.003441255852109982
021050908,021050911,0.004045022312887277
021050908,021051004,0.0014046701961628824
021050910,021050911,0.0011143884453419805
021050911,021051004,0.001374046171750105
021050910,021051004,0.001393632756490894
021051002,021051004,0.0012141084177257953
021050910,021051002,0.0017025708920208802
021050408,021051002,0.0021781113807992354
021050409,021050910,0.0022066255700584105
021050408,021050409,0.003956558267634975
021050407,021050408,0.0032823529525233147
021050409,021050410,0.005906201382576248
021050407,021050409,0.002829932360392324
021050406,021050409,0.00026090433143949646
021050410,021050414,0.004850867848222957
021050410,021050411,0.002364844950574578
021050413,021050414,0.0025776976748597517
021050411,021050414,0.002039432183510469
021050414,021050701,0.004387597968273245
021050406,021050407,0.0032824187603958544
021050406,021050411,0.0010604199955094693
021050405,021050406,0.0043655836977524514
021050405,021050411,0.0011848763596052803
021050404,021050405,0.004015122623403455
021050404,021050411,0.0011964105695278866
021050402,021050404,0.00450142471532361
021050402,021050411,7.988410649850484e-05
021050402,021050412,0.002573422466537561
021050401,021050402,0.004147972664493047
021050401,021050412,0.0015667130424386016
021050412,021050413,0.003580394971341499
021050411,021050412,0.0007486301282531312
021050411,021050413,0.003121625664688728
021050413,021050701,0.0007632795642138849
021050701,021050703,0.0015042175467987996
021050701,021050702,0.0020955997951528057
021050703,021050705,0.004230582413744644
021050702,021050703,0.0018705356042035815
021050705,021050713,0.004928982102140211
021050702,021050705,0.002777923150577641
021050713,021050801,0.001134600228024673
021050801,021050803,0.002582056337792621
021050801,021050802,0.004775383535073829
021050801,021050808,0.0030533941636540006
021050706,021050801,0.0010521640632559063
021050803,021050807,0.004488987229580274
021050803,021050804,0.0021660899838994935
021050802,021050803,0.002991407227366877
021050803,021050808,0.0010786738633332242
021050806,021050807,0.002994595742180057
021050805,021050807,0.0013011380495671191
021050807,021050809,0.0014949107859874825
021050807,021050808,0.0013043390053833707
020772104,021050806,0.0008282867211730242
020772105,021050806,0.002048049895803005
021050805,021050806,0.0015128648968499774
021050806,021050809,0.0013565651630340245
020772105,020772106,0.0024828087679165224
020772104,020772105,0.0008348528864900224
020772105,020772112,0.001151483644594489
020772104,021050809,0.00209874776138786
021050809,021050810,0.0015489124658395468
021050808,021050809,0.001492920370686071
020772104,020772107,0.0014924146332985905
020772104,020772106,0.0013892419174724754
020772102,020772104,0.001247808217172943
020772103,020772104,0.0020263393738805743
020772102,020772103,0.002822875530888964
020772101,020772103,0.0023888122439916365
020772103,021050810,0.0011717437137532783
020772101,021050810,0.0012891500242955044
021050707,021050810,0.0024970809002114944
021050808,021050810,0.002147742042620678
021050706,021050810,0.00021080035524748583
021050706,021050808,0.0009139369701446267
021050706,021050708,0.0013509032616540195
021050706,021050713,0.003861759523233643
021050706,021050707,0.0015933933085314491
021050707,021050710,0.0014336186573595407
021050707,021050708,0.0038206386015319396
020772101,021050707,0.0016255614206203515
021050708,021050713,0.009656298363835122
021050708,021050710,0.0028596693454985534
021050710,021050711,0.003022738970980994
020772101,021050710,0.0018671201973309102
020772002,021050711,0.002990670251033046
020772002,020772003,0.0016040226050563736
020772002,020772102,0.0012784273899580565
020772002,020772101,0.0014052819084820055
020772101,020772102,0.0014434525253044788
020772003,020772102,0.0012777500588165751
020772102,020772108,0.0027545923687698677
020772008,020772009,0.0012621529945210856
020772009,020772010,0.0031227454794850278
020772009,020772109,0.001277649044706134
020772003,020772009,0.0030750861764650313
020772003,020772004,0.0025541602427690832
020772003,020772108,0.0012762924303966136
020772004,020772008,0.002558592041192709
020772007,020772011,0.002557919722067318
020772008,020772011,0.002544029024345471
020772011,020772204,0.0012225888809339349
020772010,020772011,0.0038283515089181756
020772007,020772008,0.0012866661204114535
020772007,020772204,0.0012828112989784622
020772010,020772203,0.0012965672980106038
020772010,020772202,0.0030401816141956413
020772010,020772110,0.00226950827170302
020772202,020772203,0.0012874900097269517
020772202,020772208,0.0041688710656066046
020772201,020772202,0.00254100759683706
020772109,020772110,0.0014457698267293737
020772108,020772109,0.0027210991251665406
020772108,020772111,0.0008346789077430804
020772107,020772108,0.0024805343766698207
020772107,020772111,0.0014860265209135177
020772106,020772107,0.002484436974880213
020772110,020772201,0.003315163769340332
020420101,020772110,0.0011536863071981783
020772110,020772111,0.00340142524963251
020420101,020772111,0.001406573264697587
020772106,020772111,0.002626187320939514
020420102,020772111,0.001241946774376487
020772111,020772112,0.00027834850852481756
020772106,020772112,0.0012431051071935437
020420101,020772209,0.001275477260053913
020420101,020772201,0.001245142704853056
020420101,020420110,0.0012046460912703192
020420101,020420109,0.0014916142919814167
020420101,020420108,0.00199817244663839
020420101,020420102,0.001239878858307049
020772201,020772209,0.0042673848316903355
020772208,020772209,0.0012289631329753953
020772209,020772210,0.0028008906681834976
020420110,020772209,0.0011771200884173956
020772210,020772211,0.002083278651489341
020490403,020772210,0.002582574553009029
020420110,020772210,0.002431248334645172
020420110,020420205,0.0025571616852215354
020420110,020420112,0.002712123709494907
020420110,020420111,0.0021465447250992318
020420109,020420110,0.002105474378500837
020420112,020420205,0.001273550221705548
020420111,020420112,0.0015123390701715484
020420111,020420205,0.0005861841048588509
020420111,020420301,0.0037026675861120176
020420109,020420111,0.001228038867867596
020420111,020420203,0.0006556597832093336
020420203,020420301,0.0013887570174715988
020420301,020420303,0.001461951094090768
020420301,020420302,0.0022168216023214764
020420107,020420301,0.0013412339073054337
020420107,020420109,0.0016425093219524817
020420107,020420108,0.0012704223475714597
020420106,020420107,0.0016518262300203505
020420104,020420107,0.0012736781915424669
020420103,020420107,0.001298641203919588
020420104,020420106,0.0013209760732852075
020420104,020420105,0.0017763560297859608
020420103,020420104,0.0018616712707271955
020420104,021051601,0.0007850868142853572
020420104,021051509,0.0019735707893882765
020420102,020420103,0.0016472844249368307
020420103,020772112,0.0012626762945096123
020420108,020420109,0.0032761335289105188
020420102,020420108,0.0025322529122991733
020420102,020772112,0.00120755441745974
020772112,021050805,0.0012276571415028323
020772112,021051510,0.0004757864679217308
021050805,021051510,0.0030747715944448996
021050804,021050805,0.0016988688095796658
021050802,021050804,0.0024419982814384584
021050804,021051510,0.0018549583447355698
021050804,021051507,0.0014278127926843562
021050804,021051506,0.0011168773002203558
021051507,021051509,0.00119179835855609
021051507,021051510,0.004078276075228034
021051507,021051508,0.0011531807813053552
021051506,021051507,0.003783560810136509
021051509,021051510,0.003019968777261978
021051509,021051601,0.0034963824674988566
021051508,021051509,0.0011546553334232028
021051601,021051605,0.0015461566175379259
021051601,021051604,0.0011565984803817981
021051601,021051602,0.0009981080175111938
020420105,021051605,0.0018614365315945767
021051605,021051606,0.0005293508880819218
021051604,021051605,0.0014067731633720375
021051604,021051606,0.0023148653280621505
021051603,021051604,0.001456982724754409
021051602,021051604,0.001156552492098545
021051508,021051602,0.004608943793201057
021051506,021051508,0.0034283088981068
021051505,021051506,0.004771633180833694
021051603,021051607,0.0038649928716250333
021051602,021051603,0.003464333241278355
021051606,021051607,0.0014663882394802723
020420304,020420306,0.0011761997587315207
020420303,020420306,0.001627352579135282
020420306,020420307,0.00233609579660906
020420302,020420307,0.003358112044891114
020420105,020420307,0.0004716513814624717
020420105,021051606,0.0020525368560845806
020420105,020420302,0.0011158005454319122
020420105,020420106,0.0027305436097186313
020420106,020420302,0.0026919103120582725
020420302,020420303,0.002852270983946058
020420203,020420303,0.0014017338263930808
020420303,020420304,0.0015057765156111212
020420203,020420204,0.0019206663505163721
020420202,020420203,0.0027437020067410597
020420203,020420205,0.0029518454711017425
020420203,020420304,0.0012758730158740177
020420201,020420202,0.001947928355283863
020420202,020420204,0.0030685124387571216
020420202,020420401,0.002393531163625175
020420304,020420401,0.0014472665945857615
020420201,020420401,0.0013394353293679224
020420201,020421101,0.00109890713042897
020420201,020421102,0.0010688720566313353
020420201,020421103,0.001510520722614521
020420201,020420204,0.00142084482330895
020420201,020420407,0.0017929183336497447
020421101,020421203,0.0013851468150764532
020420210,020421101,0.0024244317691084543
020421101,020421102,0.002851449611164888
020420209,020421101,0.0012082662466874061
020420204,020421101,0.0006661340093583667
020420204,020420209,0.001149307493553689
020420204,020420205,0.0018512433569944273
020420209,020420210,0.002532980700020229
020420209,020420211,0.0013704666192135046
020420208,020420209,0.001174624985965902
020420206,020420209,0.0030598693788399358
020420205,020420209,7.23211719971991e-05
020420211,020421202,0.0006541639236540011
020420211,020420212,0.0012987416831048374
020420211,020421203,0.0007223899254795122
020420210,020420211,0.002713698392247393
020420208,020420211,0.001535965472558565
020421202,020490511,0.0012470764622956804
020420212,020421202,0.002227080796334279
020421202,020421203,0.0038923537106637226
020420210,020421203,0.002696330411215069
020421203,020421204,0.000932291491975903
020421105,020421203,0.001996175898222561
020421203,020490505,0.001130764996939705
020421203,020421212,0.0011144089434897515
020421203,020421211,0.002506651221058438
020421203,020490511,0.0012252596149025588
020421203,020421210,0.0013402133275472311
020421203,020421209,0.0013681611267009988
020421203,020421208,0.0011484133497442655
020421203,020421207,0.0012352503756092035
020421203,020421206,0.0008261037132537228
020421201,020421203,0.0015997012039459621
020421102,020421203,0.001035563407918705
020421210,020421302,0.0008292508130565721
020421210,020421211,0.0012847841690020242
020421210,020421401,0.0005208011414433139
020421209,020421210,0.0012888086358909495
020421211,020421301,0.00109015801303861
020421211,020421302,0.0014187679716941865
020421211,020421212,0.0012763720609677682
020421302,020421303,0.0021614130861606112
020421301,020421302,0.0011804416033992706
020421302,020421401,0.0010708898393201828
020421303,020421306,0.0010320379969781359
020421303,020421310,0.0010535845854868842
020421303,020421304,0.001150370755755682
020421303,020421402,0.0010551925971975073
020421306,020421308,0.0011008002051926726
020421305,020421306,0.0013408041365310242
020421306,020421310,0.0016529054024014987
020421308,020421312,0.0011240180479034744
020421307,020421308,0.0011281946766034064
020421308,020421309,0.0011057297023390842
020421309,020421312,0.0011398863600505242
020421309,020421313,0.0010908756853828282
020421305,020421309,0.0011314668196628769
020421311,020421313,0.0010795007193789962
020421313,020491106,0.0010830693244326688
020421305,020421313,0.0010780426972602337
020421305,020491105,0.0006870137569825982
020421304,020421305,0.002140268556216552
020421304,020491105,0.0012762131721827487
020421301,020421304,0.002155137612801737
020421301,020491101,0.0012961424008656626
020421212,020421301,0.0011037978962323228
020491106,020491107,0.0017189213585171728
020491106,020491108,0.0012000200247497064
020491105,020491106,0.0015959104858312163
020491105,020491108,0.0007085294473542009
020491104,020491105,0.002047076456781602
020491101,020491105,0.0013753298827922328
020491108,020491111,0.0012289201835001644
020491005,020491108,0.0012382394043455253
020491104,020491108,0.0006893983064738226
020491101,020491104,0.000407534536562707
020491101,020491102,0.0013043135440597296
020490505,020491101,0.0014441455542777053
020421212,020490505,0.0012730404329581863
020490505,020490511,0.0031785858971911754
020490507,020490511,0.001253921170652704
020490410,020490511,0.00233361207201671
020490502,020490503,0.0008598762480154889
020490503,020490510,0.0010567928272158043
020490503,020490505,0.002205700946909255
020490503,020490506,0.0023411760759671383
020490505,020490510,0.001827854825386377
020490504,020490505,0.0012930643669707051
020490505,020490506,0.0013235194691572237
020490504,020491102,0.0014277691212254908
020490504,020490510,0.002698712698392997
020491102,020491104,0.0015679897823790898
020491102,020491103,0.0012566890576615882
020491005,020491104,0.001133503473344775
020491004,020491104,0.0013067022008175688
020491103,020491104,0.0015155247576862769
020491004,020491005,0.001111563202259005
020491004,020491006,0.0013015526576055274
020491003,020491004,0.001119430019438249
020491002,020491003,0.0014346392311905868
020491003,020491103,0.001522839305929824
020490502,020491003,0.0010984689399658602
020490510,020491103,0.0012199589646830007
020490502,020490510,0.001672133643080959
020490501,020490502,0.001886885404670378
020490502,020490509,0.0007096615149257036
020490502,020490508,0.0011036546546651824
020491002,020491006,0.0011591436485380896
020491001,020491002,0.0013436996331297696
020490501,020491002,0.0010828366880501015
020490609,020491001,0.0014259291291945557
020490608,020490609,0.0013234969752998408
020490607,020490609,0.0012974807427232444
020490501,020490609,0.00131376888490313
020490501,020490607,0.0005241982549257191
020490501,020490606,0.0001472997905829997
020490501,020490509,0.0011360807211507672
020490508,020490509,0.001292370352231603
020490506,020490508,0.0013153661549019247
020490508,020490601,0.0012240448921081793
020490507,020490508,0.0012097373448857606
020490308,020490508,0.0010868214182276938
020490506,020490507,0.002176000605036905
020490308,020490507,0.0005880194458304346
020490407,020490507,0.0014258600906820594
020490308,020490309,0.0013169524317969816
020490307,020490308,0.001480342225046355
020490308,020490407,0.0013967863720291667
020490307,020490407,0.001065460743761567
020490407,020490410,0.001395300425440145
020490407,020490409,0.0012090150405958732
020490407,020490411,0.0013968062614391585
020490312,020490411,0.0011417596903603461
020490311,020490411,0.00019589227432422493
020490408,020490411,0.001312484957488615
020490406,020490411,0.0017214326706308388
020490408,020490409,0.0027728310112154356
020420208,020490408,0.0013020035974812367
020490405,020490408,0.002704377068837889
020490409,020490410,0.0025839885573433648
020420208,020490409,0.001447690207570232
020420212,020490410,0.0013163068882143657
020420208,020420212,0.002215294263607169
020420207,020420208,0.0011301074700582386
020420206,020420208,0.0010827742212737702
020420207,020490405,0.0017651826881374675
020420206,020420207,0.0014633301890502317
020420205,020420207,0.0011955518685308499
020420205,020420206,0.004053082439038469
020420205,020490404,0.001282430723463692
020420205,020490403,0.0009449707360554184
020490405,020490406,0.0021290378145492833
020490404,020490405,0.0013327251398397833
020490403,020490405,0.0012864141404896625
020490403,020490404,0.0025586895985022983
020490402,020490403,0.0020374926453867745
020490401,020772211,0.0015300176646536612
020772207,020772211,0.0008570969479910011
020490402,020772211,0.0012442914391414817
020772208,020772211,0.0037672698227077337
020490303,020490401,0.0020115281482643854
020490401,020490406,0.0010691862376094037
020490401,020490402,0.0019597800235900986
020490402,020490406,0.001264329376368399
020490311,020490406,0.0012939312041682063
020490303,020490406,0.001177477578372421
020490307,020490309,0.0010639725206928801
020490305,020490307,0.0008837293690848679
020490307,020490312,0.0023803354242969864
020490306,020490312,0.0024071254682400747
020490311,020490312,0.0011412839869041863
020490306,020490311,0.0013786818625566208
020490303,020490311,0.0008799470587858258
020490305,020490306,0.001481139546984205
020490304,020490306,0.003237208131275829
020490303,020490306,0.0010561099206513104
020490304,020490305,0.003417795230607966
020490301,020490304,0.001113488550198996
020490302,020490304,0.002470063030420409
020490303,020490304,0.001120621324991833
020490301,020490302,0.0019156121383457235
020490302,020490303,0.001935143321147771
020490302,020772206,0.0013052259753973507
020490302,020772207,0.001182845567989853
020490303,020772207,0.001318382823373687
020772206,020772207,0.0014934373740947886
020772203,020772207,0.00247812777670455
020772207,020772208,0.0008342184428651653
020772203,020772208,0.0025606257958524486
020772203,020772206,0.0012815364664585814
020772203,020772205,0.0024761406800164415
020772203,020772204,0.001285320520278209
020771909,020772206,0.00133158577943598
020490202,020772206,0.0003338919088501926
020490301,020772206,0.000916692372533865
020772205,020772206,0.0038193384129116205
020771908,020772205,0.0025653811747830954
020772204,020772205,0.003781085561228204
020771908,020772204,0.0011194714305341623
020771908,020771909,0.0041530847545926605
020490202,020771909,0.002869033392219766
020490201,020490204,0.002869682569441324
020490201,020490203,0.0010913759346637838
020490201,020490205,0.0014182601099481038
020490201,020490202,0.0026805955816459988
020490203,020490208,0.0014752339596810543
020490203,020490204,0.0021778954652439046
020490203,020490209,0.002935300213470505
020490202,020490203,0.0020875284882717763
020490203,020490301,0.001109922541051897
020490202,020490301,0.0019123655277406048
020490301,020490305,0.0006698459146203149
020490208,020490704,0.0014766118602456083
020490207,020490208,0.002395354868038594
020490208,020490313,0.0012976149824191294
020490208,020490209,0.001097875472691933
020490206,020490207,0.0013073044059784612
020490207,020490702,0.0014496954404482378
020490207,020490703,0.001407174766199094
020490204,020490207,0.0028630650116294324
020490205,020490207,0.0010912658108929406
020490204,020490205,0.0021846674235699633
020490205,020490206,0.0013981936993096137
020490107,020490701,0.0010935940719967367
020490206,020490701,0.0013867958198330933
020490701,020490707,0.0013804538982265223
020490701,020490706,0.0011261661685133969
020490701,020490702,0.0011492397119457975
020490107,020490108,0.0016238650541164695
020490107,020490709,0.0004000216696077165
020490107,020490707,0.0007064214631720531
020490709,020490802,0.0008862572026551516
020490709,020490801,0.0013794532460341784
020490108,020490709,0.0013940259398445372
020490709,020490710,0.0019731782991786913
020490708,020490709,0.0004236745175771649
020490707,020490709,0.0029918367922786267
020490702,020490706,0.0014477647763669048
020490702,020490703,0.0011461536179025395
020490706,020490707,0.0028595581128468975
020490705,020490706,0.001201555363425567
020490703,020490706,0.0014054481058121506
020490703,020490704,0.001140203665255426
020490707,020490708,0.003057121994304743
020490607,020490707,0.00018735788263696046
020490606,020490707,0.0007852590826531249
020490705,020490707,0.0014704796617607044
020490710,020490802,0.0005520486388446606
020490710,020490910,0.0014350446160674931
020490710,020490711,0.0013801741172589938
020490708,020490710,0.0014253468267847369
020490708,020490711,0.0014754420006209044
020490607,020490708,0.00034031066024273177
020490711,020490909,0.0014636023233394993
020490608,020490711,0.0013339655845161177
020490604,020490606,0.0015296920513780754
020490604,020490705,0.0012234310004201445
020490604,020490605,0.0012259314007899403
020490603,020490604,0.0015322528193833485
020490704,020490705,0.0014715611797056004
020490603,020490704,0.0011347764377608739
020490313,020490603,0.0015307624897812062
020490313,020490602,0.00029989360824360123
020490310,020490313,0.001298473483412485
020490209,020490313,0.0014876833155099303
020490209,020490305,0.0035288445497273983
020490305,020490310,0.0015049563271020876
020490305,020490309,0.0010576634141219589
020490310,020490602,0.0011573990620740485
020490309,020490310,0.001252629728470586
020490602,020490603,0.001172062248919574
020490602,020490605,0.0014783469871975327
020490601,020490602,0.001240045679682097
020490309,020490601,0.002197877443855961
020490509,020490601,0.0022617998602088496
020490509,020490606,0.0019025886356178645
020490509,020490605,0.00124035724810961
020490606,020490607,0.0043246812386437345
020490605,020490606,0.0014958271932079222
020490607,020490608,0.0030182302708639127
020490608,020490908,0.0014567111853772356
020490608,020491001,0.0015663390094028096
020491001,020491008,0.0016671760839852552
020490908,020491001,0.0013267149540163537
020491001,020491007,0.0014012951914086494
020491008,020491009,0.0017254031240451083
020490908,020491008,0.0012755189350603688
020491007,020491008,0.0012854859281210846
020490906,020490908,0.001400853175779565
020490907,020490908,0.0014286104661306231
020490908,020490911,0.0012848968031567223
020490908,020490909,0.0027801317743507458
020490903,020491301,0.0013630173081592388
020490903,020490904,0.001197826840036956
020490902,020490903,0.0012001363650029787
020490903,020490906,0.0013802410685351534
020490902,020490907,0.0014363737774410637
020490907,020491009,0.0012435447729207628
020490906,020490907,0.0012438124035216444
020490902,020491302,0.001449102236769431
020490901,020490902,0.001201683341825664
020491302,020491307,0.0014645875008349515
020491302,020491306,0.00020131721294731843
020491302,020491303,0.0016485340299204206
020491301,020491302,0.0023519190974030067
020491301,020491307,0.0007209728891464068
020491301,020491403,0.0016265425599273045
020491301,020491402,0.0012299458952531584
020490904,020491402,0.002880958515387622
020490808,020490904,0.0011786910969683515
020490904,020490905,0.0014576276510429522
020490904,020490906,0.001407711908774523
020491401,020491402,0.0012444667392727635
020491402,020491403,0.004139594650965965
020490808,020491402,0.0013283969522388621
020491403,020491404,0.004863259482980557
020491401,020491403,0.0012132868840910975
020491404,020491406,0.0028514858507171768
020491404,020491405,0.0035507111614997418
020490807,020490905,0.0012362402761300203
020490905,020490906,0.0012396222371105603
020490802,020490905,0.0014498083625132483
020490906,020490911,0.0014092653745496544
020490909,020490910,0.0013775337668322015
020490910,020490911,0.0014280550363340166
020490802,020490910,0.0014373545039888776
020490802,020490911,0.0012921006211363592
020490802,020490803,0.0012854939965960275
020490801,020490802,0.0015125936418344675
020490807,020490808,0.001342088276387254
020490806,020490807,0.0012824486674880595
020490803,020490807,0.001356765552258236
020490803,020490804,0.001239672112738066
020490801,020490803,0.001361906163459144
020490111,020490801,0.0015868127199446691
020490111,020490804,0.0016019727535541664
020490110,020490111,0.0016197907754691167
020490108,020490111,0.001610158164065937
020490110,020490804,0.001249170198328626
020490110,020490805,0.0011599074349760504
020490804,020490806,0.0028364103093234372
020490804,020490805,0.0013497315883434931
020490805,020491401,0.0023798314555963014
020490805,020490808,0.001140912596587254
020490805,020490806,0.0025329394901579295
020491401,020491406,0.0015997861831006808
020491401,020491407,0.003549926565373069
020490808,020491401,0.001596997690334056
020490806,020490808,0.001593456874297792
020491408,020491409,0.004046510938215866
020491408,020631111,0.0017424389019656415
020491408,020491410,0.0016136664802522843
020491406,020491408,0.0016317309428747141
020491407,020491408,0.003785026486057076
020491408,020631106,0.0015365340728774014
020491406,020491407,0.0020962889211154976
020491407,020631105,0.0022713600240353337
020631105,020631106,0.0037975258889743897
020631106,020631111,0.002497216190081809
020631110,020631112,0.004438721738224164
020631110,020631111,0.0017407288935162872
020631112,020631302,0.0015334519204172592
020631111,020631112,0.0016163212030475642
020631111,020631302,0.0024231134194313067
020491409,020631111,0.0016315035807842131
020491409,020631302,0.0023271437180036308
020491409,020491502,0.0025135577966248946
020491409,020491410,0.0024265974394904995
020491406,020491410,0.0023056470776483882
020491405,020491406,0.0018540140752953411
020491406,020491411,0.0007475169211459469
020491410,020491502,0.001267916951767803
020491410,020491413,0.0013067922894876916
020491410,020491412,0.001447153594274223
020491410,020491411,0.0015284608945080687
020491405,020491411,0.003272107648717135
020491307,020491405,0.0015304958948460904
020491411,020491412,0.004468940262262928
020491308,020491411,0.0015332772175355603
020491502,020491505,0.0012700106665420637
020491502,020491503,0.0034503241507658202
020491413,020491502,0.0013039005729114303
020491503,020491505,0.0025132607008530087
020491503,020491504,0.0025911236826285785
020491413,020491503,0.0014257800646839344
020491505,020491506,0.00397992049033665
020491504,020491505,0.0026881927723101896
020491505,020491601,0.0012755987125470914
020491506,020491507,0.002140854496068597
020491506,020491606,0.0013438822613068009
020491506,020491601,0.0006319222861276994
020491504,020491601,0.0020143578126648144
020491413,020491504,0.002851984178801154
020491312,020491602,0.0015705495846342306
020491308,020491312,0.002690742641068893
020491312,020491313,0.0029265567086802936
020491311,020491312,0.0019520190025041067
020491308,020491601,0.0012542295095563055
020491308,020491413,0.0023318393073048244
020491308,020491412,0.0013531761041152093
020491308,020491311,0.0013139516109274799
020491308,020491309,0.001404978143729272
020491307,020491308,0.000848595485776406
020491412,020491413,0.004227189385338204
020491307,020491309,0.0013964781793194187
020491306,020491307,0.0018811392220278614
020491309,020491311,0.002756194657059977
020491309,020491310,0.001217495548081666
020491306,020491309,0.0016036048530457439
020491306,020491310,0.0011361756056024448
020491303,020491306,0.003169219776676441
020491305,020491306,0.0011007174203423358
020490901,020491303,0.0018203268994150896
020490901,020491010,0.0011973008403543105
020490901,020491009,0.0017784569626049574
020491009,020491010,0.0012506425658284216
020491007,020491010,0.0013872023554741457
020491006,020491007,0.0012883027321149425
020491010,020491303,0.00136903317792783
020491010,020491110,0.0011982044350360747
020491006,020491010,0.0012489417153677752
020491006,020491110,0.0012186459042792725
020491005,020491006,0.0012474485307847985
020491303,020491304,0.0011412138579197204
020491110,020491304,0.0012308995863624164
020491109,020491110,0.001200510431407927
020491005,020491109,0.0022643674201986504
020491109,020491304,0.0022745454913519376
020491109,020491111,0.0012106166412758632
020491304,020491305,0.003526721905058476
020491201,020491304,0.0011517872265519368
020491305,020491314,0.0011074885610508174
020491305,020491310,0.0012470515713665716
020491305,020491315,0.0011932297576445988
020491201,020491305,0.001097779537865367
020491310,020491311,0.0019977874413224204
020491310,020491314,0.0011002441779530575
020491311,020491313,0.0013086580470895884
020491311,020491314,0.0020428654984145853
020491314,020491604,0.001076388464549223
020491313,020491314,0.0034961335766516824
020491314,020491315,0.004640842076988998
020491315,020491604,0.0012527346620690104
020491202,020491315,0.004400530680381084
020491111,020491201,0.0012005816932733717
020491107,020491111,0.001212520555008594
020491107,020491201,0.0017306118075752122
020421311,020491107,0.0012371259329943087
020491201,020491202,0.0011781871033207914
020491201,020491203,0.0028246081593514263
020491201,020492101,0.001120690045954866
020421311,020492101,0.0010900025085085422
020421311,020421312,0.0012679132213653998
020421312,020492101,0.002300565932418386
020421307,020421312,0.0013239729950972402
020491203,020492101,0.001244386670288076
020492101,020492105,0.002800796197674078
020492101,020492102,0.0016553946137187704
020491205,020491206,0.0011812756137712193
020491204,020491205,0.003485903931356982
020491203,020491205,0.0024046998825759374
020491203,020491207,0.0011489447907092672
020491202,020491203,0.004155087734630297
020491203,020491204,0.0018812576043442807
020491203,020492105,0.0012772799903972016
020491202,020491207,0.0011534526715320662
020491603,020491604,0.0012410487825945276
020491604,020491605,0.0025722102794259816
020491602,020491604,0.0017329300732375759
020491313,020491604,0.00022923207940080844
020491207,020491604,0.002440753881187964
020491313,020491602,0.001186332415825745
020491602,020491603,0.0028166228323687056
020491601,020491602,0.0017539629297222787
020491603,020491606,0.002889513655581353
020491601,020491603,0.0018711887500734632
020491601,020491606,0.0013097413482597339
020491507,020491607,0.0010199134610266
020491507,020491606,0.0006789203493424791
020491606,020491607,0.005712478308657325
020491605,020491606,0.0015860852045476112
020491607,020491608,0.00416411219515252
020491607,020491609,0.001228375069709331
020491605,020491607,0.001227622546803483
020491608,020491609,0.0024863804045960215
020491208,020491609,0.0037099553143377364
020491605,020491609,0.0025258699356660898
020491609,020491901,0.00248944180122106
020491208,020491605,0.0012259642602271703
020491207,020491605,0.0016081507263590775
020491207,020491208,0.0011903407671129513
020491206,020491207,0.0036203571478753333
020491208,020491901,0.00125135496100226
020491208,020491209,0.004934554450521494
020491206,020491209,0.002571288338060339
020491209,020491901,0.00030405360684189643
020491209,020492004,0.0023715282403642987
020491209,020492003,0.0014345767123028095
020491209,020492112,0.0012231108001143384
020491901,020491904,0.00045625852107885234
020491901,020491902,0.00488847432205866
020491901,020492009,0.0024227465062940418
020491902,020491903,0.0034828604269194615
020491902,020491904,0.0010715413543067275
020491903,020491904,0.0035865195686207592
020491904,020492010,0.0035946973211206643
020492010,020492013,0.003121406526914319
020492010,020492011,0.0016337680544538055
020492008,020492010,0.0005817563636749789
020492009,020492010,0.002295780492625775
020492005,020492008,0.004624473203631718
020492005,020492007,0.001097257627940338
020492005,020492009,0.0016430866774732578
020492004,020492005,0.0005408607265259462
020492005,020492006,0.003026008810975619
020492002,020492005,0.003189659282304518
020492002,020492004,0.0007438614663396694
020492001,020492002,0.0008293649840724631
020492002,020492003,0.0012969403768548404
020492002,020492112,0.0015598943188484225
020492002,020492111,0.0015039643858174518
020492008,020492009,0.0023153243375783087
020492004,020492009,0.0027916890449616706
020492003,020492004,0.0037834716702988104
020492003,020492112,0.003867783702372733
020492109,020492112,0.0026861950267577754
020492111,020492112,0.001084899639078793
020492110,020492112,0.002636792606350337
020491206,020492108,0.002391168478974172
020492107,020492108,0.0027309395013736934
020492106,020492108,0.00045425315323360674
020492108,020492213,0.0010831498230807108
020492108,020492109,0.0031280783618087647
020492108,020492111,0.0014726854099020306
020492108,020492110,0.0025571249895486987
020492108,020492212,0.0010626071091417422
020492108,020492204,0.0012296031625114664
020492103,020492108,0.003191637300165092
020492108,020492203,0.0020098561803675026
020492109,020492110,0.0007599510203466451
020492110,020492111,0.0007628504607114716
020492001,020492111,0.0018654373462899903
020492001,020492213,0.0025796982089112868
020492211,020492213,0.0035772134279833845
020492212,020492213,0.0005668279036684912
020492211,020492212,0.001064470331581453
020492204,020492212,0.0005670646254576503
020492204,020492211,0.002597921410320987
020492203,020492204,0.0032549320627120607
020492204,020492205,0.001226519952033084
020492001,020492211,0.0006328340273751568
020492210,020492211,0.0030167776985176847
020492202,020492203,0.0029082597688291313
020492202,020492214,0.0020181149319859672
020492202,020492205,0.001768391135115488
020421609,020492202,0.0009447762470377615
020492201,020492203,0.0014251089576598696
020492203,020492205,0.0012130378960739255
020492103,020492201,0.0010693750241789603
020492113,020492201,0.0007815641595561211
020492201,020492214,0.0012322169405926816
020421507,020492201,0.0011781982056642932
020492103,020492113,0.001380731564727357
020421510,020492113,0.0015694272875133957
020492102,020492113,0.0010367077390639819
020492103,020492106,0.0009357015410064468
020492103,020492104,0.002642586079065817
020492104,020492105,0.0011088351258000816
020492102,020492104,0.0015465425165582425
020421412,020492102,0.0016007690489560798
020492102,020492105,0.0020839401564232496
020421410,020492102,0.0014688795389775407
020421307,020492102,0.0007167487094554477
020492106,020492107,0.001589139783338537
020492106,020492114,0.001082514417618558
020492105,020492106,0.0020610382891114226
020491206,020492109,0.0009171352506076405
020491206,020492107,0.00025673587198699266
020491204,020492107,0.0023382375225894916
020492107,020492114,0.002193384240472837
020492105,020492107,0.0011781063687794286
020491204,020491206,0.0012091993047951134
020492105,020492114,0.0011116389026224003
020421307,020421410,0.0013089435787609813
020421307,020421409,0.0011260956339576426
020421307,020421310,0.0009206063046021785
020421310,020421408,0.0010210577211214045
020421310,020421407,0.0008896795951382566
020421407,020421408,0.0013757937518931835
020421407,020421411,0.0010668549579664443
020421402,020421407,0.0013659142160796982
020421408,020421409,0.0014084045461895008
020421406,020421408,0.001184320006425377
020421409,020421412,0.0015920479182191867
020421409,020421509,0.0012843835422297048
020421409,020421410,0.0014415945000844934
020421406,020421409,0.001557013158361653
020421410,020421412,0.0013214991440378574
020421412,020421510,0.0013265013612455592
020421507,020421510,0.001290929036187425
020421509,020421510,0.0009241022470936199
020421508,020421510,0.0009201353671256343
020421508,020421509,0.0012824357354142774
020421405,020421509,0.0005935809452206461
020421406,020421509,0.0005589394829992367
020421507,020421508,0.0013068971657037472
020421506,020421508,0.0011437675701051484
020421405,020421406,0.0023070551173816714
020421406,020421411,0.0015197247070384452
020421404,020421501,0.0016274613326343903
020421404,020421405,0.0017979742701785882
020421403,020421404,0.0018855226012104106
020421208,020421404,0.0002698842398864407
020421207,020421404,0.00131612073570507
020421405,020421501,0.00033783385043179595
020421405,020421506,0.0016496573171994476
020421405,020421505,0.0012645030057725332
020421405,020421411,0.0012511796021806723
020421501,020421505,0.0013701843122956143
020421505,020421506,0.0012745831762224853
020421504,020421505,0.0012405626896038722
020421501,020421503,0.0010329865065519454
020421501,020421502,0.0013878479957984498
020421205,020421501,0.0008636792788354676
020421206,020421501,0.0006650346823540453
020421205,020421206,0.001379538314443396
020421206,020421207,0.0013714858047872284
020421207,020421208,0.0013314110285087637
020421208,020421403,0.0009219895116745043
020421208,020421209,0.0013002286783829896
020421402,020421411,0.0004913083596328141
020421403,020421411,0.0010190552747929586
020421402,020421403,0.000986897745554103
020421401,020421403,0.000984010478987838
020421401,020421402,0.0018774053631245692
020421209,020421401,0.0013812189683411497
020421105,020421201,0.0005478800032011245
020421104,020421201,0.0014628499113132033
020421102,020421104,0.0010104531919992081
020421102,020421103,0.0013804745973710624
020421103,020421105,0.0006174541496826739
020421103,020421104,0.0018852072435005846
020420407,020421103,0.001002439548265088
020420407,020420409,0.0009958096095910806
020420407,020420408,0.001509835977763959
020421104,020421105,0.0009621726433898169
020420408,020420409,0.0055140877811634065
020420409,020421105,0.0005144011844688802
020420409,020420410,0.004061164918281823
020420409,020420411,0.001517964263213914
020420409,020420606,0.0010886146954636792
020420410,020421105,0.0002609596607719504
020420410,020421106,0.0025643224760655593
020420410,020421108,0.0015056693090711726
020420410,020420411,0.001548394310712251
020421105,020421106,0.0024339420635583393
020421106,020421107,0.0015469251047277991
020421106,020421108,0.0004384488896594683
020421105,020421107,0.0010625164869155243
020421107,020421109,0.0015122705055533104
020421107,020421108,0.0010603365411734622
020421001,020421010,0.0009870711790846284
020421001,020421009,0.0007048515077967844
020421001,020421204,0.0008927129894827076
020421001,020421008,0.0014941340354240372
020421001,020421002,0.000603455891562769
020421001,020421110,0.0017088617769569787
020421001,020421105,0.0002486200901473666
020421001,020421109,0.0014778622974031652
020421001,020421003,0.0005399907367511802
020421105,020421110,0.0023707386363267147
020421109,020421110,0.0010372945174439868
020421105,020421204,0.0010584405243146593
020421204,020421205,0.0009223566197195215
020421010,020421205,0.0014133410602876185
020421010,020421502,0.0009653511279328174
020421009,020421010,0.001378972249731298
020421009,020421502,0.0006903382099431921
020421008,020421009,0.0014189198242564726
020421008,020421702,0.0015409556438828664
020421007,020421008,0.0013266610540648709
020421007,020421702,0.0013233422846693137
020421006,020421007,0.0013436577080543387
020421002,020421007,0.001330560681806047
020421502,020421702,7.074122372751424e-05
020421701,020421702,0.001765983766626863
020421702,020421705,0.0024543673304595506
020421702,020421703,0.0008016682604441834
020421006,020421702,0.0013532511779232024
020421002,020421004,0.0005589357002037652
020421002,020421003,0.001338336071231243
020421003,020421109,0.0015381777874333537
020421108,020421109,0.0017882137006305055
020420411,020421003,6.630350391324888e-05
020420411,020421108,0.001221683677922044
020420411,020420607,0.0011896220637323204
020420411,020420606,0.0008657709434889305
020421003,020421108,0.001438960019146547
020420902,020421003,0.00022779626619700655
020420901,020421003,0.001154325119635695
020421003,020421004,0.002692665442390372
020420607,020421003,0.001507669435376816
020420607,020420608,0.001331646381653293
020420606,020420607,0.0011136024072617606
020420605,020420606,0.0012259113946842181
020420608,020420901,0.0014796691581174474
020420608,020420609,0.0013306365699792815
020420604,020420608,0.0005518000188540001
020420605,020420608,0.0018762739267763524
020420604,020420605,0.0014108520100343273
020420901,020420902,0.0013340860979226044
020420901,020420905,0.0005973734892719212
020420902,020420903,0.001338833046859976
020420902,020420904,0.00041926998436019595
020420902,020420905,0.00022639479686425905
020420902,020421004,0.00048190565499312536
020421005,020421703,0.0013865268164071295
020420903,020421005,0.0013502339197897836
020421005,020421006,0.0013459487824282663
020421004,020421005,0.001329771026814498
020421004,020421006,0.0013463944368888607
020421705,020421706,0.0018025181811371803
020421701,020421705,0.0011206132349858209
020421705,020421707,0.0009069320386437324
020421704,020421705,0.0014761031060674475
020421703,020421704,0.0005660917007067669
020421703,020421802,0.000894493204650781
020421703,020421801,0.0009873594972085737
020421704,020422001,0.0006353605264257303
020421704,020421802,0.0014147280649762237
020421605,020421707,0.0007764423403915877
020421707,020422002,0.0006428473708856283
020421706,020421707,0.0013978718364352856
020421707,020422001,0.0010564211071716191
020421604,020421707,0.0004167047155291495
020421604,020421607,0.0009071815039143441
020421604,020421606,0.001391099879939071
020421604,020421605,0.001643940622262825
020421604,020421612,0.0006877226298466457
020421604,020421706,0.0005191679650229836
020421604,020421613,0.0014110336925203838
020421603,020421604,0.001139565879968372
020421603,020421612,0.0013797494322951766
020421603,020421613,0.0013656290438218456
020421602,020421603,0.0011550440186606213
020421601,020421612,0.0009491603318319953
020421612,020421706,0.0014177635384605553
020421701,020421706,0.0009701853397962214
020421503,020421601,0.0010712727011381344
020421601,020421701,0.0010338244303188203
020421601,020421602,0.0010315981582117578
020421502,020421701,0.001807381889572195
020421502,020421503,0.0017685934814426066
020421503,020421504,0.001672339465379844
020421504,020421506,0.0016875599139158566
020421504,020421602,0.0011871183583637927
020421602,020421608,0.001020268641131185
020421506,020421602,0.001472406936977283
020421602,020421613,0.0014432805230114793
020421506,020421507,0.0017733548850306787
020421507,020492214,0.0022554923302032497
020421507,020421609,0.0014073349799902453
020421507,020421608,0.0023439545502661105
020421607,020421608,0.0012256575735454078
020421608,020421609,0.0014358478297069703
020421608,020421613,0.0013668235262316666
020421607,020421609,0.0014350593721670758
020421609,020492205,0.001438396563291432
020421609,020421614,0.0012863016732194714
020421607,020421614,0.0015262306610455193
020421614,020492206,0.0015382596532259188
020421610,020421614,0.001287526060649103
020421606,020421607,0.002021961764834607
020421607,020421611,0.0010755588616027404
020421611,020422109,0.0022064664526825995
020421611,020422101,0.0018963502787079215
020421611,020492208,0.0009549311258131755
020421610,020421611,0.0021939356473449556
020421610,020492207,0.0008937114509590644
020492207,020492209,0.0008932292029382551
020492206,020492207,0.0024587493206155026
020492207,020492208,0.0024622524983574086
020492208,020492209,0.000961745584581892
020492208,020492301,0.002466406198432777
020422109,020492301,0.0015003132288292046
020492301,020492308,0.000701250047380453
020492301,020492309,0.002199218071010327
020492209,020492301,0.0010747802030638808
020492301,020492306,0.001081750920710042
020492301,020492302,0.0038420859987741193
020422109,020422112,0.0008493443484031721
020422101,020422109,0.0014205476507123055
020422108,020422109,0.0014411676162529407
020422103,020422109,0.0013702128753418832
020422109,020422110,0.0012889994896423539
020422103,020422108,0.0013382501061730188
020422102,020422103,0.0014238680677417658
020422103,020422104,0.001439315081133954
020422006,020422103,0.0012497724905311844
020422007,020422103,0.0012692673242558003
020422006,020422007,0.0017979198203607494
020422007,020422008,0.001770215216221972
020421908,020422007,0.0011725696597281714
020422003,020422006,0.0018501156746448917
020422005,020422006,0.001389181037856419
020422003,020422102,0.001613160356215446
020422002,020422003,0.0013325431798141207
020422001,020422003,0.00048621837129183903
020422003,020422004,0.001641948316360373
020422101,020422102,0.0017480510864641512
020421605,020422102,0.0013479006621427401
020421606,020422101,0.0014306656094589339
020421605,020421606,0.0021302115748718085
020421605,020422002,0.001470506765165779
020422001,020422002,0.0014281421102182094
020422001,020422004,0.00046127665747346976
020421802,020422001,0.0007958985055874177
020421802,020422004,0.001572521493120225
020421802,020421803,0.0011233695528778385
020421801,020421802,0.001474071224316361
020422004,020422005,0.0009243519915219904
020421803,020422005,0.0013809249620530528
020421803,020421901,0.0012072671485095251
020421803,020421804,0.001408864207443195
020420903,020421801,0.0014111050455976751
020421801,020421804,0.001193585731693211
020420903,020420904,0.001374824903254129
020420904,020421804,0.001283680855846529
020420904,020420906,0.0018254315959372771
020420904,020420905,0.0013982494997520183
020420609,020420905,0.0012759455596413252
020420807,020420905,0.0006609702899788762
020420609,020420805,0.0013484116214360744
020420604,020420609,0.0008430801633824009
020420604,020420804,0.0005823954505794075
020420805,020420807,0.0011566630642992199
020420805,020420806,0.0013895329436117306
020420804,020420805,0.0011709757207477938
020420804,020420806,0.0015322541602655264
020420806,020420807,0.003010092759606293
020420906,020421804,0.002650501277367427
020420906,020420908,0.0012756444977933038
020420906,020420907,0.0005344849729231394
020420807,020420906,0.002706152956444889
020420807,020420907,0.0017117051859172835
020420807,020420811,0.0013590877782554364
020420907,020420908,0.0014213009656292828
020420907,020420910,0.0007447120974595895
020420908,020421804,0.0007107365699058481
020420908,020421805,0.0006308162783202638
020420908,020420909,0.0012722381336566031
020421902,020421907,0.001688314079528533
020421901,020421902,0.0011895631835838866
020421804,020421902,0.0018698490373370174
020421902,020421903,0.001164182590699858
020421804,020421901,0.0011462005238627275
020421804,020421903,0.0002390810785165542
020421804,020421809,0.0011206020681143035
020421804,020421805,0.0015763078048098727
020421901,020421908,0.0011598459880563523
020421908,020422005,0.001005164124987993
020421907,020421908,0.001076127763388498
020421907,020422008,0.0015351431998448643
020421906,020421907,0.0011060950984330814
020421906,020422009,0.0016053282553623396
020421905,020421906,0.0012001987956130875
020421903,020421906,0.0015968119346908183
020421904,020421905,0.0014242632556939838
020421903,020421904,0.0011625472765077964
020351705,020421904,0.0011543229314797548
020421808,020421904,0.0014209075196917622
020421808,020421809,0.0012381817679214815
020351309,020421808,0.0011339279882607864
020421806,020421808,0.0006325864971898753
020421807,020421808,0.0007851808446361779
020421809,020421903,0.0013599019454195976
020421806,020421809,0.000680990288653335
020421805,020421809,0.0006377845511943773
020421805,020421806,0.0014701313272588378
020420909,020421805,0.00030115864886759176
020420909,020421806,0.0006378734310259269
020421806,020421807,0.00181600993219904
020420910,020421806,0.0005721059722015193
020420909,020420910,0.0027923726217916923
020420910,020421807,0.0002454600958320925
020351202,020420910,0.0014350536654373213
020420811,020420910,0.0016106163064604725
020351308,020421807,0.00213147212627882
020351202,020421807,0.0008486983334062949
020351308,020351309,0.0014400508094365647
020351307,020351308,0.002130258774975267
020351301,020351308,0.0018346657029343282
020351202,020351301,0.0018083245091192874
020351202,020351203,0.0013012436191002423
020351301,020351307,0.0014738088170703366
020351301,020351302,0.0011961352356582753
020351203,020351301,0.0016350095317928346
020351203,020351204,0.0012925349368564402
020351307,020351309,0.0014921833964270433
020351306,020351307,0.0021161683812644817
020351705,020351706,0.0019759849078030333
020351704,020351705,0.0011807433627896867
020351309,020351705,0.001998982569570807
020351309,020351704,0.0007563521175945474
020351306,020351309,0.0010344573950672364
020421905,020422010,0.0014272858526029751
020351706,020421905,0.001282984369706711
020422010,020422106,0.0014201292551815467
020422009,020422010,0.0015263860507675282
020351711,020422010,0.001417231003730438
020351706,020351711,0.0019562787083401137
020351706,020351707,0.0012618605543281776
020351711,020351801,0.0026592749011727654
020351710,020351711,0.0012596782652297394
020351707,020351711,0.0007489001229641764
020351801,020351802,0.0026511674526981293
020351801,020351803,0.0016415575655030908
020351801,020422106,0.0015628797592870626
020422107,020422108,0.0014933193322665518
020422107,020422111,0.0029230926146978993
020351802,020422107,0.0015595275663422932
020422105,020422107,0.0015396749642559
020422106,020422107,0.0014137436267824708
020422105,020422106,0.0015164598273448042
020422104,020422105,0.0014734992888140357
020422009,020422105,0.0015808838919290978
020422008,020422009,0.0016468555167325916
020422008,020422104,0.0014125428467233624
020422104,020422108,0.0013802409116990347
020422108,020422112,0.002747320585238836
020422110,020422112,0.0027348684727637345
020422111,020422112,0.000736814624331332
020422110,020422111,0.0012923919584796723
020422110,020492310,0.0013134588698096473
020422110,020492302,0.0014145155062687265
020492302,020492306,0.0010791364725051633
020492302,020492310,0.0013576276666729993
020492306,020492310,0.0013223261124469562
020492303,020492310,0.001356959639430319
020422111,020492303,0.001488996530643666
020492303,020492306,0.0014769748186446688
020492303,020492304,0.001353308929389953
020351811,020422111,0.000975055925545948
020351810,020422111,0.0009353507526689954
020422111,020492304,0.001418689689859565
020492304,020492305,0.0014217438850339438
020352101,020492304,0.0013515727304636593
020492305,020492307,0.0014367580351422244
020492305,020492306,0.0021821228313906784
020352110,020492305,0.002188113255890474
020492307,020492404,0.0014264030983520736
020492307,020492403,0.0012545631776096073
020352201,020492307,0.0009097642467796293
020492307,020492308,0.002052716591767722
020352111,020492307,0.0010563852631540486
020492306,020492307,0.0013225223174091628
020492405,020492411,0.002523463426342569
020492405,020492406,0.0033501428492495947
020492404,020492405,0.007038054854754297
020492402,020492405,0.0012056541129087093
020492403,020492405,0.002525827610439786
020492406,020492410,0.0037670064202888027
020492402,020492406,0.0035703726300618304
020492406,020492408,0.002481587748584373
020492406,020492407,0.0008552331095205447
020492402,020492403,0.003736943232824937
020492401,020492402,0.0021290388321316515
020492309,020492402,0.0013842402457663536
020492308,020492309,0.0037754562476932725
020492209,020492309,0.0025644063658767542
020492403,020492404,0.0013806097601586076
020492308,020492403,0.003453441266516574
020492306,020492308,0.0014548366380760596
020492209,020492401,0.0014814643853584583
020492209,020492210,0.0026704707775438187
020492206,020492209,0.0010891547368895688
020492206,020492210,0.0015895712834799742
020492205,020492206,0.0035484397425705845
020492205,020492210,0.0009446801017080203
020492210,020492401,0.0015487261330981714
020492001,020492006,0.003245575384478192
020492001,020492401,0.0014173492321857928
020492006,020492007,0.0015754358971392622
020492006,020492407,0.002102582550014957
020492006,020492401,0.0004561748622213216
020492407,020492409,0.0014317456343456282
020492007,020492407,0.0013733896527063996
020492407,020492408,0.0036466287797478577
020492401,020492407,0.0028150560653522946
020280301,020492409,0.002465948262423657
020492012,020492409,0.0007915284552473714
020492007,020492409,0.002369945469835997
020492409,020492410,0.002118390683864499
020492408,020492409,0.002177517538292899
020492007,020492012,0.001589788152234752
020492007,020492008,0.002569207482719875
020492008,020492011,0.004054977521612364
020492011,020492013,0.0034161192238753033
020492011,020492012,0.004104962255355158
020492012,020492013,0.0013876471839873758
020280302,020492012,0.0009637806714673349
020280301,020492012,0.0024668991565573424
020280302,020280303,0.002451040319522013
020280302,020280311,0.0010942858043412303
020280302,020280304,0.0026058342230189943
020280301,020280302,0.0015414737636215777
020280301,020280304,0.001346927942785619
020280301,020280305,0.0025034485089015044
020492408,020492410,0.001339159703448243
020280305,020492410,0.0025344146587737565
020492410,020492411,0.002159459502344529
020280304,020280305,0.002567169143591845
020280305,020280306,0.0024910727436657214
020280303,020280304,0.002594131231355092
020280304,020280306,0.0016857788527776842
020280303,020280311,0.003255107527554062
020280303,020280306,0.0008609665289982503
020280310,020280311,0.001511980535254355
020280306,020280311,0.0011347624057319523
020280307,020280311,0.0011910502835490134
020280306,020280307,0.005030661250530415
020280306,020492411,0.001273768428396845
020280307,020280310,0.0010293505224320113
020280307,020280308,0.003518883487839454
020280307,020492411,0.0027126258573652775
020280309,020280310,0.004141266903477828
020280308,020280310,0.0008375898160057116
020280309,020280407,0.0006691871413430057
020280309,020280406,0.0023159300855290924
020280309,020280405,0.001244872023813349
020280308,020280309,0.0019860879801318534
020280308,020280401,0.0014436686377166203
020280308,020352213,0.002614632001800198
020352212,020352213,0.0010716372954049605
020352208,020352213,0.004683973329271573
020352213,020492411,0.0010659423823339235
020352213,020492404,0.0020639483280150126
020492404,020492411,0.0025546546219407714
020352208,020492404,0.0009787408425297067
020352207,020492404,0.0026073701160601636
020352201,020492404,0.0013798500588874003
020352207,020352208,0.002653305888186028
020352207,020352209,0.0012868924892504036
020352206,020352207,0.0013031918452433586
020352201,020352207,0.0026691187576131513
020352108,020352111,0.0011981760579021401
020352109,020352111,0.000920165026638742
020352111,020352201,0.0026648892273522977
020352110,020352111,0.003666870978596301
020352201,020352206,0.0013729889918788348
020352201,020352202,0.0010443069116018075
020352206,020352209,0.0016322383892768619
020352205,020352206,0.0013046880324181682
020352202,020352206,0.003749841245945147
020352108,020352202,0.004017264978927624
020352107,020352108,0.0013070154294770485
020352108,020352109,0.0039408545129918085
020352202,020352205,0.0013042463247159798
020352202,020352203,0.002568747365429817
020352208,020352211,0.0010959132641561948
020352208,020352209,0.0017455067003947474
020352209,020352211,0.0035024565006456197
020352209,020352210,0.0018984061163899169
020352205,020352209,0.0012993662713748782
020352211,020352212,0.00495589944134153
020352010,020352211,0.001034528393121042
020352210,020352211,0.0014037836915234189
020352010,020352210,0.0024365489193658315
020352205,020352210,0.002604704629738568
020352204,020352210,0.0006031748568322329
020352008,020352210,0.0012621692865139164
020352203,020352205,0.0014208829932236982
020352203,020352204,0.0025740550976240013
020352107,020352203,0.0013836876660710809
020352204,020352205,0.002514704115432508
020352007,020352204,0.0013013140717596182
020352005,020352204,0.0020041449547522753
020352106,020352204,0.0018807973653503355
020352004,020352204,0.0005850939943925783
020352004,020352005,0.0014501669608515337
020352004,020352106,0.0012252685104787975
020352004,020352006,0.0019423221067239233
020352003,020352004,0.0020930381526589555
020352001,020352004,0.0013597823468046984
020352005,020352007,0.0031555398010283554
020352005,020352006,0.0034467656914515107
020280402,020352010,0.00029644236301415303
020280401,020352010,0.0009644832590907512
020352010,020352212,0.0019678812226332425
020352010,020352011,0.0014298302699933786
020352009,020352010,0.0021855900843305667
020280403,020352011,0.0013821194213245306
020280402,020352011,0.0013102357377457656
020352011,020352012,0.002460411961999536
020352009,020352011,0.0027680565627267724
020280402,020280404,0.0005303966114136412
020280402,020280403,0.0028047057169095515
020280401,020280402,0.0014488640767362257
020280401,020352212,0.0038832410783846507
020280404,020280405,0.0023589354416481785
020280405,020280407,0.0015663721732946377
020280405,020280406,0.003490460133104213
020280401,020280405,0.004537705708905658
020280406,020280407,0.0035230759790107723
020280407,020280408,0.0030303888590979943
020280404,020280407,0.0005205963672359157
020280408,020280409,0.0037423499954314637
020280404,020280408,0.0025644890310842334
020280409,020280508,0.0033634693279208233
020280404,020280409,0.0004054890746336521
020280404,020280508,0.002787136337510467
020280403,020280404,0.004216590817589598
020280403,020280508,0.002995795165061205
020280403,020352012,0.0019598138921494675
020280508,020280509,0.002355264015142601
020280507,020280508,0.0051920620029826964
020280501,020280508,0.0022389481915147287
020280509,020280512,0.002235077627575884
020280509,020280811,0.0013082203653771132
020280507,020280509,0.004688349716299177
020280512,020280811,0.0019336024680872538
020280808,020280811,0.005032721079286195
020280810,020280811,0.0027295471066585654
020280507,020280811,0.0010206184853181622
020280801,020280811,0.0026247084130864295
020280507,020280801,0.002800216691923846
020280801,020280802,0.0031745665119233776
020280507,020280802,0.0012419846849807948
020280506,020280507,0.0034988339635440876
020280501,020280506,0.0025588989796977496
020280505,020280506,0.0012115700694094243
020280503,020280506,0.0019677432273318145
020280501,020280502,0.002238447668248499
020280502,020280604,0.0015347665119201344
020280502,020280503,0.001948620503373822
020280502,020280504,0.0010516564306529243
020280502,020280605,0.001963287454842376
020280501,020280503,0.0012284289056414793
020280503,020280504,0.0012025029570129837
020280505,020280802,0.0018549012761390937
020280505,020280610,0.0012842274625859895
020280504,020280505,0.0017388087509059803
020280802,020280810,0.00171817430762039
020280802,020280803,0.0024328923032276625
020280610,020280802,0.0016904300474393603
020280504,020280610,0.0011918224621792475
020280504,020280605,0.0015565381973605174
020280504,020280609,0.0012334561755999534
020280609,020280610,0.003123925827516972
020280608,020280609,0.0038996442698947366
020280609,020280706,0.0011027010418195476
020280609,020280701,0.000933689621819925
020280605,020280608,0.0015355105052601934
020280606,020280608,0.000978135183506478
020280608,020280701,0.001102616323686075
020280607,020280608,0.0030580401256050122
020280606,020280607,0.0014287586145562536
020280607,020280701,0.001317330840019961
020212707,020280607,0.0011644917284265143
020280603,020280607,0.0015811327630577939
020212706,020280607,0.002989207369689899
020280605,020280606,0.0014611400863017
020280603,020280606,0.000984669904139857
020280604,020280605,0.0038534586352837134
020280603,020280604,0.0018995770345466337
020280602,020280603,0.001226867435455915
020280603,020280612,0.0013681916459200969
020212609,020280603,0.0018633087832118052
020280602,020280612,0.0015581782131941476
020280601,020280612,0.0013595228852519101
020212609,020280612,0.0015498778466274657
020280602,020280604,0.0015778819730484855
020280601,020280602,0.0012804317385032554
020280601,020280604,0.0019148116718457227
020280601,020352007,0.0012833016431245427
020280601,020352006,0.0013502646530805305
020212607,020280601,0.0019667376241208905
020280501,020280604,0.001274430906078573
020280604,020352012,0.0009612080942077725
020280604,020352008,0.0013575353370642704
020280501,020352012,0.00313872276134261
020352009,020352012,0.0016339870958301448
020352008,020352012,0.0017295850975786952
020352008,020352009,0.00458301205734899
020352007,020352008,0.004756248422929796
020352006,020352007,0.0013662890348491346
020212607,020352006,0.0011520128722804595
020352003,020352006,0.001374122383691269
020212607,020352003,0.0016217394943786852
020352001,020352003,0.002049041438894427
020212606,020352003,0.0010833235277126847
020352002,020352003,0.0026204016373977566
020352001,020352002,0.001530424607169539
020212603,020352002,0.0015397937313593923
020351908,020352002,0.0011256843450599358
020351907,020352002,0.001488021803616348
020351906,020351907,0.0014503992171728587
020351906,020351909,0.0008767246156186648
020212602,020351906,0.001263722096153979
020351905,020351906,0.0012493296888060916
020212510,020351906,0.001150082202905849
020351904,020351906,0.0013414147010659368
020212501,020351906,0.001252977305669763
020351610,020351906,0.001284328253042804
020212510,020212602,0.0014803670992100029
020212505,020212510,0.0011342830133690613
020212501,020212510,0.0016222127715857205
020351907,020351908,0.0009366882814947231
020212602,020351907,0.0009849209492276915
020212602,020212603,0.0017380484948740504
020212601,020212602,0.002089620149774961
020212505,020212601,0.0026149795383700945
020212505,020212509,0.0018019454885610572
020212505,020212506,0.0011747266044790602
020212504,020212505,0.0011946792620337147
020212502,020212505,0.0032656228910396792
020212601,020212604,0.0015016385077662687
020212509,020212601,0.0011006768722955846
020212604,020212606,0.001612302912613515
020212603,020212604,0.001544072779206615
020212604,020212605,0.001789758330367947
020212606,020212607,0.0018434603109890447
020212603,020212606,0.0017926282199764714
020212606,020212608,0.0024053913191560126
020212605,020212606,0.0013392161950192816
020212607,020212609,0.0011554925155803624
020212607,020212608,0.0012893077344710104
020212609,020212706,0.0011961557653548242
020212608,020212609,0.0033897940933339103
020212608,020212705,0.0009184490850709442
020212605,020212608,0.0009412679313971791
020212605,020212705,0.0012849730678915203
020212605,020212701,0.001546755953689578
020212509,020212605,0.0018090757659754823
020212706,020212707,0.0012262226170343872
020212705,020212706,0.0013582249264986032
020212704,020212706,0.0015544786654300721
020212704,020212705,0.0036731213910820033
020212701,020212705,0.001310260606072949
020212702,020212705,0.0014566583016475646
020212702,020212703,0.001457436196708592
020212702,020212704,0.002343264101661079
020212701,020212702,0.001551713624854733
020212507,020212702,0.0018099424326082155
020212407,020212702,0.0018596455052106455
020212407,020212408,0.0013750169451397201
020212407,020212507,0.0013008266017571356
020212406,020212407,0.00184256113273692
020212406,020212408,0.0011120091074043863
020212405,020212406,0.0013131353066821966
020212406,020212506,0.0012710763121194417
020212402,020212406,0.0027595641567625495
020212507,020212508,0.0012266755007513033
020212506,020212507,0.0017087898925676119
020212506,020212508,0.0012489953536557739
020212504,020212506,0.0029293206325880852
020212508,020212701,0.0012764364199826562
020212508,020212509,0.0011822252397184019
020211708,020212503,0.0014224060424766075
020211708,020212502,0.0015026134651164363
020211707,020211708,0.001323386280182951
020211705,020211708,0.00136720432380372
020211708,020211709,0.0016313444064150408
020211704,020211708,0.0015331167350847283
020211709,020212503,0.0013804852901867543
020211709,020211809,0.0017449963241928774
020211709,020211801,0.0011588567062531298
020212503,020212504,0.0028705285642370397
020212401,020212503,0.0010728673067263521
020212502,020212503,0.0011730050623118902
020212402,020212504,0.0013191286419396684
020212402,020212404,0.001323675956811518
020212402,020212403,0.0010369846274486546
020212401,020212402,0.0026438231325385487
020211810,020212402,0.0012690609462809018
020211809,020212401,0.0015543607754686067
020211809,020211810,0.0019012260271413942
020211808,020211809,0.0013929949260244575
020211801,020211808,0.0014134635198214964
020211807,020211808,0.0012885296321931085
020211803,020211808,0.0012911903006207035
020211802,020211803,0.0013448370969086426
020211803,020211804,0.0012388811585718335
020211409,020211803,0.0012935692288359836
020211807,020211810,0.001482879510662232
020211806,020211807,0.0013182301608773309
020211804,020211807,0.0017181108779786005
020211804,020211805,0.0009170293453737254
020211408,020211804,0.0008423903159844228
020211407,020211804,0.001067060355938707
020211407,020211408,0.0012096609621912806
020211406,020211407,0.0011871100925618886
020211404,020211407,0.0010862911143734396
020211408,020211409,0.001268628660947372
020211404,020211408,0.001058816571620538
020211409,020211703,0.0011262111428538173
020211409,020211802,0.0010978901843662818
020211402,020211409,0.002083053227425457
020211403,020211409,0.0012836847689309601
020211401,020211409,0.0011368528937842283
020211704,020211801,0.0015053305769255545
020211801,020211802,0.001151121397779976
020211703,020211802,0.0014508971435526628
020211703,020211704,0.0012987925151946502
020211702,020211703,0.0014215920254115751
020211704,020211705,0.001796050897000853
020211401,020211402,0.0013612369600897688
020211401,020211702,0.0012898211032471214
020211401,020211609,0.001270008074112927
020211401,020211608,0.0013170372885239286
020211401,020211605,0.0013602850696966455
020211609,020211701,0.0016694251820446187
020211609,020211702,0.0014725159309879128
020211609,020351509,0.0013282853727541385
020211608,020211609,0.0029999415726061477
020211702,020211705,0.0027781305996057264
020211701,020211702,0.001293026099750805
020211705,020211707,0.001692902545984649
020211705,020211706,0.0024223595357790737
020212501,020212502,0.0012377358301986284
020211707,020212502,0.0015909295778634572
020211707,020212501,0.001758878316112802
020211707,020351610,0.001251810891717234
020211706,020211707,0.0016881341585560003
020211706,020351610,0.0013254616889275062
020211706,020351604,0.0014418422827238487
020211701,020211706,0.0017524214512373193
020351610,020351611,0.002367082486455868
020351605,020351610,0.0012583668122209462
020351604,020351610,0.0014144318509498746
020351609,020351610,0.0013530101609670225
020351604,020351605,0.0010940727682202521
020351603,020351604,0.0016211286156565833
020211701,020351604,0.001187774610789129
020351509,020351604,0.0015559355784709658
020211608,020351506,0.0007418465969303243
020211607,020211608,0.001697557470347221
020211606,020211608,0.0014326412903471089
020351508,020351509,0.0012582584094456561
020351506,020351509,0.0016686742817782474
020351506,020351508,0.0007679457670401898
020351504,020351506,0.0008888651756467726
020211607,020351506,0.0008646966238161902
020351506,020351507,0.0010852570568284565
020351505,020351506,0.0014182828134630865
020351508,020351603,0.001411540677549958
020351508,020351602,0.0012412981366159517
020351409,020351508,0.0011534427866474392
020351507,020351508,0.0018743128289338024
020351603,020351605,0.0013225608288023776
020351602,020351603,0.0016439849632181008
020351602,020351605,0.0013336901234167835
020351602,020351607,0.0006972244913970971
020351601,020351602,0.0009587513791003285
020351504,020351507,0.0006274415434179656
020351409,020351507,0.0006841866648868998
020351503,020351507,0.0010766419285856425
020351409,020351601,0.0014565334487365964
020351408,020351409,0.0015207619771213285
020351405,020351409,0.0014636995286890417
020351405,020351406,0.0015412788194795793
020351405,020351503,0.0015011098728735374
020351404,020351405,0.0013487921333540814
020351406,020351408,0.0017176743644769696
020351406,020351407,0.001474373773744786
020351403,020351406,0.0015301079211717293
020351408,020351601,0.0016099144059437873
020351407,020351408,0.0012555480639528593
020351601,020351607,0.0029769687347685585
020351601,020351701,0.0008497025078972272
020351605,020351606,0.0012128465470334661
020351606,020351608,0.0007545474744095859
020351606,020351609,0.0014998721739178664
020351606,020351607,0.0033519196661877244
020351607,020351608,0.0006511942437967773
020351607,020351702,0.0021846651430842525
020351608,020351901,0.001364078028936058
020351608,020351612,0.0011878325279907113
020351608,020351708,0.0024341618663815
020351608,020351609,0.0012408902979545837
020351612,020351903,0.0015600324825202766
020351611,020351612,0.0011754576801838521
020351609,020351612,0.0015416285686759763
020351609,020351611,0.00140971123129148
020351605,020351609,0.001400038079827706
020351611,020351904,0.0026956083854142287
020351903,020351904,0.0014761491010372063
020351904,020351905,0.0027093638429576666
020351903,020351905,0.0014894870172403498
020351905,020351909,0.002560296637185191
020351903,020351910,0.0016530319719067219
020351902,020351903,0.0019233225061246056
020351901,020351903,0.001504757215544362
020351903,020351909,0.00013439883427669697
020351909,020351910,0.0005206988155788
020351908,020351909,0.0025379011393174508
020351908,020352001,0.0014187978904294921
020351908,020351910,0.0008585235548335082
020352001,020352106,0.0020030544720243413
020352001,020352105,0.001516888167341296
020352106,020352107,0.004485922496685057
020352105,020352106,0.0014511982899923187
020352104,020352105,0.0014777960912287743
020351910,020352105,0.0015985737811833468
020352107,020352109,0.0008459327021690236
020352103,020352107,0.001079504496663881
020352104,020352107,0.0025461121164568903
020352103,020352104,0.001401986639510146
020351910,020352104,0.0011559624356757689
020351911,020352104,0.0014381583130000362
020351807,020351911,0.0013847500963023855
020351910,020351911,0.0012674854220259093
020351902,020351911,0.0019011414124297432
020351806,020351911,0.0018661081690045456
020351901,020351911,0.0012531049777226323
020351902,020351910,0.0013344777320966168
020351901,020351902,0.001336889378136955
020351806,020351901,0.0015566274633174657
020351708,020351901,0.0010743506079906224
020351806,020351807,0.0005668317477256755
020351804,020351806,0.001829015247179077
020351805,020351806,0.001578467174769634
020351709,020351806,0.0009539295043231843
020351804,020351805,0.0021889379488420633
020351709,020351805,0.0007657105295778891
020351803,020351805,0.0016577672691422474
020351710,020351805,0.001510736119957279
020351804,020351808,0.0013626664053577263
020351804,020351807,0.0007351999031475206
020351803,020351804,0.0017429760322154018
020351808,020352102,0.001341188205089529
020351807,020351808,0.00149017090493256
020351808,020351809,0.0016003988818868737
020351807,020352103,0.001281170337575897
020352103,020352109,0.002348693301620603
020352102,020352103,0.0013671623516370978
020352102,020352109,0.0026700562670968833
020352109,020352110,0.0011282980583256206
020351809,020352102,0.001310269479716602
020352102,020352112,0.0013499743880879015
020351809,020351811,0.000856918610408886
020351809,020351810,0.0008440593241528663
020351803,020351809,0.0013052806641127193
020352101,020352110,0.00120709941696078
020352110,020352112,0.0014437905818471266
020351811,020352101,0.001206901597553635
020352101,020352112,0.0013492734388220653
020351811,020352112,0.0014381374242963332
020351810,020351811,0.0027635039402618532
020351802,020351810,0.0026594185636735087
020351802,020351803,0.0016860906619406162
020351710,020351803,0.0014567275912020215
020351703,020351704,0.0012076239943509222
020351704,020351707,0.00390614783600689
020351305,020351704,0.0018067229321981487
020351306,020351704,0.0014291257920771498
020351707,020351708,0.001217681043391725
020351707,020351710,0.003055827471608027
020351709,020351710,0.00120806093584432
020351708,020351709,0.003023891389109457
020351703,020351708,0.0019257402022147228
020351702,020351708,0.000905305890235359
020351702,020351703,0.002206897984914638
020351701,020351702,0.0026120292539739574
020351701,020351703,0.0010341348823125738
020351407,020351701,0.002810113362778564
020351305,020351701,0.001996383713151018
020351401,020351407,0.0013596735330981221
020351402,020351407,0.0013720086324814002
020351304,020351407,0.0022441258032778614
020351304,020351305,0.0016015747046369585
020351304,020351306,0.00106773785782306
020351302,020351304,0.0010132251943105403
020351303,020351304,0.0014810249676485464
020351305,020351306,0.0020433018088332716
020351302,020351306,0.001403377253610493
020351302,020351303,0.0006628479611308944
020351204,020351302,0.0012739299366624063
020351204,020351205,0.001251467725014838
020351205,020351303,0.0014825255217827678
020351205,020351206,0.0012244853499842436
020351303,020351401,0.0010421079654347742
020351001,020351107,0.0014841843056970976
020350707,020351001,0.0016411237953783584
020351001,020351207,0.0017763377993724205
020351001,020351002,0.0013322383318687477
020350706,020350707,0.001740150460234429
020350705,020350707,0.0015592262515847185
020350707,020350809,0.0013365028441782942
020350707,020350806,0.0012721966682936075
020350705,020350706,0.0014807289929470203
020350701,020350705,0.0015459311312012315
020350706,020350801,0.0015493125963676163
020350706,020350805,0.001313961289370025
020350809,020351002,0.0014983489579513023
020350808,020350809,0.0013094405264539837
020350806,020350809,0.0015009669783410948
020350805,020350806,0.0015169913922624153
020350804,020350805,0.0011252395188398887
020350802,020350805,0.0016271296058486947
020350806,020350807,0.0012624582204053664
020350804,020350807,0.0014411510645004858
020350804,020350905,0.0009219608128214494
020350803,020350804,0.001464677728554379
020350807,020350808,0.0014504952392464443
020350807,020350905,0.0012734790917362925
020350808,020351003,0.0014772168529166348
020350808,020350910,0.0012691807034953576
020351010,020351403,0.0013407795563698194
020351010,020351206,0.0006602286404018624
020351010,020351207,0.0008857085823520422
020351009,020351010,0.0014257949515357952
020351003,020351010,0.0013924166041348874
020351002,020351207,0.0014947648082558498
020351002,020351003,0.0012545042536078227
020351206,020351207,0.0033070668713048946
020351003,020351207,0.00015694513664742083
020351206,020351401,0.0012902570591936786
020351206,020351402,0.0015158848184346257
020351401,020351402,0.00138067513599549
020351402,020351403,0.001732530030766503
020351404,020351503,0.0016038055437570611
020351403,020351404,0.0017880468107308023
020351009,020351404,0.0012490277818231527
020351003,020351009,0.0012651174603027012
020351003,020351005,0.00043165580059742145
020351003,020351004,0.0022372054594006125
020351008,020351009,0.0014052607155048231
020351008,020351503,0.001135813339118244
020351007,020351008,0.0013978411534435538
020351005,020351008,0.0012479274089622946
020351503,020351504,0.0014170676199746443
020351502,020351503,0.001407864971588862
020351502,020351504,0.0014835187962669786
020351501,020351502,0.001150593440658382
020351007,020351502,0.0015203797472229602
020351504,020351505,0.0012992503628286812
020211601,020351505,0.0012114266159929635
020351501,020351505,0.001360180253349709
020211601,020351501,0.0009315188895461717
020351006,020351501,0.0013598107691892773
020351006,020351007,0.0013862081564838286
020210908,020351006,0.0025537955215844408
020350311,020351006,0.0014675271561100402
020351005,020351006,0.0009338878408335206
020351005,020351007,0.001457706992614639
020350311,020350908,0.0015882086632876768
020350908,020351005,0.001441863618249189
020350908,020350909,0.0016651643264672118
020350907,020350908,0.0009905440680515226
020350309,020350311,0.0010485078291283298
020350310,020350311,0.0015541983844595958
020350309,020350310,0.001302934627198968
020350310,020350907,0.0013192853889250236
020350307,020350310,0.001099578523836357
020350306,020350307,0.0008546716897880381
020350307,020350308,0.0009101931204185964
020350305,020350307,0.0011359979707593712
020350906,020350907,0.001412170815412468
020350306,020350907,0.0010392418435612623
020350906,020350909,0.0013438233212017799
020350905,020350906,0.0015215296434179985
020350903,020350906,0.0013181725389640323
020351004,020351005,0.0006743580888544688
020350909,020351005,0.0012818210313143077
020350909,020350910,0.0012574144655649426
020350905,020350909,0.0005097017658793015
020350910,020351004,0.0012722342383638793
020350905,020350910,0.001297771395781562
020350904,020350905,0.0013965208149531907
020350903,020350904,0.000755524673211062
020350803,020350904,0.0007403422671500774
020350901,020350904,0.0014382099076009087
020350803,020350901,0.0010487089426673944
020350901,020350902,0.0010852637005790936
020350406,020350901,0.0014860420770354435
020350407,020350803,0.0014515071982193215
020350406,020350407,0.001281582020125101
020350407,020350408,0.0012785162941314934
020350402,020350407,0.0014496280025923598
020350402,020350403,0.0012252743232784513
020350401,020350402,0.0012215231582782169
020350110,020350402,0.0014405043283852383
020350405,020350406,0.0012846332884324627
020350403,020350406,0.0014436493234642024
020350403,020350404,0.0012369909901209521
020350211,020350403,0.0013871652033391128
020350306,020350903,0.0008045210229564609
020350902,020350903,0.0013019929667742883
020350306,020350902,0.0011152612413437223
020350405,020350902,0.0012916476154498054
020350305,020350306,0.0010466354494942892
020350301,020350306,0.0011052337973843243
020350304,020350305,0.0009821704810258156
020350305,020350313,0.0011658944990087625
020350303,020350313,0.0011120930385118918
020350301,020350313,0.001168309365796123
020350302,020350313,0.0011832670712167326
020350301,020350302,0.0009054522880537996
020350302,020350312,0.0008078387960299565
020350209,020350302,0.0011973410773700953
020350301,020350405,0.0012110210415937081
020350301,020350404,0.0009932900751657137
020350210,020350301,0.0010708989996886713
020350404,020350405,0.0013988467155192806
020350210,020350404,0.0015368359092450782
020350202,020350209,0.0011843551693049808
020350202,020350210,0.0026918381414945446
020350202,020350211,0.00021662353532972737
020350202,020350203,0.0011875374766137621
020350201,020350202,0.0025908170990132087
020350209,020350210,0.0010093168714293197
020350210,020350211,0.000996669688861431
020350208,020350209,0.001013939524358136
020350207,020350209,0.0012199004002605917
020350206,020350209,0.0012578160870784754
020350203,020350206,0.00015287701062302318
020350203,020350204,0.0015761160676254597
020142510,020350203,0.0013733817970145452
020350201,020350203,0.0014241690204617055
020142510,020142511,0.0011937108888600912
020142510,020982311,0.0012396100094376622
020142509,020142510,0.0012842514346686187
020350201,020982311,0.001262772685045956
020982311,020982314,0.0012093140256376987
020982311,020982313,0.0014800933048657143
020350201,020982314,0.0016782644193933504
020982310,020982314,0.001244111497796535
020982309,020982314,0.0017302335767747324
020350201,020350211,0.001149658991279873
020350106,020350201,0.0017520752729549157
020350110,020350211,0.000691867308743113
020350109,020350211,0.0006150005876084205
020350108,020350110,0.0006812225779257568
020350109,020350110,0.0014336476675013451
020350108,020350109,0.0005137783212576185
020350107,020350109,0.0006063931308598345
020350106,020350109,0.0014721341673455894
020350106,020982310,0.0012221693897344742
020982310,020982312,0.0012740540184907802
020982308,020982310,0.0012400637800034308
020350106,020982312,0.0016150897316864596
020982212,020982312,0.0013295355129366855
020982308,020982312,0.001553139187786136
020350106,020350107,0.0016818199755480963
020350105,020350106,0.0015997471876490455
020350106,020982212,0.0015911799663346174
020350107,020350108,0.0016094374339088433
020350105,020350107,0.0011680049764768124
020982211,020982212,0.0016371112106690483
020982209,020982212,0.0014178278178028812
020350105,020350112,0.0015542500533753977
020350105,020350111,0.0013830327875412503
020350112,020350401,0.0015435198055671919
020350108,020350112,0.0011884905167205276
020350104,020350112,0.0012841217270214151
020350108,020350401,0.0016095675451076013
020350802,020350803,0.0017316259640510598
020350801,020350802,0.001689004780377268
020350408,020350802,0.0016118274199488254
020350408,020350409,0.0012770537133876562
020350401,020350408,0.0016064969774625471
020350401,020350409,0.0015473476517979276
020350401,020350507,0.0012239484672233421
020350409,020350801,0.001552070121151513
020350409,020350508,0.001275529325314056
020350701,020350801,0.001650419882127907
020350508,020350701,0.0015492107885484128
020350507,020350508,0.0015499779517625161
020350103,020350104,0.0010909146895640763
020350103,020350111,0.0013175961912134005
020350103,021052113,0.001486743724786076
020350104,020350507,0.001549905533257288
020350104,020350111,0.0015651105560544382
020350111,021052113,0.0015947719793881036
020982209,021052113,0.0016309671040951575
020982207,020982209,0.0010884161206317108
020982207,020982211,0.0010562923255866355
020982206,020982207,0.0028317766398133284
020982206,020982210,0.0011735554068703967
020982205,020982206,0.0014127463027056655
020982202,020982206,0.0031217316254744964
020982211,020982308,0.0010872677631195455
020982210,020982211,0.0017115299342288432
020982205,020982210,0.0017896186813676856
020982205,020982301,0.0026363946682631664
020982202,020982205,0.0012419146101988042
020982204,020982205,0.0019297942142367762
020982210,020982307,0.0012261368061827111
020982204,020982301,0.0021747157669643174
020982203,020982204,0.002656369462947234
020982204,020982507,0.0013742518046626021
020982203,020982506,0.0012570866797688522
020982506,020982507,0.0013932723391278591
020982505,020982506,0.0013076141437963907
020982107,020982506,0.001323742486566369
020982107,020982108,0.002807960400334237
020981411,020982107,0.0012471513472189037
020981410,020982107,0.001342046477680447
020982106,020982107,0.0008135821520492384
020982202,020982203,0.0010117803108373306
020982109,020982203,0.0009387119995919946
020982108,020982203,0.001162908937798605
020982108,020982109,0.0009857114322713953
020982106,020982108,0.0025298982952881017
020982109,020982202,0.002360855051199616
020982104,020982109,0.0023428669263574767
020982106,020982109,0.0008818272913625247
020982104,020982106,0.0013712448014636626
020981407,020982106,0.0031080742863111312
020981407,020981408,0.0011513999137901573
020981404,020981407,0.0008123890386538756
020981409,020982106,0.0013128642981053867
020981408,020981409,0.0015647553711225966
020981408,020981902,0.0012218534654364398
020981403,020981408,0.001525823930237653
020981403,020981404,0.0011200003504673727
020981402,020981403,0.0014782143399828642
020981403,020981506,0.00122525120631432
020981402,020981404,0.001189945120467058
020981402,020981501,0.0011913333916582132
020981209,020981501,0.0014848232692819183
020981208,020981209,0.0014755616028871482
020981209,020981210,0.0010622347938701968
020981207,020981208,0.0007091693597908199
020981204,020981207,0.0013641546361381704
020981204,020981205,0.0009995006070278299
020981207,020981210,0.0014205028294706585
020981206,020981207,0.0009485741808951012
020981210,020981502,0.00143616329789912
020981210,020981211,0.0010589334617189627
020981205,020981206,0.0017144889838535686
020981206,020981211,0.0018293549158621158
020981112,020981206,0.0012959043580668672
020981501,020981506,0.0014980839309315743
020981501,020981502,0.0011909501677132138
020981506,020981902,0.0015376860727281487
020981506,020981507,0.0004400423686514521
020981505,020981506,0.0008835585144769589
020981505,020981507,0.0014616306726832498
020981502,020981505,0.0014533671328163726
020981504,020981505,0.0008664256834392811
020981502,020981503,0.0011918579451804156
020981211,020981801,0.00036547126049735456
020981211,020981503,0.0014946077323809053
020981112,020981211,0.0008737590813265736
020981503,020981801,0.0011950130004346866
020981503,020981504,0.0015196485182381659
020981504,020981508,0.0015333601270133984
020981504,020981801,0.0008499951629057625
020981507,020981902,0.0002849420539708891
020981507,020981901,0.001569131924035059
020981507,020981508,0.0010148188473610837
020981901,020981902,0.0010260183118870829
020981901,020981904,0.0015510610685371047
020981508,020981901,0.0009413264980808865
020981409,020981903,0.0013264588387909785
020981903,020982001,0.0016012162698348855
020981902,020981903,0.0015804359630015798
020981903,020981904,0.0013342052102434986
020981409,020981410,0.0015839323229851912
020981410,020981411,0.0015580760104268719
020981410,020982001,0.0013494462328021526
020981411,020982505,0.0010795940238486838
020981411,020982007,0.001018947389812617
020982001,020982007,0.000819153280065221
020982001,020982006,0.0008134215380047458
020982001,020982002,0.0013733593885460354
020982007,020982504,0.0008275236046580293
020982006,020982007,0.001036253553918123
020982502,020982504,0.0010162390707062828
020982502,020982503,0.0009845917604729094
020982006,020982502,0.0008586039522681178
020982501,020982502,0.0010632618434771297
020982005,020982006,0.0010672881177987334
020982005,020982501,0.0016176541450121853
020982002,020982005,0.0015951050045540554
020982004,020982005,0.0011036653317667425
020981904,020982002,0.00157380007817206
020982002,020982003,0.0013824275504791435
020981904,020981905,0.0013548636900456916
020981508,020981905,0.0016534729055614936
020981508,020981801,0.0021796006020562346
020981801,020982003,0.0014019244239904679
020981801,020981808,0.0011342945997643073
020981801,020981905,0.0013875607412132153
020981801,020981802,0.0020900313800627257
020981801,020981803,0.0010421348235964928
020981801,020981804,0.00093175632517869
020981701,020981801,0.00100174889325976
020981112,020981801,0.0010858750347910683
020981601,020981801,0.005671244719854627
020981905,020982003,0.0016982150765071362
020981701,020981703,0.001122030090606392
020981701,020981702,0.0009062256486647941
020981601,020981701,0.0013670471022818936
020981803,020981806,0.0010720990257393687
020981802,020981803,0.001504547285984637
020981803,020981805,0.0009041664658852006
020981803,020981804,0.0008937170823606404
020981802,020981807,0.0008585096461789907
020981808,020982004,0.0011542237877571137
020981808,020982801,0.0011285799491513768
020981807,020981808,0.0011000427010114126
020982501,020982601,0.0010773992580704174
020982601,020982603,0.0005789136149198096
020982601,020982602,0.0012819899310270652
020982004,020982601,0.0018061991202763
020982601,020982801,0.001113294610623049
020982003,020982004,0.0017447762672475906
020982501,020982604,0.0016330249816342152
020982604,020982605,0.0015702798032958762
020982503,020982604,0.0016357628164576047
020982603,020982604,0.0013763308340752505
020982603,020982606,0.0005526812366003303
020982602,020982603,0.001283315813878299
020982403,020982605,0.0012761080943981184
020982605,020982701,0.0015981502332998473
020982605,020982606,0.0011333015273956829
020982403,020982404,0.0010117491776431306
020982403,020982707,0.0008753721854043037
020982402,020982403,0.0013598116669985166
020982403,020982701,0.0010034567613763866
020982403,020982503,0.001173807802654106
020982406,020982407,0.0009910818813442111
020982407,020982408,0.0009425005995150079
020982404,020982407,0.000899166536488163
020982407,020982707,0.0009587025726855629
020982405,020982406,0.0013564344782027037
020982304,020982406,0.0010474905926269706
020982406,020982409,0.0013271372326223837
020982404,020982405,0.0010124673399324632
020982402,020982404,0.0008519422913781823
020982302,020982405,0.001027423705509044
020982401,020982405,0.0013902374013265
020982302,020982303,0.0019560903302896903
020982301,020982302,0.001250888674197734
020982302,020982401,0.0011115409642811682
020982401,020982508,0.0009955997677573154
020982401,020982402,0.0013063741192010008
020982401,020982509,0.0005082228602913685
020982402,020982504,0.0005965863911493414
020982402,020982503,0.00019660220722105798
020982503,020982504,0.0017616640249218276
020982504,020982509,0.001373222500974357
020982504,020982507,0.0009869074384504853
020982504,020982505,0.0016060951308421428
020982508,020982509,0.0013602103455247188
020982507,020982509,0.0004424968865308928
020982507,020982508,0.001100147105655541
020982301,020982307,0.0014905403861587817
020982301,020982303,0.0026708867613340465
020982301,020982508,0.0014212463786002767
020982303,020982306,0.0018755111814425234
020982303,020982307,0.0012744516501464376
020982303,020982304,0.0013789679770008943
020982306,020982309,0.0017870188262205796
020982305,020982306,0.0014891135918727002
020982306,020982307,0.0013747481528421086
020982307,020982308,0.0027698616933626782
020982308,020982309,0.0011098544066061426
020982309,020982313,0.0011355761272913158
020142509,020982313,0.001210575610025855
020982305,020982313,0.0017008532792227064
020142507,020982305,0.0016762240103090152
020982304,020982305,0.0020246210943487566
020982304,020982409,0.0011042916316949193
020142505,020982409,0.0013115266730083215
020982408,020982409,0.001093175586918846
020142508,020142509,0.0012333054379917632
020142507,020142509,0.0012176255226907047
020142508,020142511,0.001246491119805875
020142508,020142512,0.0012521335600269895
020142507,020142508,0.0011237401040859285
020142507,020142512,0.00017645154710220246
020142506,020142507,0.0011164705201815348
020142505,020142507,0.0010946944085681812
020142505,020142506,0.0013031150021992216
020142504,020142505,0.00099630249837984
020142503,020142504,0.0010288387895572943
020142504,020982408,0.0009919276442446978
020142501,020142504,0.0009392950421167102
020142006,020142503,0.00037336396221676046
020142503,020142506,0.0030367442555951406
020142001,020142503,0.001321482698184558
020142104,020142503,0.0002126755936996358
020142502,020142503,0.0021368642262059646
020142506,020142512,0.0013317293140415096
020142006,020142506,0.0009649547504014701
020142512,020142513,0.0012511845253323985
020142007,020142512,0.0006385418189470435
020142006,020142007,0.0015538366211227238
020142005,020142006,0.0014226050835980824
020142001,020142006,0.0014666864289075378
020142005,020142008,0.0013683385499533552
020142004,020142005,0.0009018868951050635
020142002,020142005,0.0012719405256881693
020142002,020142003,0.0013111197443277552
020142001,020142002,0.0013000449275418018
020142002,020142105,0.0012209059700237818
020142001,020142104,0.001458424866347126
020142104,020142105,0.0016049038694171671
020142104,020142502,0.00108830783155668
020142103,020142104,0.0013572382035165684
020142501,020142502,0.0008391555255534538
020142405,020142502,0.000968492550448413
020142404,020142502,0.0010500666090455923
020142401,020142501,0.0009021623660852927
020142401,020142404,0.0017969428148228792
020142401,020982706,9.812085801529625e-05
020142401,020982705,0.0017501929964050039
020142401,020142402,0.0008168366138799226
020142404,020142405,0.0015781934104800272
020142404,020142406,0.00015289150343166137
020142403,020142404,0.0007468594952059145
020142103,020142405,0.0012369594660752608
020142405,020142406,0.0007786982976104621
020142102,020142103,0.0007698393976378403
020142101,020142103,0.0014584199937514577
020142101,020142406,0.001433516486998685
020142403,020142406,0.0015488384011839152
020142309,020142406,0.0009658273896687413
020142309,020142403,0.0003009353721017992
020142402,020142403,0.0016106109928757189
020142308,020142403,0.0007921376679206418
020142308,020142309,0.001071347322213657
020142305,020142308,0.0009445282945667943
020142307,020142308,0.0010294808567145107
020142307,020142402,0.0007480705841008393
020142306,020142307,0.0008671846826519825
020142307,020982812,0.001014424886869717
020142402,020982704,0.0017001261277910808
020982704,020982705,0.0010117224271762998
020982702,020982704,0.00027303130736352864
020982703,020982704,0.001741402999576543
020982704,020982812,0.0011668185931616609
020982702,020982703,0.0005887868081009356
020982607,020982703,0.0017434183976195062
020982703,020982812,0.000594784572639239
020982705,020982706,0.0010492795422561534
020982702,020982705,0.0016948944105178252
020142501,020982706,0.0007488356045633904
020982408,020982706,0.0010721006276854274
020982706,020982707,0.0008598932722962311
020982702,020982707,0.0009221893051247051
020982701,020982702,0.0016519902885680836
020982607,020982701,0.0010000824187430585
020982602,020982606,0.0012480949421804551
020982602,020982806,0.0010862282508872852
020982606,020982607,0.0017550720563454286
020982606,020982807,0.0009546629828725411
020982607,020982808,0.000771527760322544
020982607,020982807,0.0002089427338088395
020982808,020982812,0.0010217414109888099
020982807,020982808,0.0010330630937743055
020982808,020982809,0.0007635644860260201
020982807,020982809,0.0008339030308756396
020982806,020982807,0.0010950786502134163
020982805,020982809,0.0008036398657635198
020982805,020982806,0.0010297202951671863
020982804,020982805,0.0009998435913009152
020982802,020982805,0.0007976306017274109
020982804,020982810,0.0009372256286366995
020982803,020982804,0.0009829306020544765
020982804,020982909,0.0009462090253843155
020982802,020982803,0.0010606541824674696
020981806,020982803,0.001024545248066209
020982803,020982910,0.0010234498568406154
020982801,020982802,0.0010872641283049024
020981807,020982802,0.0008196274388654444
020982801,020982806,0.001129192270387792
020981806,020981807,0.0010508304434718142
020981806,020982911,0.0009904076974365805
020981804,020981805,0.0018124813052595129
020981703,020981804,0.001523103256894017
020981703,020981708,0.0017008275933120954
020981702,020981703,0.0009760266793301191
020981703,020981704,0.0012898834110555207
020981708,020981805,0.001615214291239219
020981708,020982907,0.0013468669812828336
020981707,020981708,0.001502719911184254
020981805,020982911,0.0015157963498665266
020981805,020982908,0.00122011716154457
020982910,020982911,0.0013930128615233042
020982908,020982911,0.0008922141371015881
020982909,020982910,0.0022575843258088287
020982908,020982909,0.001621192206541479
020982907,020982908,0.0009433387811599626
020982907,020982909,0.0010323923803809392
020982906,020982907,0.0012856909221639274
020982901,020982907,0.0018155425456590829
020982901,020982902,0.0010107802495190389
020982901,020983003,0.00019643934489228096
020982901,020983002,0.001492565630074981
020981707,020982901,0.0011047898924958742
020982811,020982909,0.001985262924920737
020141201,020982909,0.0007188195673552473
020982810,020982909,0.0010893244051311058
020141202,020982909,0.0009304567268885558
020141101,020982909,0.0012087246336956823
020141102,020982909,0.0004159329749417317
020982904,020982909,0.0010647144497790968
020982905,020982909,0.0010750175637077052
020982906,020982909,0.0010264336802648637
020982811,020982812,0.0018413919088455851
020142301,020982811,0.0012385001178560008
020141201,020982811,0.00048471947931065556
020982810,020982811,0.0011751372668351156
020982809,020982812,0.000793248881452269
020982809,020982810,0.0013473093218541012
020142306,020982812,0.0008161394026406356
020142305,020142306,0.000803495420362561
020142301,020142306,0.0009653328242866399
020142301,020142302,0.001248926776091113
020141201,020142301,0.0011158485159669224
020142302,020142303,0.0013118464764314737
020142302,020142305,0.0010561256054271975
020141204,020142302,0.001239093845017112
020141204,020141205,0.0012473825936307873
020141201,020141204,0.0012275525880797895
020141203,020141204,0.0014117598853416841
020141101,020141202,0.0013945387890621842
020141101,020141104,0.0012388928033872117
020141101,020141102,0.0015464900775663017
020141201,020141202,0.0012612989011236448
020141202,020141203,0.001092466198389913
020982905,020982906,0.0012801291483170365
020982902,020982906,0.00102777325072432
020982902,020982905,0.00110008040666293
020982902,020982903,0.0009213538742851274
020982902,020983004,0.001110837997194881
020982902,020983003,0.0010276876248267025
020982904,020982905,0.001277636029945374
020982903,020982904,0.0011028007525939526
020982903,020983006,0.0008768382323790852
020982903,020983005,0.0011160355872827366
020982904,020983007,0.0012630275543436282
020141102,020141103,0.0015490555739964599
020141102,020983007,0.0008125343524873776
020141102,020983008,0.0013332496480480337
020983007,020983008,0.0010584592509633821
020983006,020983007,0.0009192503214276649
020983005,020983008,0.0008078856456046899
020983005,020983006,0.001080687518943881
020983004,020983005,0.0015558196953533512
020983005,020983107,0.002427503380002482
020983006,020983008,0.0008762214352999322
020983008,020983110,0.0012732596009663868
020983008,020983009,0.0022973821026526764
020983009,020983111,0.0014735564140134676
020983009,020983110,0.0010042756073143008
020141103,020983009,0.001982789936975697
020141103,020141106,0.00255417562016306
020141103,020141104,0.0017612496562674199
020141105,020141206,0.0009984187174944916
020141105,020141106,0.0021746064926008116
020141104,020141105,0.0012860858167684827
020141104,020141203,0.0016029878004419772
020141203,020141206,0.0012938576254896779
020141205,020141206,0.0010963910154221058
020141206,020141207,0.0012669029203814797
020141205,020142303,0.001520269847665896
020141205,020141301,0.001454608209730854
020141205,020141207,0.0005817188811009855
020141207,020141302,0.0013291674294526935
020141106,020141207,0.0007909009352587424
020141301,020141302,0.001177046911184383
020141302,020141303,0.0013135112023179576
020141001,020141302,0.0011648137713195163
020141304,020142204,0.0013183199177924686
020141304,020141305,0.0017321725584521425
020141301,020141304,0.0015895934274961564
020141303,020141304,0.0013240367987962473
020141301,020142203,0.0011362010535547176
020141403,020141406,0.001190187248788308
020141403,020141404,0.0008531067429668348
020141402,020141403,0.0011628929825590738
020141401,020141403,0.000623070815179945
020141402,020141407,0.0011886995567436905
020141401,020141402,0.0011309306934281327
020141402,020142205,0.0010995085296064038
020141407,020141408,0.0012435906521076714
020141406,020141407,0.0012495498347685214
020141407,020142206,0.0012642301033075345
020142205,020142206,0.001356669879975056
020142204,020142205,0.0013617320457678843
020142202,020142205,0.00098948304165771
020141401,020142204,0.0012234320477120882
020142203,020142204,0.0012812189585466106
020142202,020142203,0.0011513927451325746
020142203,020142303,0.0013109389957243413
020142303,020142304,0.0014321136592585428
020142201,020142202,0.0011334078630465378
020142202,020142304,0.0009054121129699819
020142304,020142309,0.0013504013918254091
020142304,020142305,0.0008145673928311556
020142201,020142309,0.001137974248995551
020142101,020142102,0.0011067469603991426
020142101,020142201,0.0011356226349042158
020142102,020142105,0.0012108975124640936
020141408,020142102,0.0015442439410236516
020142102,020142206,0.001385298882289022
020142201,020142206,0.0012492836146331076
020141408,020142106,0.0013416932850566468
020141408,020141409,0.001311876194049739
020142003,020142106,0.0012527185423872765
020141901,020142106,0.001316864433243145
020142105,020142106,0.0015499249045824778
020142003,020142004,0.001186317891169907
020141906,020142003,0.0014252652437821277
020142004,020142009,0.001303601371668662
020141907,020142004,0.00040055631621908937
020141906,020141907,0.0009345245225351991
020141905,020141906,0.0014946583335227917
020141901,020141906,0.00047138838744281925
020141901,020141905,0.0006626701658952256
020141901,020141902,0.0011164334185188552
020141409,020141901,0.0011187671333663506
020141905,020141907,0.0013489423616583373
020141904,020141905,0.001302709829190874
020141902,020141905,0.0010744936177138691
020141902,020141903,0.0009321803717543106
020141409,020141902,0.0010518533240476055
020141409,020141410,0.0012867955942948012
020141406,020141409,0.0016661316135934464
020141405,020141406,0.0012995457858376107
020141405,020141410,0.0013179724140385835
020141404,020141405,0.0012716819685830868
020141405,020141506,0.0012213711900090573
020141410,020141903,0.0014777766769233263
020141410,020141801,0.0014611350504658315
020141904,020141908,0.001793348013642966
020141806,020141904,0.0010273446964701573
020141903,020141904,0.001584316248769071
020141805,020141903,0.0007847065848521719
020141807,020141808,0.0014071610962536052
020141807,020210303,0.0006896692593526827
020141807,020210302,0.0007240512940245617
020141807,020141908,0.0009677139446855642
020141806,020141807,0.0013421302612779294
020141908,020210301,0.0011153246769069675
020141908,020210202,0.0008543098481236149
020141907,020141908,0.0009057013262769991
020210202,020210203,0.0010203977958021472
020210202,020210301,0.0018230782554333907
020210201,020210202,0.0017719458880353514
020210301,020210306,0.0011243834241080814
020210301,020210302,0.001512087302588725
020210306,020210307,0.0011386308218572674
020210305,020210306,0.0010367460944254862
020210203,020210306,0.0010768066922377888
020210305,020210308,0.001064985121715029
020210304,020210305,0.0009849032372403945
020210302,020210305,0.0009035896039024424
020210302,020210303,0.0012144372729997047
020210303,020210401,0.0009673387168853687
020210303,020210304,0.0008576603934422155
020210304,020210402,0.0009655166872054343
020210304,020210309,0.0010671237495817687
020210309,020210310,0.0012920920106113567
020210309,020210404,0.001042086392942454
020210308,020210309,0.0010027071691438097
020210310,020210803,0.001494195753756335
020210310,020210311,0.001347214276035029
020210310,020210408,0.0012927474151645918
020210310,020210405,0.0013354490193343389
020210308,020210310,0.0014464488593036876
020210311,020210803,0.000853609209755144
020210311,020210801,0.0009945395395850511
020210208,020210311,0.001260350075074948
020210308,020210311,0.001534393656157183
020210801,020210802,0.0011416036870503994
020210801,020210803,0.000945890947256761
020210208,020210801,0.0010373903440472785
020210207,020210308,0.0015445049776254159
020210307,020210308,0.0010039647705834675
020210207,020210307,0.00113219593340236
020210205,020210307,0.0009798526632296281
020210205,020210207,0.001019329892710845
020210205,020210206,0.0009656207523578427
020210104,020210205,0.0005096703116617824
020210203,020210205,0.0010196783235081096
020210204,020210205,0.0009338210248925015
020210207,020210208,0.0011748323433797075
020210207,020210209,0.001099928550761048
020210206,020210207,0.0014719622549112102
020210208,020210905,0.0012457973561980104
020210208,020210212,0.0010469479173496642
020210208,020210209,0.0012824583876749889
020210209,020210212,0.0011799240836362379
020210209,020210210,0.0012993282460059155
020210212,020210904,0.0012790522267719174
020210211,020210212,0.001171247389752006
020210108,020210210,0.001254441188854867
020210210,020210211,0.0011115521014766023
020210206,020210210,0.0010601474144163068
020210107,020210206,0.0009923817431704567
020210105,020210206,0.0009758544965964759
020210104,020210105,0.001443495997145348
020210101,020210104,0.001419944046936777
020210104,020210204,0.0011036294098599043
020210103,020210104,0.001504071677216137
020210203,020210204,0.0011055415453513956
020210201,020210204,0.0008858207386164315
020210103,020210201,0.001654502333267334
020141907,020210201,0.001039971151101833
020141907,020210103,0.00152190599103836
020141907,020142009,0.0012315965731342891
020210102,020210103,0.001542343133627854
020142009,020210102,0.0012802686882637205
020142008,020142009,0.001254948730824663
020142008,020210102,0.0008660612678375457
020142007,020142008,0.0011482970220627704
020210101,020210102,0.0018971520186398538
020210102,020210112,0.0013329786263448365
020210101,020210106,0.001475454443104579
020210101,020210105,0.0017135344030811924
020210101,020350206,0.000960134575690161
020210101,020210112,0.001536857647952755
020210112,020350205,0.0013092667301382263
020142007,020210112,0.0016271516375685137
020142007,020142513,0.0011342102658371425
020350205,020350206,0.0014221384730696417
020350204,020350205,0.0012671670337909434
020142513,020350205,0.0013348663153831615
020142511,020142513,0.0011523058029931975
020142511,020350204,0.00137622679335365
020350204,020350206,0.0013880684061569185
020350206,020350207,0.0014411800360322868
020210106,020350207,0.0013925204521790062
020350207,020350208,0.0014750039728010974
020210106,020210109,0.002871078505290921
020210106,020350312,0.000742267426085087
020210106,020210107,0.0007873776046683969
020210106,020350208,0.0009342989187747046
020210105,020210106,0.0007889926786284397
020350208,020350312,0.001421795158761974
020350303,020350312,0.0013802909915174876
020350303,020350304,0.0013381741770342828
020210109,020350303,0.0009272838626146116
020350304,020350308,0.00133012239862007
020210109,020350304,0.0010078599474905952
020210109,020210901,0.0013759276565617486
020210109,020210110,0.0024648146201860736
020210108,020210109,0.0015863548476634658
020210107,020210109,0.0015186890672352375
020210110,020210901,0.0012662617257359504
020210110,020210111,0.0011601193845883304
020210107,020210108,0.001385588533382606
020210105,020210107,0.003025087636793406
020210108,020210111,0.00143271366340511
020210111,020210902,0.0013999756661911375
020210111,020210211,0.0012184337795851383
020210211,020210903,0.0011562685586789586
020210903,020210907,0.001237410006861313
020210902,020210903,0.0015883527159814578
020210903,020210904,0.0014242445743636728
020210906,020210910,0.005765117778383812
020210906,020210908,0.0014145830984949378
020210906,020210907,0.004056103241761775
020210906,020211001,0.0011003453658869201
020210810,020210906,0.0012139560137306626
020210905,020210906,0.001380852164615729
020210904,020210906,0.0014164102068684743
020210907,020210908,0.0013793951191165166
020210902,020210907,0.0013849638990967557
020210901,020210902,0.0015356558137808393
020210901,020210908,0.0023367299590925854
020210901,020350308,0.001024480184270668
020350308,020350309,0.0013255944790646255
020210908,020350309,0.0024758490374024392
020210908,020211601,0.0013700814285751337
020210908,020210909,0.002725527069652286
020210909,020211602,0.001370780283981377
020210909,020210910,0.0013170188017520386
020211601,020211607,0.0004379626433984349
020211601,020211602,0.001844188982056534
020211606,020211607,0.0012008066868344361
020211602,020211607,0.0014775122517871532
020211602,020211603,0.0013185261457409534
020211605,020211606,0.0011361668837323534
020211603,020211606,0.0015007359106737335
020211603,020211604,0.0011346757284750315
020210910,020211603,0.0013904171439855374
020211501,020211604,0.001138125282106033
020211604,020211605,0.0014392523421414248
020210910,020211604,0.0014679139249190788
020210910,020211501,0.0012211425914367842
020210910,020211504,0.00170316711343931
020210910,020211001,0.001281866995809411
020211502,020211605,0.0011437893593708986
020211402,020211502,0.0017749061588253545
020211502,020211503,0.0012005441025099658
020211501,020211502,0.001465202884736531
020211402,020211403,0.0011968152340206646
020211403,020211404,0.001043989760480919
020211403,020211503,0.0013768329090418474
020211503,020211505,0.0011893903197456993
020211503,020211504,0.0015024622881835892
020211504,020211505,0.0024896568382962187
020211501,020211504,0.0011799828958450576
020211001,020211504,0.0013937982377424094
020210904,020210905,0.0012773726264853516
020210802,020210905,0.0010017210232252571
020211001,020211008,0.0012810491117770354
020211001,020211002,0.0011431925610039604
020210810,020211001,0.0013765361415727043
020210809,020210810,0.001169991983503091
020210802,020210810,0.001289671474177619
020210802,020210803,0.0008572992716159553
020210809,020211002,0.0012858387501638825
020210808,020210809,0.0011533327359313321
020210803,020210809,0.0011271273170803664
020210803,020210808,0.0014960267716834594
020210803,020210804,0.0015484546960234458
020210808,020211003,0.001499381584493031
020210807,020210808,0.0012140026672420824
020211002,020211008,0.0012753312381222916
020211002,020211003,0.001173524501692915
020211008,020211505,0.0012528886261689142
020211007,020211008,0.0012779282403771145
020211404,020211505,0.0023307784471355945
020211505,020211507,0.0011828204820712185
020211505,020211506,0.001129196207566
020211404,020211405,0.0010738349147623987
020211405,020211406,0.0016876713275461443
020211302,020211405,0.0010904491945665294
020211405,020211507,0.0016944208267336003
020211507,020211508,0.0011885169228866312
020211506,020211507,0.0016162503156188447
020211302,020211901,0.0008374806824655895
020211302,020211902,0.0005123893929501174
020211301,020211302,0.0023851515666870873
020211302,020211311,0.001155006333088262
020211302,020211303,0.001149030658955993
020211302,020211508,0.0012361954874016395
020211210,020211302,0.0013574818811441375
020211210,020211508,0.0011715745646571506
020211508,020211509,0.001279659432634667
020211506,020211509,0.001116686986809963
020211201,020211509,0.0011177018986481583
020211009,020211509,0.0004934237010012022
020211006,020211509,0.000820209985827388
020211006,020211007,0.001285645530053193
020211006,020211009,0.0010141904230902905
020211005,020211006,0.0007337713488892455
020211004,020211006,0.0013574106624835375
020211005,020211009,0.0005110302052983783
020211007,020211506,0.0015443706919177145
020211003,020211007,0.0014911022895377401
020211003,020211004,0.0011518468723019084
020210804,020210807,0.0013249446381803911
020210804,020210805,0.0014822520237711837
020210408,020210804,0.001301723960225936
020210807,020211004,0.00133635766982846
020210806,020210807,0.0012464316114762259
020210805,020210806,0.001390580887189049
020210701,020210805,0.0014420298837974624
020210408,020210805,0.0013568781288616544
020210806,020211004,0.00137941198612704
020210709,020210806,0.0012552089836621748
020211004,020211005,0.0013418289184182653
020211004,020211101,0.0011499019629567983
020211005,020211201,0.0013716703095275093
020211005,020211108,0.0012322798844602524
020211108,020211202,0.0015175486212952968
020211107,020211108,0.001220978220135053
020211101,020211108,0.0014902614185755504
020211101,020211102,0.0011360099927690316
020210709,020211101,0.0014092269815164926
020210701,020210709,0.0013575968891519283
020210701,020210702,0.0014566524833502976
020210407,020210701,0.0012619706399254961
020210708,020210709,0.001229043951303856
020210702,020210708,0.0013875429777135803
020210702,020210703,0.0014338117442721566
020210607,020210702,0.0014400706045802143
020210708,020211102,0.0013827317801292098
020210707,020210708,0.0012048174263818003
020211102,020211107,0.0013502953953391198
020211102,020211103,0.0011208150375249916
020211106,020211107,0.001217224725718185
020211107,020211203,0.0013067302002732304
020211203,020211209,0.0012528751691459976
020211203,020211204,0.001118422186571579
020211202,020211203,0.0011077433231386686
020211202,020211210,0.0015989245477893595
020211201,020211202,0.0011139623370931774
020211201,020211210,0.0013310116149274382
020211210,020211303,0.0015308280955943887
020211209,020211210,0.0011911609281527145
020211303,020211311,0.0014435519845399287
020211303,020211304,0.001178830729840959
020211304,020211311,0.0012791214024125415
020211209,020211304,0.0012743592183964635
020211304,020211305,0.0011927353938011476
020211305,020211310,0.0014325060860747717
020211305,020211306,0.00119081306734708
020211208,020211305,0.0013991532723944872
020211208,020211209,0.0011848227633820888
020211204,020211208,0.0014073224461494177
020211204,020211205,0.0011262465409151291
020211106,020211204,0.0014259694130292157
020211207,020211208,0.0011807329472653737
020211205,020211207,0.0014810069607208642
020211205,020211206,0.0011564551674488094
020211105,020211205,0.0014948338775685154
020211207,020211306,0.0014678423536622531
020211206,020211207,0.0011712418643365276
020211306,020211309,0.0014549739553468013
020211306,020211307,0.001174355660076608
020211307,020211308,0.0015160992656755303
020071610,020211307,0.0011641710737600479
020211206,020211307,0.0015127457594237225
020071801,020071805,0.0013475746969224887
020071801,020211308,0.0011628560199105865
020071801,020071802,0.0011686202141914172
020071610,020071801,0.0014034406283722062
020071610,020071611,0.0011720935102629032
020071609,020071610,0.001434852196903599
020071609,020211206,0.002336266634560733
020211104,020211206,0.001416659352193642
020211104,020211105,0.002705492450434236
020071114,020211104,0.0011849950254643595
020211103,020211104,0.0011068823829118802
020071108,020211104,0.0012004560449234251
020210706,020211104,0.0014732298463203228
020210705,020211104,0.0014586531296552335
020071114,020071609,0.0014164304010214185
020071113,020071114,0.0012881101692352656
020071108,020071114,0.0013651001843870295
020071108,020071109,0.0012107645507747054
020071107,020071108,0.001371825777582454
020071107,020210705,0.0011445390929484954
020071106,020071107,0.0011703285246450533
020071101,020071107,0.0014116450484403177
020210705,020210706,0.0011709336465106886
020210704,020210705,0.0015046064079903812
020210704,020210706,0.0014511454181238735
020071101,020210704,0.0012145017510056984
020210605,020210704,0.0014312780039782195
020210604,020210704,0.0015714796458844533
020210703,020210704,0.0013684450359646644
020210706,020210707,0.0012034273195266094
020211105,020211106,0.0012318101486014784
020211103,020211106,0.0014416860824229799
020210707,020211103,0.0014415005211556107
020210703,020210707,0.0014524238359490413
020210606,020210703,0.0014915464544422428
020210605,020210606,0.0012429390996372357
020210606,020210607,0.0012589134943416331
020210602,020210606,0.00150396605373268
020210602,020210603,0.0011053670561776106
020210601,020210602,0.0011013425402088997
020210504,020210602,0.0014845405402450396
020210504,020210506,0.00123365368369864
020210503,020210504,0.001176940040215433
020210504,020210505,0.0014375439632827287
020210604,020210605,0.001262366043996015
020210603,020210605,0.0014385132175969272
020071012,020210604,0.0012847557227853074
020210603,020210604,0.0015980233507780221
020071101,020071102,0.001199470313243684
020071012,020071101,0.0014703809374421576
020071012,020071016,0.0012451303341823523
020071011,020071012,0.0012079948430775305
020071010,020071012,0.00033354302622006746
020071011,020210603,0.001186597209053099
020071010,020071011,0.0011989510576278415
020071005,020071011,0.001295396986034067
020071005,020071010,0.0004029582373143663
020071005,020071006,0.001146526774658286
020071005,020210506,0.0011923219172968605
020071004,020071005,0.001342579789214801
020071003,020071005,0.00043241461399845136
020210506,020210603,0.0029475112939560235
020210506,020210507,0.0026592083455760722
020071004,020210507,0.0011815554899211056
020141709,020210507,0.0014657438432650121
020071003,020071004,0.0011994613616419366
020071004,020140708,0.0013798707659897487
020071003,020140708,0.0014156948831665513
020071015,020140708,0.0004770908901569685
020140708,020141709,0.0009313661267036067
020140609,020140708,0.0009639102087422626
020140708,020141705,0.0014879026987597952
020140708,020140709,0.0033491401545623738
020140708,020141704,0.0013766041077676848
020140707,020140708,0.0013882191949105328
020140705,020140708,0.0013566855788925804
020141705,020141709,0.0015124815485130783
020141705,020141706,0.0014588203593855396
020141704,020141705,0.001575040197194954
020141706,020141709,0.001330199700935197
020141706,020141707,0.0014228670729645558
020141703,020141706,0.0013343420259103367
020141709,020210506,0.0014205375705716558
020141708,020141709,0.0010017128742634642
020210505,020210506,0.0012407664256440713
020210501,020210505,0.0012843048212211614
020141708,020210505,0.001369573691233816
020141708,020141804,0.0011614849389459216
020141707,020141708,0.0014546170059335504
020141707,020141804,0.0013741269412253434
020141702,020141707,0.0014540298591317479
020141804,020210501,0.0027435518076284944
020141804,020210403,0.0011566369098408257
020141804,020141808,0.0029449879410343004
020141804,020141806,0.0008125367135450105
020141804,020141805,0.0006929437548494452
020141701,020141804,0.0013289656477190972
020141803,020141804,0.0014492479476492202
020141802,020141804,0.0013814291411651549
020210501,020210502,0.001187661540092162
020210501,020210503,0.0015222434342425791
020210403,020210501,0.0014989584262211444
020210503,020210601,0.0014785688730332986
020210502,020210503,0.0011368208185115064
020210601,020210607,0.001445283543701512
020210406,020210601,0.0011083902610351764
020210407,020210607,0.0012847325631877525
020210407,020210408,0.001292399592430572
020210406,020210407,0.001181407933927723
020210405,020210406,0.0011353867487895167
020210406,020210502,0.001220645661296951
020210404,020210502,0.001109545776906709
020210404,020210405,0.002591175279866473
020210402,020210404,0.0013978410349199516
020210403,020210404,0.0011707748360448873
020210405,020210408,0.002670818282998093
020210401,020210402,0.0014076737874719099
020210401,020210403,0.0007525580611422525
020141808,020210401,0.0014742069096795691
020210402,020210403,0.0009280846940053052
020141805,020141806,0.001322713440513079
020141801,020141805,0.0013208548412895695
020141801,020141802,0.0016329352683908138
020141506,020141801,0.0012815943727266283
020141506,020141507,0.001132645537650856
020141505,020141506,0.0012236817896330932
020141404,020141505,0.0008688474497407644
020141504,020141505,0.0008683454384683852
020141501,020141505,0.0011953031583554299
020141504,020141507,0.0012645162248007412
020141503,020141504,0.0008530276236111046
020141502,020141504,0.0012781126919329292
020141507,020141802,0.0012577969197142959
020141507,020141508,0.0010647394927993676
020141802,020141803,0.0016879178346121033
020141508,020141802,0.00023512416953718049
020141701,020141803,0.0016955782489116982
020141508,020141803,0.0011698734720720285
020141701,020141702,0.001671951067773821
020141607,020141701,0.0011638781981149664
020141606,020141607,0.0011281383006961217
020141508,020141607,0.0010399701690226445
020141601,020141607,0.001015759986001458
020141601,020141602,0.0014296884835124752
020141503,020141601,0.0016875944917777467
020140806,020141601,0.00035695063698904363
020140801,020141601,0.00028213769505394627
020141503,020141508,0.0014014304448180636
020141502,020141503,0.0009474433627261216
020140907,020141503,0.0013295342898847267
020141501,020141502,0.001012964196659355
020140908,020141502,0.0013135353040216004
020140907,020140908,0.001179088098386572
020140908,020140909,0.0013674034508275087
020140905,020140908,0.0013043747803862366
020140801,020140907,0.0008627623976140357
020140906,020140907,0.0011260735453225497
020140801,020140906,0.000995049757272249
020140905,020140906,0.001151049794083766
020140902,020140906,0.0008896346155172148
020140904,020140905,0.0011627076811062973
020140902,020140905,0.0013661392908375662
020140802,020140902,0.0013679614469020213
020140902,020140904,0.0005197169422035141
020140901,020140902,0.002297780467994174
020140902,020140903,0.001690777405006975
020140902,020141008,0.0008800013464936923
020140301,020140902,0.0018310461773066787
020140902,020141009,0.0008806249287556594
020140903,020140904,0.0009057387496441817
020140903,020141007,0.0013077201145621257
020140904,020140909,0.001304780105523297
020140904,020141306,0.0011828369024414402
020141306,020141307,0.0006140943288315717
020141305,020141306,0.001167083358383135
020141303,020141306,0.001275789192801267
020141007,020141306,0.0012512005469551403
020140909,020141501,0.0011598785259287995
020140909,020141307,0.0015324100603992608
020141401,020141501,0.0010755107932755605
020141401,020141404,0.0013738132800701344
020141307,020141401,0.0015076733598205605
020141305,020141401,0.0010463982369569745
020141305,020141307,0.001890902344474069
020141001,020141006,0.0013058674060713784
020141001,020141002,0.001121327389635413
020141001,020141106,0.0013266741882598813
020141006,020141303,0.0012551294599753154
020141006,020141007,0.001287833021243401
020141005,020141006,0.0012393766604866408
020141007,020141008,0.0013366136556457948
020141005,020141008,0.0008837696784837394
020141002,020141005,0.0008938574229678528
020141004,020141005,0.001237289669083474
020141002,020141003,0.0011302726946053943
020141002,020141106,0.0009053282972135203
020141003,020141004,0.0013454856990237826
020141003,020141106,0.001542917132762168
020140203,020141003,0.0011004601678711013
020140201,020141106,0.0008257936626187688
020141106,020983112,0.0008952074155228097
020141106,020983111,0.0009592370453549138
020983110,020983112,0.000962400110962555
020983110,020983111,0.0013981523959717764
020140202,020983110,0.002339389840689177
020983109,020983110,0.002411113939673262
020983108,020983110,0.0027509001483636084
020983107,020983110,0.0034946092604118684
020140201,020983112,0.0010269221130879151
020983111,020983112,0.0017342717379072357
020140202,020983112,0.0011276612147811073
020140201,020140203,0.001041899669557582
020140201,020140202,0.0011386140288289885
020140202,020140203,0.0064994666702136855
020140204,020140205,0.0016997824978073949
020140204,020140206,0.0015823345158617204
020140203,020140204,0.0019217908257786415
020140205,020141009,0.0009084277420592139
020140205,020141004,0.00094290528040149
020140205,020140206,0.0005736424786495666
020140203,020140205,0.0006282025558968869
020141004,020141009,0.0011225359630175123
020140203,020141004,0.00022886534231884265
020141008,020141009,0.0013523702257539874
020140207,020141009,0.00037916421030868613
020140207,020140301,0.00115869046053774
020140301,020140304,0.0010599918838807899
020140301,020140302,0.001285135388049891
020140207,020140302,0.0013820573080383764
020140207,020140208,0.0005891721319909887
020140206,020140207,0.002521835043370768
020140304,020140305,0.001046278737581201
020140304,020140901,0.0012189051226652872
020140303,020140304,0.0013931388895524505
020140302,020140303,0.0019378957350572757
020140208,020140303,0.0016339821453443273
020140203,020140208,0.002895001238019192
020140203,020140206,0.0013124408254684224
020140203,020140303,0.002747685405723692
020140203,020140403,0.0024245168976572504
020140203,020140401,0.0013223390316364717
020140203,020140410,0.001345647825792911
020140203,020140409,0.0009342091659012738
020073011,020140203,0.006623037496805953
020140203,020140408,0.0017356777149963385
020070317,020140203,0.004292847811950857
020140203,020983109,0.0026881812521440808
020140102,020140203,0.0054279329510294756
020140303,020140305,0.0013358246959106783
020140303,020140306,0.0019394027334402727
020140303,020140404,0.0012830824453133741
020140303,020140403,0.003143569209049151
020140306,020140307,0.0013021336257709613
020140305,020140306,0.0013614233571170586
020140306,020140404,0.0010251586595959408
020140308,020140808,0.001315099236409581
020140308,020140508,0.0013073541380604296
020140307,020140308,0.0012932929806195273
020140305,020140308,0.0013144593981050277
020140701,020140808,0.0012871584384696153
020140807,020140808,0.0013518003700993188
020140804,020140808,0.0013031717931280891
020140804,020140805,0.0013750063788451692
020140803,020140804,0.0012843655726667237
020140305,020140804,0.0013623762670846892
020140305,020140803,0.0012070046087345565
020140802,020140803,0.0011122065146075791
020140803,020140901,0.0012429639948607853
020140802,020140805,0.0013944415042225719
020140801,020140802,0.0010133336240763483
020140801,020140806,0.0016478012040072848
020140806,020141602,0.0011506416647313767
020140806,020140807,0.001098473078308883
020140805,020140806,0.0013799089736122555
020140805,020140807,0.0013479841076138176
020140807,020141602,6.543945521423552e-05
020140807,020141604,0.0012554814105640874
020140807,020141603,0.0013895545593140734
020140701,020140807,0.0012016875813948653
020141603,020141605,0.0013852525426089842
020141602,020141603,0.001217566473102972
020141603,020141604,0.0011199923867590178
020141602,020141606,0.0012759100873171454
020141606,020141702,0.0012887892262354258
020141605,020141606,0.0011519747744445617
020141702,020141703,0.001561569981345267
020141703,020141704,0.0014644762650649614
020141605,020141703,0.0014096864984088865
020141605,020141608,0.0010996399443792058
020141608,020141704,0.0013757304156567442
020140705,020140706,0.0009231291451417432
020140705,020141608,0.0010372471382428096
020140704,020140705,0.0011447886113382989
020141604,020141608,0.001315425772553397
020140704,020141604,0.0010232094206153966
020140703,020140704,0.0009660608531102908
020140701,020140704,0.000929557580472897
020140701,020140702,0.0019840268752807444
020140508,020140701,0.0013147448353502131
020140702,020140703,0.0021216516214093914
020140601,020140702,0.0010413418199995378
020140509,020140702,0.0010659443122359796
020140703,020140706,0.002038107487042262
020140604,020140703,0.0008018253088351076
020140707,020140709,0.002023554906975149
020140605,020140707,0.0014043795923429213
020140706,020140707,0.00200686432382952
020140604,020140706,0.0007302391418179907
020140601,020140604,0.0016079714372754378
020140509,020140601,0.0012599570531035952
020140601,020140602,0.0030127943385673843
020070408,020140601,0.0012428288848936628
020140506,020140601,0.001346407437405933
020140603,020140604,0.001098159726767041
020140604,020140605,0.0015292731031138283
020140605,020140608,0.001486886242292457
020140605,020140606,0.001360346891153115
020140606,020140607,0.0012371150189370266
020070801,020140606,0.0013292578286835896
020140603,020140606,0.0012644045500411357
020070505,020140603,0.0010922052426043235
020140602,020140603,0.0012756345480249632
020070801,020070807,0.0014159219309704675
020070801,020070802,0.0012966328075993462
020070505,020070801,0.001409172496441047
020070505,020070506,0.001117935796256803
020070504,020070505,0.0014725112361619287
020070503,020070506,0.0014125965706527504
020070503,020070504,0.0019647236782596596
020070502,020070503,0.0016084486681945474
020070407,020070503,0.0020612187424112575
020070504,020140602,0.0018351360752676177
020070408,020070504,0.001062470830995585
020070408,020140505,0.001352230036951113
020140505,020140506,0.0012719176290847758
020140504,020140505,0.0013336304949234032
020140502,020140505,0.0012893200328916658
020070407,020070408,0.0020845112058942147
020070405,020070408,0.0011577287131090887
020070406,020070407,0.002070914731904226
020070405,020070406,0.0015115389125895285
020070405,020140502,0.0013931730455006585
020070404,020070405,0.0012197965822354885
020140502,020140503,0.0012737410837040566
020140501,020140502,0.0013094532387661981
020140503,020140504,0.0013448549206319532
020140501,020140503,0.0012963111758262594
020140406,020140503,0.00115664485041871
020140504,020140507,0.0013138626712873472
020140405,020140504,0.001319900019045554
020140506,020140509,0.0011957396206111967
020140506,020140507,0.0013147259032822234
020140507,020140508,0.001301976868581757
020140307,020140507,0.0013015962794554066
020140508,020140509,0.001268532026852949
020140307,020140405,0.0012896058695769292
020140404,020140405,0.0013234779052164094
020140405,020140406,0.0012800156141037425
020140403,020140404,0.001011101152520091
020140403,020140406,0.0010212143323466896
020140402,020140403,0.0018477185249246822
020140401,020140403,0.0018226555834887823
020140406,020140407,0.0012967081550283018
020140407,020140501,0.0013127624923082813
020140402,020140407,0.0011982054141490234
020140407,020140408,0.001466589205850821
020140401,020140402,0.0006812934570936749
020140401,020140408,0.0012786321984610582
020070317,020073011,0.0024052480789197167
020070317,020070318,0.0037961537558534055
020070314,020070317,0.0010499945046379407
020070316,020070317,0.0009317828517823778
020070317,020140102,0.001032069580946337
020070316,020070319,0.00025236874466556765
020070314,020070316,5.917544309438973e-05
020070315,020070316,0.0005075621050519453
020070303,020070316,0.0009501590256553176
020070302,020070316,0.0001577384539905077
020070313,020070315,0.0004999028216255242
020070314,020070315,0.0019260782882536676
020070304,020070315,0.0009584688445169768
020070302,020070315,0.0012706175352407646
020070314,020073011,0.0021928800078128805
020070311,020070314,0.00037384630284872515
020070313,020070314,0.0013491107987846516
020140408,020140409,0.0015651608797712378
020070404,020140501,0.0014010568670527709
020140410,020140501,0.0013267956236791988
020140409,020140501,0.0011451117003742617
020140409,020140410,0.0015235604426810181
020070401,020140410,0.0015686679680330818
020070401,020070404,0.0016228417263059861
020070401,020070402,0.0015529412259649381
020070401,020073011,0.001147078347324355
020070304,020070305,0.0005983041229479308
020070304,020070313,0.0010920656384555763
020070205,020070304,0.0014013789089668766
020070203,020070304,0.00039184620192980784
020070302,020070304,0.0003071557767908784
020070311,020070313,0.0007883925124153638
020070312,020070313,0.00037937577583587297
020070305,020070313,0.001148476931715719
020070205,020070208,0.0006954003712028725
020070205,020070305,0.002046783715358319
020070205,020070207,0.002793139368184647
020070203,020070205,0.0015426189641738833
020070204,020070205,0.001677143596516357
020070305,020070306,0.0004529069099779166
020070305,020070312,0.0011018122574619836
020070308,020070312,0.00040744912760455533
020070307,020070312,0.00030195947291598315
020070306,020070312,0.0001705605847613481
020070311,020070312,0.0009960838423050133
020070311,020073011,0.0012235288944709068
020070310,020070311,0.0007228184932471011
020070308,020070311,8.809616469706991e-05
020070309,020070311,0.00030421479975895077
020070310,020073011,0.0025359568280985956
020070310,020073005,0.00028887620357622383
020070310,020073004,0.0005112111848984167
020070308,020070310,0.00020000213080071012
020070309,020070310,0.0019541171170161156
020070308,020070309,0.002043324273268439
020070308,020073003,0.00013634002042432698
020070308,020073002,0.0005099536106804898
020070308,020073004,0.0005676506531253262
020070307,020070308,0.0023475764012540388
020070307,020073002,0.0003452775309414488
020070209,020070307,0.0002576549946674045
020070306,020070307,0.002125425981039975
020070209,020070306,0.00043163212230425184
020070208,020070306,0.0018739807044961434
020070207,020070211,0.000259675013594138
020070207,020070210,9.13212247005564e-05
020070207,020070208,0.0018824376183065887
020070207,020070222,0.0030277200695572916
020070207,020070223,0.001649061308367582
020070204,020070207,0.0003018214739456187
020070211,020070222,0.0005144948997038178
020070212,020070222,0.002403920726963815
020070222,020070223,0.0019552477966059256
020070221,020070222,0.0039027332180762873
020070208,020070209,0.0006188149825799818
020070208,020070210,0.0003731266974182348
020070209,020073001,0.0002000576052392953
020070209,020073002,0.00029510396360708357
020070209,020070219,0.001121339627849913
020070209,020070218,0.0007522660847093037
020070209,020070210,0.0010645501149853524
020073004,020073007,0.00019882677815727826
020073004,020073006,0.0012605415194894287
020073003,020073004,0.0017497272589437635
020073004,020073005,0.0011590807726639032
020073005,020073006,0.0008140563671798888
020073005,020073011,0.0020166264495490994
020070101,020073011,0.0021433885245972003
020070702,020073011,0.002378332262765855
020070605,020073011,0.001650269755706695
020070604,020073011,0.0014165641472646863
020070603,020073011,0.0018888033347499973
020073010,020073011,0.002122737696888244
020073011,020073012,0.002886013241506549
020073011,020073013,0.0012985387181581758
020073006,020073011,0.0016928991808068735
020070601,020073011,0.0016555146464447043
020070402,020073011,0.002197698862203559
020070601,020070603,0.0015565800169763946
020070601,020070609,0.0015375744479697113
020070601,020070602,0.0014092070035319774
020070501,020070601,0.0012353998923763665
020070403,020070601,0.0012583462556456449
020070402,020070601,0.001212885226270379
020070402,020070403,0.002343667705537754
020070403,020070501,0.002800397096444084
020070403,020070406,0.000621193786482651
020070403,020070404,0.0014535864362636825
020070404,020070406,0.0008727669847043648
020070406,020070501,0.0013109739183890128
020070501,020070502,0.0028278839710375934
020070502,020070507,0.0028326384734056443
020070502,020070609,0.0013451555783671886
020070506,020070802,0.0014506408839834108
020070506,020070507,0.0011664600319643535
020070802,020070806,0.0014768648030744284
020070802,020070803,0.001315975602157574
020070507,020070803,0.0028248739321096723
020070507,020070610,0.0011875058801064902
020070803,020070811,0.0027654403944156088
020070803,020070804,0.0013287554690986341
020070607,020070610,0.0011178586688888026
020070610,020070804,0.0015364423439277251
020070609,020070610,0.0016220252423482771
020070608,020070609,0.0012583304563426475
020070701,020070804,0.001286609774255576
020070804,020070805,0.0015267722124845794
020070709,020070810,0.00124883414681646
020070810,020070904,0.001509017724172594
020070810,020070811,0.001190684114786377
020070805,020070810,0.0015110303913430986
020070708,020070805,0.001214718226608335
020070805,020070811,0.001157487953020455
020070905,020070916,0.0015106361901163223
020070903,020070905,0.0011439315840027625
020070905,020070906,0.0011502896108456279
020070904,020070905,0.0015087913649297587
020070903,020070904,0.0011856531634124837
020070904,020070907,0.001163320273411339
020070916,020070921,0.0014995264167075018
020070903,020070916,0.0011632284827253513
020070916,020070917,0.0014245769155248908
020070916,020070920,0.0011607974260096356
020070906,020070916,0.0014179170413079363
020071209,020071212,0.0021961374696906344
020070921,020071212,0.0015067798722048263
020071210,020071212,0.002589531633858378
020070917,020071212,0.0014027543637569258
020070903,020070921,0.0011535579445001122
020070917,020070921,0.001124974116823151
020070903,020071209,0.0013202326095836233
020070903,020071203,0.0015085212116680337
020070902,020070903,0.004790737449415422
020070901,020070903,0.001288039081017109
020070809,020070903,0.0014446805022296132
020070811,020070903,0.002781696915532548
020071203,020071213,0.001488954375188513
020071203,020071209,0.0012765494058005803
020071202,020071203,0.0012760223033421736
020071202,020071204,0.0014210206278621722
020071201,020071202,0.0012759352101346301
020070902,020071202,0.001423623867249488
020070902,020071201,0.0013920683275998168
020070902,020071014,0.0012242570995833174
020070902,020071008,0.0021956390880218204
020070901,020070902,0.0013540703440408908
020070809,020070811,0.0010815527234509293
020070806,020070811,0.001180882803600962
020070808,020070809,0.0010530025923243314
020070806,020070809,0.0014515400570605686
020070806,020070807,0.001210953257326279
020070807,020070808,0.0014208431670210935
020070807,020140607,0.0012327326518487723
020070808,020071001,5.7633185333097565e-05
020070808,020070901,0.0013356310257307828
020070808,020140610,0.001016187844228209
020070901,020071001,0.0012942270809469267
020071001,020071008,0.0013934183859195337
020071001,020140610,0.0012852516527823894
020071001,020071002,0.0012958785927691854
020140607,020140610,0.0012456780888195512
020140609,020140610,0.0009877549075259875
020140607,020140608,0.0012528469876464758
020071002,020140609,0.001519376447585237
020140608,020140609,0.0015214682664571643
020140608,020140709,0.001285420399088196
020071003,020071006,0.0010026396190107843
020071003,020071015,0.00126281735267096
020071006,020071015,0.00039838340106140835
020071002,020071015,0.0012745672563635871
020071002,020071007,0.0014961020955710118
020071007,020071008,0.001065652557766164
020071007,020071009,0.00149954986904625
020071006,020071007,0.0010881976872886424
020071009,020071013,0.001511371060647466
020071008,020071009,0.0012005314196183246
020071009,020071010,0.0012137543833061729
020071006,020071010,0.001371079237253055
020071010,020071016,0.001390409625743284
020071016,020071102,0.0014324515407859349
020071013,020071016,0.0012092924952036076
020071102,020071106,0.0014505921059073934
020071102,020071103,0.0012310992892957445
020071013,020071103,0.0014945610611444705
020071013,020071014,0.0011938576270736486
020071103,020071105,0.0014496960617804396
020071103,020071104,0.001261053714606935
020071014,020071104,0.0013836508216369756
020071008,020071014,0.0013180578668554022
020071201,020071205,0.0014402394268770477
020071104,020071201,0.001284928216529512
020071205,020071207,0.0013960986468769363
020071111,020071205,0.0011759389829131095
020071205,020071206,0.0011839130872309427
020071204,020071205,0.0011655365751989943
020071104,020071205,0.001166039199085993
020071112,020071115,0.0012161503135095042
020071112,020071603,0.0013883358337182278
020071112,020071207,0.0011752803358219739
020071111,020071112,0.001429386103297635
020071110,020071111,0.0011820557044266232
020071104,020071111,0.0014384498551945658
020071104,020071105,0.0011667875142451435
020071105,020071110,0.0014991842454442782
020071105,020071106,0.0011818256468593732
020071106,020071109,0.0014375726605896887
020071109,020071113,0.0014063360318471332
020071109,020071110,0.001186595288096751
020071113,020071609,0.0013854758642202582
020071113,020071115,0.0012663795998263331
020071110,020071115,0.001535738604465161
020071115,020071607,0.001524080152042995
020071607,020071612,0.0014647234358454492
020071607,020071608,0.0012126191004416442
020071607,020071609,0.001008212090376106
020071606,020071607,0.0011539019664685457
020071603,020071607,0.0014323142575208658
020071608,020071609,0.002584740080055862
020071608,020071611,0.0014283366316417876
020071611,020071612,0.001181830195542979
020071611,020071802,0.0014187655505075241
020071802,020071804,0.001418295037816237
020071802,020071803,0.0011709795807509846
020071612,020071803,0.0014592792016556663
020071612,020071701,0.0011974724452311518
020071707,020071708,0.0014429027636945733
020071707,020071803,0.001158781954908537
020071706,020071707,0.0011573013997254768
020071701,020071707,0.001333190245892417
020071606,020071701,0.0013273511146472015
020071605,020071606,0.0011331686812134948
020071603,020071606,0.0013380526240555715
020071602,020071603,0.0014096459719411083
020071601,020071603,0.0011856463282962494
020071603,020071604,0.002563002091694092
020071207,020071603,0.002819224835437308
020071604,020071605,0.001407132161391576
020071605,020071701,0.001340942470668275
020071602,020071605,0.0011457736271906782
020071701,020071706,0.001392775707756814
020071701,020071704,0.0014655108315145876
020071701,020071702,0.001112018672415184
020071602,020071701,0.0014548086487740607
020071705,020071706,0.0014227383579388554
020071704,020071706,0.0011872066784411103
020071704,020071705,0.0014430689938341075
020071703,020071704,0.0012038296709271164
020071703,020071711,0.001438607954215908
020071703,020071705,0.0011606027350955104
020071505,020071703,0.0011435154844095731
020071503,020071703,0.0012148745012366356
020071702,020071703,0.0014923663412131246
020071503,020071702,0.0010860870363790266
020071601,020071702,0.0015053454633047413
020071601,020071602,0.0011616751470119439
020071501,020071601,0.00237669371165314
020071208,020071601,0.0014985136432867272
020071207,020071208,0.0011371517435078118
020071206,020071207,0.0014096073509474213
020071204,020071206,0.0014154106321872485
020071204,020071213,0.0011360381540758881
020071206,020071208,0.001490027466784532
020071206,020071213,0.001506381814349801
020071206,020071209,0.001199117325342711
020071209,020071213,0.0011278469649145615
020071208,020071214,0.0011207060575664945
020071209,020071214,0.005715766398167276
020071209,020071210,0.0020889083664618444
020071501,020071503,0.0027478363160944935
020071501,020071502,0.003745982111574492
020071214,020071501,0.004168977417051946
020071503,020071505,0.0027430532672507173
020071503,020071504,0.0012084935453987133
020071502,020071503,0.0011048358168722927
020071505,020071506,0.0041522909116555
020071504,020071505,0.002586594844797929
020071506,020071509,0.004134871794534467
020071506,020071711,0.0010274246324326493
020071506,020071507,0.001083534381801447
020071509,020071511,0.0014194410142298237
020071509,020071510,0.002724584763609925
020071509,020071905,0.00119253003747326
020071508,020071509,0.0012151571532409689
020071510,020071511,0.0011911550789568068
020071510,020072201,0.0027413720280923355
020071510,020071905,0.0011743988576668884
020071905,020072102,0.0015048770861470512
020071905,020071906,0.0011991895780952323
020071904,020071905,0.0011560057298803561
020071711,020071905,0.001457150937596257
020071710,020071711,0.0009921388003962975
020071705,020071710,0.002847103978350367
020071705,020071708,0.0011240945223865285
020071710,020071903,0.0014240435590863814
020071710,020071904,0.0014137799061985103
020071709,020071710,0.0009500840722625408
020071904,020071906,0.0013391805321440707
020071903,020071904,0.0012021243880649998
020071903,020071907,0.0014916836520846263
020071902,020071903,0.0011847690347227824
020071907,020072102,0.0015573644572302885
020071907,020071908,0.0011636347499977306
020071906,020071907,0.0011558205903446502
020071906,020072102,0.0013054121684267816
020072102,020072104,0.0013158854439593614
020072102,020072105,0.0015727005079572485
020072102,020072103,0.0015111120184599814
020072102,020072201,0.0008754896297410048
020072101,020072102,0.0008356393418527534
020072105,020072108,0.0014898365462350572
020072104,020072105,0.001186637117737162
020072105,020072106,0.0011867219493429178
020072108,020072805,0.0014406018110245489
020072108,020072109,0.0012654563586588841
020072107,020072108,0.002520594729679788
020072104,020072108,0.0012452397952079314
020072104,020072109,0.001378926321982556
020072104,020072110,0.0012374556114321874
020072103,020072104,0.0011836381140486142
020072110,020072807,0.0015362532308309722
020072109,020072110,0.0012413252902512778
020072110,020072205,0.0024082396557231177
020072103,020072110,0.0015346362731268408
020072103,020072201,0.001220342919407479
020072201,020072203,0.0012095523523753388
020072201,020072202,0.0009761631828686746
020072201,020072205,0.0027480961244873755
020072204,020072205,0.0011477315190996753
020072205,020072209,0.001422823810359186
020072205,020072206,0.0026251288008929726
020072209,020072709,0.002237174042574566
020072209,020072210,0.0021241202465777393
020072208,020072209,0.0027980769381647434
020072209,020072808,0.0024196792339147627
020072209,020072807,0.0024697989046281186
020072708,020072808,0.002797452060885377
020072808,020072809,0.00227903845050452
020072807,020072808,0.0015052132258374135
020072701,020072809,0.0015100538651241732
020072809,020072810,0.002298982186791955
020072807,020072809,0.0014530134260328745
020072701,020072708,0.0005097610139484452
020072701,020072702,0.0020497917960321153
020072705,020072706,0.0014487963815910396
020072704,020072706,0.0011609140482832267
020072706,020072707,0.0030028199481232035
020072703,020072706,0.0016665136252460365
020072702,020072706,0.0015508080429629243
020072702,020072708,0.0003929823694498436
020072702,020072902,0.0015433286507568142
020072702,020072703,0.002738518153108298
020072702,020072810,0.002833968699976909
020072806,020072810,0.0014037811466348772
020072804,020072806,0.0011766889204149645
020072806,020072807,0.0007066892424243837
020072805,020072806,0.0019260457561349861
020072805,020072807,0.0031111584730223996
020072109,020072805,0.0014318670370824429
020072804,020072805,0.0011952550871347344
020072009,020072801,0.0014741548544116912
020072009,020072010,0.0011761244960815556
020072009,020072107,0.0012091142282534245
020072008,020072009,0.0015378847574357103
020072812,020072813,0.0011013572745894981
020072803,020072812,0.0024723684307616945
020072811,020072812,0.0013226779736989392
020072810,020072811,0.002806021729234314
020072804,020072811,0.001407587260212687
020072803,020072804,0.001104887415468057
020072801,020072804,0.0012790631224475285
020072107,020072804,0.0013519369157963482
020072810,020072813,0.0009448039822421614
020072703,020072909,0.0012806923591319559
020072703,020072704,0.0014001372252559854
020072703,020072903,0.001398217179811629
020072903,020072904,0.0012882648340475087
020072902,020072903,0.0010861762184686177
020072903,020072908,0.0010757154021221109
020072813,020072901,0.001732692489326389
020072813,020072902,0.0022577794177067265
020072813,020212110,0.0020306580975143025
020072803,020072813,0.0023749667079416975
020072802,020072813,0.0016838797913723855
020072902,020072904,0.0012162215567970169
020072901,020072902,0.001843700363377841
020072901,020280712,0.0020897031953601964
020072901,020072905,0.0016564347021652468
020072802,020072803,0.0010892518847180348
020072802,020212108,0.0012443660679219964
020072801,020072802,0.0016762852467169492
020072801,020072803,0.0025886072956285565
020072801,020212107,0.0012559607255208083
020072010,020072801,0.0028429777341381374
020072010,020212105,0.0011756806404067189
020072006,020072010,0.0015259748368747226
020072007,020072010,0.001291562148820078
020072006,020212104,0.0013371631635684207
020072006,020072007,0.001344116557354272
020072005,020072006,0.0014289934089201566
020072005,020212103,0.0011160702214937505
020072004,020072005,0.0011556158463842774
020072001,020072005,0.0013979605457787128
020072001,020212101,0.0009506569278449497
020072001,020072002,0.0009053251584526858
020071809,020072001,0.0013733481515685977
020071809,020212009,0.0012806660425099833
020071808,020071809,0.001288296313465018
020071806,020071809,0.0013268554207647545
020071808,020072002,0.0013640988563018248
020071808,020071909,0.0012664669531577172
020071807,020071808,0.0013015137251214599
020072002,020072003,0.0014971106872446718
020072002,020072004,0.0013645585332385584
020072002,020072101,0.0008793564906248988
020071909,020072002,0.0015065622077967504
020072004,020072007,0.0013608888909469423
020072003,020072004,0.001182420327324844
020072007,020072008,0.0013382048362726388
020072008,020072107,0.0013066892466788874
020072003,020072008,0.0015215086192050982
020072106,020072107,0.0014890469489554595
020072003,020072106,0.0011733674386677458
020072101,020072106,0.0015581023388760791
020071908,020072101,0.001587279281166969
020071902,020071908,0.0015998910434589183
020071901,020071902,0.001174699050713699
020071709,020071902,0.0015811082580526824
020071908,020071909,0.001205105314922451
020071708,020071709,0.0015460125462936956
020071708,020071803,0.0011371719792213084
020071709,020071803,0.0008575609008349074
020071803,020071901,0.0014906340809818738
020071803,020071804,0.001933032957497127
020071901,020071909,0.001563213214104495
020071807,020071901,0.0011666889004732898
020071806,020071807,0.0011639152236699308
020071804,020071807,0.0014102020721768773
020071806,020212008,0.0011786567012196962
020071805,020071806,0.0012779065486051746
020071805,020212004,0.0007834171336249473
020071804,020071805,0.0018988273854891344
020071805,020212003,0.0010925158459145089
020212003,020212004,0.0015295803806097265
020212002,020212003,0.001102756586548936
020211308,020212003,0.001525723034982669
020211308,020211309,0.0011545339509388712
020212002,020212005,0.00142877261287547
020212001,020212002,0.0011087719949854189
020211309,020212002,0.0014437275194760326
020212005,020212007,0.0014164756129076506
020212005,020212006,0.0007466943639055587
020212004,020212005,0.0007575860337735616
020212004,020212008,0.0015266677240227471
020212008,020212009,0.0015180108414770362
020212007,020212008,0.0011870014778365646
020212009,020212101,0.001503740282100526
020212009,020212010,0.001256421795303454
020212104,020212105,0.0015585128136200812
020212102,020212104,0.001169591021723557
020212103,020212104,0.0016430905638279193
020212102,020212103,0.000964515167645043
020212101,020212103,0.0018139984070858913
020212102,020212106,0.0008355835185418942
020212102,020212206,0.0005175845616866064
020212102,020212204,0.001147580763066446
020212102,020212203,0.00101651780695857
020212101,020212102,0.0012865821825453674
020212101,020212202,0.001226799796770567
020212010,020212101,0.001298893089695798
020212010,020212011,0.0012269728559071906
020212007,020212010,0.0013601934938069825
020212011,020212202,0.0014958583144777126
020212007,020212011,0.0015114139620413416
020211908,020212011,0.0011859292958879733
020212202,020212203,0.0014289596438141704
020212201,020212202,0.0011831762975890027
020212204,020212206,0.0011806467402961957
020212203,020212204,0.0013120519891168594
020212204,020212205,0.0011306450678866113
020212201,020212203,0.0010722708211404355
020212201,020212205,0.0013095686040952665
020212201,020212303,0.00116054159806095
020212201,020212302,0.0011428154932436358
020211908,020212201,0.0015269089775629347
020211908,020211909,0.0011407908778397259
020211907,020211908,0.0015760325480341768
020212006,020212007,0.0015045954934002792
020211907,020212007,0.0012019201158390035
020211903,020212006,0.000740623636261399
020212001,020212006,0.001497504166999127
020211903,020212001,0.001119568071173829
020211310,020212001,0.0014663657470238738
020211309,020211310,0.0011551552333752956
020211310,020211311,0.001160410411491544
020211311,020211903,0.0013416765760920538
020211311,020211902,0.0013055413799840444
020211903,020211907,0.001648068371865236
020211903,020211904,0.001332024744997844
020211902,020211903,0.0009680093428635996
020211907,020211910,0.0010719817405739258
020211907,020211909,0.0014442141984843664
020211906,020211907,0.0011065415509800133
020211905,020211907,0.0010878396884217198
020211904,020211907,0.0014174484953490643
020211904,020211905,0.0011770699203577306
020211902,020211904,0.0014006546327910833
020211901,020211902,0.0008428231519639867
020211805,020211901,0.001082845432117105
020211901,020211905,0.002061718195104935
020211301,020211901,0.0012295104491915534
020211301,020211406,0.0011687472151791912
020211406,020211805,0.0016552729728974511
020211805,020211806,0.0016220246485892768
020211806,020211810,0.0015307343098850247
020211806,020211905,0.0010538492375034485
020211905,020211906,0.00094867878530024
020212403,020212404,0.002205864902965978
020212301,020212403,0.0010954947943843205
020211811,020212403,0.0012694955679891683
020211906,020212403,0.0009430943321113969
020211810,020211906,0.0010880748354427326
020211811,020211906,0.0010273554829722668
020211906,020211910,0.0010551448532848935
020211810,020211811,0.002395275203725516
020212404,020212405,0.0019434783665233327
020212301,020212404,0.00121797615701709
020212304,020212305,0.0013931312130547595
020212304,020212405,0.0012022145217457528
020212303,020212304,0.0011299374770764752
020212301,020212304,0.0013352855773430257
020212301,020212303,0.0012054712111530391
020212301,020212302,0.0011196979223145307
020211910,020212301,0.0010783194070768914
020211909,020211910,0.0010956846782651808
020212302,020212303,0.0013956999146024739
020211909,020212302,0.001450401292191944
020212303,020212306,0.00142874156286005
020212205,020212303,0.0011391110641712993
020212306,020212307,0.001474039438986143
020212305,020212306,0.0013893089512602866
020212205,020212306,0.0013243307697619413
020212307,020212308,0.0028319383470975473
020212208,020212307,0.001300166943750533
020212308,020212309,0.001663662049268598
020212308,020212310,0.0015407258174170914
020212308,020212703,0.0025800188421328447
020212305,020212308,0.001461228183238756
020212208,020212308,0.001312243663978007
020212305,020212409,0.0013689101092445408
020212409,020212703,0.0011548901271903346
020212408,020212409,0.001355876506106925
020212405,020212409,0.0010454077682258934
020212405,020212408,0.0007710566179609565
020212408,020212703,0.0017626584908484182
020212703,020212704,0.00418862979589763
020212704,020212707,0.00503806408946391
020212309,020212704,0.001206428577994187
020212707,020280701,0.001293006704841714
020212707,020280703,0.0013215250766721465
020212707,020280702,0.001201689383948099
020212309,020212707,0.0012478707572307513
020280701,020280702,0.0026599419586559783
020280702,020280703,0.0012592862376676335
020212309,020280703,0.001755718693090289
020212309,020212310,0.002385084937406726
020280703,020280704,0.002615156814058927
020280703,020280711,0.0038688352160642014
020212209,020280711,0.002172864571676752
020212209,020212310,0.0010573334694632098
020212110,020212209,0.0012668368673470617
020212109,020212209,0.0008372977803793168
020212208,020212209,0.0023204247753919084
020212207,020212209,0.0011573266806355015
020212310,020280711,0.0015436824064063027
020212208,020212310,0.0012168286460840915
020212205,020212208,0.0010012353040950292
020212205,020212206,0.001258585279840992
020212206,020212208,0.0004218671303726188
020212206,020212207,0.0011804196547708042
020212106,020212206,0.0012172224699104237
020212207,020212208,0.0025502674763237454
020212108,020212207,0.0011372701815816864
020212106,020212207,0.00136792398320577
020212106,020212108,0.0008775052813222561
020212106,020212107,0.001240843331353542
020212105,020212106,0.0012058431245969342
020212107,020212108,0.0012910834443369892
020212105,020212107,0.0014412241036644122
020212108,020212110,0.0012094871611174152
020212108,020212109,0.0009151567458310376
020212110,020280711,0.0010630176236024848
020212110,020280712,0.0009896764934154577
020212109,020212110,0.0018083382803911203
020280712,020280806,0.0035883340921116936
020072907,020280712,0.0014685518155834062
020072906,020280712,0.0011443526567309922
020280711,020280712,0.010474727586185128
020072905,020280712,0.002217178239706675
020280806,020280807,0.0013314760155156223
020280806,020280812,0.0019238470901681106
020280805,020280806,0.0012715301122312905
020280806,020281203,0.0012793427490808704
020280807,020280808,0.0038430808446573567
020280807,020280812,0.0030102266404986814
020280807,020281204,0.0013185034521644224
020280807,020281203,0.0011154460224197817
020280805,020280812,0.0011396775543766299
020280805,020280808,0.002140813577328273
020280804,020280805,0.0039261859833943525
020280709,020280805,0.0015027915777748426
020280710,020280805,0.001146098493734518
020280711,020280805,0.001005671104528255
020280709,020280710,0.002494801776315549
020280710,020280711,0.0037826031578928683
020280705,020280711,0.0025596328105044895
020280705,020280709,0.0014790227610330811
020280705,020280706,0.0038090636595453945
020280701,020280705,0.001445560572088157
020280704,020280705,0.001489954026620044
020280701,020280704,0.001410083840175192
020280701,020280706,0.0015800102016260214
020280610,020280706,0.0009656993362153186
020280706,020280707,0.0016040150294741342
020280706,020280708,0.001441111523421125
020280707,020280804,0.0016050230892403147
020280610,020280707,0.000996813263971657
020280611,020280707,0.0012450790699940098
020280707,020280708,0.0023302130074772665
020280610,020280611,0.002898670243100458
020280611,020280803,0.001658103547246384
020280803,020280810,0.0036283305092962353
020280803,020280804,0.004082204491021771
020280708,020280804,0.0014974925062284997
020280708,020280709,0.002417475889842457
020280804,020280809,0.002928545753172949
020280808,020280810,0.004430419519772585
020280809,020280810,0.004874259996505
020282702,020282703,0.0006485002929816531
020280808,020282702,0.002578240985575682
020280808,020282703,0.0013195071602765155
020282703,020282707,0.000712870175504016
020282703,020282704,0.0013728394349713001
020280808,020282704,0.0027028687279200625
020282704,020282707,0.00425845976715764
020282704,020282705,0.002782403145047269
020280808,020280809,0.007009697230741121
020280808,020282705,0.002839137457389922
020280808,020282706,0.0038115183931238593
020280808,020281205,0.002386042596352729
020282705,020282707,0.0015181953944811873
020282705,020282706,0.0014453844157991179
020281206,020282707,0.0011844955021935622
020282706,020282707,0.0019009932725940085
020281202,020281206,0.005417904916948771
020281206,020281210,0.003497383770815035
020281206,020281207,0.0037392388097823625
020281206,020282706,0.0027266676497546037
020281205,020281206,0.003423631111264084
020281202,020281205,0.0025264866687205803
020281204,020281205,0.0036592704047598455
020281202,020281204,0.002426650065664897
020281203,020281204,0.0036902198730857615
020281202,020281203,0.0015401191879178204
020072907,020281203,0.0016303070549582351
020072905,020072906,0.0016359878525868362
020072904,020072905,0.0023973411984917373
020072904,020072906,0.0012296246058239439
020072904,020072908,0.0012115195456195407
020072906,020072907,0.0028157534400729697
020072906,020072908,0.001152993578661637
020072907,020281202,0.0011514132624485182
020072907,020072908,0.0009904719208781824
020072908,020281202,0.0011762192661520193
020072908,020072909,0.003118482336484275
020072909,020281202,0.0011485791936785695
020072704,020072909,0.002878633147448684
020281201,020281202,0.007072661593749354
020072705,020281202,0.0015367951347913138
020072704,020281202,0.0014885916526394475
020072704,020072705,0.0014080748235542444
020072705,020281201,3.201860155009836e-08
020072705,020072707,0.0008716563579347845
020072707,020281201,0.001532687924001891
020072707,020072708,0.004479462776737656
020281201,020281207,0.0004899370709664949
020281201,020281306,0.005433260252328377
020072708,020281201,0.0021684358503683975
020281210,020281212,0.0038283839141627324
020281210,020281211,0.0019178462462253918
020281207,020281210,0.005884908217265845
020281209,020281210,0.0010978506275014384
020281207,020281208,0.00158224857460239
020281207,020281306,0.004618697588322018
020281208,020281209,0.001525201817801178
020281208,020282201,0.0008409688377629661
020281208,020281311,0.0015494526850211418
020281209,020281211,0.0014379720891357095
020281209,020282203,0.0006490530827625888
020281209,020282201,0.0010088994589136481
020282203,020282204,0.0012505525470281656
020282203,020282205,0.0010406139430514036
020281211,020282203,0.0013115579571422536
020282202,020282203,0.0009582046931911586
020282201,020282203,0.0012457912848499926
020281211,020281212,0.0023090760180893345
020281211,020282204,0.0008072523434066863
020281212,020282305,0.0029344416284417187
020281212,020282206,0.0012780622988759847
020282207,020282305,0.0030728285764285435
020282207,020282208,0.003031554153161098
020282206,020282207,0.001230948028871312
020282204,020282206,0.0012500206195511128
020282205,020282206,0.0011029944789373975
020282208,020282209,0.002430387154726663
020282107,020282208,0.0018281135555841272
020282205,020282208,0.003653162072473317
020282101,020282113,0.00258424916480923
020282002,020282113,0.0016443412664885408
020282113,020282202,0.0009551120267808791
020282101,020282202,0.001018911364381327
020282202,020282205,0.004761970147260091
020282002,020282202,0.0011673882160159728
020282201,020282202,0.0020084536828314055
020281509,020282202,0.0010056840197208707
020281510,020282202,0.001845736223277058
020282106,020282205,0.001818693234248846
020282204,020282205,0.0008539960901537413
020281509,020282201,0.0017845086470005423
020281310,020282201,0.0011885879772618026
020281509,020281510,0.0024709114288986515
020281310,020281509,0.0007198817956359418
020281508,020281509,0.00199455762067317
020281506,020281509,0.0009317875299833377
020281310,020281508,0.000938562952218612
020281507,020281508,0.001988489185047703
020281506,020281508,0.0009497738780549398
020281309,020281507,0.0010262075630720984
020281506,020281507,0.001019157763901277
020281505,020281507,0.0019850282591089867
020281505,020281506,0.00197091810426322
020281308,020281505,0.0009023648635213757
020281504,020281505,0.002095970090606572
020281503,020281505,0.0009888955982028584
020281506,020281510,0.0009897087292938447
020281506,020282001,0.001974974164501538
020281506,020281606,0.000946761717948126
020281504,020281506,0.0009542316129436854
020281510,020282002,0.0015265940295101457
020282002,020282003,0.0017989529697378342
020282001,020282002,0.0025329018905731544
020282001,020282003,0.0014299512596933463
020282001,020282004,0.0018264525621978335
020281606,020282001,0.0016419616175791093
020281607,020282001,0.0012578960188229286
020281602,020282001,0.00098164117461447
020281504,020281606,0.0009391843011046019
020281606,020281607,0.0019075987224704111
020281605,020281606,0.001519888399175214
020281605,020281607,0.0009570512518971406
020281602,020281607,0.0028939154252597046
020281604,020281607,0.0010189754724057119
020281602,020281603,0.003553518883601137
020281603,020281604,0.00109014715709548
020281604,020281605,0.0021193344295575697
020281501,020281604,0.0013220996493381926
020281602,020281604,0.002401138043935955
020072511,020281604,0.0016862364664408094
020281501,020281605,0.0018876409729060798
020281405,020281406,0.0010051706044431816
020281405,020281501,0.0018286502126634266
020281405,020281407,0.001310440719112153
020281404,020281405,0.0013360842838902782
020072511,020281405,0.00030631827210874377
020281501,020281504,0.0009393453250826364
020281501,020281502,0.002261478884987286
020281503,020281504,0.0019446098201816356
020281502,020281504,0.0011894766249842452
020281502,020281503,0.0013748636927079204
020281406,020281502,0.001146096688938428
020281308,020281503,0.0009052301000241199
020281303,020281503,0.001313729275252276
020281406,020281503,0.0010293974548603152
020281303,020281406,0.0010132233268599117
020281406,020281407,0.002173160655079427
020281303,020281407,0.001022781322880929
020281407,020281409,0.0011686733162583909
020281407,020281408,0.0027637520474352523
020281404,020281407,0.001098840481747024
020281403,020281407,0.0016058985694855242
020281303,020281409,0.0014070987096471367
020281301,020281409,0.001464003105671988
020281408,020281409,0.0006701399337919986
020281401,020281409,0.0021391191610527485
020281304,020281308,0.001509793128426523
020281304,020281305,0.0012232423996633736
020281303,020281304,0.0017991138703521115
020281302,020281303,0.0011239927289647233
020281308,020281309,0.0011712469360413112
020281307,020281308,0.0006777601199360881
020281305,020281308,0.0001912244215269315
020281309,020281311,0.00016048237934155634
020281309,020281310,0.0011765848379058814
020281307,020281309,0.000860160700081177
020281310,020281311,0.0016100320149048243
020281307,020281311,0.001721598043536158
020281306,020281311,0.001851658197253494
020281306,020281307,0.0015585416307437585
020281305,020281307,0.0017821698494032631
020281305,020281306,0.0013953424383029382
020281302,020281305,0.0016684406187831417
020281302,020281306,0.0008786364983398549
020281301,020281306,0.0022217568085043035
020072708,020281306,0.004193909134756092
020281301,020281302,0.0016427470630737896
020072708,020281301,0.0026053560830203264
020281301,020281401,0.0025337186861564423
020072708,020281401,0.002697816635288239
020072708,020072709,0.003935128818189482
020072609,020072708,0.001221393438207351
020072708,020072710,0.0011781931008299335
020072709,020072710,0.0013880378974720235
020072608,020072710,0.0012694705446214562
020072210,020072710,0.0013674151705085655
020281401,020281408,0.0023828744417715153
020281401,020281402,0.0016421085307012093
020281402,020281408,0.0011190372830428268
020281402,020281403,0.0015074612296189541
020072609,020281402,0.001825003792928338
020072510,020072609,0.001229267019244319
020072608,020072609,0.0024198713759912465
020072605,020072608,0.0013919300080421585
020072210,020072605,0.0016605296656793563
020072605,020072607,0.001178484279365995
020072208,020072605,0.0014261818590049335
020072605,020072606,0.0013878765801051335
020072604,020072605,0.0015555368273426965
020072510,020072608,0.0011233892034278091
020072607,020072608,0.001448737127810738
020072506,020072607,0.0011809811591972788
020072606,020072607,0.0014481950993088142
020072505,020072606,0.00131664800420828
020072603,020072606,0.0014822673227320626
020072208,020072210,0.0015100471979588867
020072207,020072208,0.0014185701681442462
020072206,020072208,0.0013884410919778494
020072206,020072207,0.0012226223120278712
020072204,020072207,0.0014357383843005317
020072204,020072601,0.0011612572670201208
020072203,020072204,0.0014267447608361343
020072207,020072604,0.0011828556493480094
020072601,020072604,0.0014940103213767274
020072601,020072602,0.0011390319397949775
020072310,020072601,0.0014674925745815305
020072203,020072310,0.0011709694294683682
020072309,020072310,0.0011543864175919793
020072301,020072310,0.0014538133153736215
020072202,020072203,0.0014245932302056825
020072202,020072301,0.0011027102105792199
020071511,020072202,0.0014182672947943668
020071511,020072301,0.0011608170662469176
020071507,020071508,0.001449650528205237
020071405,020071507,0.001094678498576086
020071504,020071507,0.0014466482188874904
020071508,020072301,0.001451115793365871
020071412,020071508,0.001221144098418317
020072301,020072302,0.001188825595465513
020072301,020072303,0.0011352908246645163
020072302,020072303,0.001476100272169741
020072303,020072304,0.0011687119797343366
020071412,020072303,0.0014496580690046322
020071411,020071412,0.0011628184810154182
020071405,020071412,0.001462101438571268
020071406,020071411,0.0013944299236372123
020071406,020071409,0.001135736912462949
020071405,020071406,0.0022794961972971792
020071406,020071407,0.001168203765387103
020071404,020071406,0.0014012069193016937
020071411,020072304,0.0014070377643294488
020071410,020071411,0.0011764142741373228
020072304,020072307,0.0013592938957726845
020072304,020072305,0.0011290627793941253
020072307,020072308,0.00134234579491773
020072302,020072307,0.0012666628076110624
020072306,020072307,0.0013476141389234782
020072302,020072309,0.0014888696071703382
020072309,020072602,0.0014991786321192845
020072308,020072309,0.0011494116168305017
020072603,020072604,0.0011763392765020446
020072505,020072603,0.0011856309922854058
020072602,020072603,0.0015133867785835989
020072501,020072602,0.0010977163576812348
020072501,020072505,0.0013743797250946892
020072501,020072502,0.0011218663030570174
020072308,020072501,0.0013654034525153328
020072502,020072504,0.0014661349223591225
020072502,020072505,0.0011689210923237657
020072502,020072503,0.00233554377964684
020072308,020072502,0.001424746673897939
020072404,020072503,0.001414765855391816
020072308,020072404,0.001028700633884676
020072404,020072405,0.0009624136490890842
020072403,020072404,0.001448574152842314
020072306,020072308,0.001419633756554644
020072306,020072403,0.0012796278390956295
020072305,020072306,0.001417132717271413
020072305,020072402,0.0005460427044055616
020072305,020072401,0.0006342466377615058
020071410,020072305,0.0014135429838439384
020071409,020071410,0.0025293543907048133
020071407,020071409,0.002515658466728318
020071408,020071409,0.001210442696007266
020071410,020072401,0.001156795741053224
020071408,020071410,0.0011113540440883566
020072401,020072402,0.002987821680335152
020071408,020072401,0.0010760347053501377
020071408,020072402,0.0027641795597828107
020071407,020071408,0.003755781959073523
020071313,020071408,0.002247776272313002
020072402,020072403,0.0050938154675473106
020071313,020072402,0.0012619147775197374
020072403,020072407,0.002386031660116395
020072403,020072406,0.00029529707543778875
020072403,020072405,0.0017385284573040237
020071313,020072403,0.0012490899392653572
020071314,020072403,0.0011320082310763313
020072405,020072406,0.0011617396277255746
020072407,020072503,0.0011739966786584557
020072503,020072507,0.0015168386232089516
020072503,020072504,0.0012162694853388777
020072406,020072503,0.0024030924878872097
020072406,020072407,0.003844588990287292
020072408,020072511,0.0017546505166087486
020072408,020072508,0.001135185410194472
020072407,020072408,0.0039688806943378365
020072408,020072507,0.0012275711281737993
020072508,020072511,0.0013724584100228236
020072508,020072509,0.0011367692821026925
020072507,020072508,0.001438156038276744
020072506,020072507,0.0011892654808384813
020072504,020072506,0.001465524468754601
020072504,020072505,0.0012498512848803064
020072505,020072506,0.0013820656139850627
020072506,020072510,0.001364100329342439
020072506,020072509,0.0014836984580518808
020072510,020281403,0.0013193876960166874
020072510,020072511,0.0012613280653904356
020072509,020072510,0.0011562513860470347
020072509,020072511,0.0015333399812169812
020281403,020281404,0.0015207800787775793
020072511,020281403,0.0030641802426316037
020072511,020281404,0.0010795464139045417
020072511,020281602,0.0019188781272848955
020072511,020281601,0.001960084017124493
020281601,020281602,0.0007651552780085864
020281601,020281702,0.0014698034056390202
020281601,020281701,0.001431008908567985
020072407,020281601,0.0014833107769152791
020281602,020281702,0.002249306999256476
020281702,020281703,0.001305731748133822
020281702,020281707,0.0005128861817051239
020281701,020281702,0.0028502619534175057
020281702,020281704,0.0016651162820221492
020281608,020281703,0.0030481714552188168
020281703,020281707,0.0017151741119292865
020281608,020281707,0.0008738355156227354
020281707,020281708,0.0012090795752203428
020281707,020281709,0.00038140583700270426
020281706,020281707,0.0010068572965556523
020281705,020281707,0.001954629129505405
020281704,020281707,0.000714582552557135
020281704,020281705,0.0020587822046982404
020281701,020281704,0.0020796379200412243
020281705,020281706,0.0010254076948906657
020281701,020281705,0.0008678210851592698
020072407,020281701,0.0033979306431101653
020071314,020072407,0.007550141198804785
020071311,020071313,0.0013612441878905022
020071313,020071407,0.0012383200581498309
020071312,020071313,0.0021508747537313504
020071309,020071313,0.004216461020173013
020071313,020071314,0.004634198488979623
020071304,020071313,0.002478425351741266
020071311,020071312,0.0010198021521388547
020071310,020071312,0.001334310060175474
020071309,020071312,0.001842843324834228
020071315,020281801,0.0011087446600764085
020071314,020071315,0.010823809133592457
020071310,020071311,0.001353110592011511
020071311,020071314,0.0010371149386632647
020071309,020071310,0.004199363941801189
020071307,020071310,0.0030706741894113397
020071310,020071314,0.010391267270511014
020071306,020071310,0.0010908189257713978
020281701,020281908,0.0002152475602047923
020281701,020281904,0.0010012137339254973
020281701,020281710,0.007146396573876786
020281701,020281709,0.0011972292063480842
020281701,020281706,0.0008833037406066343
020071314,020281701,0.0017430891261341233
020281708,020281709,0.0011096676591890674
020281709,020281710,0.0013931051941118455
020281706,020281709,0.0009973747139174786
020281710,020281904,0.003536281907610405
020281708,020281710,0.0040848714212955
020281904,020281905,0.000958032344918672
020281904,020281907,0.0015783751927091832
020281904,020281908,0.004226795513484052
020281903,020281904,0.0009553832531968252
020281708,020281904,0.0015731256350621098
020281907,020281909,0.0015744252749169104
020281906,020281907,0.0019305361332399378
020281907,020281908,0.0019433417004535217
020281909,020281910,0.003578760326417866
020281906,020281909,0.0014150312429128
020281909,020281911,0.0001933502056428809
020281908,020281909,0.0018099578386058294
020281910,020282012,0.0019895356282936074
020281910,020282011,0.0009511013911766016
020281906,020281910,0.001593648667481029
020281906,020282009,0.0009492909703834962
020281905,020281906,0.004022983713245434
020281905,020282009,0.0009602420373791946
020281905,020282008,0.0009592518550941001
020281902,020281905,0.0016199265030997691
020281903,020281905,0.0014805818204893953
020282009,020282011,0.001530578962542353
020282009,020282010,0.001903174879197376
020282008,020282009,0.0015175254683754814
020281901,020282007,0.0009710716083354139
020281901,020281902,0.0016550022034584329
020281901,020281903,0.0009536794349723393
020281609,020281901,0.001653064208658031
020281902,020282007,0.0009532312667583417
020281902,020281903,0.0009548419947801767
020281610,020281903,0.0014964050823187902
020281708,020281903,0.0009539382405741781
020281608,020281708,0.001195282105347922
020281610,020281708,0.002420513367890547
020281608,020281610,0.0012951056702319168
020281609,020281610,0.001826092169727434
020281608,020281609,0.002483155981642215
020282007,020282008,0.0015158891175997976
020282006,020282007,0.0019442460155609004
020281608,020282007,0.0015408170587863877
020281608,020282005,0.0015492188363918232
020281608,020282004,0.0019233967127457643
020281608,020282006,0.004493146576840285
020281602,020281608,0.006525224074449551
020281602,020282004,0.0010647722038401302
020282004,020282103,0.0005242851286825995
020282003,020282004,0.0032424292624880853
020282004,020282005,0.0019371893705017469
020282005,020282103,0.001537548878017264
020282005,020282010,0.001905637790676352
020282006,020282010,0.0007684770277568924
020282006,020282008,0.0017294374024290457
020282008,020282010,0.0007570029638479001
020282010,020282011,0.00152381968442741
020282104,020282108,0.003632022558914802
020282104,020282109,0.004884412109791343
020282104,020282106,0.0011299046533314
020282104,020282105,0.002527807353909791
020282102,020282104,0.0014883849432954942
020282103,020282104,0.0015930042341629235
020282011,020282104,0.0006504378051200906
020282102,020282105,0.0013272994376652386
020282101,020282102,0.001759262488889367
020282102,020282103,0.0032384018680084625
020282003,020282102,0.0007106869981068744
020282011,020282103,0.0017440427147641432
020282003,020282103,0.0010055211845171135
020282003,020282101,0.001433418183342026
020282101,020282106,0.0016383252416858664
020282101,020282105,0.0014499102826383077
020282106,020282107,0.0036433308042032844
020282105,020282106,0.0025178767722333294
020282107,020282111,0.001486620478986894
020282107,020282108,0.0030270456550964917
020282110,020282111,0.00241493082880821
020282108,020282111,0.002790662701747817
020282108,020282110,0.00025041745669096923
020282108,020282109,0.0010559089099685345
020282109,020282110,0.005744674811570897
020282011,020282012,0.0028030434843370664
060350903,060350904,0.0028685295486266314
060350902,060350903,0.0030039196682301096
060350901,060350903,0.0032317525780997274
060350902,060350904,0.0019384554810320236
060350102,060350904,0.0023709824605416593
060350901,060350902,0.0018268046333478512
060350102,060350902,0.0029286980215051626
060350102,060350901,0.003064758727986369
020281908,020281911,0.006342226339847135
060350102,060350110,0.0028657382336040402
020071316,020281801,0.005624432154140149
020071317,020281801,0.00047376723827228574
020071314,020281801,0.008153252251293115
020071316,020071317,0.003344878037528022
020071317,020071318,0.0013807500680796943
020071314,020071317,0.003718160638630234
020071316,020071318,0.0018093394980225933
020071314,020071318,0.0028475354961560303
020071306,020071314,0.006934444135811196
020071301,020071314,0.0069080625671144895
020070101,020071314,0.005666901042354462
020070101,020070713,0.007238285798872984
020070101,020071301,0.006330859071223624
020070101,020070702,0.001642246401481146
020070101,020073010,0.0059937877662222735
020070101,020073009,0.0004345818790232791
020070101,020070220,0.002209577732931521
020070101,020070214,0.001758195388349695
020070101,020070212,0.0035044841924596146
020070101,020140101,0.0025543075169036154
020071306,020071307,0.006026533309704262
020071306,020071308,0.0011430989902992271
020071305,020071306,0.002436888709036476
020071304,020071306,0.004740569013687547
020071301,020071306,0.0006056967121820433
020071304,020071402,0.005281762585615616
020071304,020071309,0.0009579515990922982
020071304,020071308,0.0013820368023210287
020071304,020071305,0.0036079740436542216
020071211,020071304,0.0017501380655068105
020071303,020071304,0.0018497190320595418
020071301,020071304,0.004696193054421254
020071308,020071309,0.0012734062400481137
020071305,020071308,0.0011761529808964224
020071211,020071301,0.0023561799250045486
020070914,020071301,0.00245596253415692
020070913,020071301,0.0022908174070799666
020071301,020071303,0.00962302748243322
020071301,020071302,0.0036949363774094147
020070913,020070914,0.002654987031041516
020070912,020070913,0.0011756554799870983
020070911,020070913,0.0011529881543972543
020070713,020070913,0.0019078471473163397
020070712,020070910,0.001396941873513995
020070711,020070712,0.001199208652092762
020070704,020070712,0.0013032778552021437
020070712,020070713,0.0012002514186160876
020070912,020070914,0.0013259466879302717
020070910,020070912,0.0011806652873853944
020070911,020070912,0.0012817129924951572
020070910,020070911,0.0011661391370991773
020070713,020070911,0.001381315634160195
020070914,020071211,0.0029173474169981507
020070914,020070919,0.0024648384013320284
020070914,020070915,0.0011865954397921334
020071403,020071407,0.0013964412702542068
020071402,020071407,0.004805043779898887
020071402,020071403,0.0011682526388061148
020071401,020071402,0.004872921127552947
020071211,020071402,0.006831981162620809
020071403,020071404,0.0011666417121856763
020071401,020071403,0.00139412721666264
020071211,020071214,0.0033034031925239862
020071210,020071211,0.0030168644267144487
020070919,020071211,0.005575504509132812
020071401,020071405,0.0014205771607754953
020071401,020071404,0.0014100365690175689
020071401,020071502,0.0033975046818201576
020071214,020071401,0.002834551438031039
020071404,020071405,0.001176254277848012
020071405,020071504,0.0023036607711952864
020071405,020071502,0.00014738565331072685
020071502,020071504,0.002741458454890695
020071214,020071502,0.0014122901959047623
020071210,020071214,0.0011357625725728696
020070917,020070918,0.001112778882145375
020070918,020071210,0.00141496483783673
020070918,020070919,0.0011030748909699765
020070918,020070920,0.001413955920213363
020070919,020070920,0.0014387775523151084
020070915,020070920,0.0011740987744119943
020070906,020070920,0.0014285309960761297
020070909,020070920,0.0014227421662681196
020070915,020070919,0.002750519510664391
020070910,020070915,0.002747457448460241
020070906,020070909,0.0011740977529034837
020070909,020070910,0.002346078976351941
020070908,020070909,0.001148517891856788
020070711,020070909,0.0014744083973351003
020070711,020070910,0.0011838107339828855
020070710,020070711,0.0012250086910577285
020070706,020070711,0.0015012459110425023
020070705,020070711,0.0011499551788137702
020070706,020070707,0.0013068677996283418
020070705,020070706,0.001255030727024359
020070702,020070706,0.0015583299840289983
020070707,020070710,0.00146351740254142
020070707,020070708,0.0012939901553929809
020070702,020070707,0.0014864271492307313
020070710,020070908,0.0014435939228755646
020070709,020070710,0.0012525989076278231
020070906,020070908,0.0014141668486873553
020070907,020070908,0.0011703379346383429
020070906,020070907,0.0014603759009897835
020070709,020070907,0.0014643561365121822
020070708,020070709,0.001473634468436611
020070701,020070708,0.0014701092366006994
020070607,020070701,0.0014583632381814328
020070701,020070702,0.0012694307876503024
020070606,020070607,0.001002001859554629
020070606,020070702,0.004428435290153363
020070606,020070608,0.0012127217403798366
020070605,020070606,0.0018153011123996751
020070604,020070606,0.001494252746077653
020070607,020070608,0.0014356168317789682
020070602,020070608,0.0014972291741716921
020070602,020070604,0.000541030350832645
020070602,020070603,0.0019498397444667373
020070603,020070604,0.0014555490681015019
020070604,020070605,0.001100400030079319
020070702,020070705,0.0010960250087152657
020070702,020070713,0.0025342381600627975
020070702,020070703,0.0027557257195101117
020070704,020070705,0.0011863908058966552
020070703,020070704,0.001201003448297343
020070703,020070713,0.002865308146214903
020070704,020070713,0.0011638167366096355
020073010,020073012,0.0027121579547968286
020073010,020073013,0.0009160829857854112
020073007,020073010,0.0004657918998559815
020073009,020073010,0.00019418051294661112
020073012,020073013,0.00040312037176441643
020070220,020073009,0.0003339721751690603
020070220,020073001,0.00022749609388111528
020070216,020070220,0.0014575257988336371
020070219,020070220,0.00023516416712391415
020070215,020070220,0.00035245661918213543
020070214,020070220,0.0011141917679436198
020070216,020070219,0.0003263870313778126
020070216,020070217,0.0003607448310834227
020070215,020070216,0.0003929437925730105
020073007,020073009,0.0005751135704506316
020073008,020073009,0.0003909493518085507
020073001,020073009,0.0008657907263460762
020073002,020073009,0.00044800575356725007
020073007,020073013,0.0006314386700863634
020073006,020073013,0.0003985071075367268
020073006,020073007,0.0010115369967316034
020073007,020073008,0.00045945042042186304
020073003,020073007,0.0007753441416583961
020073003,020073008,0.0014911627843445067
020073002,020073008,0.0012220599284042488
020073001,020073002,0.002017985119471811
020070219,020073001,0.0026995005834567353
020070217,020070219,0.0007939138725547185
020070218,020070219,0.000736217224379617
020073002,020073003,0.0009005492064560113
020070211,020070217,0.0005931055945900343
020070211,020070218,0.0008170817663211286
020070211,020070213,0.0019452853289985976
020070211,020070212,0.0007267305253405237
020070210,020070211,0.0011014877187940433
020070210,020070218,0.0003582961306460318
020070213,020070215,0.00019703608253696396
020070213,020070214,0.00048719532650554943
020070212,020070213,0.0013394647185574478
020070217,020070218,0.0007805520728271936
020070215,020070217,0.0013619021716701435
020070214,020070215,0.0011563233526734012
020070212,020070221,0.0007946513186348388
020070212,020140101,0.004872235603889944
020140101,020140102,0.01315714269136937
020070221,020140101,0.006291970932160128
020070302,020140101,0.00013717007221064815
020070202,020140101,0.0006136810002135717
020070201,020140101,0.003607447218061864
020140101,020981002,0.002317244636423422
020070221,020070223,0.00159294066088227
020070204,020070221,0.003128075816919576
020070201,020070221,0.0005875575404397545
020070204,020070223,0.002141801698169511
020070203,020070204,0.0011296925390352538
020070201,020070204,0.0007909820226801584
020070203,020070302,0.0013897255346341838
020070202,020070203,0.0007074663195548569
020070201,020070203,0.00017788473148316745
020070201,020070202,0.003597722568358149
020070303,020070319,0.00140943537126691
020070302,020070303,0.002019391507106733
020070302,020070319,0.00234850521517691
020070302,020140102,0.0004327017266176009
020070202,020070302,0.0038268432686354454
020070318,020070319,0.0032255664963671275
020070318,020140102,0.00023376875437067823
020070301,020070319,0.004543285444229542
020070319,020140102,0.00035421756795219454
020070301,020140102,0.001065773436725085
020140102,020983109,0.0023176154629547946
020140102,020983108,0.005246908201673225
020140102,020981001,0.006005692486967878
020140102,020981002,0.00568336737404828
020983108,020983109,0.002976400198567527
020983107,020983108,0.0010029924413895515
020983106,020983108,0.0017922460061741026
020983101,020983108,0.0030872410224345045
020981001,020983108,0.00019256932274187507
020983004,020983107,0.0003420406844821544
020983105,020983107,0.0014957998729094551
020983106,020983107,0.0015836491640139833
020983105,020983106,0.0015815515025080634
020983103,020983106,0.0014304282657102575
020983102,020983106,0.0002756905254341813
020983103,020983104,0.0011948690068219977
020983102,020983103,0.0020052250067065843
020983101,020983103,0.0006290892670198423
020983001,020983104,0.0011137614811434732
020983104,020983105,0.001248693783811065
020983101,020983104,0.001286244106875562
020983004,020983105,0.0006340139361227196
020983003,020983105,0.0007753617681331909
020983003,020983004,0.0019063274924893876
020983001,020983003,0.0011792018513106825
020983002,020983003,0.0011005002086472717
020983001,020983002,0.001686342262454764
020981706,020983001,0.0012734013635713438
020983001,020983101,0.0007767190168071792
020983101,020983102,0.004579321763978012
020981706,020983101,0.0014661847590293202
020981001,020983101,0.011182521221050361
020981707,020983002,0.0011017583524933418
020981704,020981707,0.0011829195772911313
020981705,020981707,0.0011521885088059075
020981706,020981707,0.0014751018104090098
020981705,020981706,0.001150456214082594
020981606,020981706,0.0013838289695886341
020981001,020981706,0.001077308185319774
020981606,020981607,0.0008921782684114116
020981605,020981606,0.00142296111863604
020981001,020981606,0.0008865665663393655
020981604,020981605,0.00155513023517893
020981601,020981605,0.001490393447360519
020981001,020981605,0.001549287268924252
020981607,020981702,0.000897732744395093
020981607,020981705,0.0012654560963098888
020981604,020981607,0.0012958617283641855
020981704,020981705,0.0012539428787422195
020981702,020981704,0.0011936058484338158
020981602,020981702,0.0009772298606607662
020981603,020981702,0.0012346909735705073
020981602,020981603,0.0015735376523047099
020981603,020981604,0.0015593971972766056
020981601,020981603,0.001291974158807057
020981601,020981604,0.001361455634327479
020981601,020981602,0.0025482428599165104
020981112,020981601,0.004777827071412605
020981113,020981601,0.003296118244645253
020981001,020981601,0.0020452170125557587
020981114,020981117,0.0012648924349111202
020981113,020981114,0.0023090300065105344
020981105,020981114,0.000991667493642364
020981112,020981113,0.003601355868806974
020981113,020981117,0.0009941329986635453
020981104,020981113,0.001454857858027994
020981001,020981113,0.0046287182604995356
020981104,020981105,0.001347335495626397
020981103,020981104,0.0014500486663718219
020981001,020981104,0.0014745819822475754
020981105,020981106,0.0025418180428528423
020981105,020981116,0.0009825812858750562
020981103,020981105,0.0012831693915166976
020981102,020981103,0.001460898760102948
020981001,020981103,0.0013101795664128076
020981115,020981116,0.0008228531821104836
020981102,020981116,0.0018316546434822298
020981106,020981115,0.0012619637082130365
020981106,020981108,0.0011606238283999016
020981106,020981107,0.0013026046814602985
020981106,020981117,0.0011076813410214772
020981112,020981117,0.0012523352059032912
020981111,020981112,0.002765097435355289
020981109,020981112,0.0012151223625110506
020981108,020981112,0.002002407034976439
020981108,020981109,0.0010976201303960194
020981107,020981108,0.0017785783139806458
020981109,020981110,0.001093726645611001
020981101,020981109,0.001209196827777436
020981111,020981205,0.0009790332242933294
020981110,020981111,0.0012412790556904129
020981101,020981110,0.0013324869940121494
020981101,020981115,0.0007922209375736291
020981101,020981107,0.0023267153299177663
020981101,020981102,0.0007531510913025658
020981102,020981115,0.0012913205307079501
020981001,020981102,0.0016401096743220431
020981001,020981002,0.042789750689269254
067560402,067560403,0.006762320274294824
067560402,067560404,0.005242116620640253
067560401,067560402,0.010019415008343012
067560403,067560501,0.008808279331722629
067560403,067560407,0.004905176359384576
067560403,067560406,0.0008649272171456892
067560403,067560404,0.002603176685279246
067560505,067560506,0.0040663037684118275
067560501,067560506,0.0032132604370888615
067560506,067560508,0.0010425200871228017
067560506,067560507,0.0031006241009954453
067560407,067560506,0.004736735938295222
067560501,067560502,0.008565228297108329
067560501,067560505,0.0033659349045630027
068610202,068610207,0.003187596777544193
068610201,068610202,0.005978346708496236
068610202,068610206,0.0029419941629164914
068610202,068610203,0.002972305064883952
067560502,068610202,0.0034128599430406554
068610207,068610208,0.005344243127581532
068610107,068610207,0.0013077993593565759
068610205,068610207,0.00148440493439726
068610201,068610207,0.004067295230202378
068610206,068610207,0.0014348718610947978
068610201,068610401,0.004827811971739416
068610201,068610404,0.0006248491768311161
068610201,068610209,0.0006506782104117753
068610201,068610208,0.003132768886276972
067560502,068610201,0.0010637907552926784
068610401,068610501,0.0006364902075281733
068610401,068610402,0.006843732189191271
068610401,068610404,0.0025467567814391407
068610402,068610501,0.001661487669261913
068610402,068610413,0.0036433234222879676
068610402,068610403,0.0015438122779143325
068610501,068610504,0.0022293214937340743
068610501,068610503,0.0010480892385490235
068610501,068610502,0.005412892989140001
068610413,068610501,0.0006722863193138361
068610403,068610501,0.0008079757940514455
068610413,068610502,0.0016810077847927304
068610403,068610413,0.0012477704790037204
068610403,068610412,0.002992974035394403
068610403,068610404,0.0010544116197147724
068610412,068610503,0.0004677366869876063
068610408,068610412,0.0014341411872593312
068610407,068610412,0.0016158770370322032
068610405,068610412,0.0006592806851719139
068610408,068610503,0.0009859252002866637
068610408,068610409,0.001267229376105123
068610407,068610408,0.0010192525842597376
068610503,068610504,0.007129971735233755
068610504,068610505,0.0015447293330439265
068610411,068610503,0.0032572210821659366
068610409,068610503,0.0020697293769179692
068610503,068610505,0.0015447265227944542
068610407,068610409,0.0016183662626464475
068610406,068610407,0.001142383526574525
068610409,068610411,0.002515039849217225
068610409,068610410,0.0022811498423203867
068610406,068610409,0.0006570436860934097
068610405,068610409,0.00022075251049224668
068610405,068610410,0.002598490216316792
068610405,068610406,0.0026045360440785635
068610404,068610405,0.0026387545247331494
068610209,068610405,0.0005718673461106361
068610208,068610209,0.005250088991012123
068610209,068610410,0.0022196984358881225
068610209,068610211,0.002205888314084305
068610209,068610210,0.0021275555384275228
068610108,068610209,0.0010024120614398235
068610107,068610209,0.0019437731825440213
068610107,068610108,0.00203031009852982
068610106,068610107,0.0019180455341346343
068610107,068610205,0.003582294161108378
068610101,068610107,0.0004132328220071677
068610107,068610204,0.00024188727244619712
068610108,068610210,0.0031520401933189286
068610108,068610109,0.00301962966697993
068610106,068610108,0.003132038279468333
068610210,068610212,0.001828337095932277
068610210,068610211,0.0063321791169341085
068610109,068610210,0.0031792165263997193
068610210,068612008,9.228482487714487e-05
068610210,068612002,0.0020398093320967516
068610110,068610210,0.0015710691083311106
068610211,068610302,0.0009376766086958822
068610211,068610303,0.0010317328911472947
068610211,068610301,0.0011863362061224716
068610211,068610212,0.00218485308623209
068610211,068610410,0.003179206289829695
068610410,068610411,0.0008574664762346413
068610301,068610410,0.0040226733272067106
068610301,068610411,0.0015592845679495268
068610301,068610302,0.00454061869576079
068610411,068610505,0.00033697920771663144
068610411,068611501,0.000300713653082821
068610308,068610411,0.000749236851028096
068610302,068610411,0.0011362405000640069
068610505,068611501,0.0035768028259535057
068610308,068611501,0.0014908644361461489
068610308,068610310,0.001009612191550805
068610308,068610309,0.0010231420640799795
068610307,068610308,0.002115197136588332
068610302,068610308,0.0015590447725580103
068611501,068611502,0.0008561809954764675
068610310,068611501,0.0013545903990566485
068610311,068611502,0.00145594767382439
068610310,068610311,0.0009703553131489771
068610309,068610310,0.0012853026650502207
068610306,068610309,0.0012171789321795915
068610305,068610306,0.0009311210230594984
068610306,068610307,0.0009404074402000685
068610303,068610306,0.001183775888345852
068610309,068610311,0.0010336482134540807
068610303,068610307,0.0020817909735592202
068610303,068610304,0.0027252983600672877
068610302,068610303,0.0026694884115641988
068610212,068610303,0.002083502840518778
068610302,068610307,0.0009508835063366053
068610212,068612008,0.0021425100112208704
068610304,068610305,0.0016044571984538667
068610304,068611901,0.0027644647591137956
068610304,068612008,0.0016974098446510758
068610305,068610311,0.0015969619411494464
068610305,068611902,0.0009155243823076892
068610311,068611903,0.002025491418763418
068611902,068611903,0.0026732559433009194
068611903,068611904,0.0020296637019695096
068611902,068611904,0.0009087252484583498
068611901,068611902,0.002727693657969329
068611904,068611905,0.002633855828280452
068611905,068612007,0.0003799037324888246
068611901,068612007,0.0027798181320009855
068612006,068612007,0.002230225368508862
068612007,068612008,0.0022380892778662226
068612003,068612007,0.0021178941505873845
068612002,068612007,0.0010453878621764885
068611901,068611905,0.002840365453307554
068611901,068612008,0.00012771787801432445
068612002,068612008,0.0020473838039451724
068612002,068612003,0.0021246858810915303
068612001,068612002,0.0020806381312955223
068610111,068612002,0.0012414952418205434
068610111,068612001,0.0021418863909442704
068610111,068612103,0.000869599122995731
068610110,068610111,0.0029736342303865386
068610111,068610112,0.0015227333155579626
068610105,068610111,7.120828009159215e-05
068610109,068610110,0.0030179774712683427
068610105,068610110,0.0012234421228084415
068610105,068610109,0.0031927155634312136
068610101,068610106,0.0030578675132286607
068610105,068610106,0.001936448047759645
068610105,068610112,0.001848183725590746
068610103,068610105,0.00212032629535622
068610102,068610105,0.0021203088042326262
068610101,068610102,0.002750476268529872
068610102,068610103,0.002740078778416401
067560612,068610102,0.002107457001995915
067560612,068610101,0.002944947047168252
067560510,067560612,0.0016601112904847677
067560612,068610103,0.0017386500221149694
067560612,067560710,0.0017247927437698102
067560611,067560612,0.0036050952229312924
067560608,067560612,0.0024223219491173605
067560510,067560608,0.0033051533860915363
067560608,067560611,0.0032661158031859175
067560608,067560609,0.002005686435961414
067560607,067560608,0.0017708878878772995
067560509,067560608,0.002143165524319003
067560510,068610204,0.004489340795250705
067560503,067560510,0.00405260310704223
067560504,067560510,0.005186075268768751
067560509,067560510,0.0004000894301400314
068610101,068610204,0.0029341875980262388
068610204,068610205,0.0023123386855057886
068610204,068610206,0.0020333625636725847
068610203,068610204,0.0027065149238654977
067560503,068610204,0.0006409831514429099
068610205,068610206,0.0027906778487564827
068610203,068610206,0.0008001807365355515
067560503,068610203,0.002560351539204784
067560502,067560503,0.004019917565922058
067560503,067560504,0.004448199261207913
067560502,067560504,0.0031247603044942287
067560502,067560505,0.0023111180383641435
067560504,067560505,0.005128444735722675
067560505,067560509,0.00292567724333163
067560505,067560508,0.002389972705088444
067560504,067560509,0.005837883356618177
067560509,067560607,0.0010769065936988987
067560509,067560606,0.0027662361480948468
067560508,067560509,0.005591908512123828
067560507,067560508,0.0037299805645711775
067560507,067560601,0.003086756217482404
067560408,067560507,0.0023040667254789764
067560407,067560507,0.0010228358145284526
067560507,067561004,0.00036481352324623927
067560508,067560602,0.0015594694396270307
067560607,067560609,0.0009960171339540537
067560606,067560607,0.0014779323055262208
067560606,067560609,0.0008899937845363525
067560605,067560606,0.001739286493778047
067560602,067560606,0.0009838493844507058
067560602,067560605,0.0010487394143811584
067560602,067560603,0.002603343842081706
067560601,067560602,0.001028934945186841
067560605,067560609,0.0010463834050541264
067560604,067560605,0.001760557321853482
067560604,067560610,0.001382818698641822
067560604,067560706,0.0017564272342981443
067560603,067560604,0.001169975506378864
067560603,067560703,0.0015144405265584224
067560601,067560603,0.001981417009227849
067560601,067560702,0.0021873470580820557
067560601,067560701,0.0009124097639722203
067560601,067561007,0.0029878785205687272
067560701,067561007,0.0007804024625564441
067561007,067561010,0.0008080348387857858
067561007,067561008,0.0009993733210725917
067561006,067561007,0.0010425294396984486
067561005,067561007,0.0008917906541022852
067561004,067561007,0.0016265730069813247
067561008,067561010,0.0013514557376112942
067561006,067561008,0.0013760142050891063
067561008,067561009,0.0010526476494550942
067560701,067561010,0.004463425779076066
067561010,067561011,0.004012106228365428
067561002,067561010,0.00473192754967732
067561009,067561010,0.001449976321392177
067560701,067560704,0.002445064158198733
067560701,067560801,0.0016635463867907584
067560701,067560702,0.0021086096830416766
067560704,067560805,0.0015173048108413668
067560704,067560705,0.0024588022362843675
067560704,067560801,0.0022238856882482562
067560702,067560704,0.00220895107865377
067560703,067560704,0.0015309380433829642
067560705,067560706,0.0017689462538122169
067560705,067560707,0.002458763408727119
067560705,067560805,0.0017689788512331417
067560702,067560703,0.002032154927384184
067560703,067560706,0.0018268066267866508
067560706,067560711,0.0016313368167044462
067560707,067560806,0.0018322046745385002
067560707,067560708,0.0022004771157220224
067560707,067560709,0.002449091425447885
067560707,067560711,0.0018111450412008755
067560707,067560805,0.002192854035233696
067560805,067560806,0.0012988330493215866
067560804,067560805,0.0032802431285514845
067560802,067560805,0.001275293687567898
067560801,067560805,0.002206544767163007
067560808,067562904,0.0010157263614957548
067560808,067560809,0.002801886180002527
067560808,067562903,0.002074795554966007
067560808,067562902,0.000785006508800721
067560807,067560808,0.003979520549787334
067560806,067560808,0.0027088920385313978
067560807,067560809,0.0026338439972668328
067560806,067560807,0.002583946529758185
067560710,067560807,0.0011045310871831626
067560708,067560807,0.003040846174843447
067560708,067560806,0.0009929536981360793
067560708,067560710,0.0022016414892070593
067560708,067560709,0.004083424589338674
067560710,067560809,0.0016638115225613773
067560710,068612101,0.0018944528026230616
067560710,068610104,0.002152555814073423
067560611,067560710,0.0011288334878822657
067560709,067560710,0.0030985500928652375
067560611,067560709,0.0021598757621445605
067560610,067560709,0.0019618820060818176
067560709,067560711,0.0014519913997551193
067560610,067560711,0.001816519490064634
067560610,067560611,0.0015623614975807108
067560609,067560610,0.003848016966038002
067560609,067560611,0.001028046422394667
068610103,068610112,5.0160102967993785e-05
068610103,068610104,0.0026523214077063656
068610112,068612103,0.0008635871321657227
068610112,068612102,0.0010595017588866217
068610104,068610112,0.0017342082913533508
068610104,068612102,0.0006947703399130458
068610104,068612101,0.0020243447556197486
068612101,068612102,0.0042853361499165295
068612101,068612106,0.0019943692014537887
067560809,068612101,0.0022913299632461477
068612102,068612105,0.0017735793945780375
068612102,068612103,0.004268836455004039
068612004,068612109,0.0010491183392501364
068612108,068612109,0.0021247408679953457
068612003,068612109,0.0021246828735838486
068612104,068612109,0.003166649671236548
068612001,068612109,0.0021382302568067725
068612001,068612003,0.0021077839774441367
068612001,068612103,0.004215601377746564
068612103,068612104,0.0017559838274124387
068612003,068612006,0.002114321680585939
068612003,068612004,0.0021247803822502104
068611905,068611906,0.0032870337373723238
068611905,068612006,0.0035530532117332802
068611906,068612005,0.002054017754625318
068611906,068612006,0.0006756128182089042
068612005,068612006,0.002222955918299456
068612004,068612006,0.002118383907728923
068612004,068612108,0.0031670818700795613
068612108,068612210,0.0010806437786787045
068612108,068612209,0.001044205825231232
068612108,068612208,0.0017489130587306275
068612107,068612108,0.0021106217933731515
068612104,068612108,0.0027831928169587384
068612004,068612005,0.0020943211026868396
068612004,068612212,0.001044210522919778
068612004,068612211,0.0010730751016746684
068612005,068612303,0.002201600756455579
068612005,068612212,0.0021042697833034835
068612302,068612303,0.0021378151127703234
068612212,068612303,0.0031828369228843797
068612212,068612302,0.0010519305073683886
068612211,068612212,0.0052716323569560455
068612211,068612302,0.0010577433455950858
068612210,068612211,0.0052603493139618315
068612207,068612210,0.0010653040873397897
068612209,068612210,0.005267837902555821
068612107,068612202,0.0017777438196918674
068612107,068612201,0.00205147002461258
068612105,068612107,0.002013815262190705
068612106,068612107,0.0022457467253559358
067562904,068612107,0.002228427914775389
068612104,068612105,0.004150999783197547
068612105,068612106,0.003933446679895102
067560809,068612106,0.003136934340862453
067560809,067562904,0.001855422756111981
067562904,068612106,0.0010454333509532481
067562904,068612201,0.0007372173002950659
067562904,067562905,0.0029380672405718653
067562903,067562904,0.0040020042884966805
067562903,067562906,0.002026705777867436
067562902,067562903,0.003985782611341165
067562905,068612203,0.0001905299921220147
067562905,067562908,0.003041631054876337
067562905,067562906,0.003984233268237441
067562905,068612201,0.003799806211466235
068612201,068612203,0.002049553954856411
068612201,068612202,0.004650581126738161
068612202,068612203,0.002359169508206893
068612202,068612208,0.005276669743400074
068612207,068612208,0.001719686631158824
068612208,068612209,0.005263032944458531
068612207,068612209,0.0010804932576927856
068612301,068612302,0.005771323999945448
068612207,068612302,0.003590579170952896
068612207,068612301,0.0038565075840446927
068612203,068612207,0.002692512579817536
068612203,068612206,0.00173674524903674
068612203,068612204,0.002022420379402283
067562908,068612203,0.0025372819086915297
068612205,068612301,0.003982944213416585
068612206,068612301,0.004421860668782638
068612301,068612306,0.004026158672439613
068612205,068612206,0.0018962812031037418
068612204,068612206,0.004651033335735832
068612204,068612205,0.002057273871590265
067561803,068612204,0.004597253737606565
067561804,068612204,0.00030894950319736934
067561802,067561803,0.004832507155926312
067561803,067562908,0.0013720149135364895
067561803,067561804,0.0013718878291458906
067561802,067562908,0.004291875889734361
067562906,067562908,0.002687123824978386
067562907,067562908,0.001660164313051101
067562902,067562906,0.0007714982867521983
067562906,067562907,0.0039486990061519695
067562902,067562907,0.0019366069202487826
067562901,067562907,0.0009116093858000352
067561801,067562907,0.002808717015752186
067560905,067562907,0.002724385566574745
067560904,067562907,0.002652960584482757
067560904,067562901,0.0017523182882984534
067560904,067560905,0.0046176136335520255
067560903,067560904,0.0028749538424182926
067560904,067560906,0.002644643356248983
067560902,067560903,0.0039618978647115565
067560902,067560906,0.002327947272927909
067560803,067560902,0.0024393535631243675
067560901,067560902,0.003939396276870656
067560903,067562901,0.003965575492012388
067560804,067560903,0.0015142657051650215
067560803,067560903,0.001353049752193375
067562901,067562902,0.003965728596449873
067560806,067562901,0.0009040197011243908
067560804,067562901,0.0017601709888235837
067560806,067562902,0.0019346502331479758
067560804,067560806,0.003936440630109989
067560803,067560804,0.0026346585058278286
067560802,067560804,0.001226939468248486
067560802,067560803,0.0038557043703396736
067560803,067561012,0.0026269568299310316
067560801,067560802,0.0038935544090307646
067560802,067561011,0.0012517426906767312
067560802,067561012,0.0011403371052874111
067560801,067561011,0.0022162303351843486
067561011,067561012,0.003838356234656041
067561002,067561011,0.003438068318094301
067560901,067561012,0.003708331066690761
067561002,067561012,0.0037186873826350916
067560901,067560907,0.0015565530248032602
067560901,067560908,0.002048181781826389
067560901,067561002,0.003916184574882185
067560908,067561002,0.004634568834047503
067561002,067561701,0.008324394522254929
067561002,067561607,0.0006764840746329616
067561002,067561211,0.009564170523237254
067561002,067563009,0.003880219111613791
067561002,067563008,0.003796386406956351
067561002,067561003,0.004309208497046953
067561001,067561002,0.005310571313528056
067560405,067561002,0.002173791516222401
067563008,067563009,0.002753442021846614
067563007,067563008,0.003227345029793532
067560305,067563008,0.0024637032730558403
067561210,067563009,0.001197311546953577
067561211,067563009,0.002523980386733818
067561208,067563009,0.0013437965021621339
067563004,067563009,0.0013925173270551918
067563005,067563009,0.0015276103090590416
067563007,067563009,0.0009360202222257021
067563004,067563005,0.0016391240898196826
067563005,067563006,0.0016569752148660423
067563002,067563005,0.00137894051082394
067563006,067563007,0.0012184286130418054
067563002,067563006,0.0013964843853066572
067563001,067563006,0.0016214255273366792
067563001,067563007,0.0019282576830626371
067563001,067563002,0.001249521817829702
067560304,067563001,0.0029564678601584956
067561106,067563001,0.0014394053091850256
067563002,067563003,0.0012418466493134303
067561105,067563002,0.0013729089713676466
067561106,067563002,0.001406158823207755
067561105,067561106,0.0021697906106069517
067560304,067561106,0.0013156689713178335
067561103,067561106,0.003668718707037354
067560208,067560303,0.0012261460359600566
067560208,067560209,0.005777784451563162
067560208,067560210,0.005354339011366353
067560110,067560208,0.0021479644899819635
067560303,067560304,0.004809899575927035
067560302,067560303,0.0024490237759815345
067560209,067560303,0.00018191473065078256
067560304,067560305,0.002829846794946762
067560304,067560308,0.001224263790683054
067560302,067560304,0.002633326066873204
067560209,067560304,0.0008409079631370447
067560305,067563007,0.0009605273876196656
067560305,067561001,0.0007412126983039265
067560305,067560405,0.000347279445360827
067560305,067560307,0.001221368076813445
067560305,067560306,0.0025236199487402287
067560305,067560308,0.0009852577043754894
067560306,067560307,0.0014356985786790181
067560306,067560308,0.001136302363169009
067560307,067560405,0.0012859943475332291
067560307,067560311,0.0011564839793844297
067560308,067560311,0.0013479132049035313
067560308,067560309,0.002178762967123876
067560301,067560309,0.0007314828582556789
067560301,067560302,0.005688768123565806
067560207,067560301,0.0018055209516569571
067560206,067560301,0.004751126325290247
067560302,067560309,0.001441011952526914
067560210,067560302,0.0011422656303736937
067560206,067560312,0.0010873898566235547
067560206,067560309,0.0029238308541067325
067560206,067560404,0.0028375016922392274
067560206,067560401,0.0022362084201941164
067560205,067560206,0.002785857716067334
067560204,067560206,0.0028600189986058857
067560206,067560207,0.003492460634626579
067560203,067560206,0.0037030341072910307
067560310,067560405,0.0019262329208196071
067560310,067560311,0.0011606263836737934
067560310,067560312,0.001049173458428135
067560309,067560310,0.0021517839096412664
067560309,067560312,0.0006789197970613134
067560311,067560405,0.0014981105663507074
067560405,067561001,0.004246315812094457
067561004,067561009,0.0018804467093748902
067561003,067561009,0.0013000634772410286
067561003,067561004,0.0009368406149443986
067560405,067561003,0.00233886341085153
067560405,067560406,0.0077483865469100376
067560405,067561004,0.0004146843855137314
067560312,067560405,0.000891834330191985
067560404,067560405,0.007545406357896518
067560406,067560408,0.0029522061449075007
067560406,067560407,0.0034564307607416857
067560406,067561004,0.0012838160419133434
067560404,067560406,0.0018971333126495658
067560408,067561004,0.003941227210226366
067561004,067561006,0.0010443967062127493
067561004,067561005,0.002066727626536629
067561005,067561006,0.0014044152633884508
067560407,067560408,0.0038640654303712793
067560401,067560404,0.004180511601370965
067560205,067560401,0.005011362428093113
067560204,067560401,0.0029709966095375967
067560204,067560205,0.008759262428587959
067560203,067560204,0.008471072583290584
067560202,067560203,0.002325877805612094
067560201,067560203,0.0061744785332042565
067560103,067560203,0.005133605978383942
067560101,067560203,0.004275047645377274
067560103,067560202,0.002381099544000377
067560103,067560201,0.004888088303845718
067560103,067560104,0.004086592640676163
067560102,067560103,0.007265549487771178
067560101,067560103,0.005324399462986977
067560201,067560202,0.003689535498549074
067560202,067560207,0.0044243182141994785
067560207,067560210,0.005225938952882574
067560107,067560207,0.0012438892200346842
067560104,067560207,0.004474174704091352
067560107,067560210,0.001347779612038298
067560102,067560104,0.004296362862827632
067560101,067560102,0.009946364354832895
067560101,067560104,0.006561625660171669
067561501,067561511,0.012425310604276525
067561501,067562113,0.0027018324672697233
067561501,067562101,0.003328493530118647
067561501,067561513,0.01043707804679605
067561501,067561514,0.003645411331443368
067561501,067561502,0.004273371872550177
067562105,067562113,0.002969489204271595
067562106,067562113,0.00399005892551283
067561511,067562113,0.0031887298103556367
067562104,067562113,0.002918613551936696
067562101,067562113,0.0037359599139943607
067562104,067562105,0.0038081846442737286
067562104,067562112,0.005748838470910669
067562102,067562104,0.003756455426865064
067562101,067562104,0.002878543532515105
067562101,067562102,0.0015296045533615215
067562102,067562103,0.005448648757342354
067562103,067562201,0.012398115395675322
067562103,067562202,0.004967046488934597
067562103,067562112,0.008449357194601203
067562201,067562701,0.015762032210422
067562201,067562706,0.0009243883690655855
067562201,067562206,0.00279447270008529
067562201,067562702,0.003954167697757045
067562201,067562204,0.00205718326263447
067562201,067562203,0.004190556040463992
067562201,067562202,0.0047953757523321655
063710101,063710111,0.009535507647319176
063710101,067562701,0.012455997606154652
063710101,063710110,0.005971991721852336
063710101,063710102,0.004558230082481296
063710101,067562712,0.00012816278693666714
063710101,067562705,0.004715648263001865
063710101,067562704,0.001006978650771575
063710101,067562703,0.0018989344958299213
067562701,067562703,0.004251130184065165
067562701,067562702,0.003868115745980315
063710111,063711414,0.004557469974576661
063710111,063711502,0.002121992616207195
063710111,063711501,0.014209856967043154
063710111,063710201,0.010750252642626473
063710110,063710111,0.004593503949638081
063710114,063710201,0.003767148282459422
063710113,063710114,0.0013980925421395276
063710109,063710114,0.0005407604989157542
063710108,063710114,0.002288281576626731
063710110,063710114,0.0027270940600503954
063710110,063710201,0.0017778498183342786
063710110,063710112,0.004229011476408397
063710103,063710110,0.0013927769433190993
063710102,063710110,0.0005453565990999718
063710108,063710112,0.0014686316933236066
063710106,063710112,0.0009585967460203496
063710103,063710112,0.002093610594702563
063710108,063710109,0.0009314746248973611
063710107,063710108,0.002630129410545464
063710106,063710108,0.0008320148240024926
063710107,063710109,0.0009626598281364717
063710106,063710107,0.0015067581451842756
063710103,067562608,0.000442023862935824
063710103,063710104,0.002865456429446947
063710103,063710105,0.003187048517085588
063710102,063710103,0.0047165537274589785
063710105,063710106,0.002278474111860695
063710104,063710105,0.0009436974506825443
063710106,063710109,0.0009332208011344257
063710109,063710203,0.0009348023852294799
063710109,063710113,0.0013357172838482129
063710109,063710204,0.0019010447130965056
063710104,063710109,0.0018863315409577812
063710201,063711415,0.00012667033426347132
063710201,063711407,0.0021862314205045147
063710201,063710202,0.005403516803168381
063710201,063710203,0.002574517544642953
063710113,063710201,0.002620640553980957
063710113,063710203,0.002640770262198832
063710202,063710203,0.0013191916031614136
063710203,063713801,0.002663957093444542
063710203,063710205,0.0019585065218020122
063710203,063710204,0.0018301776968734822
063710203,063710206,0.0009775321787252244
063710204,063710205,0.005585016146861461
063710204,067562608,0.0018956055098346748
063710104,063710204,0.0037457321344668898
063710206,063713801,0.0008875036947345596
063710206,063713802,0.002923713607835285
063710205,063710206,0.0054896133270725175
063710206,063713803,0.002494203254767717
063710206,067562609,0.0018678118287387268
063710205,067562609,0.00036388856668671257
063710205,067562608,0.0014732754519047257
067562608,067562609,0.0017699147724404088
067562608,067562610,0.001711730565810182
067562607,067562608,0.003112316687436279
067562608,067562714,0.004204434601400433
063710104,067562608,0.0018115344220649126
063710102,067562608,0.0006373462324137248
067562608,067562712,0.002817831496781346
067562712,067562714,0.0023381330126346317
063710102,067562712,0.0047040201397627185
067562710,067562712,0.002817357558493292
067562709,067562712,0.002282293865705705
067562705,067562712,0.00176000862386003
067562710,067562714,0.0036301247738347213
067562710,067562711,0.0009304044162565031
067562709,067562710,0.0034797702795455313
067562708,067562710,0.0038588330533255873
067562708,067562711,0.0009894714367091613
067562708,067562709,0.0015342412244168625
067562707,067562708,0.004450258187756957
067562602,067562708,0.002508639163931195
067562708,067563405,0.003571824616894743
067562705,067562709,0.0004356840295699518
067562709,067562713,0.0021419227217250973
067562707,067562709,0.0008819132627523466
067562705,067562713,0.003861214406613436
067562704,067562713,0.002111594342848384
067562706,067562713,0.0029808819245706573
067562702,067562713,3.5418563803862984e-05
067562704,067562705,0.0022383915031238127
067562703,067562704,0.005311877694112814
067562702,067562703,0.00097282227105979
067562702,067562704,0.0019409162583198742
067562706,067562707,0.0033835400213370536
067562702,067562706,0.002912453871988351
067562203,067562204,0.0022567807474866467
067562202,067562203,0.003665120109416759
067562202,067562204,0.0022003235509857376
067562108,067562202,0.001509832207628103
067562108,067562112,0.003993506764101596
067562105,067562112,0.006286291715379817
067562205,067563401,0.0038932140937631365
067563401,067563402,0.003251733301851073
067562108,067563401,0.0062391233989343734
067562205,067562206,0.002964634187561434
067562204,067562205,0.0022398977320905126
067562205,067563404,0.0021550824368151665
067562205,067563403,0.0019425242022003027
067562205,067563402,0.0012316582728740698
067562108,067562205,0.0020497436144082367
067562108,067562204,0.0017276114012191187
067562206,067562707,0.004317482612381823
067562206,067563405,0.0018807094413551538
067562206,067563404,0.003866907969279643
067563404,067563405,0.0021367426193583117
067563403,067563404,0.0040506661612601256
067563403,067563405,0.002102970573944433
067563402,067563403,0.004285371616575437
067562602,067563405,0.0009782905275347643
067562601,067563405,0.0025803324873925173
067563405,067563406,0.003028849488555147
067563402,067563405,0.0021966077319687987
067563405,067563407,0.0006351600247639869
067562108,067563402,0.006882396605917431
067563402,067563407,0.0023786393553488507
067562105,067562108,0.009178368182671558
067562108,067563407,0.003770281959526723
067562108,067562109,0.010748532490525839
067562107,067562108,0.005957556804172134
067562105,067562107,0.0005939649403554445
067562105,067562106,0.010457395244202403
067562106,067562107,0.00611013955136697
067561511,067562106,0.0059323751215535694
067562604,067563407,0.0012729041544826069
067562601,067563407,0.0040958896789783025
067563406,067563407,0.005584337010564444
067562605,067563407,0.004777840808881696
067562306,067563407,0.0055706169885516065
067562109,067563407,0.008613647744511004
067562605,067562606,0.0012833702614510507
067562309,067562605,0.0006488706841458919
067562605,067562607,0.0025368133605337233
067562604,067562605,0.005926470319234803
067562306,067562605,0.0014504686077725754
067562604,067562607,0.004534501734653401
067562604,067562711,0.0007302259472209391
067562603,067562604,0.0029888803048242736
067562601,067562604,0.0018440706722835751
067562601,067563406,0.002377862271740095
067562601,067562603,0.0030200786264186425
067562601,067562602,0.002850084006867561
067562602,067562711,0.003309099292066152
067562602,067562603,0.0035463892453852
067562711,067562714,0.004104125367640399
067562607,067562711,0.0004588489235259118
067562603,067562711,0.002252366311719655
067562606,067562610,0.0008515418995389408
067562610,067562611,0.0008601689876563665
067562609,067562610,0.004008840665398423
067562607,067562610,0.004008943306381116
063713803,063713806,0.0032788086956903415
063713803,063713804,0.0028425934986645008
063713802,063713803,0.0018342147641918953
063713803,067562611,0.003667804449948411
063713803,067562609,0.001802776656037507
067562609,067562611,0.0017671999739506897
063713806,067562611,0.002767313072465135
067562510,067562611,0.0028855463907420512
067562606,067562611,0.004621826751672054
067562606,067562607,0.00488260818848009
067562509,067562606,0.001930351061783949
067562501,067562606,0.0044826822989292026
067562508,067562509,0.001717244133434995
067562509,067562510,0.003404314863225253
067562501,067562509,0.00462084881057315
067562501,067562503,0.0010188402945783
067562501,067562504,0.0030790800746674524
067562501,067562508,0.0013249021145526423
067562501,067562502,0.004950044361235905
067562309,067562501,0.004195694400542611
067562308,067562313,0.0011558742741631827
067562313,067562314,0.003046516520935463
067562309,067562313,0.0019442245633039213
067562307,067562313,0.005002018106900688
067562306,067562313,0.0011673943555441573
067562309,067562310,0.0029108016661379106
067562309,067562314,0.003078710902849131
067562306,067562309,0.003623490978081538
067562305,067562306,0.002397883878177112
067562306,067562307,0.0011608985671759892
067562306,067562311,0.0022167069593340798
067562304,067562305,0.002393681123228667
067562302,067562305,0.0034589743288960606
067562305,067562307,0.005000922149131152
067562305,067562311,0.0015377792038186017
067562302,067562311,0.0011999687048870919
067562301,067562311,0.0038399199830032845
067562111,067562311,0.0012559642481761034
067562111,067562301,0.003861124819554305
067562109,067562111,0.008461937927977498
067562003,067562111,0.0027247135034203997
067562110,067562111,0.0044699362602417265
067562301,067562302,0.00020129807226276422
067562004,067562301,0.004771443283357448
067562003,067562301,0.0005696258191773894
067562004,067562009,0.0017562348253373186
067562004,067562302,0.003756357166120368
067562004,067562010,0.0017703199382546522
067562004,067562006,0.00132367170130267
067562004,067562005,0.0019270235951386122
067562003,067562004,0.0036982161311619336
067562302,067562303,0.001747919696743528
067562304,067562308,0.0028028992467115025
067562304,067562312,0.002377080416119539
067562303,067562304,0.00278597465921777
067562307,067562308,0.001136826143445706
067562310,067562314,0.004606080401389264
067562308,067562314,0.0027830289526000105
067562502,067563501,0.00013925528135289882
067562502,067562503,0.007930248106420484
067562310,067562502,0.009841603826819513
067562310,067563501,0.000213804496492023
067562310,067562406,0.0015147057285399188
067562310,067562405,0.003481465988100799
067562308,067562310,0.002397689267506064
067562308,067562404,0.0011757310793163078
067562308,067562401,0.0011392300438369755
067562308,067562312,0.0023891347126733043
067562401,067562403,0.0011392355411057513
067562401,067562404,0.0025762441179334157
067562401,067562402,0.002379682137528934
067562312,067562401,0.002359773730533756
067561901,067562401,0.002573299227676103
067561901,067562312,0.0007736957858175218
067562303,067562312,0.001632431019465381
067561901,067562303,0.0018082732664965295
067562009,067562303,0.004699274813267296
067561901,067562009,0.001840768867173884
067562008,067562009,0.0021793380414300498
067562009,067562010,0.00279169915461958
067562402,067562409,0.0012495797232898987
067561902,067562402,0.003732590480149009
067562402,067562403,0.0048860998292135464
067561902,067562409,0.0008034749579979755
067561902,067562410,0.003521081674094038
067561902,067561904,0.0010119935184284463
067561901,067561902,0.0043416708821521505
067561902,067561903,0.00273790935364453
067562410,067562411,0.0018296470352238007
067562409,067562410,0.003768901908483926
067561909,067562410,0.0017542878472884826
067561904,067562410,0.002187902702592733
067561903,067561904,0.003165785273353283
067561901,067561903,0.003437666121490363
067561903,067561905,0.0025234583835672935
067561901,067562008,0.00435510478598963
067561901,067561905,0.0022817854349188593
067562008,067562010,0.0018191154161344182
067562007,067562008,0.0024439626609586733
067561905,067562008,0.0029158166960561896
067562007,067562010,0.004441907007137178
067562006,067562007,0.0034399579611457186
067561905,067562007,0.004286796602641596
067562003,067562007,0.0020380903094918885
067562003,067562006,0.0016767876204128148
067561905,067562003,0.0006321624392164921
067562003,067562005,0.00565779944267067
067562002,067562003,0.008908045943473266
067562003,067562110,0.001898854042700488
067562006,067562010,0.001613597091963179
067562005,067562006,0.004504606720334871
067562001,067562002,0.0071636674693312166
067561701,067562002,0.006069146285939462
067562002,067562110,0.004492608058279771
067561701,067563305,0.011012960700331937
067563304,067563305,0.007630141108480669
067563305,067563308,0.006506645035789456
067563305,067563306,0.008626230179159118
067563304,067563306,0.0012768833443070808
067563303,067563306,0.002347587234573577
067563306,067563308,0.0037058125812463277
067563306,067563307,0.008369033875901452
067561701,067563308,0.004487760953837888
067561510,067563308,0.0031301167491243273
067562110,067563308,0.0074658861028665206
067561512,067563308,0.008888072371394901
067563307,067563308,0.0032882436958819273
067563210,067563308,0.002798913240542568
067561511,067561512,0.0052200145916613434
067561510,067561512,0.0057939062501602984
067561512,067562110,0.0021560721272306117
067562109,067562110,0.0006796040823848318
067562107,067562110,0.005544916123507673
067562107,067562109,0.005105790296770042
067561511,067562107,0.006247894761252216
067561510,067561511,0.005879154712335697
067561510,067561514,0.002605990136823969
067561509,067561514,0.007401122503885903
067561502,067561514,0.006738241766036299
067561508,067561514,0.002543737952020719
067561504,067561514,0.0023451032652069496
067561509,067561510,0.008636372495733801
067561508,067561509,0.004282412785127765
067561510,067563210,0.0008201823186144929
067561508,067561510,0.0022276803786813156
067561507,067561508,0.0038262581498604434
067561508,067561515,0.0005329719415556539
067561504,067561508,0.0018166285908038976
067561502,067561504,0.0044950554177737205
067561503,067561504,0.0022433661050724088
067561504,067561515,0.0034807934143893573
067561401,067561504,0.000994931303858626
067561502,067561503,0.010926178254593574
067561401,067561503,0.0027462753564476573
067561402,067561405,9.829728876698833e-05
067561402,067561404,0.0021066598764798816
067561401,067561402,0.004487405609159109
067561402,067561403,0.0023835745620286288
067561403,067561407,0.0010391782005011855
067561403,067561408,0.002460301389127565
067561305,067561403,0.0019635462028718006
067561403,067561404,0.0013743784654211032
067561401,067561403,0.001300034763103819
067561305,067561408,0.001933726825857365
067561305,067561309,0.001965229285740804
067561305,067561306,0.004187863303313501
067561305,067561401,0.00030622557861799724
067561304,067561305,0.0024511278697529407
067561304,067561306,0.0010796007432513583
067561304,067561401,0.0009838324817573701
067561303,067561304,0.000947028624770832
067561306,067561309,0.001028986491084799
067561306,067561307,0.0015533512675134174
067561302,067561306,0.002572048981447532
067561407,067561408,0.003245569340323249
067561408,067561409,0.0038949997523186953
067561309,067561408,0.00034889879310929785
067561409,067561410,0.0016226563625865986
067561406,067561409,0.000804549329007731
067561407,067561409,0.0021026582925758527
067561409,067563201,0.006335380896878331
067561409,067563107,0.0010935689899607636
067561309,067561409,0.0013613618691157648
067563206,067563210,0.0026946971434606013
067563206,067563209,0.00010739288932194053
067563206,067563207,0.0017000789383613516
067563205,067563206,0.0009752868099388583
067563202,067563206,0.0010627369706248332
067563204,067563206,0.0016047037626656252
067563203,067563206,0.0007634452790279837
067563207,067563209,0.0035821439877516035
067563202,067563207,0.0004446392331514123
067563207,067563208,0.0016681922389849748
067563201,067563207,0.0016050665114724957
067563201,067563202,0.002662009381723977
067563202,067563203,0.00120320232452437
067563201,067563208,4.8724050599539285e-05
067561410,067563201,0.00238926024852712
067563201,067563203,0.003023154087065738
067563107,067563201,0.001375013251272408
067561406,067561407,0.0022233631602132705
067561404,067561407,0.002122324209406368
067561404,067561406,0.001032608194693546
067561404,067561405,0.0023482694424469585
067561406,067561410,0.0039153895718273156
067561406,067561505,0.0022101030306378175
067561405,067561406,0.0021029699821616455
067561401,067561515,0.001193337014666337
067561401,067561505,0.00139241227876955
067561401,067561405,0.004591544180087096
067561505,067561507,0.00023835977387341497
067561505,067561506,0.0016897297343391599
067561410,067561505,0.0012310549203029385
067561505,067561515,0.003766451811310269
067561507,067561515,0.003246959633729248
067561506,067563210,0.0036883900868684653
067561506,067561507,0.006127923238387517
067561410,067561506,0.0036055131138991448
067561410,067563208,0.0029670769413411226
067561507,067563210,0.0034641364451660026
067563303,067563307,0.003568875608606686
067563210,067563307,0.011524947602487179
067563301,067563307,0.0033883074037844097
067563210,067563301,0.0033600791858570196
067563209,067563210,0.005749668551385345
067563210,067563211,0.0015244709695541204
067563208,067563210,0.001138467820900198
067563208,067563209,0.0035464743561053422
067563303,067563304,0.005965979857788672
067561604,067563303,0.0022748772563605997
067563302,067563303,0.0011736268861923108
067563301,067563303,0.0012777276816920437
067563301,067563302,0.004178140842875873
067561601,067563301,0.0017946430371876304
067563211,067563301,0.00035911021045037614
067561604,067563302,0.001351855067466566
067561601,067563302,0.0017055657627704649
067561604,067561605,0.0021632609565637633
067561603,067561604,0.003087344192365591
067561601,067561604,0.0023274979264145445
067561602,067561604,0.000817839955487014
067561605,067561701,0.005208707372916252
067561605,067563304,0.010148610429547249
067561605,067561607,0.0051601453269324565
067561605,067561606,0.0024697436859328226
067561603,067561605,0.00021921533182473564
067561607,067561701,0.002978197838494747
067561606,067561607,0.004884507870161272
067561210,067561607,0.0017314541995259178
067561209,067561607,0.0008238091430204563
067561211,067561607,0.002109324911312207
067561603,067561606,0.00277642478995042
067561209,067561606,0.0011382724836866964
067561602,067561606,0.003018467663739166
067561205,067561606,0.0012123057200054501
067561602,067561603,0.0027455577600475406
067561601,067561602,0.003033768851280833
067561205,067561602,0.0013608025396003875
067561204,067561602,0.0015040681127084597
067561601,067563211,0.002636617108806986
067561204,067561601,0.004826884724834083
067563109,067563205,0.0020035762162120183
067561204,067563109,0.004171375048284678
067563103,067563109,0.0017419576422928774
067563108,067563109,0.004801613514927094
067561204,067561205,0.002288391797439802
067561204,067561212,0.004785273480286115
067561204,067563103,0.0021037575013630717
067563103,067563105,0.004286109856454073
067563105,067563106,0.004176172806373002
067563104,067563105,0.001588504675323309
067563105,067563107,0.0016014326251653794
067562808,067563105,0.00011160929142160356
067563103,067563107,0.0009819086126328243
067563106,067563107,0.001951139832305899
067563107,067563203,0.0011494517688247297
067563107,067563108,0.004927651421521441
067561309,067563107,0.005928939226489394
067563108,067563205,0.0005802024157617802
067563108,067563204,0.0012111807084322166
067563103,067563108,0.0018034462343427154
067563205,067563211,0.004054593468843133
067563204,067563205,0.0031605389835239624
067563203,067563204,0.002411491971900349
067561302,067561307,0.002104737403938228
067561301,067561302,0.0025376942324863427
067561302,067561303,0.0021460170659260923
067561307,067561309,0.0031632404951469103
067561308,067561309,0.0016497805262164424
067561307,067561308,0.0021045507736506697
067561301,067561307,0.0031469653234335085
067561307,067562805,0.0015728898267245613
067561301,067561303,0.0030446945381366317
067561301,067562805,0.0035000934780964276
067562801,067562804,0.0013882676470130988
067562801,067562803,0.0016277724711056757
067562801,067562802,0.005103150975519406
067560105,067562801,0.0016007843291755588
067562802,067562803,0.002220446364435825
067560106,067562802,0.00359963080356726
067560105,067562802,0.0025388089363398004
067562807,067562808,0.0010622387542281778
067562807,067562809,0.002315914100010133
067562806,067562807,0.002139295493709498
067562803,067562807,0.003913490538320205
067560106,067562807,0.001291203484232167
067561308,067562806,0.000558977355729888
067562806,067562808,0.0020909063920997828
067562804,067562806,0.0031759744770547115
067562805,067562806,0.0022222664827526986
067562803,067562806,0.0017408512112567658
067562803,067562804,0.0010281510376864767
067560106,067562803,0.0013543998984922472
067562804,067562805,0.004979665727666433
067561308,067562805,0.0020909479360583755
067561308,067563106,0.004182374064396157
067561308,067562808,0.0010922747404453694
067562808,067563106,0.0019374698589751135
067562808,067563104,0.0029926093319703373
067562808,067563102,4.701441371479659e-05
067562808,067562809,0.0030085423200946412
067563103,067563104,0.0027687741798919103
067563102,067563104,0.00179709730036468
067563102,067563103,0.005062854093873029
067563101,067563102,0.004216442988000675
067562809,067563102,0.0010423912401599893
067560110,067563102,0.0009585677441518204
067562810,067563101,0.002225671879075062
067560109,067563101,0.0016845826736254696
067562809,067562810,0.0035648305274065435
067560109,067562810,0.0020784243348481147
067560106,067560109,0.0010289541205491383
067560109,067560110,0.0007297308047859384
067560108,067560109,0.003648995738387667
067560106,067562809,0.0012042584927332263
067560105,067560106,0.004283038409470152
067560106,067560107,0.002214948217122934
067560106,067560108,0.003807381101301634
067560104,067560106,0.0033751393925005083
067560104,067560105,0.004304488421155609
067560104,067560107,0.007124134759621741
067560107,067560110,0.0034835223263824295
067560107,067560108,0.0034621171882531078
067560108,067560110,0.0031903372767255814
067560110,067563103,0.0027705450582059753
067560110,067560209,0.0007824861622862097
067560110,067561101,7.47578977796718e-05
067560209,067561103,0.0028661221537562326
067560209,067561102,0.0019059857286023803
067560209,067561101,0.0008921407555898117
067561103,067561104,0.0018382283401239818
067561102,067561103,0.002212259589774367
067561208,067563004,0.0016334634663842198
067563003,067563004,0.00138277415049814
067561207,067563003,0.0012477273314784002
067561105,067563003,0.001392547066455716
067561105,067561206,0.001295786107451464
067561105,067561202,0.0008889301380668373
067561104,067561105,0.00266654245946858
067561207,067561208,0.0026029274272331713
067561206,067561207,0.001355361813196729
067561205,067561206,0.001164535987861876
067561203,067561206,0.0012412155401235706
067561206,067561208,0.002807910712517055
067561202,067561206,0.002971335486615396
067561202,067561203,0.004503317971136638
067561201,067561202,0.0013379442696511788
067561104,067561202,0.001839489226227709
067561102,067561104,0.0026524749498699537
067561101,067561201,0.0016302017666018844
067561101,067563103,0.0036986557772852283
067561101,067561102,0.004935954845895887
067561102,067561201,0.0008045138474048435
067561201,067561203,0.0030123108044059605
067561201,067561212,0.002422334115219722
067561201,067563103,0.0044083632310978615
067561212,067563103,0.0023020638873447134
067561205,067561212,0.0026792660028696277
067561203,067561212,0.0020449749360019224
067561203,067561205,0.0010044708826300926
067561209,067561210,0.005524975991075851
067561210,067561211,0.008520216603902347
067561208,067561210,0.0036040176412493064
067561205,067561209,0.004858099037281758
067561208,067561209,0.001995280673683113
067560907,067560908,0.004961479844611366
067560908,067561702,0.001978995992419442
067560906,067560907,0.005099602546921683
067560907,067561702,0.0013580865634129466
067560905,067560906,0.002577743731968124
067560906,067561703,0.0013376262552650424
067560906,067561702,0.000851706036476784
067560905,067561801,2.9200599304825128e-05
067560905,067561704,0.0021557892155735364
067560905,067561703,0.002422332468157712
067561701,067561702,0.004212278224214482
067561702,067561703,0.006933963821534252
067561702,067561707,0.0016474863323414286
067561702,067561711,0.0057237844129572725
067561703,067561704,0.00843030815954246
067561703,067561706,0.0030999062029074733
067561703,067561707,0.001077545241045731
067561701,067561711,0.003113085341342087
067561707,067561711,0.002525830136829731
067561701,067563304,0.0022551888366802
067561701,067562001,0.0036152831926489883
067561701,067561708,0.007939164566223495
067561701,067561707,0.005239571723557939
067561708,067561709,0.00758025722085231
067561708,067562001,0.002251696310292349
067561707,067561708,0.0025879373983136895
067561707,067561709,0.0015854558961812333
067561706,067561707,0.0041921285760194585
067561807,067561808,0.005857318701165823
067561804,067561807,0.004712352406329174
067561806,067561807,0.002854516900716392
067561710,067561807,0.004764953343544116
067561709,067561807,0.0016033842155706377
067561807,067562001,0.0006774670957247726
067561709,067561710,0.009462757765296339
067561710,067562001,0.002086224143230243
067561705,067561709,0.0018146889517570903
067561706,067561709,0.0037775147150713186
067561709,067562001,0.00423802378511963
067561905,067562001,0.009577937041810296
067561905,067561906,0.003944482267682108
067561905,067561911,0.0015577054939871241
067561904,067561905,0.0016568594846425358
067561808,067561905,0.002543459852546619
067561904,067561909,0.001576183821957786
067561904,067561908,0.0016167302334529983
067561909,067561910,0.003211193264222002
067561909,067562411,0.003450271243592112
067561908,067561909,0.0049476192877039105
067561907,067561911,0.0013703659466080605
067561906,067561911,0.006217705267665681
067561908,067561911,0.00576158361370925
067561908,068612406,0.00011128487028955444
067561908,068612412,0.00115046418786488
067561908,068612401,0.00032335829188547796
067561907,067561908,0.0031017034038404853
067561908,067561910,0.003024247254234787
067561906,067561907,0.002568837138434277
067561811,067561906,0.0010475420395992584
067561810,067561906,0.0008431430639118853
067561809,067561906,0.0009062312007488344
067561808,067561906,0.002257405707722798
067561808,067561811,0.0006856776254191518
067561808,067561809,0.002534761413991057
067561809,067561811,0.0002963244144579111
067561809,067561810,0.002942821080583777
067561810,067561811,0.003990547052284633
067561907,068612401,0.0032585802430034616
067561907,068612306,0.0012038723048858027
067561811,067561907,0.002192924360304027
067561812,068612306,0.0023761201511509444
067561811,067561812,0.004033572684082496
067561804,068612205,0.005899951718776676
067561802,067561804,0.004527929942125004
067561804,067561805,0.0018423840078596785
067561804,067561811,0.006311121421839917
067561804,067561806,0.004198379007004444
067561811,068612306,0.0037823025033636537
067561704,067561706,0.0009082847149026719
067561705,067561706,0.004312531074875469
067561705,067561805,0.0001175890481086435
067561704,067561705,0.0018276160569567646
067561705,067561806,0.004201342859959748
067561805,067561806,0.0028617480315928246
067561802,067561805,0.002833308954972853
067561801,067561805,0.0028585078350339957
067561704,067561805,0.00458102870886831
067561704,067561801,0.0031421877686703607
067561801,067561802,0.002927096982205661
068612205,068612306,0.004782236098882279
068612306,068612310,0.0044885219264826515
068612306,068612307,0.004723884489060047
068612306,068612412,0.0022893420420873937
068612306,068612401,0.002330195856700056
068612307,068612310,0.004224276081759696
068612308,068612310,0.0032875310976831127
068612308,068612501,0.0023113341260612126
068612310,068612501,0.001079105651479663
068612310,068612402,0.003520243215687455
068612406,068612412,0.0008417155393959194
068612402,068612412,0.004747422619118917
068612405,068612412,0.003239501481377514
068612401,068612412,0.00542534334991577
068612402,068612502,0.002357293966561916
068612402,068612403,0.0011309056441753075
068612402,068612501,0.004070811726340651
068612402,068612404,0.0015334357617386774
068612402,068612405,0.001000987274028008
068612502,068612503,0.0028098032492008553
068612502,068612510,0.002176958573734023
068612403,068612502,0.002012874423200794
068612501,068612502,0.002371530956192386
068612501,068612504,0.004387838574568918
068612501,068612503,0.0014625892934440258
068612510,068613201,0.00219079435679141
068612503,068612510,0.0023226460573760616
068612403,068612510,0.0026686825590524496
068612503,068612504,0.0010530065339275539
068612503,068613202,0.00021039117195337226
068612503,068612509,0.0065556309932623125
068612503,068613201,0.002761978327835885
068612506,068612509,0.0009770732275726803
068612509,068613207,0.003396781757525079
068612505,068612509,0.0016120107669892066
068612504,068612509,0.00042571288217065604
068612508,068612509,0.005523592379126736
068612509,068613202,0.001616804438403497
068612508,068612611,0.003417388614054103
068612507,068612508,0.0019341924283435203
068612506,068612508,0.0009499175070383027
068612508,068613207,0.0026814260735619857
068612608,068612611,0.0009061413322741234
068612606,068612611,0.004101039765995499
068612611,068612612,0.0018069048495337064
068612607,068612611,0.0017736972872324469
068612611,068613207,0.00047264843359216276
068612504,068612505,0.0044579012507087725
068612505,068612506,0.00456075109535455
068612506,068612507,0.00471361767504672
068612507,068612606,0.0011759391022780927
068612608,068612609,0.0032991839611974452
068612608,068612613,0.004060686910936594
068612608,068612612,0.00014479405618396656
068612612,068612613,0.0023735653570564758
068612612,068613103,0.0011818666190532262
068612612,068613102,0.0014684465394355344
068612607,068612612,0.0028412246604747685
068612609,068612613,0.0011940306690839512
068612613,068613103,0.0028453750988982037
068612609,068613104,0.0014259191700622155
068613005,068613006,0.0019474672559356776
068613006,068613007,0.001485656453364406
068613002,068613006,0.0031035747245924936
068613001,068613006,0.0007872740176489173
068613001,068613002,0.0040103334710524284
068613001,068613104,0.0041407709584644
063710702,068613001,0.0027090027306064914
068613001,068613105,0.003827130199035599
068613002,068613003,0.000939928955992642
068613002,068613004,0.0012090636463254066
068613002,068613005,0.0007567285578545525
063710702,068613002,0.0016286319368875094
068613104,068613105,0.006940040375439985
068613103,068613104,0.0035479368078450806
063710701,068613105,0.0011097361421050834
063710603,068613105,0.002439591178187001
063710613,068613105,0.00315912170886579
063710601,068613105,0.0014577570845110263
068613105,068613106,0.002773097546022575
063710701,063710702,0.0033762967976546034
063710701,063710703,0.0026485594044552345
063710603,063710701,0.005369929239503386
063710603,063710606,0.0006377770375740868
063710603,063710604,0.0018164394640425468
063710603,063710605,0.0025575422113556455
063710602,063710603,0.0045222187970689965
063710603,063710613,0.0019444620522673314
063710602,063710613,0.0013493155335363503
063710601,063710613,0.003977960620907563
063710601,068613106,0.001974032394233511
068613106,068613107,0.0008022457233596875
068613103,068613106,0.0028318730680467934
068613102,068613106,0.0024479496774698975
068613102,068613103,0.002360024232548499
068612607,068613101,0.00145930446705752
068612607,068613207,0.002025486916015929
068613101,068613207,0.003478654245570802
068613207,068613208,0.001488839840051108
068613206,068613207,0.0014032978705264933
068613203,068613207,0.001055795201764308
068613102,068613107,0.0014724310803864754
068613101,068613102,0.004604594230465016
068613101,068613107,0.001681470520928467
068613101,068613208,0.0008967591016632347
068613108,068613208,0.0010761783783090697
068613107,068613208,0.0023525795821132014
068613206,068613208,0.004929296691959621
068613208,068613209,0.0018063709214321884
068613203,068613206,0.004035652865990668
068613206,068613209,0.001004535300284063
068613205,068613206,0.0021206529421443424
068613109,068613209,0.0010056781851020943
068613108,068613209,0.0010425210321702149
068613209,068613210,0.003164070485921186
068613205,068613209,0.0037132438801645864
068613108,068613109,0.004850741450776618
063710601,068613108,0.0020732741601627584
068613107,068613108,0.004443656312473926
063710601,068613107,0.002278154723344867
063710601,063710606,0.0034357027226901695
063710601,068613109,0.004895243058220715
063710601,063710602,0.0035442368259733623
063710602,063710606,0.0008632456790690921
063710604,063710704,0.0003781243443156898
063710604,063710703,0.004272203790229254
063710604,063710607,0.0022339149032061553
063710604,063710605,0.005337158461874541
063710605,063710607,0.0013407862184434357
063710605,063710606,0.004131692736388495
063710606,063710607,0.0021441022866127415
063710508,063710606,0.00141888300332163
063710606,068613110,0.001366579865407755
063710606,068613109,3.0265109197801615e-05
063710607,063710704,0.002078946561420021
063710607,063710608,0.005260379397391369
063710509,063710607,0.0017373395694648818
063710508,063710509,0.003350759560029316
063710507,063710508,0.0016328306869245347
063710508,068613110,0.0031300868994463475
063710510,063711110,0.0007820037373388954
063710510,063710611,0.0016303308454210293
063710510,063710608,0.000972882837801087
063710510,063711204,0.0030709272633487688
063710510,063710512,0.0017373939657824946
063710509,063710510,0.0035607028193445764
063710506,063710510,0.0008909896903270115
063710506,063710509,0.0033899843414196334
063710507,063710509,0.0016701088651289273
063710506,063710507,0.001648161421639364
063710507,068613110,0.0033106663040018145
063710501,063710507,0.0017502816415601629
068613109,068613110,0.00706314409042233
063710501,068613110,0.0012734185075974544
068613110,068613210,0.0038853782259330332
068613109,068613210,0.0037841192340578524
068613210,068613308,0.004386169871945412
063710501,068613210,0.003664845552412101
068613210,068613307,0.003154278659036724
068613205,068613210,0.0013007473994126218
068613204,068613210,0.0011254083705482618
068613203,068613205,0.0028853167997696704
068613204,068613205,0.003946730432798782
068613307,068613308,0.0023590332072875248
068613204,068613307,0.0015749970466094345
068613306,068613307,0.0030855083962611236
068613307,068613311,0.0008739444165026377
068613204,068613311,0.0036772421249941763
068613306,068613311,0.00111867345293777
068613303,068613311,0.0051538254464976105
068613303,068613306,0.0025128884616618078
068613302,068613303,0.005470581327186818
068613303,068613305,0.000275155341789084
068613202,068613303,0.0006183644846406048
068613303,068613304,0.002984200197899428
068613202,068613302,0.0010984504188179388
068612409,068613302,0.00342094357119438
068613302,068613304,0.0001691624873330169
068613301,068613302,0.0022820737236205683
068612410,068613302,0.0016692155779242446
068612408,068612410,0.0012759268264606295
068612409,068612410,0.0023508807717041082
068612410,068613301,0.0013407033802997628
068612410,068612413,0.00343113282833886
068612407,068612410,0.003200147888358571
068612409,068613202,0.0009980942901290845
068612409,068613201,0.0016155443523929384
068612408,068612409,0.0035211216095181338
068613203,068613204,0.0010293515301787529
068613202,068613204,0.0009253853853312341
068613202,068613203,0.006697513383288866
068613201,068613202,0.005175131031235417
068612408,068613201,0.003179447392536139
068612403,068612408,0.001986562836091506
068612407,068612408,0.0023012401954920136
068612404,068612408,0.00146084980133904
068612407,068612413,0.001167451575615654
068612406,068612407,0.0026845690602958364
068612404,068612407,0.0014493068712512355
068612405,068612407,0.003283152183094976
068612405,068612406,0.0032048296628268092
068612404,068612405,0.0019420315642247844
068612403,068612404,0.003566203237062778
067561910,068612406,0.005159583146697488
067561910,067562411,0.0007917057923485276
068612406,068612413,0.0013322382472467005
068612406,068612411,0.0012870249610094143
067562414,068612406,0.0007833635215321504
067562411,068612406,0.0018608871704165193
068612413,068613301,0.0013184094670355933
068612411,068612413,0.004591247859860523
068612411,068613301,0.0013371832058205588
067562415,068612411,0.003437009804216492
067562414,068612411,0.0011706721060688128
067562414,067562415,0.002534431850250203
067562411,067562414,0.0034341536220641646
067562409,067562414,0.002054455951502044
067562409,067562412,0.0014455883421522638
067562408,067562409,0.003222501460535994
067562408,067562412,0.002264499570608903
067562407,067562408,0.00323670005318304
067562403,067562408,0.002267055191702726
067562413,068613301,0.0023717800319046248
067562413,067562415,0.0009814319359820888
067562412,067562413,0.002977534571189352
067562413,067563502,0.003945734582158675
067562407,067562413,0.0011334795471139043
067562406,067562413,0.0012180703850397543
067562412,067562415,0.003476018731214798
067562407,067562412,0.0011757623330477043
068613301,068613304,0.004056834368142095
068613304,068613305,0.004044082357760958
067563502,068613304,0.0028826003433114625
068613306,068613308,0.003649132285715376
068613306,068613309,0.0008345346225013716
068613305,068613306,0.0022786139132702546
068613305,068613309,0.0049031664345663625
067563503,068613305,0.003129173219454287
067563503,067563510,0.001247501048157306
067563503,067563509,0.0012825221605280565
067563503,067563507,0.0013675162240683577
067563502,067563503,0.003913139241597761
067563503,067563504,0.003104565200529517
068613308,068613309,0.0017116847056309194
068613309,068613310,0.004175914003295555
067563510,068613309,0.0017111273583589686
063710410,068613310,0.0008146361116260065
068613308,068613310,0.002577071619795902
063710406,068613310,0.003344938792894509
067563510,068613310,0.002537017445308607
063710401,067563510,0.0012498856600804283
067563509,067563510,0.004295074894010614
063710401,067563509,0.0010831648472769849
063713902,067563509,0.00024935646441492167
067563508,067563509,0.0025956844725127564
067563507,067563509,0.0017342118806130489
067563501,067563502,0.004061662916022272
067563501,067563504,0.00489378478410838
067562406,067563501,0.0070072020342296
067562503,067563501,0.004058893534628647
067562504,067563501,0.003174680263119032
067563502,067563504,0.001387641381263257
067562406,067562407,0.003234005929761057
067562405,067562407,0.0011193788995168118
067562404,067562407,0.001175767380012147
067562403,067562404,0.0037468147256270413
067562404,067562405,0.0063231094771516415
067562405,067562406,0.003728900812082884
067563504,067563505,0.0011327246912872634
067563504,067563507,0.0027612166280857097
067563504,067563506,0.0027716355601932583
067562504,067563504,0.0031628223251433515
067562504,067563505,0.0016850834101617405
067562504,067562505,0.0016910436900592135
067562504,067562506,0.001219801701163656
067562504,067562507,0.0013450871514550525
067562503,067562504,0.0030397133857037895
063710301,067562508,0.001434856707275659
067562507,067562508,0.004351189173577622
067562508,067562510,0.0026487163080207584
063710301,067562507,0.0013221549694881047
067562506,067562507,0.004355288492881912
063710303,067562506,0.0002383535011912093
063710302,067562506,0.0009527736765097876
067562505,067562506,0.004364174762999543
063710303,063713901,0.0020131946105349323
063710303,063710304,0.003072000199877045
063710302,063710303,0.002997601572672744
063710303,067563505,0.002103956189269301
063710303,067562505,0.001682103747624359
067562505,067563505,0.004363993993362655
063713901,067563505,0.00071815289009779
067563505,067563506,0.004355087898148045
063713901,063713905,0.0009743507311429473
063713901,063713906,0.0020003925539624576
063710304,063713901,0.0020254972318833105
063713901,063713902,0.0020135971999967386
063713901,067563508,0.001515055744864723
063713901,067563506,0.002745253260508171
063710304,063713906,0.002248927645619468
063710304,063710305,0.0029973349643890603
063710304,063710307,0.002353605244502933
063710302,063710304,0.0018638106168529518
063710305,063713906,0.0013846825305884442
063710305,063710306,0.00297302156549131
063710305,063710307,0.001362357528473628
063713906,063713908,0.0010212510741286515
063713906,063713907,0.0010546399045678638
063713905,063713906,0.004945145867663776
063710306,063713906,0.0013908736057231478
063713905,063714401,0.0004172247608168162
063713905,063713908,0.0016246759675596942
063713904,063713905,0.0026983961834051136
063713903,063713905,0.00218179503933107
063713902,063713905,0.0010336059679399241
063713903,063713904,0.002137600501179775
063710409,063713903,0.0021317566636820566
063713902,063713903,0.002064158869491091
063710401,063713902,0.0019827906555299336
063713902,067563508,0.002767963416123804
067563506,067563508,0.002640552420414977
067563506,067563507,0.0017313622889889903
067563507,067563508,0.004183274602641834
063710401,063710409,0.002396522662337596
063710401,063710406,0.0022880319582542913
063710405,063710409,0.0017814625535188594
063710402,063710409,0.00388222148483776
063710406,063710409,0.0014357895615664516
063710403,063710404,0.004297382072803186
063710403,063714402,0.001669894909835725
063710403,063710405,0.003419290275307449
063710402,063710403,0.0026020332191449384
063711201,063714402,0.003062953031023034
063714402,063714403,0.001649912080605804
063710404,063714402,0.0016384460881182887
063710402,063714402,0.0016335994864685947
063714402,063714404,0.003314610378798136
063714401,063714402,0.0030918889253519076
063710402,063714401,0.0023298587708144415
063710402,063713904,0.0026307711471589418
063713904,063714401,0.002241937038156161
063714401,063714405,0.003309765073303749
063713909,063714401,0.0016506616633416215
063713908,063714401,0.003012827356343618
063713908,063713909,0.0016477801511947982
063713907,063713908,0.003984897701870665
063714405,063714407,0.001644201859898187
063714405,063714406,0.0022842080439187205
063711308,063714405,0.0016557846703246697
063714404,063714405,0.0023702154266758728
063711302,063714405,0.0023171455748122226
063713909,063714405,0.00231057430779188
063714403,063714404,0.0023271632778153065
063714404,063714406,0.0032998781207471033
063711208,063714406,0.002350342930473914
063714403,063714406,0.003338378411855563
063714406,063714408,0.0033027167579543757
063714406,063714407,0.0033084097804762756
063711707,063714407,0.0016712636825384113
063714407,063714408,0.0036907387249085328
063711709,063714407,0.002302334691275198
063711708,063714407,0.0011792042923474742
063711308,063714407,0.0032798311287869884
063711307,063714407,0.00039618193538021285
063711801,063711803,0.0005587877624571571
063711801,063714801,0.00281814914729947
063711801,063711802,0.003150107158134062
063711801,063714408,0.004487974696934206
063711709,063711801,0.0025661807538357286
063714408,063714801,0.00025245268748816716
063711102,063714408,0.00021280698111917997
063711101,063714408,0.0032934625047271143
063711208,063714408,0.0016558830134539991
063711101,063711102,0.0054814268423759825
063711101,063711103,0.0011348788432970463
063711101,063711213,0.0016753535838052115
063711101,063711208,0.0016359090138471331
063711208,063714403,0.0010983034018069303
063711207,063714403,0.0011695500183716149
063711201,063714403,0.00164041402813673
063711207,063711208,0.002477997084885245
063711207,063711212,0.0028608541764442077
063711201,063711207,0.0041741112511378695
063711103,063711213,0.0011420586093816775
063711209,063711213,0.001156247178875744
063711210,063711213,0.0011453097655055647
063711208,063711213,0.0034598509432112986
063711212,063711213,0.0016584596852201067
063711208,063711212,0.0008363157862673429
063711103,063711104,0.0011307055190877184
063711103,063711111,0.0016217622045200867
063711103,063711112,0.0011561531389528965
063711103,063711210,0.0016443209058779745
063711210,063711214,0.00115046029384893
063711209,063711210,0.0016726664863035612
063711109,063711209,0.001147697248408722
063711209,063711214,0.0032947570370424756
063711205,063711209,0.0017010470553961003
063711206,063711209,0.0032577087404498353
063711109,063711205,0.00162442374711414
063711205,063711211,0.00221357328909082
063711203,063711205,0.0033369841498692024
063711205,063711206,0.002224716526520272
063711202,063711206,0.003296748314000681
063711206,063711212,0.0021210967908064653
063711202,063711203,0.0020863510421258837
063710505,063711202,0.003292485707428247
063711201,063711202,0.002131912502758089
063710504,063710505,0.004306012727433818
063710504,063711201,0.0016617061406831474
063710503,063710504,0.0026532589303494515
063710504,063710511,0.0016500549429990519
063710502,063710504,0.0016416694446649564
063711201,063711212,0.001673212451813201
063710503,063711201,0.0033053665027644556
063710404,063711201,0.001655811979523669
063710502,063710503,0.001664194330753048
063710408,063710503,0.003426407534807442
063710404,063710503,0.0008909752433370208
063710404,063710408,0.0017962650061507947
063710404,063710405,0.0016725515145175687
063710405,063710408,0.0017229834626122133
063710405,063710407,0.0016420381403266895
063710405,063710410,0.0035396058633301824
063710406,063710410,0.004086551236336286
063710407,063710410,0.0021111197412219083
063710410,068613308,0.0008392232307937381
063710407,063710502,0.0016718876962499426
063710407,063710408,0.0016414198364498504
063710407,068613308,0.004907513725785484
063710407,063710501,0.001949383299092712
063710408,063710502,0.001742506619160818
063710502,063710511,0.0017987362466183703
063710501,063710502,0.001669760815374786
063710501,063710511,0.0032863751519443055
063710505,063710506,0.000884180300112415
063710506,063710512,0.0032709401164100708
063710506,063710511,0.001751326066059375
063710505,063710511,0.0016918740824217009
063710505,063710512,0.0017615710206791671
063711203,063711204,0.0020668810626372357
063710512,063711203,0.003330296799400368
063711110,063711204,0.0020387911836222215
063711204,063711211,0.003076125658809814
063711110,063711114,0.0028848181198850857
063711001,063711110,0.002245013710478223
063710612,063711110,0.0020706941462618894
063711110,063711211,0.0019653937659662116
063710611,063711110,0.0010090357175658485
063711114,063711211,0.0004139092701540757
063711109,063711211,0.002810067233761064
063711005,063711114,0.0016418277355268348
063711107,063711114,0.0030877501342863657
063711108,063711114,0.00020589271357415246
063711109,063711114,0.004057260715981996
063711001,063711114,0.0011653064411530053
063711005,063711006,0.00483484929332965
063711004,063711005,0.0021803711760490503
063711002,063711005,0.0009167142771638257
063711005,063711107,0.0023094985488528673
063711001,063711005,0.002196383098200886
063711001,063711002,0.0033438785420353296
063710612,063711001,0.002685806501827431
063711004,063711008,0.0012465580451002244
063711004,063711007,0.002730310063135436
063711003,063711004,0.0009421502867211949
063711002,063711004,0.0027387294988811504
063711007,063711905,0.0013579887308614693
063711006,063711007,0.0026823490292521924
063711007,063712103,0.0013300480770816014
063711007,063711008,0.0026917777837299406
063712104,063712105,0.002656935170622583
063712104,063712107,0.003622489345965289
063712104,063714306,0.0013787616981626046
063712102,063712104,0.0007896452431629888
063712103,063712104,0.0025943518912290593
063711008,063712104,0.0005755308100622893
063712102,063712103,0.003969723874732567
063711905,063712103,0.002572037279267701
063711008,063712103,0.0026849317786928105
063712102,063712105,0.0009197288442202449
063712101,063712102,0.00501916305335647
063712007,063712102,0.0001371639148143597
063712008,063712102,0.0026633433094144293
063711905,063712102,0.0012972651864487403
063711006,063711905,0.0018655344604583063
063711006,063711904,0.0029272607506308874
063711006,063711107,0.002444109178116571
063711905,063712008,0.0013721815707339313
063711905,063711906,0.0019270276573728846
063711904,063711905,0.003886462209828096
063712007,063712008,0.003522557970226324
063711906,063712008,0.004903131186147019
063711906,063712007,0.003372241596949987
063711906,063711907,0.003128756874853347
063711904,063711906,0.0018986382840875267
063711904,063711907,0.001887535137988231
063711903,063711904,0.0038555088728453035
063711107,063711904,0.0009442752938037432
063711107,063711903,0.0021489964885319686
063711106,063711107,0.0013197557546778627
063711107,063711113,0.0011420778960633893
063711105,063711107,0.00113639632734085
063711107,063711108,0.0011645759600945782
063711108,063711113,0.0016476384482199478
063711108,063711109,0.0017199873559263859
063711108,063711112,0.001127968118483057
063711109,063711214,0.001156171910601238
063711112,063711214,0.0033008241912718837
063711104,063711112,0.0033055490678018527
063711105,063711113,0.0016501712578192947
063711104,063711113,0.0011561746771400992
063711105,063711106,0.004928335789458629
063711104,063711105,0.003314459836898354
063711105,063711111,0.001123024332549142
063711102,063711111,0.0020027699513313845
063711106,063711111,0.0024627035834620973
063711106,063711903,0.0016368467261748745
063711106,063714802,0.002512621954516962
063711106,063714801,0.0001643116668671608
063711102,063711106,0.00033846611341641834
063711106,063711902,0.0010562819310148625
063711106,063711901,0.0012191087861331158
063711903,063711907,0.0019023817205429418
063711903,063711908,0.0018994255454632136
063711903,063711909,3.463083963513178e-05
063711902,063711903,0.003879096341743713
063711902,063711909,0.0008022924267658893
063711901,063711902,0.003831860351403959
063711901,063711909,0.001465891773886201
063711901,063714803,0.0012831182947256256
063711901,063714802,0.002580306558731338
063711908,063711909,0.0024492019058814218
063711909,063711910,0.0021425835468142054
063711909,063714807,0.0010126738104094591
063711909,063714803,0.0012183669340387945
063714802,063714803,0.0025175900221989737
063714801,063714802,0.002594233188066746
063711102,063714801,0.003556974018965808
063714801,063714803,0.000470628858943933
063714801,063714804,0.003255570246936304
063711803,063714801,0.0007796375255640268
063714804,063714807,0.0009134967011449616
063714804,063714806,0.002479288114412543
063714804,063714805,0.0012888412295924347
063714803,063714804,0.003000876325003572
063711803,063714804,0.0035294325198293014
063714806,063714807,0.0029804999683564377
063714806,063714808,0.0035804401898382886
063714805,063714806,0.0020327057421588744
063712001,063714807,0.0025695553766729873
063711910,063714807,0.002956941075959358
063714803,063714807,0.0025272704969737745
063711908,063711910,0.00287059598686477
063711910,063712001,0.002445572513753087
063712001,063712009,0.0010240565919967784
063712001,063712002,0.0037523442608496877
063711908,063712001,0.0010289881255074486
063712001,063714810,0.0015195580400029262
063712001,063714808,0.001979688866106843
063712002,063713408,0.00018429528021927046
063712002,063712003,0.00272365276148207
063712002,063713407,0.0027396154814560538
063712002,063712009,0.0005055126284331114
063712002,063713405,0.0014851199110585713
063712002,063714810,0.0033166456417387637
063713408,063713409,0.0018218493301088868
063713408,063713410,0.003065026657858327
063712003,063713408,0.0029089342861404817
063713407,063713408,0.0018169434332136291
063712003,063712005,0.002947418588695778
063712003,063712009,0.0032474347028425277
063712004,063712009,0.0028256240348826563
063711908,063712009,0.001954211084477985
063712005,063712006,0.0033878760616306305
063712005,063712007,0.0023930715748974136
063712005,063713409,0.0030378001527490194
063712004,063712005,0.0008063576994376848
063712004,063712007,0.003576988728095142
063711907,063712004,0.003065456488461185
063711908,063712004,0.002036546650254028
063711907,063711908,0.004070285099465711
063711907,063712007,0.0010907871819199493
063712006,063712007,0.008963818593083575
063712007,063712101,0.001052353309293898
063712006,063714908,0.0019212351322047856
063712006,063713006,0.002043870341967581
063712006,063714907,0.0028030150339086405
063712006,063714901,0.0021851298768115843
063712006,063713001,0.0038128457404163615
063712006,063713409,0.0026890755134124423
063713001,063713006,0.00440764204895621
063713001,063713004,0.00202374019259164
063713001,063713002,0.0030542907673401696
063713001,063713310,0.003969423034505483
063713001,063713409,0.0013172398580715739
063713002,063713310,0.0015924286983955427
063713309,063713310,0.0036961283648146094
063713310,063713409,0.0027442840207373533
063713309,063713409,0.0029909457933208114
063713409,063713410,0.0012794536526752524
063713305,063713309,0.0019379270189653595
063713002,063713309,0.0010052257602071561
063713308,063713309,0.004393107984050286
063713309,063713410,0.001396830869364702
063713002,063713003,0.001037713377136417
063713002,063713004,0.0028707074488244473
063713002,063713307,0.0030083359275617227
063713002,063713308,0.001691001836440234
063713307,063715203,0.0010518900904927827
063713003,063713307,0.004053878544784759
063713307,063713313,0.0034148101875372113
063713307,063715202,0.0012110047442465358
063713307,063713308,0.0005610143954952751
063713003,063713011,0.002967374706789635
063713003,063713009,0.0011450548495011066
063713003,063713005,0.004258985806917279
063713003,063713103,0.0021300772669991005
063713003,063713102,0.0019989796091797888
063713003,063713101,0.002081483955711936
063713003,063715203,0.0020928589444898934
063713003,063713004,0.003031065263390573
063713004,063713005,0.002869032035067668
063713004,063713006,0.0010143320922429532
063713005,063713009,0.002887041886362146
063713005,063713007,0.0012648798028097841
063713005,063713006,0.0030385268142647435
063713006,063713007,0.004431052280479936
063713006,063714908,0.002048093735743217
063712908,063713009,0.0018730420922537967
063712909,063713009,0.0010099847441549007
063713009,063713011,0.0018799974655761297
063713009,063713010,0.003550790601760263
063713008,063713009,0.0023964703296037813
063713007,063713009,0.0018900556826794337
063712909,063713010,0.0011055771434687772
063713010,063713011,0.002421548410627807
063712904,063713008,0.004283993693309172
063713007,063713008,0.00441898259257412
063713008,063714908,0.0027103653567159165
063712901,063714908,0.0020490226464768917
063714905,063714908,0.0027280617024228633
063713007,063714908,0.00286582424892618
063714906,063714908,0.0026344837111349113
063714907,063714908,0.0029096053479700135
063714901,063714907,0.0012576836337406608
063714901,063714902,0.002088352586912228
063712101,063714901,0.0021740564727598544
063712101,063712105,0.0033140416297187674
063714902,063714907,0.0026878496263034596
063714902,063714903,0.0021151007181464824
063712105,063714902,0.0027459823628167455
063714906,063714907,0.0028627710210955837
063714905,063714906,0.0029274566579168253
063714903,063714906,0.0026538631493356122
063714903,063714904,0.0021320464545481663
063712106,063714903,0.002767247334495561
063712105,063712106,0.0021266733994464776
063712105,063712107,0.0020249391024728786
063712106,063714904,0.0010608687208142258
063712106,063712110,0.0009645978154027674
063712106,063712108,0.0013643342117697949
063712106,063712107,0.0014044767817110281
063714904,063714905,0.002741821863382193
063712203,063714904,0.003141700440473399
063712110,063714904,0.002759570487736831
063712204,063712901,0.0014128187270858574
063712204,063712205,0.002016552334621797
063712204,063714905,0.0019770031128004415
063712203,063712204,0.001406349407771761
063712901,063714905,0.0009871281868157203
063712901,063712904,0.0027363142307922908
063712901,063712902,0.0030487528360887708
063712205,063712901,0.0013527278107739423
063712903,063712904,0.0020814340825435736
063712904,063712908,0.002779026566280307
063712904,063712905,0.0021519796068609548
063712903,063715106,0.0020903901883731636
063712903,063712906,0.0013653460938036347
063712903,063712905,0.002698214041024901
063712903,063715009,0.0013444280467780887
063712903,063715008,0.0013525494135092153
063712902,063712903,0.001327797464344826
063712902,063715008,0.003098483964577717
063712206,063712902,0.0013614269198996803
063715008,063715009,0.0030950669419739464
063715007,063715008,0.0013538787713546234
063715009,063715103,0.0020733203633350114
063715009,063715101,0.0020108988992015887
063715007,063715009,0.0009832528012536945
063715006,063715009,0.0013385794022101466
063715006,063715007,0.002362380214149691
063712206,063715007,0.0020233766298970828
063712206,063715006,0.001051933825414063
063712206,063715004,0.0010268533117352477
063712205,063712206,0.00414305364206379
063712202,063712206,0.0013360447323067784
063712202,063712205,0.0013496388039160112
063712203,063712205,0.002106691217970768
063712307,063715006,0.0020672815657542427
063715005,063715006,0.0013469698202026876
063715004,063715006,0.0013385502812727796
063715004,063715005,0.0010321813503730726
063715003,063715004,0.0013669174969231019
063715002,063715003,0.0023598432676950375
063712202,063715002,0.001982907796692754
063715001,063715002,0.0023681039760338374
063712306,063715003,0.001991236247549425
063715003,063715005,0.0013469561108476818
063712202,063715003,0.0010039710586414899
063715001,063715003,0.0013411938761333474
063712306,063715005,0.0010321798585190701
063712307,063712310,0.002103133475114357
063712307,063715102,0.0013715439014010552
063712307,063712308,0.0013846279189944804
063712306,063712307,0.002711774146071014
063712307,063715101,0.002703049343115549
063715101,063715103,0.0013753521521684068
063715101,063715102,0.003327059139535721
063712310,063715102,0.0019673431690987713
063715102,063715104,0.0014035683449807187
063715102,063715103,0.0013302575084889869
063712308,063712309,0.0019975578109997184
063712306,063712308,0.003377731016776561
063712309,063712402,0.0016926657184844576
063712309,063712311,0.0014606088025486232
063712309,063712310,0.0023792729898482233
063712309,063712401,0.0013382444775393069
063712304,063712309,0.0027950356042320615
063712304,063712401,0.0020088491609010144
063712303,063712304,0.0028248106077136247
063712304,063712306,0.000989879290530261
063712304,063712305,0.0010039736207333486
063712305,063712306,0.004055909398580795
063712302,063712305,0.002719689516621345
063712301,063712305,0.0013527392171095226
063712305,063715001,0.0009870978651620667
063712302,063712303,0.001975742880764386
063712302,063714209,0.0012698746483368812
063712301,063712302,0.0033118705119890035
063712301,063714209,0.00025073530171188494
063712301,063715001,0.0021238450858693777
063710909,063712301,0.002853534139997029
063712201,063715001,0.0022804494900738963
063710909,063715001,0.0026946774150938967
063710910,063712201,0.0020050828381424413
063710909,063710910,0.004228502734607899
063710907,063710910,0.0013643705770897618
063710906,063710910,0.002946508108036485
063710910,063714309,0.0013019525443548434
063710909,063714209,0.0010127407733851242
063710909,063714208,0.004985077481038575
063710908,063710909,0.0013327417809126444
063710906,063710907,0.0020055051014942786
063710906,063714309,0.0010021821923084113
063710905,063710906,0.0020448298274507674
063710906,063714308,0.001998403517459216
063710905,063710907,0.0009982981377129672
063710903,063710905,0.0009531496783646995
063710905,063714308,0.000994057364452478
063710904,063710905,0.00213287126640831
063710905,063714307,0.0010103136222309233
063714308,063714309,0.004915643391645503
063714307,063714308,0.0032284366988028627
063714302,063714308,0.0020513629157582953
063712201,063714309,0.0022515200764350617
063712109,063714309,0.0017537596035694578
063714302,063714309,0.0024967038899873953
063712109,063712201,0.0022393790039840584
063712109,063712110,0.0026909360771082387
063712108,063712109,0.002354857150137237
063712107,063712109,0.0005453025917164814
063712109,063714302,0.0009372447744122485
063712201,063712202,0.0026913837241900602
063712201,063712203,0.0014152138768084954
063712110,063712201,0.001185368093772816
063712202,063712203,0.0029921978928438625
063712110,063712203,0.001982753948419457
063712108,063712110,0.00208456413593221
063712107,063712108,0.006059258176040708
063712107,063714306,0.0017420680501681234
063712107,063714302,0.002031455895413812
063714302,063714306,0.002670794800301425
063714305,063714306,0.0028811779160721612
063711008,063714306,0.002678152673200223
063714302,063714305,0.002786817548439711
063714303,063714305,0.0008313431867225111
063711008,063714305,0.0012238541260871146
063714304,063714305,0.0022439031706917847
063714303,063714304,0.0032806811092615513
063711008,063714304,0.0011483123402796075
063711003,063714304,0.004156712996798947
063710707,063714304,0.0025041412040735954
063711003,063711008,0.0021039725966138503
063711002,063711003,0.003088053490788272
063710708,063711003,0.0014394640576521221
063710707,063711003,0.0007938818953657197
063710708,063711002,0.0012912071091398128
063710612,063711002,0.0023042810813372772
063710611,063710612,0.0015874879628245122
063710610,063710611,0.0027084169602676566
063710608,063710611,0.0019476909582070183
063710612,063710708,0.0032600575566400754
063710612,063710705,0.000691558283140648
063710610,063710612,0.003929825085344448
063710609,063710610,0.003332710206937628
063710608,063710610,0.0013318248681049988
063710608,063710705,0.0006103788326433115
063710608,063710704,0.0003398767623605565
063710608,063710609,0.001815078645156963
063710609,063710705,0.001716371242464029
063710707,063710708,0.003272912586659065
063710705,063710708,0.002727444221775001
063710707,063714302,0.0004040505674099006
063710707,063714303,0.003050320252814977
063710706,063710707,0.002857000427958845
063710705,063710707,0.0005381265599520476
063710705,063710706,0.0030073334858877303
063710704,063710705,0.002956607194356878
063710704,063710706,0.0028851862225630445
063710704,063714001,0.002326882869436396
063710703,063710704,0.004574760985847091
063710703,063714001,0.0011358188849302654
063710702,063710703,0.0013724366030278931
063710706,063714301,0.0026243637261511854
063710706,063714001,0.0011771294403703598
063714302,063714303,0.007180586599584679
063710904,063714307,0.001323071567166998
063714302,063714307,0.005359374543836973
063710801,063714302,0.0012725068146282647
063710904,063714302,0.0005608789411461381
063710901,063714302,0.004139238432800907
063714301,063714302,0.007939637715134971
063710804,063710901,0.0016566582993748887
063710801,063710901,0.003026342631042243
063710901,063710902,0.002553273949292495
063710901,063710904,0.002174644372495214
063710801,063714301,0.0025512323677504747
063714006,063714301,0.0038300906372467545
063714005,063714301,0.0019405882989059942
063714001,063714301,0.003142007111336948
063714001,063714005,0.003742049565143032
063714001,063714002,0.001779517635958159
063710702,063714001,0.0032449812784379178
063710702,068613003,0.001463235871121665
063710702,063714002,0.0026333190895954104
063714002,063714003,0.0012184673036583992
063714002,068613013,0.0017545208068821582
063714002,063714004,0.001239780943984188
063714005,063714006,0.0032455906758673517
063714004,063714005,0.0018796526030640567
063714006,063714007,0.0039936354100133025
063714007,068612908,0.0022058098329040625
063714003,063714007,0.001161569669284014
063714004,063714007,0.001109337585919503
063714003,068612908,0.0005336850578810447
063714003,068612907,0.0014638035401235098
063714003,063714004,0.0020283437592632553
063714004,063714006,0.00018642256146117234
068613003,068613013,0.0015981116109015352
068613003,068613004,0.0017749400455572292
068613004,068613013,0.0011805832664852575
068613004,068613005,0.001533184178810491
068612907,068613013,0.00401002562274978
068613005,068613013,0.0011870642281189775
068613007,068613013,3.6091418825022765e-06
068613005,068613007,0.0007208595537290169
068612907,068612908,0.0015953056319337926
063714006,068612908,0.0013594259973241818
063710802,063710804,0.0014700082242825683
063710801,063710802,0.0025120843476740835
063710802,063714006,0.003749697983082309
063710801,063714006,0.0018395183547114903
063710801,063710804,0.004279942212222794
063710804,063710805,0.0032978242664363777
063710804,063710806,0.002611416972459377
063710804,063710902,0.0026785585452224992
063710805,063710806,0.004067803192554095
063710805,063714101,0.0033982372219028695
063710805,063714201,0.0026559993410326193
063710805,063710902,0.0014120390742245038
063714101,063714202,0.0017872121200460168
063714101,063714201,0.0016688464567087263
063714202,063714203,0.0029721810722370505
063714201,063714202,0.00204121507426773
063714202,063714205,0.0013648905972404026
063714202,063714206,0.0018041167875998906
063714202,063714207,0.0009731864228029378
063714201,063714207,0.0024481744473703517
063710903,063714201,0.0011704681841347515
063710902,063714201,0.002544462537211937
063710902,063710903,0.004101594278830991
063710903,063710904,0.0015819821331006902
063710903,063714207,0.0013622912013002138
063710903,063710908,0.0013727093481705214
063710903,063710907,0.003428200094139464
063710907,063710908,0.0036971023836894477
063710908,063714208,0.0013702782513329904
063710908,063714207,0.002321080627287842
063714208,063714209,0.0010666115701211969
063714207,063714208,0.0028559507967310816
063714207,063714209,0.0010465027640734722
063714206,063714207,0.0024143689889784066
063712401,063714204,0.0014416381248660332
063714203,063714204,0.00209363547468255
063714204,063714205,0.003971926184023563
063712401,063714205,0.00014518808232184322
063714203,063714205,0.0007720259534262611
063712303,063714205,0.0014645394262306868
063714205,063714209,0.002127457627707984
063714205,063714206,0.003056115193946504
063714206,063714209,0.003066725646289566
063712303,063714209,0.0013854778957955757
063712303,063712401,0.0020439350305973586
063712406,063712407,0.0029819864922476314
063712401,063712407,0.0032986329618186097
063712407,063712408,0.004782863823146119
063712408,063712503,0.004646796575540036
063712408,063712502,0.0026911832167266286
063712408,063712501,0.0028038325307232726
063712405,063712408,0.00016661045855196553
063712406,063712408,0.0031121668506414474
020770201,063712503,0.004046863199180782
063712503,063712504,0.0053220094700361315
063712502,063712503,0.002995658461471675
020770201,063712504,0.0018457814526073044
063712504,068401604,0.00581822427748782
063712504,063712505,0.0018988601862397958
063712502,063712504,0.003479471171213393
063712501,063712502,0.006052046098927923
063712501,063712507,0.00277955872771665
063712405,063712501,0.005452872838843252
063712502,063712505,0.001851805031791077
063712502,063712506,0.0006230310664716395
063712505,068401601,0.004081903060663697
063712505,063712506,0.004607696475006731
063712404,063712602,0.0017392167689826517
063712404,063712405,0.005549265084241957
063712404,063712406,0.001511619825716732
063712403,063712404,0.003643007004832313
063712402,063712404,0.002615551643469217
063712404,063712601,0.00022285597538869515
063712405,063712602,0.0024654337547631564
063712405,063712406,0.0029451552055501217
063712401,063712406,0.00466236242644499
063712401,063712402,0.0048656822026138845
063712402,063712403,0.004091950193020498
063712311,063712403,0.0019511604342087993
063712403,063712601,0.004109352215759395
063712403,063715104,0.0015271208798500226
063712311,063712402,0.0010524859457554953
063712310,063712311,0.003019915989741105
063712311,063715104,0.001476436139830174
063712310,063715104,0.0012885619826812468
063712601,063715104,0.0006053769006729751
063715104,063715105,0.002777968788239393
063715104,063715106,0.0013320886248134002
063715103,063715104,0.0020547289134743795
063715103,063715106,0.0027464411653795005
063715105,063715106,0.0030603888857369133
063715106,063715107,0.004046392227243201
063712906,063715106,0.0009960244789073505
063715105,063715109,0.002754183395751302
063712601,063715105,0.004082875005910518
063715105,063715107,0.0010095514714309182
063712601,063712603,0.0024922380636194594
063712601,063712604,0.002726772747982779
063712601,063712602,0.0032331895648228188
063712604,063712606,0.001129019400167722
063712604,063712605,0.0028721629284621532
063712603,063712604,0.0027567436798268457
063712604,063715109,0.004084793604432398
063712606,063712608,0.0034999834381401152
063712606,063712607,0.002713163576475065
063712605,063712606,0.002067297465949234
063712603,063712606,0.0023221287100704557
063712508,063712608,0.0007776602927057818
063712608,068401504,0.005847054081211599
063712607,063712608,0.002514652498256639
063712608,063712708,0.0016772412138735036
063712605,063712608,0.0009964221481285364
068401505,068403902,0.0020035459016103686
068401505,068403904,0.0020379629788734614
068401505,068401506,0.0009818044472928399
068401505,068401507,0.0010033826605507115
068401505,068401508,0.001048974489861134
068401504,068401505,0.00623766166488843
068401507,068401508,0.00286597547732624
068401508,068401509,0.003503384121201711
068401508,068401510,0.0015893073575014268
068401504,068401508,0.0007351333831744038
068401509,068401510,0.001423450926879983
068401510,068401601,0.00015334165652049702
068401510,068401511,0.0023136946288987836
063712508,068401510,0.004159674146911443
068401504,068401510,0.00019115681344269406
063712506,063712508,0.0023702113170889607
063712507,063712508,0.002119697944226206
063712508,063712607,0.0041367725170841545
063712507,063712607,0.0010065129062565219
063712603,063712607,0.003977808115418782
063712602,063712603,0.004191939452704919
063712507,063712602,0.0033737629906092446
063712506,063712507,0.004843207184445777
063712506,068401601,0.002405103342999448
068401601,068401604,0.0035147128568340045
068401601,068401602,0.0032168869167243166
068401511,068401601,0.002534350606216346
068401602,068401603,0.002052155587425373
068401602,068404001,0.003160461866419349
068401511,068401602,0.002033629723896685
068404008,068404009,0.0010420089409434081
068404008,068404010,0.0010373887080067084
068404007,068404008,0.0021836292165056575
068401603,068404008,0.00322570539931525
068404001,068404008,0.0010373779053821303
068401801,068404009,0.0014501223754674769
068404009,068404010,0.003151819134583879
068404006,068404009,0.0004119568213728162
068404007,068404009,0.0020654715040937174
068404006,068404007,0.003258110451845939
068404001,068404007,0.002144691623355811
068404002,068404007,0.0010238310124514873
068401801,068404006,0.001362668267101688
068404005,068404006,0.0029371936510436
068404002,068404006,0.0010287409808302406
068401801,068404005,0.0013517807013986103
068404004,068404005,0.0022251651942032644
068404002,068404005,0.0010190003485096694
068404001,068404002,0.001967167145068152
068401509,068404001,0.0010329645403863732
068401511,068404001,0.0010146946117400267
068401509,068401511,0.0013466811286770883
068401509,068404002,0.0010378395033460801
068401507,068401509,0.0013541317441497606
068404002,068404003,0.0010041675540397605
068403910,068404002,0.0009694142461554989
068401506,068404002,0.0010049947981047767
068401507,068404002,0.0010238338246754716
068403910,068404003,0.000981826258140288
068403909,068403910,0.002316480103541311
068403905,068403910,0.000986692196705261
068401506,068403910,0.00135316906467911
068401506,068401507,0.0042207593389883055
068401506,068403905,0.0014226671985860114
068401506,068403904,0.0014367418917231754
068403905,068403906,0.0014301593670459048
068403905,068403909,0.002056848023044371
068403904,068403905,0.0030527567369351746
068403909,068404003,0.002071080685532585
068403908,068403909,0.002315233146493083
068401801,068403908,0.0015257827098937083
068403907,068403908,0.002313778678926451
068403908,068404003,0.0006797810992119679
068403906,068403908,0.0010330033219950103
068401801,068404003,0.0003177405765547244
068404003,068404004,0.003048107457522396
068401801,068404004,0.004105682384147947
068401710,068402506,0.002305555092608334
068401710,068402501,0.0011814028335175308
068401709,068401710,0.002769058875530397
068401710,068401713,0.0005257465764880714
068401710,068402507,0.0024268157735036324
068401710,068401712,0.0012959525992982048
068401710,068401711,0.006547207811416522
068401710,068401802,0.0025479870201858016
068401710,068401801,0.004863724139298199
068401707,068401710,0.005140491200468407
068401707,068401709,0.0031500910244746634
068401707,068401801,0.005374727467108738
068401707,068401708,0.003739793341600476
068401703,068401707,0.0008795138449332579
068401704,068401707,0.0012740192932232225
068401706,068401707,0.0036857655258752415
068401706,068401801,0.006267317981175575
068401704,068401706,0.0030597895809790906
068401701,068401706,0.0026960607613753925
068401703,068401704,0.0034722325195017095
068401701,068401704,0.0012649283489158212
068401709,068402501,0.002159444503643365
068401708,068401709,0.001771069100300318
068401708,068402501,0.003236153524979397
068401703,068401708,0.0016164792396585175
020700101,020700201,0.0017090012370927434
020700101,020700102,0.002770029147389333
020700101,068402501,0.0026678310356007765
020700101,020770509,0.002500775984311695
020700101,020770501,0.00048723711687969154
020770509,020770510,0.0019462398196108258
020770508,020770509,0.0029596816226602164
020770501,020770509,0.002020572949108992
020770501,020770506,0.002934501487795282
020770501,020770505,0.0010968995482944915
020770501,020770502,0.0030705627432179965
020770209,020770501,0.0010397696139661824
020770501,020770508,0.0017952798336274677
020770501,068401703,0.007559879398217783
068401703,068402501,0.0004542778244652382
068401702,068401703,0.0023262663812686885
068401701,068401703,0.0035803670488402336
068401801,068404010,0.002387414622159267
068401701,068404010,0.001196807327286955
068401608,068404010,0.0011690567236851942
068401607,068404010,0.0011448148746059338
068401603,068401607,0.0010141007414133205
068401603,068401604,0.0021977978181076914
068401607,068401608,0.002921919336142994
068401606,068401607,0.0011492511561438448
068401604,068401607,0.0019676789013472833
020770208,068401604,0.00011850407331096854
068401604,068401605,0.004301904049530638
068401604,068401606,0.0014888640311392905
068401605,068401606,0.004298006974391566
068401606,068401701,0.0015503457810844652
068401606,068401609,0.0015220384717376557
068401606,068401608,0.0011506324832665884
068401609,068401701,0.004372430010806646
068401608,068401609,0.0026923072791193415
068401608,068401701,0.00017294446080315883
020770209,068401701,0.0038424178210917964
068401605,068401701,0.0004598471771842813
068401701,068401801,0.0009718159668401674
068401701,068401702,0.002454070166714381
020770502,020770503,0.0027667116619680752
020770401,020770502,0.002917559099388579
020770209,020770502,0.0033951845745819583
020770208,020770209,0.002615080098297121
020770208,068401605,0.0038314672174004855
020770401,020770503,0.0018508272379685426
020770503,020770505,0.0019710457809306234
020770505,020770507,0.0030889427014372615
020770505,020770506,0.001937446759913074
020770506,020770507,0.003954279629177925
020770506,020770508,0.0029682573504140387
020770508,020770510,0.002811414993631944
020770507,020770508,0.001015397578547001
020770510,020770605,0.003712895050026017
020770507,020770510,0.0008805004419448069
020700102,020770510,0.001748326307256352
020770507,020770605,0.001797875701323818
020770606,020770608,0.002373363563297188
020700103,020770606,0.0014573246860797504
020770605,020770606,0.005215050885516123
020700103,020770605,0.0025137391127029196
020700105,020770608,0.0009857528034676703
020700104,020770608,0.002313179872793063
020700105,020700108,0.002712259418843347
020700105,020700106,0.0020032369444978283
020700104,020700105,0.002848744749005764
020700108,020700208,0.0025710839944431117
020700107,020700108,0.0012158199969571366
020700106,020700108,0.0013245878132063461
020700104,020700106,0.0024255995018188916
020700103,020700104,0.002854242352790622
020700106,020700107,0.005550556648321661
020700103,020700106,0.001447841706669203
020700106,020700203,0.0011393820742827342
020700107,020700206,0.005246595785128549
020700107,020700203,0.0011846119566678534
020700103,020700203,0.001464007339533397
020700102,020700103,0.003954356005170045
020700102,020700202,0.001221944660209809
020700102,020700201,0.0017211576421343518
020700201,068402502,0.000572765220221857
020700201,020700204,0.0009512823608383983
020700201,020700202,0.0034882754537851396
020700201,068402501,0.004528730069895271
020700202,020700204,0.0014534425317019825
020700202,020700203,0.0034297850593580986
020700204,020700205,0.0025113569373108116
020700204,020700206,0.001165597227466246
020700204,068402502,0.003494707336357948
020700203,020700204,0.0014742501383039968
020700203,020700206,0.0010958863554266474
020700206,020700208,0.00406209200129037
020700206,020700207,0.0015329827901947605
020700205,020700206,0.003981711932153936
020700207,020700208,0.0013842056263181246
020700207,068402702,0.00181091592347862
020700207,020700302,0.004985946196624685
020700207,020700301,0.0006286205912748072
020700205,020700207,0.0037831376468327625
020700205,068402702,9.016753958115942e-05
020700205,068402701,0.002816861191465922
020700205,068402502,0.0005036413152307827
020700304,020700403,0.001454327258296982
020700304,020700308,0.0011204330054269732
020700304,020700307,0.002567241749984313
020700304,020700305,0.0017119866101286364
020700303,020700304,0.004467966486733168
020700303,020700402,0.0014499675403591913
020700303,020700305,0.001321936659473747
020700303,068402703,0.0006145132469103236
020700303,068402702,9.079027063262818e-05
020700302,020700303,0.005746875236839551
020700302,068402702,0.0009701425881808352
020700301,020700302,0.0022648358388716434
020700301,020700402,0.001854945472218595
020700301,020700401,0.0029050350885779235
020700208,020700301,0.0014819972778078534
020700208,020700401,0.00277559172827794
020700401,020700402,0.003906612078130877
020700402,020700403,0.006755819675860543
020700403,020700404,0.004325603336837466
020700308,020700404,0.005279832672645478
020630107,020700308,0.0036362396435670225
020700307,020700308,0.005908808832513926
020630107,020630108,0.0025445218785151743
020630107,020700306,0.0013035518758095237
020630106,020630107,0.004551801742809534
020630107,020700307,0.002675233479038165
020630105,020630106,0.0062612516264451586
020630106,020630108,0.002377981975579097
020630201,020630306,0.002471870487982775
020630308,020630310,0.0021092416780318494
020630307,020630308,0.0025268897550873954
020630307,020630310,0.0008875446517237815
020630304,020630307,0.001248073163095313
020630306,020630307,0.0024556220062081934
020630310,020630311,0.0021036974116909286
020630303,020630310,0.0008904781757418942
020630304,020630310,0.001460570333823959
020630303,020630304,0.003765375089604729
020630105,020630304,0.0013758312656979945
020630304,020630306,0.001324639324427832
020630304,020630305,0.0012545615591970012
020630305,020630306,0.0026315415899552104
020630105,020630305,0.0011700139357200328
020630105,020630302,0.0012943335973618713
020630105,020630303,0.001326473272303908
020630105,020630301,0.0018635411925373648
020630105,068403007,0.00031911015091188797
020630105,020630109,0.0022133167830481397
020630105,020630108,0.0023722211089464
020630302,020630313,0.0008972945343818981
020630302,020630311,0.0023128570374001227
020630302,020630303,0.005656837844364349
020630301,020630302,0.003676839609451623
020630303,020630311,0.00037102229898222427
020630311,020630313,0.002461647124024571
020630313,068403205,0.002604002595305142
020630301,020630313,0.0019086280720130493
068403204,068403205,0.00206040937932836
068403106,068403205,0.004316834658789694
068403105,068403205,0.0005214641769138603
020630301,068403105,0.0036988970274344788
020630301,068403007,2.0612328431896922e-05
020630108,020700306,0.0017203182467590194
020700306,068402705,0.0015986446040512706
020700306,020700307,0.001676695237373827
020700305,020700306,0.0029023823000059513
020630108,020630109,0.0038762942134003605
020630108,068403006,0.0008434084952399204
020630108,068402705,0.0007643663454430306
020630109,068403007,0.0025638473159566356
020630109,068403006,1.956475278081884e-06
020700305,020700307,0.002521082961990327
020700305,068402705,0.00022227453759984117
020700305,068402704,0.003046431806162644
020700305,068402703,0.0010048993228768217
068402704,068402705,0.00310183804253409
068402704,068402706,0.0007961758138137457
068402704,068402707,0.002343934980169879
068402703,068402704,0.0035059349136923965
068402706,068402707,0.0026389350585755023
068402703,068402707,0.0007710884506322484
068402702,068402707,0.00010062439584589464
068402707,068402713,0.0023734034619906797
068402707,068402708,0.0026487692724030953
068402705,068402706,0.000668815538677037
068402706,068403001,0.0026474948637708494
068402706,068402713,0.0014905834870494906
068403005,068403008,0.003766766280494974
068403005,068403006,0.0014202661551828354
068403004,068403005,0.0013271817119996838
068403001,068403005,0.00352132542495299
068402705,068403006,0.005453235326690775
068402705,068403001,0.0034632254922374404
068403006,068403007,0.004322971647949166
068403001,068403006,0.00028835539361171805
068403007,068403105,0.005517587870169861
068403007,068403008,0.0041657419454373575
068403105,068403106,0.004306102109077925
068403105,068403107,0.001610602342420088
068403104,068403105,0.0025123355280387547
068403106,068403204,0.001957986506672579
068403106,068403107,0.0033548628379589814
068403108,068403204,0.0015908386622234126
068403107,068403204,0.0009710882918010095
068403107,068403108,0.002575705791374744
068403104,068403107,0.002601176330775754
068403108,068403109,0.0035279114788622883
068403104,068403108,0.0028133435921845733
068403104,068403109,0.0014066310202575582
068403103,068403104,0.0012417972106762447
068403008,068403104,0.002542268887333748
068403013,068403104,0.002415335707088332
068403008,068403013,0.0012020773338562002
068403008,068403009,0.0017363395945613515
068403013,068403103,0.0007648036217946637
068403012,068403013,0.0013509694298493612
068403009,068403013,0.003194766762726662
068403109,068403113,0.002361515527512381
068403109,068403112,0.0011663970062499125
068403113,068403201,0.0014175920131650407
068403110,068403113,0.002368244920641584
068403112,068403113,0.0014067314217261892
064270404,068403201,0.0001670243584205788
068403110,068403201,0.0020562568726982685
068403103,068403112,0.002878775281280278
068403102,068403103,0.0012230832218894769
068403012,068403103,0.002105418997496838
068403110,068403112,0.0014720856607235912
068403111,068403112,0.0011664079457497135
068403010,068403012,0.0032384250233190503
068403010,068403011,0.0007514204903825677
068403009,068403010,0.0017470041634734977
068403010,068403014,0.0032426114305818756
068403004,068403010,0.0008779831144449092
068403011,068403014,0.00228107420101014
068403004,068403014,0.0011384442583491276
068403003,068403014,0.0027404280592031966
068403004,068403009,0.0032165335768286054
068403003,068403004,0.0012162146996167206
068403001,068403004,0.005255635663218993
068402808,068403001,0.0006763044871674036
068403001,068403002,0.003222824742689111
068402713,068403001,0.004279497359471416
068402712,068403001,0.0025219231741604696
068402712,068402713,0.002498788411293689
068402708,068402713,0.0008229578864707985
068402712,068402808,0.001083648127510658
068402708,068402712,0.0016156124834712559
068402712,068402809,0.002445111597105669
068402711,068402712,0.0019887722917869936
068402809,068402810,0.0033349476317718735
068402711,068402810,0.002352681085074866
068402805,068402810,0.0012615749820639316
068402608,068402810,0.0013332440270423375
068402810,068402811,0.0021217538683718892
068402605,068402810,0.0006049553409674885
068402608,068402805,0.0011807131330722953
068402605,068402608,0.002324838374615982
068402607,068402608,0.0015440186456638727
068402607,068402805,0.00284264522187225
068402605,068402607,0.0003453441091687826
068402606,068402607,0.002867795541383272
068402511,068402607,0.002673219721522428
068402509,068402607,0.0014451882616301232
068402605,068402811,0.0002231344984677034
068402604,068402605,0.0019950756367308298
068402605,068402606,0.0016752693429949725
068402604,068402811,0.002926657283556965
068402603,068402604,0.00032037674802973964
068402604,068402606,0.001701077164748246
068402603,068402606,0.0018636308170688115
068402602,068402606,0.0030166525915072233
068402509,068402606,0.0013809870974127478
068402504,068402603,0.00041486175659268454
068402603,068402811,0.0018483900706099483
068402505,068402603,0.0007743496515795489
068402602,068402603,0.0014078761209314326
068402711,068402811,0.0005841285371921022
068402710,068402811,0.004267327857693581
068402503,068402811,0.00077725514596783
068402504,068402811,0.0007489005881201446
068402709,068402711,0.0005841282685702542
068402708,068402711,0.0023517664903937485
068402710,068402711,0.001988546596500376
068402702,068402708,0.0008908402727015217
068402708,068402709,0.002521799861571839
068402702,068402709,0.003610374875402659
068402709,068402710,0.003012465419861084
068402701,068402709,0.002524755046796315
068402702,068402703,0.004110649296696801
068402701,068402702,0.002505322982556792
068402701,068402710,0.001258692784187688
068402503,068402701,0.00292656791539797
068402502,068402701,0.0005070560255706193
068402503,068402710,0.0019687363584323715
068402503,068402504,0.0032601225311520614
068402502,068402503,0.0028804833993366936
068402504,068402505,0.004906577422222864
068402505,068402602,0.0034063132671950476
068402505,068402508,0.0008557705793287359
068402502,068402504,0.0020788634538502987
068402504,068402506,0.0010414020886579723
068402504,068402508,0.0013304945070922924
068402502,068402506,0.003627012139764167
068402501,068402502,0.000725213667613211
068402501,068402506,0.005183382014630468
068402506,068402508,0.0010608205230974626
068402506,068402507,0.007041144568683535
068402507,068402508,0.003211624497779929
068402509,068402602,0.001055487081221271
068402601,068402602,0.0009190613411722685
068402508,068402602,0.0010381921349074885
068402509,068402601,0.0010190925471293892
068402508,068402601,0.0011437435809576913
068402508,068402509,0.00253853417344261
068401705,068402508,0.002595906770068062
068402509,068402511,0.0016272829021107334
068402509,068402510,0.0018251083982421448
068401705,068402509,0.0023691577598158806
068401705,068401711,0.002718009577240607
068401711,068401712,0.0025622724627237816
068401712,068401713,0.002383950830100839
068401705,068401712,0.004701924894442218
068401705,068402510,0.001396096475982993
068401705,068402410,0.0019953903255911084
068401705,068401713,0.001556043518535509
068402510,068402511,0.004099940686490194
068402511,068402804,0.0033070870555317994
068402510,068402804,0.0018387597942690172
068402410,068402510,0.002699928368926065
068402410,068402804,0.0010170870846704474
068402409,068402410,0.0035393010023047227
068401713,068402410,0.0015921659885788668
068401713,068402409,0.000969946958279678
068401713,068401805,0.0011478614947526152
068401713,068401804,0.0015940280001173518
068401713,068401803,0.0009187964725389358
068401713,068401802,0.00048442195639090865
068401804,068401805,0.004884608821954703
068401803,068401804,0.004278687237929679
068401804,068401806,0.00222950360135167
068401805,068402409,0.0008507731742715872
068401805,068402103,0.0038540599215025964
068401805,068401806,0.0009033177519233655
068402103,068402409,0.001384638420725448
068402103,068402407,0.0026053164406469025
068402103,068402104,0.0015078438380509963
068402102,068402103,0.0017036026364498527
068402407,068402408,0.0028323726588405248
068402406,068402407,0.001645883663276201
068402407,068402409,0.0019698696283563075
068402105,068402407,0.0018861603097005673
068402104,068402407,0.0016696225786708965
068402408,068402802,0.0019971232614891476
068402408,068402801,0.00015000918100546387
068402404,068402408,0.0022900778816563796
068402408,068402803,0.0009054777681899415
068402406,068402408,0.0015929534033417008
068402408,068402409,0.002029190749242396
068402409,068402804,0.0018409477001038654
068402409,068402803,8.922162975170695e-05
068402802,068402803,0.0029201367431176146
068402803,068402804,0.004080563769551234
068402802,068402812,0.001358277259917097
068402802,068402806,0.0026211555886137316
068402802,068402807,0.001641130688551326
068402802,068402805,0.0014258825652727443
068402801,068402802,0.002828191629543022
068402802,068402804,0.0024813403122579164
068402801,068402807,0.0037896966636175675
068402801,068402901,0.0024185713799440307
068402404,068402801,0.0025446681688004805
068402807,068402903,0.0019729828460903214
068402807,068402812,0.005533804841878102
068402807,068402901,0.0024120372695663078
068402808,068402812,0.0038219850333035344
068402812,068402903,0.004610514704789884
068402806,068402812,0.002739719000997599
068402806,068402808,0.002632115932782924
068402805,068402806,0.0027350098032266085
068402804,068402805,0.0033891032928332746
068402805,068402809,0.0028574657367770413
068402808,068402809,0.0040110241416691315
068403002,068403003,0.0026464073509831747
068402808,068403002,0.006250491581995957
068402808,068402908,0.004985558812629867
068402808,068403003,0.0021539549513767075
068402808,068402907,0.0028563410557287693
068402808,068402904,0.0028808436965621974
068402808,068402903,0.0014481384437426026
068402908,068402911,0.0008707267894845628
068402908,068402909,0.0017169217837961104
068402908,068403011,0.003242270518180768
068402907,068402908,0.0030153339245884443
068402910,068402911,0.003702233184868718
068402909,068402911,0.002207925393880632
068402911,068403011,0.0017208850474250122
068403012,068403102,0.002219733932864621
068403012,068403101,0.0003410595072540388
068403011,068403012,0.001769955899549245
068403011,068403101,0.0010911528050512353
068402910,068403011,0.001164017074097377
068403102,068403111,0.0034022402661598606
068403101,068403102,0.001580322392953515
064270401,068403111,0.0006434686847350076
068403110,068403111,0.0031599785218167677
064270113,068403111,0.00043161618043643967
068403101,068403111,0.0006843902113483747
064270401,068403110,0.0009829483311329524
064270404,068403110,0.0028078389690087977
064270404,064270410,0.001557303596509102
064270401,064270404,0.0026058634832429317
064270403,064270410,0.0027407777350113623
064270401,064270403,0.002214110749147102
064270401,064270402,0.0016060550245964663
064270113,064270401,0.0035125265335540605
064270113,068403101,0.003282920050848427
068402910,068403101,0.0025486452479894783
064270113,068402910,0.00039432556480041195
064270111,068402910,0.0028368934975222123
068402909,068402910,0.0024222101491941555
064270113,064270402,0.003110028835562906
064270112,064270113,0.005284503798899898
064270111,064270113,0.00029651058085062453
064270402,064270403,0.002754841841369056
064270305,064270402,0.0026164290504188683
064270301,064270402,0.001298097745486146
064270112,064270402,0.0009435892336127774
064270302,064270305,0.0012572914050841193
064270301,064270305,0.0027586494794824366
064270301,064270302,0.00127144967032275
064270218,064270301,0.002757026857616415
064270112,064270218,0.0015658071231266695
064270112,064270217,0.002854304815841563
064270111,064270112,0.007293860858398235
064270109,064270111,0.0019024462415360073
064270111,068402909,0.0020216164375943774
064270108,064270111,0.0013899570128727847
064270110,064270111,0.00241495687777189
064270111,068402906,0.001895212246484705
068402906,068402909,0.0032161101430692647
064270110,068402906,0.0008772680001198874
068402906,068402907,0.0027741166480548035
068402905,068402906,0.002574296556425713
068402904,068402906,0.0019450477778976637
068402907,068402909,0.002241635407308474
068402904,068402907,0.004329995467409963
068402904,068402905,0.0035567284194673657
068402903,068402904,0.002589329115570482
064270110,068402905,0.000797375408526237
065680409,068402905,0.002778418775821625
065680408,068402905,0.0003923244678115654
068402903,068402905,0.0039014342866236385
064270110,065680409,0.006231785109678778
065680409,065680410,0.002288004286130753
065680408,065680409,0.004963466184478691
064270106,064270110,0.00016941720875719805
064270109,064270110,0.0015843430135192807
064270107,064270110,0.001855413292897259
064270108,064270110,0.0009979134495915506
064270105,064270110,0.0004961994793775509
064270110,065680410,0.0008413035168806759
064270108,064270109,0.002757871317192126
064270216,064270217,0.0026199796752850624
064270215,064270217,0.0008558035286713756
064270217,064270218,0.0031061453307493093
064270108,064270217,0.0011902236679281208
064270215,064270218,0.0022270197413973548
064270215,064270302,0.0013326718827005898
064270214,064270215,0.0031764280939439267
064270213,064270215,0.0007615484965686433
064270215,064270216,0.0017537592035879272
064270208,064270209,0.0012715523231391012
064270209,064270214,0.002249195877831987
064270209,064270210,0.0013467800630746806
064270210,064270214,0.001955358473230503
064270213,064270214,0.001759403907060557
064270213,064270216,0.002700543735703621
064270212,064270216,0.00016186062263045964
064270107,064270216,0.0028278091623283666
064270107,064270108,0.004998153425896874
064270104,064270107,0.00019089554306943573
064270106,064270107,0.0021466516063659105
064270104,064270106,0.002917200687709677
064270105,064270106,0.0007817065295717357
064270104,064270212,0.0019424276102582981
064270102,064270104,0.00022720177362302332
064270103,064270104,0.001818119952012456
064270104,064270105,0.001120509756787045
064270201,064270212,0.001900273529107186
064270211,064270212,0.0014909493926333443
064270212,064270213,0.001775693114851622
064270210,064270211,0.0014919134051088404
064270201,064270211,0.0007515226168867497
064270211,064270213,0.0007427612846204097
064270210,064270213,0.0006097748684688505
064270210,064270219,0.0011663156230260305
064270204,064270210,0.0011316651684723335
064270201,064270210,0.0010139363995182436
064270206,064270208,0.0009034931733823498
064270208,064270219,0.0025415552788327113
064270205,064270219,0.0009101015131399382
064270204,064270219,0.001858704683188944
064270203,064270204,0.0009058587511090555
064270201,064270204,0.0012379620547035269
064270203,064270205,0.0015780787155017298
064270203,064273009,0.0009114613035469968
064270202,064270203,0.0015527343414206958
064270206,064273010,0.0009123205662945533
064270205,064270206,0.0015623402097144677
064270205,064273010,0.000893363617289366
064273009,064273010,0.001571886206316874
064273008,064273009,0.0009189502642036656
064273006,064273009,0.0015731144750739815
064270202,064273006,0.0018152202980683363
064270201,064270202,0.0032900036390757677
064270201,064273006,0.0018562755976809812
064270102,064270201,0.002980984380281651
064270102,064270103,0.0020017236327331944
064270101,064270103,0.0010661362157322364
064270103,064270105,0.0011221094746320577
064270102,064273015,0.0013952372370868748
064270101,064270102,0.002103672208992835
064270101,064273002,0.0011375569976718462
064270101,065680414,0.001606199650194482
064270101,065680410,0.0004537966733143936
065680410,065680414,0.0013998035764756023
064270105,065680410,0.002862816433555705
065680410,065680411,0.0004897556409342436
065680410,065680413,0.0025597949887651503
065680408,065680410,0.003609871600505147
065680408,065680413,0.0009285990070233026
065680406,065680408,0.00421971913679718
065680407,065680408,0.004051309469990783
065680408,068402903,0.003807061005339741
065680406,065680407,0.0027514229460741187
065680401,065680407,0.0031148804727344254
065680407,068402902,0.0021327586564615967
065680407,068402903,0.0022294466270227223
065680401,068402302,0.0018607805702149005
068402302,068402902,0.0012706431923617178
068402302,068402402,0.004001933880001372
068402302,068402304,0.002084359590118142
068402302,068402311,0.0010291973494847306
068402302,068402303,0.0005081452566129127
068402301,068402302,0.0026538685975325367
068402402,068402902,0.0028091057225783237
068402402,068402403,0.0020101552794208164
068402401,068402402,0.0031894042278788285
068402301,068402402,0.0009062133315577243
068402402,068402901,0.001747484742291338
065680401,068402902,0.0007662870286980207
068402902,068402903,0.0037108502515978813
068402901,068402902,0.0022432329594002038
068402901,068402903,0.004284076391825224
068402403,068402404,0.0034962216516402542
068402404,068402901,0.0028798179231044017
068402404,068402405,0.0035344804371816286
068402404,068402406,0.0011176129126000095
068402403,068402901,0.0022153978690437853
068402401,068402403,0.0031547769260932457
068402110,068402403,0.0015323279936031078
068402403,068402405,0.0010493382166056294
068402110,068402405,0.0007063273143091862
068402405,068402406,0.0031951201235822123
068402110,068402406,0.0016998903709568424
068402105,068402406,0.003434271036715006
068402105,068402110,0.0001584001735598531
068402105,068402109,0.0011744467706627502
068402105,068402108,0.00038875051402424937
068402104,068402105,0.0031833432337995886
068402105,068402106,0.001601703501732199
068402104,068402106,0.0015749723461599672
068402102,068402104,0.0025163643166679485
068402106,068402108,0.0016772650721626758
068402106,068402107,0.0031020994140411266
068402102,068402106,0.0015207187631289224
068402101,068402106,0.0031436521603140973
068402107,068402108,0.0030518334559897584
068402002,068402107,0.0031003058210446748
068402012,068402107,0.0015944970327909358
068402101,068402107,0.0015939685729446742
068402108,068402109,0.0048667205461788415
068402108,068402204,0.0014374084884515186
068402109,068402110,0.004883538983556929
068402109,068402205,0.0005512405409784559
068402109,068402204,0.0006329551519948456
068402110,068402401,0.003260295290815919
068402110,068402205,0.00151021050422568
068402301,068402401,0.003136974990761438
068402301,068402311,0.002078792375715048
068402206,068402301,0.0010576276129818294
068402205,068402301,0.0035708070231416193
068402205,068402206,0.002059771568510115
068402204,068402205,0.0035924871055953997
068402204,068402206,0.0018128391119189501
068402002,068402204,0.0036147720624954234
068402203,068402204,0.002077746683825662
068402013,068402204,0.0018128355480000627
068402002,068402013,0.003090618597788959
068402001,068402002,0.003624934626044364
068402001,068402012,0.003917809611286621
068402001,068402004,0.002097994774645614
068402001,068404204,0.0009174925467987437
068402001,068404107,0.000895196375462546
068402012,068404108,0.0024891258382468535
068402012,068404107,0.0009283840635989594
068402012,068402101,0.002097296161862685
068401810,068404108,0.0021062848315976535
068404107,068404108,0.0021144746648674257
068404106,068404108,0.0025004947010692736
068404103,068404106,0.0016265101491068094
068404103,068404104,0.0008589536837264555
068404101,068404103,0.002506925957683192
068404106,068404107,0.0009278283887987911
068401809,068404106,0.0010029188583858112
068404106,068404206,0.001011210180969911
068404102,068404106,0.0010764752726757326
068404105,068404106,0.002900217881054845
068404105,068404207,0.001065838675949385
068404104,068404105,0.001834360799841571
068404104,068404207,0.0025785516409344766
068404101,068404104,0.00020037104364122442
068401212,068404104,0.003645756623213893
068404107,068404204,0.0010479663363868986
068404107,068404205,0.001057026115041528
068404107,068404206,0.0009060539450662678
068404205,068404206,0.002697490851354933
068404206,068404207,0.003581724249990486
068404202,068404206,0.0010127909159455203
068404201,068404207,0.0016995764773525184
068401212,068404207,0.0017660758218207991
068403805,068403806,0.0010666145793591765
068401212,068403805,0.004679581576417166
068403804,068403805,0.0036462554845657757
068401212,068403804,0.00104786310797114
068403803,068403804,0.0010396632763381801
068401310,068403804,0.0018124818358533667
068401308,068403804,0.0018451354027156218
068401212,068404101,0.0005250171439012651
068401212,068403806,0.0009735478381511838
068401212,068404201,0.0023271743737420937
068401208,068401212,0.0020973080075729726
068401211,068401212,0.0035814705857389814
068401206,068401212,0.0015390761974550088
068401309,068401310,0.001812462069379171
068401308,068401309,0.0025304137588558887
068401210,068401309,0.0034561219073104953
068401304,068401309,0.0009064901635544083
068401211,068401310,0.0010398772555041316
068401308,068401310,0.0010397850277978008
068401308,068403802,0.001047861180518602
068401308,068403801,0.0010127367391528851
068401307,068401308,0.0015084968214392302
068401304,068401308,0.0018341987438548612
068403803,068403806,0.001616084863014985
068403803,068403808,0.0010396714210577963
068403802,068403803,0.0016160539010630984
068403806,068404101,0.0016596480686818277
068403806,068403807,0.001906223360873177
068403807,068403810,0.0006152755419113706
068403807,068404101,0.0031525491177763452
068403807,068403808,0.004203752702982963
068403808,068403810,0.0010396696019518833
068403808,068403809,0.0010388708404398754
068403802,068403808,0.0031447547601830567
068403802,068403809,0.0010486484893849782
068403801,068403802,0.004771422222839087
068403801,068403809,0.0010306903199181244
068401306,068403801,0.0015937277241743373
068401307,068403801,0.0031765620702362764
068401306,068401307,0.0024387752809920055
068401304,068401307,0.000927678940077188
068401305,068401307,0.0031735732730141884
068401306,068403809,0.0030024254522207213
068401306,068401407,0.000399943609326888
068401306,068401408,0.0003057888935888858
068401306,068401405,0.004079874243171907
068401306,068401402,0.0010388626058402308
068401305,068401306,0.0011793384126909153
068403809,068403810,0.004007011228303561
068401409,068403809,0.001030686402845774
068401408,068403809,0.0031036539000866277
068401801,068403810,0.004031362446101729
068401409,068403810,0.0013467452276440819
068401808,068401810,0.0010798636788404974
068401808,068401809,0.00202977383365223
068401808,068402102,0.00014923025451229064
068401801,068401808,0.004159193973188379
068401806,068401808,0.002309194335745686
068401808,068402101,0.0018376379917035752
068401807,068401808,0.0019804540250785234
068401808,068404102,0.0010845844850339954
068401801,068404101,0.001950875491975499
068404101,068404102,0.003144160473232408
068401809,068404102,0.0031556209916492493
068401809,068401810,0.004196989531383664
068401810,068402101,0.0031450199302864024
068402101,068402102,0.0011522148181453303
068401806,068402102,0.0038127036438652256
068401803,068401806,0.0010006110236320657
068401806,068401807,0.005514583807509145
068401803,068401807,0.0019938598329017065
068401801,068401807,0.005123768047754619
068401802,068401803,0.0046890763715038055
068401801,068401802,0.0053910499052877495
068401409,068401801,0.004993279667717183
068401412,068401801,0.004112725569333024
068401801,068403907,0.002864547330327198
068401409,068401410,0.001469611980250999
068401407,068401410,0.0031057261139475394
068401410,068401412,0.0030997576049357706
068401410,068403903,0.001444147155237483
068401409,068401412,0.0005649319297795956
068401412,068403907,0.0009364406587122264
068401412,068403906,0.0014367276342626952
068403906,068403907,0.002033732046163886
068403903,068403906,0.0030618990147408287
068401407,068403903,0.0003398973538565019
068403902,068403903,0.0027269523436877947
068403903,068403904,0.0014507613683661955
068403902,068403904,0.001018984203888206
068401407,068403902,0.00010446775249693462
068401406,068403902,0.0008998966711466898
068403901,068403902,0.00480309124031725
068401406,068403901,0.001944856362405135
068401502,068403901,0.0016146502469004086
068401503,068403901,0.0020568003436348356
068401504,068403901,0.0009637002640823822
068401407,068401409,0.0012407813615888297
068401407,068401408,0.003719436402586033
068401406,068401407,0.00446417165848056
068401405,068401407,0.002741133700011334
068401405,068401406,0.0021363398390922463
068401406,068401411,0.001623227393564602
068401406,068401502,0.0005996723679694683
068401408,068401409,0.0024235733014807506
068401405,068401411,0.00624259068549145
068401402,068401405,0.000334999575918525
068401404,068401411,0.0052855803382463725
068401404,068401502,0.00038376788572251326
068401404,068401501,0.002934830021263232
068401403,068401404,0.003358906807778524
068401411,068401502,0.0019520933476059998
068401402,068401411,0.00034899644150756463
068401403,068401411,0.001270061089805977
068401403,068401501,0.0015918703687695425
068401402,068401403,0.004130538874297372
063712703,068401403,0.0030362041970718313
063712704,068401403,0.0013556157752778824
063712703,063712709,0.0049626447799748985
063712704,063712709,0.0019515977374104138
063712702,063712709,0.0029849860040841005
063712702,063712703,0.0019886823734767732
063712702,063712704,0.0037727675285716585
063712702,063712806,0.0015030876323705003
063712701,063712702,0.0034652535480958575
063712702,063712802,0.003875632777252036
063712704,063712707,0.004796026905755292
063712703,063712704,0.00021923986513980694
063712704,063712705,0.002421774147430875
068401501,068401502,0.0015543330492468936
068401501,068401503,0.0020478262407702106
068401501,068401504,0.0007511996399882679
063712707,068401501,0.00318510604501566
068401502,068401503,0.0029529606994341006
068401503,068401504,0.0029606447559740946
063712708,068401504,0.001459130379448786
063712707,068401504,0.002478191155837667
063712605,063712708,0.002700017957243072
063712707,063712708,0.004083906885335154
063712605,063712706,0.002202899462483047
063712706,063715109,0.0016882270991141976
063712706,063712707,0.001962639814666499
063712705,063712706,0.0022988272545986597
063712705,063712707,0.0007303266711245126
063712705,063715109,0.0008479096130832567
063712701,063712705,0.002993457109373981
063712705,063715108,0.0017218900636373487
063715108,063715109,0.0026340957674666626
063712701,063715108,0.002656450325331365
063715107,063715108,0.004064147699492758
063712907,063715108,0.0020281549152004093
063715107,063715109,0.00201909980357898
063712906,063715107,0.001995997936581575
063712907,063715107,0.0010021346629762828
063712906,063712907,0.0027265995463096604
063712906,063712908,0.0009391819020350532
063712905,063712906,0.0034419819353692597
063712905,063712908,0.0013638823248765066
063712801,063712908,0.0027648691433425597
063712907,063712908,0.002995734589630331
063712908,063712909,0.0034825666487255822
063712701,063712907,0.0006408631220878367
063712801,063712907,0.0020644399637935714
063712701,063712801,0.0032720197618382853
063712801,063712802,0.0024297804370114304
063712801,063712803,0.00329236305475199
063712801,063712909,0.0014091644188791435
063712801,063713011,0.0029475853670400446
063712804,063713011,0.003381759362546534
063713011,063713103,0.0009158653684621001
063712804,063712805,0.0014295037746547112
063712804,063713104,0.0019342249961342632
063712803,063712804,0.0034188984492020875
063712804,063713103,0.003353724682610669
063712805,063712806,0.0026151295874386428
063712805,063712807,0.0014046600102714188
063712805,063712808,0.002844898658830583
063712805,063713104,0.0026907801055557796
063712803,063712805,0.002993135915035728
063712802,063712803,0.0036645456023231514
063712802,063712806,0.0020648362974592938
063712703,063712806,0.0011956505179527587
063712806,063712807,0.0018160531969401417
063712703,068401402,0.0014915849945211302
063712703,068401401,0.0030791245319552337
063712703,063712807,0.003044543706097518
068401305,068401402,0.0010455548141054107
068401401,068401402,0.003995238203288594
068401304,068401305,0.0005346379031795372
068401303,068401305,0.0010231920295003729
068401302,068401305,0.0028070546399042284
068401302,068401303,0.0012111921407149478
068401302,068401401,0.0038117788385636803
068401301,068401302,0.0014043204806397386
068401301,068401401,0.0013930597691001216
063712807,068401401,0.002083681919264673
068401401,068403609,0.00016869813171450319
063712807,068403609,0.0010533617718769094
063712807,063712808,0.003997224277827488
068401303,068401304,0.0037096773672697287
068401112,068401303,0.0012920633387572995
068401301,068401303,0.003624653850674902
068401210,068401304,0.0008841703954013956
068401201,068401304,0.0024044913180884444
068401112,068401301,0.0026542810096324603
068401301,068403609,0.0028320901182582714
063713108,068403609,0.0014269174503852614
063713108,068403608,0.0013259813827545966
063712808,063713108,0.0039577010806087325
063713107,063713108,0.00267929541284605
063713104,063713108,0.002771469678582864
063713105,063713108,0.0013417709180020268
063712808,068403609,0.002898011154011308
063713104,063713105,0.00264325576529739
063713103,063713104,0.0008733533073943588
063713103,063713105,0.0021385311281768822
063713102,063713103,0.0033538966341472853
063713105,063713107,0.0031775529157995934
063713105,063713106,0.001404991585722428
063713102,063713105,0.003641692108753437
063713102,063713106,0.0009757740581867194
063713101,063713102,0.005915165523233269
063713106,063713109,0.004126266776935913
063713101,063713106,0.0020224744303253207
063713106,063715209,0.0011747789667094955
063713106,063715204,0.0014328254641442677
063713107,063713109,0.0026816717680237688
063713109,068403606,0.000999605984173308
063713109,068403605,0.0010392631315520268
063713109,068403601,0.001036383009998466
063713109,063715209,0.0015469110004117585
068403606,068403608,0.0020571442474272682
063713107,068403606,0.0031451931712618507
068403606,068403607,0.003634943288507458
068403605,068403606,0.002245578585862582
068401109,068403607,0.001538419602855306
068403607,068403609,0.0019583200294723954
068403607,068403608,0.001655078356944228
068403604,068403607,0.000816758176371112
068403605,068403607,0.0024059646201360085
068401110,068403609,0.0017114578864838663
068401109,068403609,0.0005042629051151562
068401111,068403609,0.004218721384537045
068403608,068403609,0.004171176609548059
068401111,068401112,0.0051434792642772
068401111,068401202,0.0015059042157497843
068401111,068401115,0.0022339970484885462
068401110,068401111,0.001983770490130881
068401112,068401201,0.003580454621147107
068401112,068401202,0.00025343189550825775
068401201,068401210,0.003581339402004825
068401201,068401202,0.002712313710319968
068401202,068401209,0.0036416896871196516
068401202,068401203,0.0022753615926050775
068401107,068401202,0.0013125899639930298
068401115,068401202,0.0014520489228979667
068401107,068401115,0.0014437994122416067
068401110,068401115,0.0027125885562460485
068401109,068401115,0.0013830058644785932
068401109,068401110,0.0031681803102782194
068401107,068401109,0.0010919242712598629
068401109,068401114,0.002272018699821344
068401108,068401109,0.0028616903094790427
068401102,068401109,0.0008053601714546033
068401109,068403604,0.0027793495352382755
068401109,068403603,0.00336074604834098
068401105,068401107,0.0017925950165623094
068401107,068401204,0.0007401302706899721
068401107,068401203,0.002631168634499018
068401107,068401113,0.001781531739067909
068401107,068401114,0.0021480825380413267
068401105,068401113,0.002263344546168395
068401113,068401114,0.0022602296646410855
068401106,068401113,0.0017956150543876454
068401108,068401114,0.0021257904103204723
068400707,068403602,0.0007740913927190491
068403602,068403604,0.002215023164435799
068403602,068403603,0.0035217580887355457
068403601,068403602,0.0027986595790699736
068400705,068403602,0.001491463097034278
068400706,068403602,0.0022091710895448795
068403603,068403604,0.0016674392823729242
068403604,068403605,0.003292249414974879
068403601,068403605,0.004354955175204531
068400705,068403601,0.004339095776517549
063715209,068403601,0.0017652689475587053
063715209,068400705,0.0013593957928210035
063715208,063715209,0.002744373143853833
063715204,063715209,0.0031667684815266236
068400705,068400706,0.0007599054414737535
068400703,068400705,0.002169342145575467
068400704,068400705,0.0021645292263815794
063715208,068400705,0.0008658959837037491
068400703,068400704,0.0023024169906438146
068400701,068400704,0.0021798831478282354
063715208,068400704,0.0011889820474700135
063715207,068400704,0.0010633508437542616
068400703,068400706,0.0023023793936358785
068400702,068400703,0.002169336451861594
068400706,068400707,0.0030538663229672594
068400706,068400802,0.0008392846403620946
068400706,068400801,0.0021961824611959066
068400702,068400706,0.0008676313560729231
068400807,068403603,0.0028615274264873047
068400707,068403603,0.002068172174475604
068400707,068400807,0.0015437126368984353
068400707,068400806,0.002288420461084982
068400707,068400802,0.002150331773090093
068400807,068401102,0.006230324205785205
068400807,068403702,0.0010246797945803923
068400806,068400807,0.0026169987256276332
068400702,068400801,0.0016757313746970522
068400701,068400702,0.002571699923512597
068400702,068403510,0.0021643697387547668
068400801,068400802,0.0017102797705413372
068400801,068400803,0.0032861949593738465
068400801,068403508,0.0022093236205936746
068400801,068403510,0.002211568693657308
068400801,068403509,0.0010717769368407345
068400802,068400805,0.0025749513384876158
068400802,068400803,0.002209214711496003
068400803,068400804,0.0022260922387146113
068400803,068400805,0.0010776341346872332
068400803,068403508,0.0022597857336872336
068400804,068403701,0.0031929035990377426
068400512,068400804,0.0026192510673417285
068400804,068400805,0.0026384754403392784
068400804,068403508,0.0009982791390523086
068400906,068403703,0.0019323215680714261
068403703,068403706,0.002525150207534554
068403703,068403705,0.0010306665246309194
068403703,068403704,0.0008414099304206911
068401101,068403703,0.006381299336684141
068403702,068403703,0.004055264412531719
068403702,068403704,0.0006210844120535522
068403701,068403702,0.0012867145404409747
068401102,068403702,0.0003710445378278402
068400806,068403702,0.0023286629887611736
068400805,068403702,0.0025756465898144412
068400805,068403701,0.0010832065520277687
068400805,068400806,0.002643961477877688
068401103,068401105,0.0010164053543746114
068401103,068401104,0.003869214816501268
068401101,068401103,0.0012803733439502546
068401102,068401103,0.005210749276357739
068401104,068401105,0.0029710481158104858
068401001,068401104,0.00388578695081854
068401101,068401104,0.002953178627346628
068400906,068401101,0.0007184742716915857
068401001,068401101,0.00372978002275274
068401101,068401102,0.0005833064821148671
068400908,068401001,0.0019170178003050393
068400907,068401001,0.007197840418134382
068400906,068401001,0.0011510242825644775
068401001,068401206,0.0007179757367601421
068401001,068401205,0.00030176094140223675
068401001,068401002,0.003614777804901783
068401001,068401003,0.0026599670181139848
068401001,068401105,0.0016873552019692063
068401102,068401108,0.002473019424263046
068401102,068401106,0.0018695559387721002
068401105,068401106,0.0035425485300936265
068401106,068401108,0.003445740305375894
068401105,068401205,0.00596258186430143
068401105,068401204,0.0040098945407037135
068401205,068401207,0.0012904132546118087
068401205,068401206,0.011117755264872917
068401204,068401205,0.002274553469678485
068401011,068401206,0.0021719252081367595
068401206,068401902,0.005380996989504257
068401206,068404201,0.0018211853049535044
068401206,068401208,0.0036362885989378634
068401206,068401207,0.004696636251327394
068401206,068401906,0.0006867808194699368
068401206,068401905,0.011346944854831193
068401014,068401206,0.006253420886480939
068401002,068401206,0.002929799034809419
068401002,068401014,0.005944021046590125
068401002,068401003,0.0013947872191933412
068401003,068401006,0.0015022876136118605
068401003,068401004,0.0013494575834268096
068400908,068401003,0.0012734822834016707
068401003,068401014,0.0014416581505110025
068401011,068401014,0.0008744407627529749
068401007,068401014,0.004027300155480025
065680210,068401907,0.0003678221545052658
068401907,068401908,0.0064029968320086575
068401903,068401907,0.002105551289898356
068401906,068401907,0.002394138970166487
068401904,068401907,0.003604058831428148
068401905,068401907,0.001385908660466292
065680203,068401906,0.0033133423833002448
068401012,068401906,0.0009596068451451564
068401905,068401906,0.003530706172352364
065680209,065680210,0.001756047010018895
065680203,065680210,0.004316197573440586
065680210,065680211,0.005793304205424648
065680210,068402011,0.0011923739309810002
065680210,068401908,0.002755871930339627
068401908,068402011,0.004764620526146803
068401908,068402007,0.002078748922659329
068401902,068401905,0.00043090455800768473
068401904,068401905,0.007633402528434252
068401903,068401904,0.0036372437589778273
068401902,068401904,0.0021054852687422444
068402007,068402008,0.005428812392089033
068402006,068402007,0.002078209769899602
068401903,068402007,0.005417375931756373
068402008,068402009,0.0028718568610976727
068402006,068402008,0.0010217546737984018
068402008,068402010,0.003603744213001785
068402008,068402011,0.002097341916576069
068402006,068402009,0.0017698677723373111
068402005,068402006,0.002842608723565814
068402004,068402006,0.002070001463565658
068402006,068404203,0.003582370057405462
068402004,068404203,0.001801791147289816
068404203,068404204,0.0010478568994520708
068404203,068404205,0.0010666208817727342
068401903,068404203,0.0021055220916732396
068404202,068404203,0.001801740878710181
068401901,068404203,0.0035817250063643687
068401901,068404202,0.002087525036859798
068401901,068401902,0.005968566036707485
068401901,068404201,0.00046962832437576907
068401902,068401903,0.0017799766755482503
068401902,068404201,0.0004242565371390312
068401204,068401207,0.0020472333841675978
068401203,068401204,0.003530805691309172
068401207,068401208,0.002611869441652339
068401203,068401207,0.00352595537248436
068401203,068401209,0.002593951839884525
068401208,068401209,0.0036140290309994
068401208,068401211,0.0010306997930576887
068401209,068401210,0.002540888652972542
068401210,068401211,0.003580877175520968
068404204,068404205,0.004520682729590784
068404202,068404205,0.0018126463156742166
068404201,068404202,0.004700802257370601
068402003,068402004,0.0018025357359474571
068402004,068402005,0.001812725775933488
068402004,068402013,0.0017924831166704928
068402004,068404204,0.0036030824069779037
068402003,068402013,0.003102623174070202
068402003,068402203,0.0018024622758142559
068402003,068402005,0.0031036396486332574
068402206,068402311,0.001779717922424944
068402206,068402305,0.0018673500199521851
068402206,068402207,0.0031280889738055572
068402203,068402206,0.0018128353191513963
068402203,068402207,0.0036147677031222033
068402202,068402203,0.0010487483502043403
068402009,068402203,0.001039678761276748
068402005,068402203,0.0036038036468350656
068402005,068402009,0.002069562147847201
068402009,068402202,0.0035935148618338655
068402009,068402010,0.0020517096301388245
068402202,068402208,0.00361486304721701
068402202,068402207,0.002060843154785814
068402201,068402202,0.0031199274066574315
068402208,068402310,0.004206292122357768
065680302,068402208,0.002407514061407746
068402208,068402307,0.0010480563419846
068402207,068402208,0.0010453988897201369
065680301,068402208,0.0003060281177157862
068402201,068402208,0.0023688145408099384
068402207,068402306,0.0017911268302125201
068402207,068402307,0.0018602100335633864
068402307,068402308,0.001851869274933252
068402307,068402310,0.0020611282972432905
068402306,068402307,0.003109237793969001
068402304,068402308,0.0021350424436075485
068402308,068402309,0.0037571843994422087
068402308,068402310,0.002095026169900048
068402305,068402308,0.0006008808889969235
068402306,068402308,0.0017906762730181206
068402309,068402310,0.0008461528105050168
065680307,068402310,0.0006850281665042838
065680306,068402310,0.0018151872330450796
065680304,068402310,0.0010031594660840832
065680302,068402310,0.0017858648164475882
065680306,065680307,0.0021719353946122568
065680305,065680306,0.0010068441477805346
065680304,065680306,0.0013128625297491707
065680307,065680308,0.004631527985531916
065680307,068402309,0.0014090824756800113
065680305,065680307,0.0007203560368598543
065680308,065680501,0.0027117049301654175
065680308,065680403,0.003468057004526927
065680308,065683211,0.0027891518582287816
065680308,065683210,0.002159940356805139
065680308,065680402,0.0012519262405430178
065680308,068402309,0.003107259817837927
065680305,065680308,0.001450346124677119
065680304,065680308,0.0009715667731307079
065680402,068402309,0.0012475974419643768
068402303,068402309,0.0030111779866760433
065680402,065680403,0.0015461396319925858
065680402,065680406,0.003608514782611581
065680401,065680402,0.0029865442863975166
065680402,068402303,0.0022206493550191967
065680401,068402303,0.0026077572320095726
068402303,068402304,0.0034932846493692647
068402305,068402306,0.0031023543193561733
068402304,068402305,0.0008517834146234317
068402305,068402311,0.0035346020237720455
068402304,068402311,0.0022168510272943098
065680406,065680413,0.001064636409642152
065680405,065680406,0.0033496950779871534
065680403,065680406,0.002128680518173302
065680405,065680413,0.002183280571240183
065680405,065680412,0.0033149628653907034
065680403,065680405,0.00219398522032098
064273001,065680414,0.0017143204354759512
064273002,065680414,0.0015072732418073477
065680411,065680414,0.005038577135558518
064273014,065680414,0.00141003471133814
065680414,065680512,0.0010406880484316611
065680411,065680413,0.003368836782989478
065680411,065680512,0.0010086935676285344
065680411,065680505,0.0010192819888520804
065680411,065680412,0.0016713393218308436
064273002,064273015,0.0014165487945966442
064273001,064273002,0.0013166829443215858
064273001,064273003,0.0017202189398886584
064273001,064273014,0.0015892244030136504
064273004,064273103,0.0009975981175301201
064273004,064273101,0.0014235381336923517
064273003,064273004,0.003130209436706503
064273004,065680506,0.0001639302752199907
064273004,064273006,0.00032767096061920903
064273004,064273005,0.002532938379907985
064273005,064273007,0.0014918310185969702
064273005,064273006,0.0010043054555694236
064273003,064273015,0.0013680996821884193
064273006,064273015,0.00135439316309704
064273006,064273007,0.0018205723569643362
064273008,064273010,0.0014544150742815442
064273007,064273008,0.0014627308133872048
064273007,064273101,0.0018165166539720432
064273101,064273103,0.001833457056236438
064273103,064273104,0.002813355165856227
064273103,065680506,0.0014678100012099642
064273003,065680506,0.0013358300487012432
064273003,064273014,0.0013722554163602843
064273014,065680506,0.001816240221263232
064273104,065680506,0.0015193676503658827
065680506,065680507,0.0037767772985455514
065680506,065680512,0.002984651348212025
064273104,064273203,0.0009184239468093167
064273104,064273202,0.001866163002414521
064273104,065680507,0.002905786073182608
064273202,064273203,0.003794343123863715
064273201,064273202,0.002771179869781138
064273202,065680606,0.0014705793179511505
064273202,065680508,0.0014798695857627657
065680507,065680508,0.004288642608634678
065680507,065680512,0.001092759461896158
065680504,065680507,0.0019380713954093693
065680504,065680508,0.002035073876034626
065680504,065680512,0.0010162721353027817
065680504,065680505,0.0010016103502633745
065680503,065680504,0.0037994912680426323
065680504,065680511,0.0020320391112413237
065680503,065680505,0.0010301805138469365
065680412,065680503,0.0012345514488115723
065680501,065680503,0.003680335226496593
065680503,065680511,0.000999034799073795
065680502,065680503,0.0012538490498174813
065680505,065680512,0.005060855523255342
065680412,065680505,0.004173563191026811
065680404,065680412,0.003039827673804374
065680403,065680412,0.0002630340852949997
065680404,065680501,0.0024449228238367492
065680403,065680404,0.00334493234975992
065680403,065680501,0.0008290386107209634
065680501,065680502,0.003423501697682635
065680501,065683209,0.0012803753074618104
065680501,065683211,0.0018478668216999911
065680502,065680511,0.0028255725305541845
065680502,065680509,0.0024302180653929255
065680502,065683209,0.0021882351913140937
065680509,065683209,7.94918444597505e-05
065680706,065683209,0.0019727883404464484
065680709,065683209,0.0032966677904638503
065683209,065683211,0.003270121407498454
065683209,065683210,0.00235435661199818
065683203,065683209,0.0019185399030612472
065683208,065683209,0.0011135280123404515
065680509,065680606,0.0014609074417248056
065680508,065680509,0.0008924958695105755
065680509,065680511,0.0030680991412679387
065680509,065680510,0.004956934337577137
065680509,065680706,0.0016023812349743064
065680508,065680511,0.002820623277355844
065680508,065680606,0.006585825089272287
064273201,065681102,0.0018225196888585447
064273201,065681101,0.000937711019014953
064273201,065680606,0.0029372334761459105
065681101,065681102,0.0032029207355134823
065680606,065681101,0.0008900004222519704
065680606,065680607,0.0026264261701508247
065680604,065680606,0.0026673158537341484
065680605,065680606,0.0015897606770773078
065680604,065680607,0.004916757880668332
065680604,065680605,0.0038442981836067786
065680603,065680604,0.0042902726089176545
065680601,065680604,0.0011669780023019231
065680607,065681101,0.0028919221516510623
065680607,065683307,0.0025780311477514375
065680603,065680607,0.0009338990577757135
065683307,065683308,0.0049561063930153824
065683306,065683307,0.0007598571972182809
065683302,065683307,0.0024347012243881297
065680603,065683307,0.0022253767329101304
065680603,065683302,0.0018181350732834186
065680603,065683301,0.001851006458851937
065680602,065680603,0.0005769163288922004
065680601,065680603,0.002328636872903427
065680601,065680605,0.0012053562413334145
065680601,065680602,0.002544874430944525
065680601,065680708,0.001148557776964931
065680601,065680707,0.0034208688218691236
065680510,065680605,0.003550070399362738
065680510,065680707,0.0005885947839181741
065680510,065680706,0.003449665926585809
065680706,065680707,0.004070062482696926
065680706,065680709,0.005514870716514227
065680707,065680709,0.0016179086454156783
065680705,065680709,0.003496950046702961
065680709,065683203,0.0015591768784919255
065680707,065680708,0.0036666550701277088
065680703,065680707,0.0007487672851619581
065680704,065680707,0.003092106799314687
065680704,065680705,0.0028530733091681744
065680705,065680808,0.0034374153160790714
065680705,065683203,0.0030451610608713425
065680808,065683203,0.0021107504634049505
065683202,065683203,0.0026422807700229485
065683203,065683208,0.0019507131460620914
065683203,065683204,0.006226637561014657
065683202,065683204,0.0018262545563437755
065683204,065683208,0.0010586789207701836
065683204,065683205,0.0036055526901386872
065683205,065683208,0.002230600740629562
065683205,065683206,0.0035593867024233867
065683201,065683205,0.002133067302160807
065683206,065683207,0.002068377927149866
065680303,065683206,0.0030185443482800196
065683201,065683206,0.0023813353715246375
065680301,065683206,0.00047498865765992465
065683208,065683210,0.0010901093296016868
065683207,065683208,0.003029984029884159
065683210,065683211,0.002725314232079775
065683207,065683210,0.001831025738091594
065680304,065683210,0.0001628925571823238
065680304,065680305,0.0025993502059162656
065680304,065683207,0.0018180993523015461
065680303,065680304,0.0022624303255876594
065680302,065680304,0.0021372795109671676
065680303,065683207,0.001181838685421589
065680302,065680303,0.004236770821853821
065680301,065680303,0.002167749316006432
065680301,065680302,0.002188829121912302
065680301,065683201,0.002309336273354911
065680301,068402201,0.0024683342063052654
065680212,065680301,0.0043362652909920115
065680212,068402201,0.0015101773103539631
068402010,068402201,0.0036256113291494516
068402011,068402201,0.001295230412144335
068402010,068402011,0.002053443279357801
065680212,068402011,0.0012149195856515783
065680211,068402011,0.002781163796135836
065680209,065680211,0.004438721936579986
065680211,065680212,0.004352392626561365
065680209,065680212,0.002457034751727662
065680212,065683201,0.0004045609959234414
065683201,065683202,0.0026922328063955425
065680209,065683201,0.004702033090049847
065680208,065680209,0.004368632563321245
065680207,065680209,0.0036954100492586853
065680205,065680209,0.005021322589064633
065680208,065683202,0.0033729047964006576
065680208,065680806,0.0031358983783070457
065680208,065680801,0.0012677901519686137
065680207,065680208,0.003432504644653038
065680207,065680801,0.004086113646075711
065680103,065680207,0.0014501812692478818
065680206,065680207,0.00235675981156615
065680103,065680801,0.0033726703502047787
065680102,065680103,0.005762681854855817
065680103,065680206,0.004048674583919121
065680101,065680103,0.0009471715989047063
065680802,065680805,0.0025990529033051765
065680802,065680803,0.0024583206006629473
065680801,065680802,0.0031781083037214007
065680101,065680802,0.00252281966028531
065680801,065680806,0.0034248462608221465
065680701,065680805,0.0026643041888519885
065680804,065680805,0.005053870233804672
065680805,065680807,0.0018580757954568005
065680805,065680806,0.003041803504306622
065680702,065680804,0.0029880898405930663
065680804,065680901,0.004110192431040263
065680803,065680804,0.003449830112459039
065680702,065680703,0.0024289353246569746
065680702,065680907,0.003970559240153481
065680701,065680702,0.003511879549609844
065680701,065680704,0.0028448621409238924
065680701,065680808,0.002347785183559146
065680701,065680807,0.001365529845359003
065680806,065680807,0.0035035654031556032
065680807,065680808,0.003433260021315508
065680807,065683202,0.003113893980762122
065680808,065683202,0.001086958275151703
065680704,065680808,0.0008919033084784269
065680703,065680704,0.0031228971668611607
065680703,065680909,0.0009029964878963662
065680703,065680708,0.002831747149405949
065680703,065680908,0.002686972227147274
065680703,065680907,0.0002291779201198599
065680910,065683301,0.0022458797140661305
065680910,065680914,0.0034201028967832496
065680602,065680910,0.003330512559588536
065680909,065680910,0.0022107843874619518
065680602,065683301,0.0022091055321548448
065680602,065680909,9.764622479783507e-05
065680602,065680708,0.0020861174165007043
065680708,065680909,0.0024949760054180535
065683302,065683306,0.00030018799485289786
065683302,065683303,0.002119292896486278
065683301,065683302,0.003340196628157981
065683306,065683308,0.0012064225145261315
065683305,065683306,0.0038517615968605926
065683303,065683306,0.002180510141775987
065681107,065683408,0.0010934587234166212
065683305,065683408,0.0017315381143032781
065683305,065683407,0.0010796264488659034
065683304,065683305,0.001205146722404127
065683303,065683305,0.0010618406651724166
065683303,065683304,0.004531561885073694
065683301,065683303,0.0023159607657374064
065680914,065683303,0.0009665151169007151
065680911,065683303,0.0007568594824462856
065683304,065683407,0.002082652396491034
065683304,065683406,0.002201036248779088
065683304,065683404,0.0010726598465694661
065680912,065683304,0.0008668597661554624
065680911,065683304,0.0029712401613450684
065683407,065683408,0.005793410044533936
065683406,065683407,0.003808191359422154
065683405,065683407,0.0011861917775195779
065683405,065683406,0.0022321253498063156
065683404,065683406,0.0024093794896292288
065680912,065683401,0.0020335872850484084
065680912,065681009,0.0017857149556705127
065680912,065683404,0.00201405620434407
065680911,065680912,0.004440680642817756
065680909,065680912,0.001021814465952724
065680906,065680912,0.0016686056351791882
065680911,065680914,0.003303077658390103
065680909,065680911,0.000750668422721113
065680909,065680914,0.00213488873279004
065680906,065680909,0.002128338264004051
065680908,065680909,0.003576118963857791
065680906,065680908,0.003369685580584081
065680907,065680908,0.0039636010519783415
065680906,065680907,0.0016938887465380668
065680901,065680907,0.0008291865731688156
065680904,065680907,0.0021174547588889616
065680902,065680907,0.0017711949459756158
065680906,065681009,0.004500086815325436
065680905,065680906,0.002021998730612214
065680904,065680906,0.0014508040836941835
065680905,065681009,0.0017858346781504002
065680905,065681008,0.0016891775660864332
065680904,065680905,0.003266477525297522
065680905,065680913,0.003144345695209212
065681009,065683401,0.005008176183251176
065681008,065681009,0.003734698959123516
065683401,065683402,0.008191267050140564
065683401,065683404,0.001867908557804435
065681008,065683401,0.001765105143114023
065683402,065683408,0.0011462969578945026
065683402,065683403,0.004593269954171766
065681006,065683402,0.003024392864095982
065683402,065683404,0.001064752639820952
065681008,065683402,0.000223344763847942
065683404,065683405,0.0019812633487534207
065683403,065683404,0.002567977239361303
065681408,065683408,0.0036366779399685063
065681411,065683408,0.0013211315395577987
065681407,065683408,0.0020449402326582133
065683405,065683408,0.005500858331097794
065683403,065683408,0.003267211511232021
065681006,065683408,0.00686461988230175
065683403,065683405,0.0027656759919349938
065681007,065681008,0.006017260560059411
065680913,065681008,0.002950111667529951
065681006,065681007,0.0034222845757278485
065681002,065681007,0.002808565130088865
065680101,065681007,0.004871780558739687
065680903,065680913,0.004738730239235642
065680101,065680913,0.0014366661618288965
065680903,065680904,0.001481331387060809
065680902,065680903,0.0029553419717066524
065680101,065680903,0.003297760468652236
065680902,065680904,0.0035449138822560484
065680901,065680902,0.006478477966605717
065680101,065680902,0.0025998673682480883
065680803,065680901,0.0024080521925278356
065680101,065680901,0.0009483818465660573
065680101,065680803,0.0027580339875287628
065680101,065681002,0.0036934469986551416
065680101,065680102,0.011836204641931199
065680101,065680201,0.005865434225839891
065680101,065681001,0.006417498495618782
065680101,068401010,0.0034205335777460774
065680101,068400901,0.023477235537670275
065680101,068403409,0.00013641762817667596
065680102,065680206,0.00303624751309286
065680102,065680201,0.0019057467204567054
065680201,065680206,0.00017900053380731263
065680201,065680204,0.002490374104864817
065680201,065680202,0.004162865519938267
065680201,068401013,7.858477372052715e-05
065680201,068401010,7.996147409740267e-05
065680205,065680206,0.002489909247640779
065680204,065680206,0.0034501628130700597
065680204,065680205,0.0052591606452198365
065680203,065680204,0.00027641130767447304
065680202,065680204,0.004199909685163091
065680203,065680205,0.0016430406462169282
065680202,065680203,0.00225269572660636
065680203,068401013,0.0015972302125779984
065680203,068401012,0.0028686263185169923
068401012,068401013,0.0029216492508741154
068401011,068401012,0.004933944442922357
065680202,068401013,0.003692268486142819
068401011,068401013,0.0001312600644058058
068401010,068401013,0.0026482626419838617
068401010,068401011,0.0026059789644218333
068401007,068401011,0.003689880210574685
068401008,068401011,0.0011684193817232745
068401007,068401008,0.002383191487734613
068401006,068401007,0.0012200738068548665
068401008,068401010,0.001132112385497081
068401008,068401009,0.0022116031721837134
068401006,068401008,0.0019277425372001243
068401005,068401006,0.0011245418085042943
068401004,068401006,0.0013960390208440404
068401004,068401005,0.002228955221808188
068400908,068401004,0.002680611613250615
068401009,068401010,0.0024353447927927606
068401005,068401009,0.003234064708297504
068401005,068401010,0.0022217242520735834
068400909,068401005,0.0035920625866172912
068400901,068401005,0.00198558408322897
068400901,068401010,0.0035540339999183554
068400902,068400903,0.0026266129112717126
068400902,068403708,0.00414020284295242
068400901,068400902,0.005769595574044884
068400506,068400902,0.0017857525303220045
068400903,068400904,0.0027624331134171484
068400903,068400905,0.0031309674151047268
068400903,068400906,0.0005321907950156836
068400903,068403708,0.0031072800727009547
068400904,068400910,0.002355521933257916
068400904,068400905,0.0017613962269596092
068400901,068400904,0.00526854160992997
068400909,068400910,0.005733850330457803
068400905,068400910,0.0013413235403339967
068400901,068400910,0.0033207366559446726
068400908,068400909,0.0028022871912411866
068400907,068400909,0.002091368546975867
068400905,068400909,0.0020631763816748856
068400907,068400908,0.003274475452420973
068400906,068400907,0.004214182758332719
068400905,068400906,0.0037470905737854903
068400906,068403706,0.00025017766548603306
068400906,068403708,0.0006322812432745485
068400906,068403707,0.0009950329249930577
068403705,068403706,0.00459049861340413
068403705,068403707,0.0036139110833179593
068403704,068403705,0.0060320111187213196
068400509,068403705,0.0020891570133027846
068400510,068403705,0.0009750578151641789
068403706,068403707,0.0015067445338663105
068403701,068403704,0.004268201379385421
068400512,068403704,0.0011460386430020984
068400510,068403704,0.0009724376507620656
068400512,068403701,0.0013125500231072206
068400510,068400512,0.001862688666146014
068400512,068400514,0.003922945746576996
068400512,068403504,0.0017750623264790818
068400512,068403508,0.0012902725646957226
068400509,068400510,0.0041250199017298875
068400508,068400510,0.0032303785806900294
068400501,068400510,0.0018772690932873258
068400510,068400514,0.0021576947006329353
068400510,068400511,0.0036864225149341725
068400509,068403707,0.0016184558833061504
068400509,068400513,0.0025286751374017534
068400508,068400509,0.00209770601413652
068403707,068403708,0.006426247924787988
068400513,068403707,0.0013963805318207355
068400506,068403708,0.0015139984221593434
068400513,068403708,0.0027639634240610843
068400506,068400513,0.0037082587110461806
068400507,068400513,0.005331284477228177
068400507,068400508,0.0028647855848373894
068400502,068400508,0.0020291209023675393
068400506,068400507,0.0011292956359316415
068400504,068400507,0.004088359999495921
068400504,068400505,0.0055157714735697356
068400503,068400504,0.004168608398223965
068400502,068400504,0.0050199624206331865
068400506,068400901,0.006012827469085723
068400506,068403408,0.0030031261793140775
068400506,068403409,0.0003250872075563219
068400505,068400506,0.0020778243200960758
068400901,068403409,0.008513242781750127
068403408,068403409,0.006622911844926748
068403407,068403408,0.002320220664540321
068400505,068403408,0.005661655961505752
068400505,068403407,0.0030670310199350853
068400505,068403406,0.0007429734281067227
068400503,068400505,0.003130673576313077
068400505,068403404,0.0018482368533796728
068403404,068403406,0.0020799754366163286
068403404,068403405,0.0003022655298352186
068400503,068403404,0.004211996268956027
068403402,068403404,0.0018885649128871753
068403403,068403404,0.0039913337695410295
068403306,068403404,0.0020812611152690656
068403402,068403403,0.00565470606631243
068400410,068403403,3.27541576714301e-05
068403306,068403403,0.00032038249866148404
068403305,068403403,0.003342892933809057
068400411,068403403,0.0017169616854506545
068403305,068403306,0.0020270160259859803
068400411,068403305,0.000982339925998924
068403304,068403305,0.0033482286209854345
068403301,068403305,0.001017559068316773
068400503,068403306,0.0006210206046792453
068400502,068403306,0.0020797788130199326
068400501,068403306,0.0018915098890446513
068403304,068403306,0.0018827221514934322
068403306,068403307,0.0032134791924989625
068400502,068400503,0.0023146217296831154
068400501,068400502,0.006800935777827798
068400501,068400606,0.006528821209733098
068400606,068403307,0.003886452675554949
068403304,068403307,0.0011286482656178852
068403303,068403307,0.0038738222925791487
068400211,068403307,0.0010639630640289506
068400212,068403307,0.0032834799904089993
068400212,068400606,0.00016872424708055768
068400211,068400212,0.0021665295194668636
068400212,068400604,0.0033323933659311538
068400209,068400212,0.003847747058754804
068400210,068400212,0.0014904449685140537
068400210,068400211,0.001427593365190325
068400209,068400210,0.003784282198466813
068400207,068400210,0.004553536805572567
068400206,068400210,0.0014961841271464325
068400211,068403303,0.00215747487207316
068400211,068403302,0.002154988519217172
068400211,068400307,0.00020159113990142875
068400205,068400211,0.0011221522244119289
068400206,068400211,0.004227277259561841
068400206,068400207,0.002121500818662893
068400205,068400206,0.0036243861015578423
068400203,068400206,0.0008428103778189105
068400202,068400206,0.0033831589255840155
068403303,068403304,0.002166774298811343
068403302,068403303,0.0038722733675248203
068403301,068403304,0.0018918401180607306
068403301,068403302,0.002162981879777636
068400307,068403302,0.003864801376228534
068400411,068403301,0.0032099195781027396
068400306,068403301,0.002824645003007098
068400307,068403301,0.0010774597939109895
068400306,068400307,0.002169040370893152
068400303,068400307,0.0038352557776501644
068400205,068400307,0.003085160712694473
068400205,068400303,0.0029079553158458745
068400203,068400205,0.0024397964692754624
068400112,068400205,0.000580502867755995
068400204,068400205,0.002858200892934706
068400203,068400204,0.0033859961946176736
068400112,068400204,0.0027337367814279996
068400111,068400204,0.0026948457601057426
068400201,068400204,0.0018706404182813644
068400110,068400204,0.0011282312456537568
068400202,068400203,0.0033987717028349787
068400201,068400203,0.003246417895849003
068400201,068400202,0.0031996559299995687
068400110,068400201,0.0030975636028062314
063715412,068400201,5.967914976226266e-05
063713714,068400201,0.0011310960627733783
068400110,068400111,0.0023096070065788572
068400109,068400110,0.0022096853633399556
068400108,068400110,0.002064272586107807
063713714,068400110,0.0011688577960772479
063713715,068400110,0.0011425358086276877
068400108,068400109,0.0011731527350946505
068400107,068400108,0.002078519692949612
063713715,068400108,0.0011862423731488223
063713714,063713715,0.0050620125820802185
063713713,063713715,0.0006593780847753582
063713715,068400107,0.0028695262445006574
063713701,063713715,0.008266442741762001
063713714,063715412,0.0038947127997518813
063713713,063713714,0.0011283177942803244
063713712,063715408,0.0009206144298494084
063713712,063713713,0.004013586491311424
063713701,063713712,0.004936662519591444
063715408,063715409,0.002292305200132244
063715408,063715412,0.0018505507462388993
063715407,063715408,0.002250245937350484
063715401,063715408,0.0008642447141507756
063713713,063715408,0.0023268313223985065
063713701,063715408,0.0003327399139400471
063713713,063715412,0.0009242564255605506
063713701,063713713,0.0010022873665677104
063715412,068400202,0.0017747076270438974
063715411,063715412,0.0015074555886118639
063715409,063715412,0.0021308790795096424
063715412,063715413,0.004810781191305468
068400202,068400207,0.00495477312247675
063715306,068400202,0.0023056212907692315
063715414,068400202,0.00230896230660383
063715413,068400202,0.004261099261468327
063715413,063715414,0.002621514130695223
063715411,063715413,0.0020732749010803552
068400207,068400208,0.0023759718622413852
063715307,068400207,0.0015892014371505908
063715306,063715307,0.006190235086833374
063715306,063715414,0.002623842276364751
063715303,063715306,0.002415934078933777
063715305,063715306,0.00578470578017816
063715306,063715411,0.0008263270162524543
063715305,063715410,0.001963052318466332
063715410,063715411,0.0037646346550007327
063715405,063715410,0.002762287921745621
063715409,063715410,0.000646784791219275
063715406,063715410,0.0012455488155159104
063715411,063715414,0.002292960752859405
063715305,063715411,0.0007871713640027222
063715409,063715411,0.0009141832482069201
063715406,063715409,0.0014691299535107465
063715407,063715409,0.001134296225402369
063715406,063715407,0.002475209978769937
063715402,063715407,0.0015378445396299698
063715401,063715407,0.0012631644886243242
063715401,063715402,0.0022395681532972646
063713710,063715401,0.001674919380877763
063713701,063715401,0.002922351685887215
063713709,063713710,0.0032938869423121964
063713708,063713709,0.0025066895676114807
063713605,063713709,0.001656357168743329
063713706,063713709,0.0008191172053183111
063713701,063713709,0.001669287655137473
063713606,063713710,0.0007499479539759383
063713710,063713711,0.0025789381054083446
063713605,063713710,0.001688409216205859
063713711,063715402,0.0016467381308926323
063713606,063713711,0.004284142132459359
063715403,063715406,0.00110091838324804
063715403,063715404,0.002358378348779264
063713607,063715403,0.0001213069665514638
063715402,063715403,0.0019527707122011944
063713606,063715403,0.0016570818871007027
063715402,063715406,0.00038674612330994503
063715405,063715406,0.0020041554307745203
063715404,063715406,0.001057958613133039
063715304,063715405,0.0039406541659994365
063715301,063715405,0.0008666952864154372
063715404,063715405,0.0026697149522716063
063715301,063715404,3.382212715307049e-05
063713607,063715404,0.0014423713550443878
063713604,063713606,0.0017018954433775306
063713604,063713608,0.0023275718708022216
063713604,063713605,0.003218799734171815
063713603,063713604,0.0016439074659114132
063713602,063713604,0.0017220014670924094
063713601,063713604,0.0007915032990306155
063713606,063713607,0.004097612375328749
063713606,063713608,0.002280807958194991
063713608,063713611,0.0015668409860373344
063713608,063713610,0.0007821058148098496
063713608,063713609,0.003309186450519111
063713607,063713608,0.0010072852820547792
063713607,063713611,0.0009060625945688191
063713607,063715301,0.004423373008520347
063715301,063715302,0.0035178131615049776
063713611,063715301,0.0029926196971575662
063715301,063715304,0.0030354973202350267
063715303,063715308,0.004484639194555418
063713512,063715303,0.0032488323443882025
063715302,063715303,0.004143811086508091
063715303,063715305,0.0017846131515411208
063715303,063715304,0.002766396955061687
063715304,063715305,0.0039026763947178035
063715308,068400601,0.0035339555299404076
063715307,063715308,0.004252220762508968
063713201,063715308,0.007255700390562742
063713512,063715308,0.0007663867866279195
068400602,068403501,0.004435366118193635
068400602,068400603,0.0012454295847391062
068400601,068400602,0.0032993038259975117
068400602,068403506,0.0045516290299028005
063713201,068400602,0.004853240614923924
068400601,068400603,0.005588089205131627
068400209,068400601,0.0011836581111570013
068400208,068400601,0.0023325927548279255
063715307,068400601,0.0016466607574699326
063715307,068400208,0.003236470075837873
068400208,068400209,0.003252139106581286
068400209,068400603,0.002309278990879067
068400604,068400606,0.0016688707925614052
068400604,068400605,0.0031060547592078325
068400603,068400604,0.0018833661007500086
068400603,068403501,0.0014116585366917664
068400603,068400605,0.003948223702862874
068400605,068403503,0.0011928854418162753
068400605,068403502,0.0010672767375911794
068400605,068400606,0.004093996098954907
068400605,068403501,0.0007561416271839865
068400511,068400606,0.0038306426310475523
068400511,068400514,0.003907604322641087
068400511,068403503,0.0042551563677198905
068400514,068403504,0.001077583497769665
068400514,068403503,0.0010973063622690534
068403503,068403504,0.0012506460346955516
068403502,068403503,0.005531360475038444
068403501,068403505,0.0021175106033496168
068403501,068403502,0.005527228841936807
068403501,068403506,0.0010917220861997618
068403502,068403504,0.0010387604293373633
068403504,068403505,0.0028873383866508126
068403504,068403508,0.0022883042004123474
068403505,068403508,0.0022033230565042007
068403505,068403507,0.0007766579739056584
068403505,068403506,0.0021931182436136197
068403508,068403509,0.0015226239228446582
068403507,068403508,0.0007543536864330672
068403509,068403510,0.00434292285376885
068403507,068403509,0.004371545273659894
063713210,068403509,0.002546130304888548
068403506,068403507,0.004414043635995178
063713209,068403507,0.0015566199859303347
063713209,068403506,0.0005656038757617393
063713201,068403506,0.002702847001674438
063713201,063713203,0.0014723907077134127
063713201,063713202,0.0029455598372574317
063713201,063713311,0.0016647716894400714
063713201,063713209,0.0027954597083100965
063713201,063713208,0.002928173873811696
063713201,063713301,0.005353197831174469
063713201,063713512,0.004536256366153348
063713201,063713513,0.0005442927217550841
063713203,063713208,0.0021292586740632325
063713208,063713209,0.002120851709684052
063713207,063713208,0.0029364971322252266
063713301,063713311,0.0016146946443449076
063713301,063713302,0.0016092290291199276
063713301,063713514,0.004072934925920736
063713301,063713513,0.002098568580254061
063713203,063713204,0.002950757503561603
063713202,063713203,0.004651009345745135
063713203,063713207,0.0010549066806979225
063713206,063713207,0.0029282291979942855
063713204,063713207,0.0010491151188484346
063713207,063713210,0.0021124736932605697
063713209,063713210,0.002786035928800581
063713210,068403510,0.0006149807626506813
063713210,063715207,0.002786498759644697
063713206,063713210,0.0010604013609143478
068400701,068403510,0.002149805614813146
063715207,068403510,0.001283450679412893
063715207,068400701,0.002917823797918071
063715207,063715208,0.0027362445579133866
063715206,063715207,0.003121865397765741
063713206,063715207,0.0020783816893983845
063713206,063715206,0.0029224397406461787
063713205,063713206,0.002112453705659414
063713204,063713206,0.0010320416068688477
063715205,063715206,0.0029251272056753227
063715201,063715206,0.0031361993922648084
063713205,063715201,0.00441485772005355
063713204,063713205,0.004398033623586093
063713205,063713306,0.0010265623947370301
063713205,063713305,0.0011031735842871632
063715205,063715208,0.0020818372095844423
063715204,063715205,0.0028957500724476784
063715202,063715205,0.002041672561830024
063713101,063715204,0.001469939864539283
063715203,063715204,0.0031956023772203466
063713101,063715203,0.0044047618728689075
063715202,063715203,0.004436923726387528
063713313,063715202,0.0008619670742236707
063715201,063715202,0.004417340298883771
063713313,063715201,0.0021068089712445648
063713306,063715201,0.0010433808807491826
063713306,063713313,0.003483923774642594
063713305,063713306,0.0034178976372552477
063713306,063713308,0.0022394547505521613
063713308,063713313,0.0023561615986749064
063713305,063713308,0.0022914304339697947
063713305,063713410,0.0021962741219700463
063713407,063713410,0.0028573930333200687
063713204,063713305,0.0006889455153915109
063713304,063713305,0.0015732706439203661
063713305,063713312,0.005118522369512803
063713304,063713312,0.0023535351651104144
063713303,063713312,0.003894451924448078
063713312,063713407,0.002485345981760741
063713303,063713304,0.0021028391072380206
063713302,063713303,0.0026459481215542167
063713303,063713407,0.0015244224568003945
063713303,063713406,0.0011458511641611745
063713204,063713304,0.0013611117727486762
063713202,063713304,0.0032001260435083794
063713304,063713311,0.001773156281621978
063713202,063713204,0.001466637272721623
063713302,063713311,0.0017496686592791502
063713302,063713406,0.0008332660667886753
063713302,063713514,0.0007503387565162837
063713302,063713403,0.0012042506323553333
063713402,063713403,0.005343579068366333
063713401,063713402,0.0040012278405123745
063713402,063713513,0.002291627567729839
063713402,063713506,0.0011073593231063364
063713402,063713503,0.002691660155636136
063713401,063713404,0.003066172301790898
063713401,063713503,0.0018032920791299675
063711808,063713401,0.00366956320462911
063713401,063713502,0.0023187129442932292
063711806,063713401,0.0004404201596121133
063713406,063713407,0.004275550040992673
063713406,063713412,0.0030220441009442675
063713403,063713406,0.005835447109840134
063713404,063713406,0.0008927374011783897
063713403,063713514,0.004653247564991322
063713403,063713404,0.0021949563637544485
063713407,063713412,0.0008617704960824659
063713411,063713412,0.002183217743472809
063713407,063713411,0.0008856289182217118
063713404,063713411,0.0009204948383000952
063713405,063713411,0.0021493522309855725
063713405,063713407,0.0008960428954932979
063713404,063713405,0.0008935498393286095
063713405,063714810,0.0006214601183759514
063713404,063714810,0.0018849299731918093
063714809,063714810,0.0034437416338244506
063714808,063714810,0.0012543043987985995
063713404,063714809,0.0024667583100413636
063711804,063711807,0.002259705814412326
063711804,063711805,0.0034199660923905926
063711804,063714805,0.003476246702081867
063711803,063711804,0.0022395649447492505
063711808,063714809,0.0022137447636786777
063711807,063714809,0.0015900829219727458
063714808,063714809,0.00121550421061378
063714805,063714809,0.0012438901349901149
063714805,063714808,0.0026650337548809787
063711803,063714805,0.0009726359750553936
063711803,063711805,0.001143823378094162
063711802,063711803,0.005355263832954499
063711805,063711807,0.0011457711199076568
063711805,063711806,0.0011197323465368925
063711805,063714704,0.0032770364658650107
063711802,063711805,0.0012471220782930745
063711806,063714704,0.0011849693647751796
063714704,063714709,0.001358238531456715
063714704,063714705,0.004893756339307856
063711802,063714704,0.0016961244744579627
063714703,063714704,0.002298702347935262
063711807,063711808,0.004673583353997696
063711806,063711807,0.0026970750331281627
063711806,063711808,0.0011792611439777941
063711806,063713502,0.0017118550132989353
063711806,063714709,0.006226923384213665
063711806,063713501,0.0006436745637729612
063713502,063713503,0.002865398855233273
063713501,063713502,0.0034543634413705194
063714705,063714709,0.0026597031918143407
063713501,063714709,0.006672082484230626
063714605,063714709,0.00244926572259222
063714708,063714709,0.0020790020977276115
063714706,063714709,0.0027416386684299566
063714707,063714709,0.0007285402215522084
063713501,063713504,0.0056110956992763954
063713501,063714609,0.003594129774894211
063713504,063713510,0.00044638685596462996
063713503,063713504,0.0014332711981988925
063713504,063713505,0.0058373717078616235
063713504,063713611,0.0009959474306319104
063713504,063713610,0.001995947814037622
063713504,063713609,0.0007291421392050339
063713504,063714609,0.00046783534917936646
063713503,063713506,0.0025171009679370157
063713503,063713505,0.0008553805462338193
063713513,063713514,0.004394793863671999
063713512,063713513,0.0003437762125391107
063713506,063713513,0.005615685496047909
063713507,063713508,0.0013422174295171045
063713508,063713511,0.0009551205732121989
063713508,063713509,0.0013174866708034836
063713508,063713510,0.0009438436639050719
063713507,063713511,0.002824849250175474
063713506,063713507,0.0035354105017712393
063713507,063713510,0.0007530638094167699
063713506,063713512,0.0008967430300563771
063713506,063713511,0.0010152993126938807
063713506,063713510,0.0016268486550585454
063713505,063713506,0.002269250811196273
063713505,063713510,0.004318877916507462
063713510,063713511,0.0019385512531310942
063713509,063713510,0.0021755036285607877
063713510,063715302,0.00206875565520059
063713510,063713611,0.0004844025592359426
063713511,063713512,0.004417404140533037
063713509,063713511,0.0008698124843037149
063713511,063715302,0.001564487025534158
063713611,063715302,0.0023949191986950796
063713610,063713611,0.0056157564297612695
063713609,063713610,0.006561246032167265
063713609,063714609,0.0081939408290984
063714605,063714609,0.0034753951618279803
063714606,063714609,0.0019593355961522976
063714607,063714609,0.0034463721067077248
063713603,063714609,0.0015503950827090885
063714510,063714609,0.0015938481365391226
063713603,063713609,0.00221324757868878
063714605,063714606,0.004039837259074301
063714606,063714607,0.002133291324626996
063714603,063714606,0.0032624657769273913
063714603,063714607,0.003362429265882892
063714603,063714604,0.0018548736952898519
063714602,063714603,0.004736059282367597
063714601,063714603,0.0019107906694921682
063714602,063714604,0.0018864640375436414
063714601,063714602,0.001854443480678705
063711608,063714602,0.002324086172421677
063711607,063714602,0.0024606151566656416
063714601,063714607,0.0001671141756554906
063714607,063714608,0.005112636680069426
063714601,063714608,0.0015549777034058894
063714510,063714608,0.002121661432200943
063714509,063714608,0.004532464187214781
063711607,063714601,0.0017702892891113
063711508,063714601,0.005835959087844714
063711507,063714601,0.0006068250032816295
063714509,063714601,0.0011372186931208799
063714504,063714601,0.0009315987123262151
063714503,063714601,0.0011092047781620035
063711505,063711508,0.0029105421575525304
063711507,063711508,0.0008769395211671947
063711504,063711508,0.0019789283649414586
063711508,063714503,0.004713434433355618
063711508,063714502,0.000633627239853212
063711508,063711510,0.0027784571924288617
063711508,063711509,0.0014319843903838995
063711504,063711505,0.002207543261281303
063711504,063711506,0.000858823316802121
063711503,063711504,0.001984159243088355
063711502,063711504,0.003037555504861077
063711505,063711507,0.002922398600572156
063711505,063711506,0.0017287760879622664
063711506,063711507,0.002246667354800908
063711503,063711506,0.0020567100734276643
063711506,063711602,0.0007432011123079218
063711507,063711607,0.0021607014887497725
063711507,063711606,0.0026767537946041867
063711507,063711603,0.0007590200081267594
063711507,063711602,0.0007949180183378786
063711607,063711608,0.0035031670439583853
063711605,063711607,0.0007811521716846528
063711606,063711607,0.0018564085306909486
063711608,063714604,0.0032771547916481307
063711605,063711608,0.0023861523383194726
063711605,063711606,0.0021630441629233426
063711604,063711606,0.0007991738124199178
063711603,063711606,0.0010323389139640583
063711605,063714604,0.0015955217847044112
063711605,063711703,0.0002360864384118787
063711605,063711701,0.0006356196325868262
063711604,063711605,0.004563349371942657
063711604,063711701,0.0021115713273628916
063711603,063711604,0.001997527853364352
063711415,063711604,0.00490123565683941
063714604,063714605,0.002072104066658498
063714604,063714708,0.0009252490400858221
063714604,063714701,0.0018974780923710064
063711704,063714604,0.0020235280733999737
063711703,063714604,0.0019342984491748697
063714605,063714708,0.0024687790168492576
063714707,063714708,0.004787552812117661
063714701,063714708,0.0024057520471976452
063714705,063714706,0.004799465228051654
063714706,063714707,0.004629650454349153
063714702,063714706,0.002038914479399632
063714701,063714706,0.0006615514994634478
063714701,063714707,0.0026637280698925034
063714701,063714702,0.0008940173020542608
063711704,063714701,0.005681549406969279
063711704,063714702,0.001983344444247873
063711704,063711705,0.0010171358321465333
063711702,063711704,0.002457233400760977
063711703,063711704,0.00240906618358091
063711705,063714702,0.0019436964665779746
063711705,063711707,0.0025708279203177065
063711705,063711706,0.00430991019311578
063711702,063711705,0.0005994379125082569
063714702,063714705,0.001368540130799292
063714702,063714703,0.0018893143895911573
063711707,063714702,0.003678557578104193
063714703,063714705,0.0012995539777733197
063711802,063714703,0.0029862047958373107
063711707,063714703,0.0013113124438082714
063711709,063714703,0.0011481622233112828
063711708,063714703,0.002389768986266557
063711708,063711709,0.003736843409724515
063711707,063711708,0.002577358693689217
063711307,063711707,0.0008575470355009754
063711302,063711306,0.00257960627603225
063711306,063711307,0.0033113195931948856
063711305,063711306,0.006165731234106351
063711307,063711706,0.0032061071467480605
063711307,063711308,0.006655093062768096
063711302,063711307,0.0007370378195068918
063711305,063711307,0.00041554766005134035
063711302,063711308,0.001627424837866436
063711302,063711303,0.001141993833572193
063711301,063711302,0.0012104825905693813
063711302,063713909,0.004950160810408382
063710309,063713909,0.0022844208007730795
063713907,063713909,0.001622555101741229
063711301,063711303,0.005657068382578782
063711301,063711413,0.001132730235109677
063710309,063711301,0.003440904385898185
063710308,063711301,0.002649679472918491
063711303,063711305,0.00105380716460158
063711303,063711304,0.004139080731554195
063711303,063711413,0.0011892376299378858
063711304,063711305,0.006112802031101084
063711304,063711413,0.0015322899064893639
063711304,063711415,0.0016021615238570213
063711702,063711706,0.003278418277115976
063711702,063711703,0.0026261429866839725
063711305,063711702,0.0030558017877261893
063711701,063711702,0.001559676780574774
063711305,063711701,0.003310175614829213
063711305,063711415,0.0005822753699974138
063711701,063711703,0.0023294123579245397
063711413,063711415,0.0036324988103557973
063711412,063711413,0.004596991864246497
063711402,063711413,0.0017342205946616054
063711403,063711411,0.0020781982612981895
063711403,063711410,0.0009671094133265991
063711403,063711405,0.0010185236996675489
063711403,063711404,0.0010972157635184266
063711402,063711403,0.0030522530575412144
063711401,063711403,0.0020678417272037143
063711402,063711412,0.002637026576612728
063710308,063711402,0.002317196667004056
063711401,063711402,0.0030256497061388866
063710308,063710309,0.006101204178598667
063710308,063713907,0.0012825085350565216
063710306,063710308,0.0020391851852124753
063710307,063710308,0.004583346585888489
063710308,063711401,0.002990772916115266
063710309,063713907,0.0030737961075774003
063710306,063713907,0.0009354247079881842
063710306,063710307,0.001456553958485532
063710302,063710307,0.001892784392713016
063710301,063710307,0.0030107481842544183
063710307,063713807,0.0017350080823182504
063710301,063710302,0.004042926832999933
063710301,063713807,0.000796942251315602
063710301,063713806,0.005002596318099466
063710301,067562510,0.0015344521414017175
063713806,063713807,0.00428468625923472
063713805,063713806,0.001973309159999185
063713804,063713806,0.0028745199530968366
063711401,063713807,0.0056316151274308545
063713805,063713807,0.0024728611925559
063710202,063713805,0.001184531981685026
063713801,063713805,0.002283892865850255
063711401,063713805,0.001424469152852238
063713804,063713805,0.0009704264421769781
063711401,063711404,0.0035262807991690483
063711401,063711406,0.0029391432327714358
063711401,063711407,0.0011946127380779324
063710202,063711401,0.00588475732386781
063713801,063713804,0.0009213681036829762
063713802,063713804,0.0038169349533525455
063713801,063713802,0.0027871891992
063710202,063713801,0.004266197335824563
063710202,063711407,0.0008649024215876086
063711406,063711409,0.0020713975791788212
063711405,063711406,0.0011122439822684634
063711404,063711406,0.001304297727422164
063711406,063711408,0.0020716450073349772
063711406,063711407,0.0012249277046338545
063711404,063711405,0.002889954341299697
063711405,063711410,0.00291097576312188
063711410,063711411,0.0037205242627297522
063711409,063711410,0.0019908659703541574
063711411,063711415,0.004165985712194612
063711409,063711411,0.0012531739703108419
063711411,063711412,0.0021478597803360425
063711412,063711415,0.0037372609249918002
063711602,063711603,0.004310350848521268
063711601,063711603,0.0001674928948773869
063711415,063711603,0.002533129692840785
063711414,063711603,0.0016323470979555715
063711414,063711415,0.011028780418794822
063711409,063711415,0.002519269995630722
063711408,063711415,0.004301635793763987
063711407,063711415,0.00015500855905582528
063711408,063711409,0.002552389992854293
063711414,063711601,0.001413544350766855
063711414,063711502,0.007269750283678577
063711503,063711602,0.0001646806540148241
063711601,063711602,0.0020025641668745403
063711503,063711601,0.001978621733571906
063711502,063711601,0.0028586217610576323
063711502,063711503,0.0018176915934173198
063711407,063711408,0.004004845384561722
063711501,063713701,0.009000031582180433
063711501,063714507,0.0018582523294011005
063711501,063714506,0.002400751569958999
063711501,063714505,0.0028919296731985313
063711501,063714501,0.0037269121450751825
063711501,063711502,0.008256068611265875
063711502,063711509,0.006017243750617038
063711510,063714502,0.0021637291504334527
063711510,063714501,0.002759749208306797
063711509,063711510,0.0038366224770143066
063711509,063714501,0.004067575288449843
063714501,063714505,0.0034787188682935113
063714501,063714502,0.0029528646630464887
063714502,063714503,0.002419695774360032
063714502,063714505,0.00230253695729039
063714504,063714505,0.0022421973248030504
063714505,063714506,0.005219499692504732
063714503,063714505,0.0012245764516401153
063714503,063714504,0.0022965055420767645
063714509,063714510,0.0017444120083087954
063714508,063714509,0.0016776785138961526
063714504,063714509,0.005867125177768448
063713602,063713603,0.002262353651964804
063713603,063714510,0.0005629945354685905
063713602,063714510,0.0016934695346542896
063713601,063714510,0.0017295548591026338
063714508,063714510,0.0018155610084000513
063713601,063713602,0.0023115643316971995
063713601,063713605,0.0016641487677332076
063713601,063713704,0.001684779125005117
063713601,063713703,0.0015830678076314015
063713703,063714508,0.001622879339484844
063714507,063714508,0.0035074634090860586
063714504,063714508,0.0016620359787178763
063714504,063714506,0.002134306503899683
063713703,063714507,0.0026583628351088706
063713702,063714507,0.0029681287765099653
063714506,063714507,0.004493970083362
063713703,063713704,0.0030703886093810047
063713702,063713703,0.002483047668553383
063713605,063713704,5.101344551391762e-07
063713704,063713705,0.0038907242604428864
063713702,063713704,0.0009072552077626272
063713605,063713705,0.0014602537457107804
063713706,063713708,0.0015718586001126059
063713706,063713707,0.0032313019189161097
063713705,063713706,0.00529990674057363
063713702,063713706,0.0027792148068688655
063713702,063713705,0.0008161734640820609
063713707,063713708,0.0027943634529068147
063713701,063713708,0.0004939813144110407
063713702,063713707,0.002470477367923168
063713701,063713702,0.003537806151260408
063713701,063713707,0.008591685419643448
063713701,068400101,0.004585240201499901
063713701,068400107,0.0017694719946823759
068400406,068403401,0.007522633415742843
068400401,068403401,0.00699844511363103
068403401,068403409,0.005001661080959848
068403401,068403405,0.00882805416726573
068403401,068403402,0.00217133621150679
068400410,068403401,0.009956864906789271
068400103,068403401,0.0016118947850868347
068400101,068403401,0.016808468950827028
068400402,068400406,0.005584364535211922
068400402,068400403,0.0022853934981085927
068400401,068400402,0.002268884259422629
068400401,068400406,0.0004281716947305248
068400401,068400403,0.0024997416155941466
068400401,068400404,0.0018437374903194632
068400301,068400401,0.003973767458317482
068400103,068400401,0.0007556037118362286
068400101,068400103,0.01975975411317385
068400101,068400102,0.0033950592628038513
068400101,068400105,0.00248160063107023
068400101,068400106,0.002715310210547147
068400101,068400107,0.004305180022367364
068400105,068400113,0.002327902627265611
068400105,068400112,0.0025543669728730917
068400104,068400105,0.0023364994485627175
068400105,068400106,0.0046949815769587325
068400104,068400113,0.0038786580801048976
068400103,068400104,0.0023420675880795926
068400102,068400104,0.003872715202557513
068400103,068400301,0.001724003047536498
068400103,068400113,0.0032778915732426294
068400103,068400302,0.004586524368164833
068400102,068400103,0.005798661157199414
068400106,068400111,0.0026166032720480953
068400106,068400109,0.0023422623728557596
068400106,068400107,0.002330271141998125
068400107,068400109,0.004529557023813656
068400109,068400111,0.0011317424900310397
068400111,068400112,0.003435498008649648
068400113,068400303,0.006184118443300847
068400112,068400113,0.005129981662865775
068400303,068400305,0.002503976473284854
068400303,068400304,0.0023051872894181945
068400302,068400303,0.0023219147683265725
068400410,068400411,0.003161851685309772
068400408,068400411,0.0016648761070440128
068400306,068400411,0.001066624381708436
068400306,068400408,0.002285206281850263
068400305,068400306,0.0039003545934164323
068400408,068400409,0.0025016912407865746
068400407,068400408,0.001479136134982609
068400305,068400408,0.00023235803326804693
068400304,068400405,0.0015056227704963146
068400304,068400404,0.0007996059906535118
068400301,068400304,0.0010869350579722577
068400304,068400305,0.003884754925889516
068400302,068400304,0.0027977972725371984
068400305,068400405,0.000734314794255532
068400305,068400407,0.0015042294941747603
068400301,068400302,0.005439578335935047
068400301,068400404,0.0026397062835222824
068400403,068400405,0.0015042867589520794
068400403,068400404,0.0037821164382516505
068400404,068400405,0.002479715199413862
068400405,068400406,0.0021893447099447295
068400406,068400410,0.0019416270788216018
068400406,068400409,0.0007256842237828441
068400406,068400407,0.0014718373506838556
068400405,068400407,0.004242424150137946
068400407,068400409,0.002922492255551183
068400409,068400410,0.005066194797892766
068400410,068403402,0.0036821536363796795
068403402,068403405,0.0012318115971615368
068403407,068403409,0.005475974513845704
068403406,068403407,0.004687996779211252
068403406,068403409,0.0015480049771241717
068403405,068403406,0.0060361093450602464
068403405,068403409,0.0018697790501334317
065681001,065681002,0.0024641897977326684
065681001,065681003,0.006647571345581615
065681002,065681004,0.0027821110922985055
065681002,065681003,0.002257475221345838
065681004,065681006,0.00484117710701684
065681004,065681005,0.005433673023767218
065681004,065681501,0.0005953450337239297
065681003,065681004,0.005075192064631161
065681006,065681407,0.0006018089437981788
065681006,065681402,0.003892349815557112
065681005,065681006,0.0024919462935207412
065681405,065681408,0.0012757238037922974
065681406,065681408,0.001295897903028531
065681408,065681411,0.0026232691981362202
065681406,065681411,0.0013023481384768288
065681407,065681411,0.0026273911396670134
065681406,065681407,0.0029226039270229924
065681402,065681407,0.0028940440713036445
065681405,065681406,0.0052341084380852325
065681403,065681406,0.0013687633591846476
065681402,065681406,0.0009678710209197924
065681405,065682108,0.0029225837852484516
065681404,065681405,0.0009506467758504014
065681403,065681405,0.0011628266486957946
065681402,065681403,0.0026150238642856857
065681401,065681402,0.0026046273125599215
065681401,065681403,0.002932296752227801
065681005,065681401,0.0033431835646966293
065681401,065681502,0.002852048290663777
065681404,065682108,0.0012768698846168836
065681404,065681508,0.0010929814150586476
065681404,065681507,0.0028112907763930464
065681403,065681404,0.0049884855129299945
065681403,065681503,0.002572769431287686
065681403,065681502,0.00019822026152799136
065681502,065681503,0.0059704720635804474
065681005,065681502,0.002350355616286123
065681501,065681502,0.0030747758428220605
065681005,065681501,0.0012007112310770253
065681003,065681501,0.0016830684239244483
065681501,065681503,0.003525049664477359
065681501,065681504,0.0023894199712734066
065681503,065681506,0.0017660587107696049
065681503,065681505,0.0036183454729975047
065681503,065681504,0.001962261630211527
065681508,065681509,0.0014556960323811013
065681508,065681611,0.0025072944801876698
065681507,065681508,0.005278092732983923
065681508,065681606,0.001423115409502853
065681507,065681606,0.0016623928589606144
065681506,065681507,0.006081076459228863
065681506,065681606,0.00217145872491439
065681505,065681506,0.0058305832596425525
065681506,065681605,0.000823096580610145
065681505,065681605,0.002409437015519615
065681504,065681505,0.0034268717459972767
065681509,065681612,0.002892756805646738
065681509,065681611,0.0014362703106483485
065681611,065681612,0.004301296353417082
065681610,065681611,0.0025411160138134794
065681606,065681611,0.004312646788844356
065681607,065681611,0.0014368260376462225
065681606,065681607,0.0026161631041068272
065681605,065681606,0.00407876602473748
065681605,065681607,0.0013615459405504884
065681605,065681613,0.002510137520983868
065681504,065681605,0.004144499667982985
065681504,065681613,0.000935478655335997
065681504,065681601,0.002677427437742909
065681601,065681613,0.002553510399343412
065681601,065681604,0.0037979705831496695
065681601,065681602,0.00261691148518593
065681604,065681608,0.0036655007206850268
065681604,065681613,0.0029231425910119656
065681603,065681604,0.0023706663984633773
065681607,065681613,0.0015458475968889533
065681607,065681610,0.0023708816659445435
065681607,065681608,0.004152992842372742
065681612,065681709,0.002878132809399547
065681610,065681612,0.0014463031384323085
065681610,065681709,0.004401456548024578
065681610,065681707,0.0010236359997885288
065681610,065681713,0.0025657683605480462
065681608,065681610,0.0019604758968371034
065681610,065681614,0.002139353120641374
065681609,065681610,0.00025030504074395816
065681608,065681614,0.003357993027502669
065681609,065681614,0.0035364046504601904
065681603,065681614,0.0021806033032165913
065681707,065681709,0.002860954560950821
065681708,065681801,0.003323528768604443
065681707,065681708,0.005023557310652105
065681707,065681713,0.004010852136740741
065681706,065681713,0.0025975494693169948
065681703,065681713,0.0019004995417680785
065681609,065681713,0.002094122630336561
065681609,065681703,0.002778990238987514
065681609,065681702,0.0011527414090963103
065681603,065681609,0.0030250034430230385
065681603,065681702,0.0010073971486256894
065681603,065681701,0.0009163979449974407
065681602,065681603,0.005073196051173291
065681602,065681701,0.0026223582281096197
065681701,065681702,0.007920355239498383
065681702,065681703,0.0038381981707187583
065681702,065681704,0.004287447027150224
065681704,065681705,0.004363209959386847
065681703,065681704,0.001927374147159414
065681703,065681706,0.0028269762330963765
065681706,065681707,0.0018118625983263711
065681705,065681706,0.0036686335295769454
065681707,065681801,0.0018645476333279487
065681705,065681707,0.002881035621664356
065681705,065681801,0.005389748593166783
