,nodo,clase_inicial,componente_nse,numero_componente,tamanio_componente,componente_analisis
0,064277424,2,NSE_2_C1,1,502,NSE_2_C1
1,064275810,2,NSE_2_C1,1,502,NSE_2_C1
2,064274604,2,NSE_2_C1,1,502,NSE_2_C1
3,064275910,2,NSE_2_C1,1,502,NSE_2_C1
4,064276610,2,NSE_2_C1,1,502,NSE_2_C1
5,064276410,2,NSE_2_C1,1,502,NSE_2_C1
6,064276701,2,NSE_2_C1,1,502,NSE_2_C1
7,064275204,2,NSE_2_C1,1,502,NSE_2_C1
8,064277620,2,NSE_2_C1,1,502,NSE_2_C1
9,064277517,2,NSE_2_C1,1,502,NSE_2_C1
10,064275509,2,NSE_2_C1,1,502,NSE_2_C1
11,064277531,2,NSE_2_C1,1,502,NSE_2_C1
12,064275809,2,NSE_2_C1,1,502,NSE_2_C1
13,064277421,2,NSE_2_C1,1,502,NSE_2_C1
14,065682907,2,NSE_2_C1,1,502,NSE_2_C1
15,064276401,2,NSE_2_C1,1,502,NSE_2_C1
16,064276602,2,NSE_2_C1,1,502,NSE_2_C1
17,064275312,2,NSE_2_C1,1,502,NSE_2_C1
18,064274810,2,NSE_2_C1,1,502,NSE_2_C1
19,064277813,2,NSE_2_C1,1,502,NSE_2_C1
20,065683010,2,NSE_2_C1,1,502,NSE_2_C1
21,064276212,2,NSE_2_C1,1,502,NSE_2_C1
22,064275313,2,NSE_2_C1,1,502,NSE_2_C1
23,064277703,2,NSE_2_C1,1,502,NSE_2_C1
24,064275912,2,NSE_2_C1,1,502,NSE_2_C1
25,064275716,2,NSE_2_C1,1,502,NSE_2_C1
26,064275201,2,NSE_2_C1,1,502,NSE_2_C1
27,064277719,2,NSE_2_C1,1,502,NSE_2_C1
28,064275904,2,NSE_2_C1,1,502,NSE_2_C1
29,065683005,2,NSE_2_C1,1,502,NSE_2_C1
30,064275906,2,NSE_2_C1,1,502,NSE_2_C1
31,064275205,2,NSE_2_C1,1,502,NSE_2_C1
32,064276404,2,NSE_2_C1,1,502,NSE_2_C1
33,064277624,2,NSE_2_C1,1,502,NSE_2_C1
34,064277504,2,NSE_2_C1,1,502,NSE_2_C1
35,064275914,2,NSE_2_C1,1,502,NSE_2_C1
36,064273809,2,NSE_2_C1,1,502,NSE_2_C1
37,065682810,2,NSE_2_C1,1,502,NSE_2_C1
38,064275915,2,NSE_2_C1,1,502,NSE_2_C1
39,064276801,2,NSE_2_C1,1,502,NSE_2_C1
40,064276905,2,NSE_2_C1,1,502,NSE_2_C1
41,064274107,2,NSE_2_C1,1,502,NSE_2_C1
42,064275803,2,NSE_2_C1,1,502,NSE_2_C1
43,064276722,2,NSE_2_C1,1,502,NSE_2_C1
44,064275309,2,NSE_2_C1,1,502,NSE_2_C1
45,064274911,2,NSE_2_C1,1,502,NSE_2_C1
46,064274002,2,NSE_2_C1,1,502,NSE_2_C1
47,064276306,2,NSE_2_C1,1,502,NSE_2_C1
48,065683014,2,NSE_2_C1,1,502,NSE_2_C1
49,065682809,2,NSE_2_C1,1,502,NSE_2_C1
50,064274707,2,NSE_2_C1,1,502,NSE_2_C1
51,064277315,2,NSE_2_C1,1,502,NSE_2_C1
52,065684105,2,NSE_2_C1,1,502,NSE_2_C1
53,064275407,2,NSE_2_C1,1,502,NSE_2_C1
54,064277913,2,NSE_2_C1,1,502,NSE_2_C1
55,064277808,2,NSE_2_C1,1,502,NSE_2_C1
56,064276007,2,NSE_2_C1,1,502,NSE_2_C1
57,064277814,2,NSE_2_C1,1,502,NSE_2_C1
58,064275302,2,NSE_2_C1,1,502,NSE_2_C1
59,064276018,2,NSE_2_C1,1,502,NSE_2_C1
60,064277805,2,NSE_2_C1,1,502,NSE_2_C1
61,065682911,2,NSE_2_C1,1,502,NSE_2_C1
62,064275706,2,NSE_2_C1,1,502,NSE_2_C1
63,064277513,2,NSE_2_C1,1,502,NSE_2_C1
64,064276107,2,NSE_2_C1,1,502,NSE_2_C1
65,064277208,2,NSE_2_C1,1,502,NSE_2_C1
66,064275702,2,NSE_2_C1,1,502,NSE_2_C1
67,064273811,2,NSE_2_C1,1,502,NSE_2_C1
68,065682904,2,NSE_2_C1,1,502,NSE_2_C1
69,064277809,2,NSE_2_C1,1,502,NSE_2_C1
70,064275210,2,NSE_2_C1,1,502,NSE_2_C1
71,064274106,2,NSE_2_C1,1,502,NSE_2_C1
72,064278013,2,NSE_2_C1,1,502,NSE_2_C1
73,064276706,2,NSE_2_C1,1,502,NSE_2_C1
74,064277707,2,NSE_2_C1,1,502,NSE_2_C1
75,064276603,2,NSE_2_C1,1,502,NSE_2_C1
76,064274212,2,NSE_2_C1,1,502,NSE_2_C1
77,064277502,2,NSE_2_C1,1,502,NSE_2_C1
78,064274110,2,NSE_2_C1,1,502,NSE_2_C1
79,064274904,2,NSE_2_C1,1,502,NSE_2_C1
80,064275901,2,NSE_2_C1,1,502,NSE_2_C1
81,064276213,2,NSE_2_C1,1,502,NSE_2_C1
82,064276509,2,NSE_2_C1,1,502,NSE_2_C1
83,064275909,2,NSE_2_C1,1,502,NSE_2_C1
84,064275208,2,NSE_2_C1,1,502,NSE_2_C1
85,064277318,2,NSE_2_C1,1,502,NSE_2_C1
86,064277603,2,NSE_2_C1,1,502,NSE_2_C1
87,064275905,2,NSE_2_C1,1,502,NSE_2_C1
88,064275413,2,NSE_2_C1,1,502,NSE_2_C1
89,064277609,2,NSE_2_C1,1,502,NSE_2_C1
90,064277414,2,NSE_2_C1,1,502,NSE_2_C1
91,064274004,2,NSE_2_C1,1,502,NSE_2_C1
92,064274007,2,NSE_2_C1,1,502,NSE_2_C1
93,064277615,2,NSE_2_C1,1,502,NSE_2_C1
94,064277510,2,NSE_2_C1,1,502,NSE_2_C1
95,064276608,2,NSE_2_C1,1,502,NSE_2_C1
96,064275808,2,NSE_2_C1,1,502,NSE_2_C1
97,064278004,2,NSE_2_C1,1,502,NSE_2_C1
98,064275815,2,NSE_2_C1,1,502,NSE_2_C1
99,064277013,2,NSE_2_C1,1,502,NSE_2_C1
100,064275209,2,NSE_2_C1,1,502,NSE_2_C1
101,065682910,2,NSE_2_C1,1,502,NSE_2_C1
102,064274806,2,NSE_2_C1,1,502,NSE_2_C1
103,065682912,2,NSE_2_C1,1,502,NSE_2_C1
104,064277708,2,NSE_2_C1,1,502,NSE_2_C1
105,064274807,2,NSE_2_C1,1,502,NSE_2_C1
106,064277411,2,NSE_2_C1,1,502,NSE_2_C1
107,064276914,2,NSE_2_C1,1,502,NSE_2_C1
108,064277404,2,NSE_2_C1,1,502,NSE_2_C1
109,064276304,2,NSE_2_C1,1,502,NSE_2_C1
110,064277311,2,NSE_2_C1,1,502,NSE_2_C1
111,064276517,2,NSE_2_C1,1,502,NSE_2_C1
112,064276702,2,NSE_2_C1,1,502,NSE_2_C1
113,064275403,2,NSE_2_C1,1,502,NSE_2_C1
114,064277705,2,NSE_2_C1,1,502,NSE_2_C1
115,064277108,2,NSE_2_C1,1,502,NSE_2_C1
116,064275303,2,NSE_2_C1,1,502,NSE_2_C1
117,064277419,2,NSE_2_C1,1,502,NSE_2_C1
118,064277204,2,NSE_2_C1,1,502,NSE_2_C1
119,064277714,2,NSE_2_C1,1,502,NSE_2_C1
120,064274802,2,NSE_2_C1,1,502,NSE_2_C1
121,064276009,2,NSE_2_C1,1,502,NSE_2_C1
122,064277106,2,NSE_2_C1,1,502,NSE_2_C1
123,064277528,2,NSE_2_C1,1,502,NSE_2_C1
124,064276414,2,NSE_2_C1,1,502,NSE_2_C1
125,064277616,2,NSE_2_C1,1,502,NSE_2_C1
126,064275206,2,NSE_2_C1,1,502,NSE_2_C1
127,064275717,2,NSE_2_C1,1,502,NSE_2_C1
128,064277313,2,NSE_2_C1,1,502,NSE_2_C1
129,064274811,2,NSE_2_C1,1,502,NSE_2_C1
130,064277304,2,NSE_2_C1,1,502,NSE_2_C1
131,064277314,2,NSE_2_C1,1,502,NSE_2_C1
132,064274108,2,NSE_2_C1,1,502,NSE_2_C1
133,064274804,2,NSE_2_C1,1,502,NSE_2_C1
134,064277321,2,NSE_2_C1,1,502,NSE_2_C1
135,064274906,2,NSE_2_C1,1,502,NSE_2_C1
136,064276116,2,NSE_2_C1,1,502,NSE_2_C1
137,065684004,2,NSE_2_C1,1,502,NSE_2_C1
138,064277530,2,NSE_2_C1,1,502,NSE_2_C1
139,064277306,2,NSE_2_C1,1,502,NSE_2_C1
140,064277721,2,NSE_2_C1,1,502,NSE_2_C1
141,064277715,2,NSE_2_C1,1,502,NSE_2_C1
142,064275211,2,NSE_2_C1,1,502,NSE_2_C1
143,064277912,2,NSE_2_C1,1,502,NSE_2_C1
144,064277706,2,NSE_2_C1,1,502,NSE_2_C1
145,064274905,2,NSE_2_C1,1,502,NSE_2_C1
146,064278003,2,NSE_2_C1,1,502,NSE_2_C1
147,064275814,2,NSE_2_C1,1,502,NSE_2_C1
148,064278002,2,NSE_2_C1,1,502,NSE_2_C1
149,064275115,2,NSE_2_C1,1,502,NSE_2_C1
150,064276609,2,NSE_2_C1,1,502,NSE_2_C1
151,064274109,2,NSE_2_C1,1,502,NSE_2_C1
152,064277526,2,NSE_2_C1,1,502,NSE_2_C1
153,064274909,2,NSE_2_C1,1,502,NSE_2_C1
154,064277117,2,NSE_2_C1,1,502,NSE_2_C1
155,064277521,2,NSE_2_C1,1,502,NSE_2_C1
156,064276717,2,NSE_2_C1,1,502,NSE_2_C1
157,064277018,2,NSE_2_C1,1,502,NSE_2_C1
158,064276503,2,NSE_2_C1,1,502,NSE_2_C1
159,064278012,2,NSE_2_C1,1,502,NSE_2_C1
160,064275401,2,NSE_2_C1,1,502,NSE_2_C1
161,064277210,2,NSE_2_C1,1,502,NSE_2_C1
162,064277408,2,NSE_2_C1,1,502,NSE_2_C1
163,064277505,2,NSE_2_C1,1,502,NSE_2_C1
164,064272411,2,NSE_2_C1,1,502,NSE_2_C1
165,064276712,2,NSE_2_C1,1,502,NSE_2_C1
166,064276604,2,NSE_2_C1,1,502,NSE_2_C1
167,064277524,2,NSE_2_C1,1,502,NSE_2_C1
168,064277614,2,NSE_2_C1,1,502,NSE_2_C1
169,064277119,2,NSE_2_C1,1,502,NSE_2_C1
170,064277413,2,NSE_2_C1,1,502,NSE_2_C1
171,064276001,2,NSE_2_C1,1,502,NSE_2_C1
172,064273801,2,NSE_2_C1,1,502,NSE_2_C1
173,064275707,2,NSE_2_C1,1,502,NSE_2_C1
174,064274208,2,NSE_2_C1,1,502,NSE_2_C1
175,064276704,2,NSE_2_C1,1,502,NSE_2_C1
176,064277317,2,NSE_2_C1,1,502,NSE_2_C1
177,064277416,2,NSE_2_C1,1,502,NSE_2_C1
178,064276010,2,NSE_2_C1,1,502,NSE_2_C1
179,064276721,2,NSE_2_C1,1,502,NSE_2_C1
180,064275216,2,NSE_2_C1,1,502,NSE_2_C1
181,064276110,2,NSE_2_C1,1,502,NSE_2_C1
182,064276511,2,NSE_2_C1,1,502,NSE_2_C1
183,064275203,2,NSE_2_C1,1,502,NSE_2_C1
184,064277720,2,NSE_2_C1,1,502,NSE_2_C1
185,064276506,2,NSE_2_C1,1,502,NSE_2_C1
186,064277307,2,NSE_2_C1,1,502,NSE_2_C1
187,064277627,2,NSE_2_C1,1,502,NSE_2_C1
188,064277611,2,NSE_2_C1,1,502,NSE_2_C1
189,064276713,2,NSE_2_C1,1,502,NSE_2_C1
190,064276611,2,NSE_2_C1,1,502,NSE_2_C1
191,064274209,2,NSE_2_C1,1,502,NSE_2_C1
192,064276312,2,NSE_2_C1,1,502,NSE_2_C1
193,064277602,2,NSE_2_C1,1,502,NSE_2_C1
194,064275903,2,NSE_2_C1,1,502,NSE_2_C1
195,064276917,2,NSE_2_C1,1,502,NSE_2_C1
196,065682901,2,NSE_2_C1,1,502,NSE_2_C1
197,064277520,2,NSE_2_C1,1,502,NSE_2_C1
198,064276606,2,NSE_2_C1,1,502,NSE_2_C1
199,065684106,2,NSE_2_C1,1,502,NSE_2_C1
200,064277811,2,NSE_2_C1,1,502,NSE_2_C1
201,064277209,2,NSE_2_C1,1,502,NSE_2_C1
202,064277911,2,NSE_2_C1,1,502,NSE_2_C1
203,064275704,2,NSE_2_C1,1,502,NSE_2_C1
204,064274914,2,NSE_2_C1,1,502,NSE_2_C1
205,064277309,2,NSE_2_C1,1,502,NSE_2_C1
206,064277409,2,NSE_2_C1,1,502,NSE_2_C1
207,064276918,2,NSE_2_C1,1,502,NSE_2_C1
208,064274808,2,NSE_2_C1,1,502,NSE_2_C1
209,064276006,2,NSE_2_C1,1,502,NSE_2_C1
210,064276415,2,NSE_2_C1,1,502,NSE_2_C1
211,064278017,2,NSE_2_C1,1,502,NSE_2_C1
212,064275304,2,NSE_2_C1,1,502,NSE_2_C1
213,064276516,2,NSE_2_C1,1,502,NSE_2_C1
214,064278014,2,NSE_2_C1,1,502,NSE_2_C1
215,064273806,2,NSE_2_C1,1,502,NSE_2_C1
216,064276113,2,NSE_2_C1,1,502,NSE_2_C1
217,064276109,2,NSE_2_C1,1,502,NSE_2_C1
218,065682914,2,NSE_2_C1,1,502,NSE_2_C1
219,064277606,2,NSE_2_C1,1,502,NSE_2_C1
220,064275712,2,NSE_2_C1,1,502,NSE_2_C1
221,064275603,2,NSE_2_C1,1,502,NSE_2_C1
222,064277908,2,NSE_2_C1,1,502,NSE_2_C1
223,064276305,2,NSE_2_C1,1,502,NSE_2_C1
224,064277417,2,NSE_2_C1,1,502,NSE_2_C1
225,064276412,2,NSE_2_C1,1,502,NSE_2_C1
226,064274203,2,NSE_2_C1,1,502,NSE_2_C1
227,064276002,2,NSE_2_C1,1,502,NSE_2_C1
228,064276114,2,NSE_2_C1,1,502,NSE_2_C1
229,064277202,2,NSE_2_C1,1,502,NSE_2_C1
230,064273912,2,NSE_2_C1,1,502,NSE_2_C1
231,065684003,2,NSE_2_C1,1,502,NSE_2_C1
232,064276204,2,NSE_2_C1,1,502,NSE_2_C1
233,064277213,2,NSE_2_C1,1,502,NSE_2_C1
234,064275306,2,NSE_2_C1,1,502,NSE_2_C1
235,064275911,2,NSE_2_C1,1,502,NSE_2_C1
236,064277804,2,NSE_2_C1,1,502,NSE_2_C1
237,064276612,2,NSE_2_C1,1,502,NSE_2_C1
238,064276501,2,NSE_2_C1,1,502,NSE_2_C1
239,064275709,2,NSE_2_C1,1,502,NSE_2_C1
240,064277405,2,NSE_2_C1,1,502,NSE_2_C1
241,064275601,2,NSE_2_C1,1,502,NSE_2_C1
242,064276515,2,NSE_2_C1,1,502,NSE_2_C1
243,064277312,2,NSE_2_C1,1,502,NSE_2_C1
244,064277017,2,NSE_2_C1,1,502,NSE_2_C1
245,064276514,2,NSE_2_C1,1,502,NSE_2_C1
246,064277515,2,NSE_2_C1,1,502,NSE_2_C1
247,064274001,2,NSE_2_C1,1,502,NSE_2_C1
248,064275708,2,NSE_2_C1,1,502,NSE_2_C1
249,064275805,2,NSE_2_C1,1,502,NSE_2_C1
250,064278016,2,NSE_2_C1,1,502,NSE_2_C1
251,064276019,2,NSE_2_C1,1,502,NSE_2_C1
252,064274602,2,NSE_2_C1,1,502,NSE_2_C1
253,064277214,2,NSE_2_C1,1,502,NSE_2_C1
254,064278005,2,NSE_2_C1,1,502,NSE_2_C1
255,064277522,2,NSE_2_C1,1,502,NSE_2_C1
256,064276406,2,NSE_2_C1,1,502,NSE_2_C1
257,064278011,2,NSE_2_C1,1,502,NSE_2_C1
258,064277619,2,NSE_2_C1,1,502,NSE_2_C1
259,064277518,2,NSE_2_C1,1,502,NSE_2_C1
260,064276413,2,NSE_2_C1,1,502,NSE_2_C1
261,064276607,2,NSE_2_C1,1,502,NSE_2_C1
262,064277406,2,NSE_2_C1,1,502,NSE_2_C1
263,064274010,2,NSE_2_C1,1,502,NSE_2_C1
264,064276705,2,NSE_2_C1,1,502,NSE_2_C1
265,064277211,2,NSE_2_C1,1,502,NSE_2_C1
266,064274803,2,NSE_2_C1,1,502,NSE_2_C1
267,064276403,2,NSE_2_C1,1,502,NSE_2_C1
268,064277901,2,NSE_2_C1,1,502,NSE_2_C1
269,064275213,2,NSE_2_C1,1,502,NSE_2_C1
270,064274607,2,NSE_2_C1,1,502,NSE_2_C1
271,064275308,2,NSE_2_C1,1,502,NSE_2_C1
272,064274003,2,NSE_2_C1,1,502,NSE_2_C1
273,064276810,2,NSE_2_C1,1,502,NSE_2_C1
274,064277803,2,NSE_2_C1,1,502,NSE_2_C1
275,064277203,2,NSE_2_C1,1,502,NSE_2_C1
276,064277523,2,NSE_2_C1,1,502,NSE_2_C1
277,064277308,2,NSE_2_C1,1,502,NSE_2_C1
278,064276013,2,NSE_2_C1,1,502,NSE_2_C1
279,064274814,2,NSE_2_C1,1,502,NSE_2_C1
280,064277423,2,NSE_2_C1,1,502,NSE_2_C1
281,064277212,2,NSE_2_C1,1,502,NSE_2_C1
282,064277906,2,NSE_2_C1,1,502,NSE_2_C1
283,064277617,2,NSE_2_C1,1,502,NSE_2_C1
284,064277812,2,NSE_2_C1,1,502,NSE_2_C1
285,064276720,2,NSE_2_C1,1,502,NSE_2_C1
286,064278009,2,NSE_2_C1,1,502,NSE_2_C1
287,064275813,2,NSE_2_C1,1,502,NSE_2_C1
288,064276411,2,NSE_2_C1,1,502,NSE_2_C1
289,064276108,2,NSE_2_C1,1,502,NSE_2_C1
290,064277501,2,NSE_2_C1,1,502,NSE_2_C1
291,064277403,2,NSE_2_C1,1,502,NSE_2_C1
292,065682806,2,NSE_2_C1,1,502,NSE_2_C1
293,064277509,2,NSE_2_C1,1,502,NSE_2_C1
294,064276015,2,NSE_2_C1,1,502,NSE_2_C1
295,065683011,2,NSE_2_C1,1,502,NSE_2_C1
296,064278008,2,NSE_2_C1,1,502,NSE_2_C1
297,064276916,2,NSE_2_C1,1,502,NSE_2_C1
298,064277116,2,NSE_2_C1,1,502,NSE_2_C1
299,064275802,2,NSE_2_C1,1,502,NSE_2_C1
300,064276408,2,NSE_2_C1,1,502,NSE_2_C1
301,064277401,2,NSE_2_C1,1,502,NSE_2_C1
302,064276504,2,NSE_2_C1,1,502,NSE_2_C1
303,064276117,2,NSE_2_C1,1,502,NSE_2_C1
304,064277907,2,NSE_2_C1,1,502,NSE_2_C1
305,064277319,2,NSE_2_C1,1,502,NSE_2_C1
306,065684101,2,NSE_2_C1,1,502,NSE_2_C1
307,064276518,2,NSE_2_C1,1,502,NSE_2_C1
308,064277110,2,NSE_2_C1,1,502,NSE_2_C1
309,064278015,2,NSE_2_C1,1,502,NSE_2_C1
310,064277625,2,NSE_2_C1,1,502,NSE_2_C1
311,064275812,2,NSE_2_C1,1,502,NSE_2_C1
312,064277904,2,NSE_2_C1,1,502,NSE_2_C1
313,064276020,2,NSE_2_C1,1,502,NSE_2_C1
314,064276513,2,NSE_2_C1,1,502,NSE_2_C1
315,064276008,2,NSE_2_C1,1,502,NSE_2_C1
316,065682905,2,NSE_2_C1,1,502,NSE_2_C1
317,064274005,2,NSE_2_C1,1,502,NSE_2_C1
318,064277412,2,NSE_2_C1,1,502,NSE_2_C1
319,064275811,2,NSE_2_C1,1,502,NSE_2_C1
320,064276405,2,NSE_2_C1,1,502,NSE_2_C1
321,064275715,2,NSE_2_C1,1,502,NSE_2_C1
322,064274913,2,NSE_2_C1,1,502,NSE_2_C1
323,064276502,2,NSE_2_C1,1,502,NSE_2_C1
324,064277420,2,NSE_2_C1,1,502,NSE_2_C1
325,064273804,2,NSE_2_C1,1,502,NSE_2_C1
326,064274813,2,NSE_2_C1,1,502,NSE_2_C1
327,064274206,2,NSE_2_C1,1,502,NSE_2_C1
328,064276715,2,NSE_2_C1,1,502,NSE_2_C1
329,064274903,2,NSE_2_C1,1,502,NSE_2_C1
330,064275310,2,NSE_2_C1,1,502,NSE_2_C1
331,064276216,2,NSE_2_C1,1,502,NSE_2_C1
332,064276906,2,NSE_2_C1,1,502,NSE_2_C1
333,064276416,2,NSE_2_C1,1,502,NSE_2_C1
334,064277511,2,NSE_2_C1,1,502,NSE_2_C1
335,064275602,2,NSE_2_C1,1,502,NSE_2_C1
336,064274611,2,NSE_2_C1,1,502,NSE_2_C1
337,064273908,2,NSE_2_C1,1,502,NSE_2_C1
338,064276913,2,NSE_2_C1,1,502,NSE_2_C1
339,064276407,2,NSE_2_C1,1,502,NSE_2_C1
340,064274910,2,NSE_2_C1,1,502,NSE_2_C1
341,065682804,2,NSE_2_C1,1,502,NSE_2_C1
342,064276709,2,NSE_2_C1,1,502,NSE_2_C1
343,064276011,2,NSE_2_C1,1,502,NSE_2_C1
344,064275215,2,NSE_2_C1,1,502,NSE_2_C1
345,064274902,2,NSE_2_C1,1,502,NSE_2_C1
346,065682913,2,NSE_2_C1,1,502,NSE_2_C1
347,064275604,2,NSE_2_C1,1,502,NSE_2_C1
348,064276311,2,NSE_2_C1,1,502,NSE_2_C1
349,064276402,2,NSE_2_C1,1,502,NSE_2_C1
350,064277801,2,NSE_2_C1,1,502,NSE_2_C1
351,064275710,2,NSE_2_C1,1,502,NSE_2_C1
352,064273803,2,NSE_2_C1,1,502,NSE_2_C1
353,064277118,2,NSE_2_C1,1,502,NSE_2_C1
354,064277610,2,NSE_2_C1,1,502,NSE_2_C1
355,064277407,2,NSE_2_C1,1,502,NSE_2_C1
356,065684007,2,NSE_2_C1,1,502,NSE_2_C1
357,064277607,2,NSE_2_C1,1,502,NSE_2_C1
358,064277903,2,NSE_2_C1,1,502,NSE_2_C1
359,064275807,2,NSE_2_C1,1,502,NSE_2_C1
360,064277626,2,NSE_2_C1,1,502,NSE_2_C1
361,064274606,2,NSE_2_C1,1,502,NSE_2_C1
362,064276710,2,NSE_2_C1,1,502,NSE_2_C1
363,064272206,2,NSE_2_C1,1,502,NSE_2_C1
364,064277716,2,NSE_2_C1,1,502,NSE_2_C1
365,064277527,2,NSE_2_C1,1,502,NSE_2_C1
366,064277802,2,NSE_2_C1,1,502,NSE_2_C1
367,064277005,2,NSE_2_C1,1,502,NSE_2_C1
368,064276703,2,NSE_2_C1,1,502,NSE_2_C1
369,064277102,2,NSE_2_C1,1,502,NSE_2_C1
370,064277508,2,NSE_2_C1,1,502,NSE_2_C1
371,064277418,2,NSE_2_C1,1,502,NSE_2_C1
372,064276716,2,NSE_2_C1,1,502,NSE_2_C1
373,064277702,2,NSE_2_C1,1,502,NSE_2_C1
374,064275305,2,NSE_2_C1,1,502,NSE_2_C1
375,064277302,2,NSE_2_C1,1,502,NSE_2_C1
376,064276915,2,NSE_2_C1,1,502,NSE_2_C1
377,064277410,2,NSE_2_C1,1,502,NSE_2_C1
378,064275409,2,NSE_2_C1,1,502,NSE_2_C1
379,064274907,2,NSE_2_C1,1,502,NSE_2_C1
380,064276512,2,NSE_2_C1,1,502,NSE_2_C1
381,064276314,2,NSE_2_C1,1,502,NSE_2_C1
382,064277105,2,NSE_2_C1,1,502,NSE_2_C1
383,064275311,2,NSE_2_C1,1,502,NSE_2_C1
384,064277516,2,NSE_2_C1,1,502,NSE_2_C1
385,064276012,2,NSE_2_C1,1,502,NSE_2_C1
386,064276505,2,NSE_2_C1,1,502,NSE_2_C1
387,064276005,2,NSE_2_C1,1,502,NSE_2_C1
388,064278001,2,NSE_2_C1,1,502,NSE_2_C1
389,064276510,2,NSE_2_C1,1,502,NSE_2_C1
390,064277621,2,NSE_2_C1,1,502,NSE_2_C1
391,064275908,2,NSE_2_C1,1,502,NSE_2_C1
392,065682908,2,NSE_2_C1,1,502,NSE_2_C1
393,064274608,2,NSE_2_C1,1,502,NSE_2_C1
394,064274013,2,NSE_2_C1,1,502,NSE_2_C1
395,064272208,2,NSE_2_C1,1,502,NSE_2_C1
396,064274801,2,NSE_2_C1,1,502,NSE_2_C1
397,064277002,2,NSE_2_C1,1,502,NSE_2_C1
398,064276105,2,NSE_2_C1,1,502,NSE_2_C1
399,064277305,2,NSE_2_C1,1,502,NSE_2_C1
400,064277909,2,NSE_2_C1,1,502,NSE_2_C1
401,064277512,2,NSE_2_C1,1,502,NSE_2_C1
402,064276115,2,NSE_2_C1,1,502,NSE_2_C1
403,065682906,2,NSE_2_C1,1,502,NSE_2_C1
404,065684102,2,NSE_2_C1,1,502,NSE_2_C1
405,064275207,2,NSE_2_C1,1,502,NSE_2_C1
406,064277902,2,NSE_2_C1,1,502,NSE_2_C1
407,064277205,2,NSE_2_C1,1,502,NSE_2_C1
408,064277101,2,NSE_2_C1,1,502,NSE_2_C1
409,064274815,2,NSE_2_C1,1,502,NSE_2_C1
410,064276112,2,NSE_2_C1,1,502,NSE_2_C1
411,065684104,2,NSE_2_C1,1,502,NSE_2_C1
412,064275714,2,NSE_2_C1,1,502,NSE_2_C1
413,064276409,2,NSE_2_C1,1,502,NSE_2_C1
414,064276507,2,NSE_2_C1,1,502,NSE_2_C1
415,064277113,2,NSE_2_C1,1,502,NSE_2_C1
416,065683004,2,NSE_2_C1,1,502,NSE_2_C1
417,064275212,2,NSE_2_C1,1,502,NSE_2_C1
418,064277605,2,NSE_2_C1,1,502,NSE_2_C1
419,064277322,2,NSE_2_C1,1,502,NSE_2_C1
420,064276508,2,NSE_2_C1,1,502,NSE_2_C1
421,064277810,2,NSE_2_C1,1,502,NSE_2_C1
422,064276205,2,NSE_2_C1,1,502,NSE_2_C1
423,064274609,2,NSE_2_C1,1,502,NSE_2_C1
424,064276111,2,NSE_2_C1,1,502,NSE_2_C1
425,064275713,2,NSE_2_C1,1,502,NSE_2_C1
426,064278018,2,NSE_2_C1,1,502,NSE_2_C1
427,064274006,2,NSE_2_C1,1,502,NSE_2_C1
428,064272409,2,NSE_2_C1,1,502,NSE_2_C1
429,064278019,2,NSE_2_C1,1,502,NSE_2_C1
430,064275705,2,NSE_2_C1,1,502,NSE_2_C1
431,064277111,2,NSE_2_C1,1,502,NSE_2_C1
432,064274912,2,NSE_2_C1,1,502,NSE_2_C1
433,064276106,2,NSE_2_C1,1,502,NSE_2_C1
434,064277604,2,NSE_2_C1,1,502,NSE_2_C1
435,064277519,2,NSE_2_C1,1,502,NSE_2_C1
436,064275301,2,NSE_2_C1,1,502,NSE_2_C1
437,064277506,2,NSE_2_C1,1,502,NSE_2_C1
438,064275217,2,NSE_2_C1,1,502,NSE_2_C1
439,064278007,2,NSE_2_C1,1,502,NSE_2_C1
440,064277701,2,NSE_2_C1,1,502,NSE_2_C1
441,064277112,2,NSE_2_C1,1,502,NSE_2_C1
442,064277503,2,NSE_2_C1,1,502,NSE_2_C1
443,064277713,2,NSE_2_C1,1,502,NSE_2_C1
444,064276714,2,NSE_2_C1,1,502,NSE_2_C1
445,064275913,2,NSE_2_C1,1,502,NSE_2_C1
446,064277910,2,NSE_2_C1,1,502,NSE_2_C1
447,064275804,2,NSE_2_C1,1,502,NSE_2_C1
448,065682808,2,NSE_2_C1,1,502,NSE_2_C1
449,064277711,2,NSE_2_C1,1,502,NSE_2_C1
450,064276707,2,NSE_2_C1,1,502,NSE_2_C1
451,064276211,2,NSE_2_C1,1,502,NSE_2_C1
452,064277015,2,NSE_2_C1,1,502,NSE_2_C1
453,064277104,2,NSE_2_C1,1,502,NSE_2_C1
454,064278010,2,NSE_2_C1,1,502,NSE_2_C1
455,064277303,2,NSE_2_C1,1,502,NSE_2_C1
456,064275202,2,NSE_2_C1,1,502,NSE_2_C1
457,064277115,2,NSE_2_C1,1,502,NSE_2_C1
458,064274205,2,NSE_2_C1,1,502,NSE_2_C1
459,064278006,2,NSE_2_C1,1,502,NSE_2_C1
460,064276903,2,NSE_2_C1,1,502,NSE_2_C1
461,064277009,2,NSE_2_C1,1,502,NSE_2_C1
462,064276920,2,NSE_2_C1,1,502,NSE_2_C1
463,064277402,2,NSE_2_C1,1,502,NSE_2_C1
464,065682805,2,NSE_2_C1,1,502,NSE_2_C1
465,064272407,2,NSE_2_C1,1,502,NSE_2_C1
466,064275214,2,NSE_2_C1,1,502,NSE_2_C1
467,064274816,2,NSE_2_C1,1,502,NSE_2_C1
468,064277710,2,NSE_2_C1,1,502,NSE_2_C1
469,064276003,2,NSE_2_C1,1,502,NSE_2_C1
470,064277215,2,NSE_2_C1,1,502,NSE_2_C1
471,064277514,2,NSE_2_C1,1,502,NSE_2_C1
472,064276102,2,NSE_2_C1,1,502,NSE_2_C1
473,064276601,2,NSE_2_C1,1,502,NSE_2_C1
474,064274901,2,NSE_2_C1,1,502,NSE_2_C1
475,064277114,2,NSE_2_C1,1,502,NSE_2_C1
476,064273807,2,NSE_2_C1,1,502,NSE_2_C1
477,065682703,2,NSE_2_C1,1,502,NSE_2_C1
478,064275402,2,NSE_2_C1,1,502,NSE_2_C1
479,064277422,2,NSE_2_C1,1,502,NSE_2_C1
480,064277415,2,NSE_2_C1,1,502,NSE_2_C1
481,065684006,2,NSE_2_C1,1,502,NSE_2_C1
482,064277612,2,NSE_2_C1,1,502,NSE_2_C1
483,064276214,2,NSE_2_C1,1,502,NSE_2_C1
484,064277807,2,NSE_2_C1,1,502,NSE_2_C1
485,064277618,2,NSE_2_C1,1,502,NSE_2_C1
486,064275307,2,NSE_2_C1,1,502,NSE_2_C1
487,064277301,2,NSE_2_C1,1,502,NSE_2_C1
488,064276719,2,NSE_2_C1,1,502,NSE_2_C1
489,064277601,2,NSE_2_C1,1,502,NSE_2_C1
490,065682702,2,NSE_2_C1,1,502,NSE_2_C1
491,064277905,2,NSE_2_C1,1,502,NSE_2_C1
492,064277201,2,NSE_2_C1,1,502,NSE_2_C1
493,064277207,2,NSE_2_C1,1,502,NSE_2_C1
494,064275806,2,NSE_2_C1,1,502,NSE_2_C1
495,064277507,2,NSE_2_C1,1,502,NSE_2_C1
496,064277010,2,NSE_2_C1,1,502,NSE_2_C1
497,064275902,2,NSE_2_C1,1,502,NSE_2_C1
498,064277107,2,NSE_2_C1,1,502,NSE_2_C1
499,064277206,2,NSE_2_C1,1,502,NSE_2_C1
500,064277529,2,NSE_2_C1,1,502,NSE_2_C1
501,064275406,2,NSE_2_C1,1,502,NSE_2_C1
502,064903302,2,NSE_2_C2,2,392,NSE_2_C2
503,064342710,2,NSE_2_C2,2,392,NSE_2_C2
504,064903907,2,NSE_2_C2,2,392,NSE_2_C2
505,064903202,2,NSE_2_C2,2,392,NSE_2_C2
506,064345202,2,NSE_2_C2,2,392,NSE_2_C2
507,064900108,2,NSE_2_C2,2,392,NSE_2_C2
508,064905209,2,NSE_2_C2,2,392,NSE_2_C2
509,064342202,2,NSE_2_C2,2,392,NSE_2_C2
510,064906513,2,NSE_2_C2,2,392,NSE_2_C2
511,064902908,2,NSE_2_C2,2,392,NSE_2_C2
512,064903810,2,NSE_2_C2,2,392,NSE_2_C2
513,064903108,2,NSE_2_C2,2,392,NSE_2_C2
514,064900402,2,NSE_2_C2,2,392,NSE_2_C2
515,064906511,2,NSE_2_C2,2,392,NSE_2_C2
516,064271807,2,NSE_2_C2,2,392,NSE_2_C2
517,064343512,2,NSE_2_C2,2,392,NSE_2_C2
518,064342812,2,NSE_2_C2,2,392,NSE_2_C2
519,064271704,2,NSE_2_C2,2,392,NSE_2_C2
520,064903211,2,NSE_2_C2,2,392,NSE_2_C2
521,064342305,2,NSE_2_C2,2,392,NSE_2_C2
522,064342602,2,NSE_2_C2,2,392,NSE_2_C2
523,064342605,2,NSE_2_C2,2,392,NSE_2_C2
524,064903912,2,NSE_2_C2,2,392,NSE_2_C2
525,064903109,2,NSE_2_C2,2,392,NSE_2_C2
526,064906204,2,NSE_2_C2,2,392,NSE_2_C2
527,064903207,2,NSE_2_C2,2,392,NSE_2_C2
528,064342301,2,NSE_2_C2,2,392,NSE_2_C2
529,064906402,2,NSE_2_C2,2,392,NSE_2_C2
530,064271828,2,NSE_2_C2,2,392,NSE_2_C2
531,064904005,2,NSE_2_C2,2,392,NSE_2_C2
532,064271710,2,NSE_2_C2,2,392,NSE_2_C2
533,064271803,2,NSE_2_C2,2,392,NSE_2_C2
534,064903403,2,NSE_2_C2,2,392,NSE_2_C2
535,064903513,2,NSE_2_C2,2,392,NSE_2_C2
536,064903106,2,NSE_2_C2,2,392,NSE_2_C2
537,064342303,2,NSE_2_C2,2,392,NSE_2_C2
538,064906606,2,NSE_2_C2,2,392,NSE_2_C2
539,064345308,2,NSE_2_C2,2,392,NSE_2_C2
540,064906302,2,NSE_2_C2,2,392,NSE_2_C2
541,064906214,2,NSE_2_C2,2,392,NSE_2_C2
542,064903807,2,NSE_2_C2,2,392,NSE_2_C2
543,064271808,2,NSE_2_C2,2,392,NSE_2_C2
544,064903609,2,NSE_2_C2,2,392,NSE_2_C2
545,064906202,2,NSE_2_C2,2,392,NSE_2_C2
546,064906506,2,NSE_2_C2,2,392,NSE_2_C2
547,064906508,2,NSE_2_C2,2,392,NSE_2_C2
548,064900114,2,NSE_2_C2,2,392,NSE_2_C2
549,064903110,2,NSE_2_C2,2,392,NSE_2_C2
550,064902801,2,NSE_2_C2,2,392,NSE_2_C2
551,064903911,2,NSE_2_C2,2,392,NSE_2_C2
552,064345204,2,NSE_2_C2,2,392,NSE_2_C2
553,064903909,2,NSE_2_C2,2,392,NSE_2_C2
554,064340101,2,NSE_2_C2,2,392,NSE_2_C2
555,064342304,2,NSE_2_C2,2,392,NSE_2_C2
556,064903606,2,NSE_2_C2,2,392,NSE_2_C2
557,064902907,2,NSE_2_C2,2,392,NSE_2_C2
558,064345208,2,NSE_2_C2,2,392,NSE_2_C2
559,064906603,2,NSE_2_C2,2,392,NSE_2_C2
560,064903812,2,NSE_2_C2,2,392,NSE_2_C2
561,064906604,2,NSE_2_C2,2,392,NSE_2_C2
562,064903704,2,NSE_2_C2,2,392,NSE_2_C2
563,064900202,2,NSE_2_C2,2,392,NSE_2_C2
564,064900205,2,NSE_2_C2,2,392,NSE_2_C2
565,064342604,2,NSE_2_C2,2,392,NSE_2_C2
566,064342601,2,NSE_2_C2,2,392,NSE_2_C2
567,064903504,2,NSE_2_C2,2,392,NSE_2_C2
568,064903901,2,NSE_2_C2,2,392,NSE_2_C2
569,064903708,2,NSE_2_C2,2,392,NSE_2_C2
570,064902903,2,NSE_2_C2,2,392,NSE_2_C2
571,064342807,2,NSE_2_C2,2,392,NSE_2_C2
572,064342607,2,NSE_2_C2,2,392,NSE_2_C2
573,064342811,2,NSE_2_C2,2,392,NSE_2_C2
574,064906306,2,NSE_2_C2,2,392,NSE_2_C2
575,064906510,2,NSE_2_C2,2,392,NSE_2_C2
576,064342801,2,NSE_2_C2,2,392,NSE_2_C2
577,064902909,2,NSE_2_C2,2,392,NSE_2_C2
578,064903203,2,NSE_2_C2,2,392,NSE_2_C2
579,064900504,2,NSE_2_C2,2,392,NSE_2_C2
580,064345106,2,NSE_2_C2,2,392,NSE_2_C2
581,064906206,2,NSE_2_C2,2,392,NSE_2_C2
582,064271802,2,NSE_2_C2,2,392,NSE_2_C2
583,064903501,2,NSE_2_C2,2,392,NSE_2_C2
584,064342207,2,NSE_2_C2,2,392,NSE_2_C2
585,064903306,2,NSE_2_C2,2,392,NSE_2_C2
586,064900210,2,NSE_2_C2,2,392,NSE_2_C2
587,064900107,2,NSE_2_C2,2,392,NSE_2_C2
588,064900307,2,NSE_2_C2,2,392,NSE_2_C2
589,064906501,2,NSE_2_C2,2,392,NSE_2_C2
590,064903804,2,NSE_2_C2,2,392,NSE_2_C2
591,064906101,2,NSE_2_C2,2,392,NSE_2_C2
592,064906504,2,NSE_2_C2,2,392,NSE_2_C2
593,064271801,2,NSE_2_C2,2,392,NSE_2_C2
594,064345201,2,NSE_2_C2,2,392,NSE_2_C2
595,064906503,2,NSE_2_C2,2,392,NSE_2_C2
596,064903204,2,NSE_2_C2,2,392,NSE_2_C2
597,064900310,2,NSE_2_C2,2,392,NSE_2_C2
598,064906507,2,NSE_2_C2,2,392,NSE_2_C2
599,064903407,2,NSE_2_C2,2,392,NSE_2_C2
600,064906308,2,NSE_2_C2,2,392,NSE_2_C2
601,064342804,2,NSE_2_C2,2,392,NSE_2_C2
602,064906405,2,NSE_2_C2,2,392,NSE_2_C2
603,064904009,2,NSE_2_C2,2,392,NSE_2_C2
604,064343909,2,NSE_2_C2,2,392,NSE_2_C2
605,064342506,2,NSE_2_C2,2,392,NSE_2_C2
606,064903212,2,NSE_2_C2,2,392,NSE_2_C2
607,064342611,2,NSE_2_C2,2,392,NSE_2_C2
608,064271610,2,NSE_2_C2,2,392,NSE_2_C2
609,064906509,2,NSE_2_C2,2,392,NSE_2_C2
610,064906210,2,NSE_2_C2,2,392,NSE_2_C2
611,064343510,2,NSE_2_C2,2,392,NSE_2_C2
612,064906201,2,NSE_2_C2,2,392,NSE_2_C2
613,064342408,2,NSE_2_C2,2,392,NSE_2_C2
614,064342805,2,NSE_2_C2,2,392,NSE_2_C2
615,064904011,2,NSE_2_C2,2,392,NSE_2_C2
616,064900208,2,NSE_2_C2,2,392,NSE_2_C2
617,064343514,2,NSE_2_C2,2,392,NSE_2_C2
618,064900104,2,NSE_2_C2,2,392,NSE_2_C2
619,064905205,2,NSE_2_C2,2,392,NSE_2_C2
620,064903605,2,NSE_2_C2,2,392,NSE_2_C2
621,064343508,2,NSE_2_C2,2,392,NSE_2_C2
622,064903603,2,NSE_2_C2,2,392,NSE_2_C2
623,064900115,2,NSE_2_C2,2,392,NSE_2_C2
624,064904014,2,NSE_2_C2,2,392,NSE_2_C2
625,064903805,2,NSE_2_C2,2,392,NSE_2_C2
626,064271806,2,NSE_2_C2,2,392,NSE_2_C2
627,064271822,2,NSE_2_C2,2,392,NSE_2_C2
628,064900308,2,NSE_2_C2,2,392,NSE_2_C2
629,064900313,2,NSE_2_C2,2,392,NSE_2_C2
630,064906401,2,NSE_2_C2,2,392,NSE_2_C2
631,064900302,2,NSE_2_C2,2,392,NSE_2_C2
632,064903303,2,NSE_2_C2,2,392,NSE_2_C2
633,064271814,2,NSE_2_C2,2,392,NSE_2_C2
634,064904007,2,NSE_2_C2,2,392,NSE_2_C2
635,064906608,2,NSE_2_C2,2,392,NSE_2_C2
636,064342206,2,NSE_2_C2,2,392,NSE_2_C2
637,064900207,2,NSE_2_C2,2,392,NSE_2_C2
638,064903105,2,NSE_2_C2,2,392,NSE_2_C2
639,064900711,2,NSE_2_C2,2,392,NSE_2_C2
640,064900101,2,NSE_2_C2,2,392,NSE_2_C2
641,064904003,2,NSE_2_C2,2,392,NSE_2_C2
642,064903405,2,NSE_2_C2,2,392,NSE_2_C2
643,064271709,2,NSE_2_C2,2,392,NSE_2_C2
644,064903311,2,NSE_2_C2,2,392,NSE_2_C2
645,064342403,2,NSE_2_C2,2,392,NSE_2_C2
646,064903406,2,NSE_2_C2,2,392,NSE_2_C2
647,064345403,2,NSE_2_C2,2,392,NSE_2_C2
648,064904004,2,NSE_2_C2,2,392,NSE_2_C2
649,064903004,2,NSE_2_C2,2,392,NSE_2_C2
650,064904010,2,NSE_2_C2,2,392,NSE_2_C2
651,064900206,2,NSE_2_C2,2,392,NSE_2_C2
652,064903507,2,NSE_2_C2,2,392,NSE_2_C2
653,064906406,2,NSE_2_C2,2,392,NSE_2_C2
654,064903607,2,NSE_2_C2,2,392,NSE_2_C2
655,064903709,2,NSE_2_C2,2,392,NSE_2_C2
656,064342603,2,NSE_2_C2,2,392,NSE_2_C2
657,064906607,2,NSE_2_C2,2,392,NSE_2_C2
658,064271811,2,NSE_2_C2,2,392,NSE_2_C2
659,064903503,2,NSE_2_C2,2,392,NSE_2_C2
660,064900112,2,NSE_2_C2,2,392,NSE_2_C2
661,064900405,2,NSE_2_C2,2,392,NSE_2_C2
662,064903301,2,NSE_2_C2,2,392,NSE_2_C2
663,064345410,2,NSE_2_C2,2,392,NSE_2_C2
664,064345408,2,NSE_2_C2,2,392,NSE_2_C2
665,064905204,2,NSE_2_C2,2,392,NSE_2_C2
666,064903205,2,NSE_2_C2,2,392,NSE_2_C2
667,064906208,2,NSE_2_C2,2,392,NSE_2_C2
668,064345104,2,NSE_2_C2,2,392,NSE_2_C2
669,064903310,2,NSE_2_C2,2,392,NSE_2_C2
670,064905308,2,NSE_2_C2,2,392,NSE_2_C2
671,064900204,2,NSE_2_C2,2,392,NSE_2_C2
672,064271714,2,NSE_2_C2,2,392,NSE_2_C2
673,064271815,2,NSE_2_C2,2,392,NSE_2_C2
674,064906106,2,NSE_2_C2,2,392,NSE_2_C2
675,064903003,2,NSE_2_C2,2,392,NSE_2_C2
676,064343414,2,NSE_2_C2,2,392,NSE_2_C2
677,064900311,2,NSE_2_C2,2,392,NSE_2_C2
678,064342501,2,NSE_2_C2,2,392,NSE_2_C2
679,064906215,2,NSE_2_C2,2,392,NSE_2_C2
680,064906209,2,NSE_2_C2,2,392,NSE_2_C2
681,064906207,2,NSE_2_C2,2,392,NSE_2_C2
682,064342806,2,NSE_2_C2,2,392,NSE_2_C2
683,064345309,2,NSE_2_C2,2,392,NSE_2_C2
684,064271608,2,NSE_2_C2,2,392,NSE_2_C2
685,064271812,2,NSE_2_C2,2,392,NSE_2_C2
686,064343412,2,NSE_2_C2,2,392,NSE_2_C2
687,064271831,2,NSE_2_C2,2,392,NSE_2_C2
688,064903811,2,NSE_2_C2,2,392,NSE_2_C2
689,064906601,2,NSE_2_C2,2,392,NSE_2_C2
690,064903508,2,NSE_2_C2,2,392,NSE_2_C2
691,064904001,2,NSE_2_C2,2,392,NSE_2_C2
692,064904012,2,NSE_2_C2,2,392,NSE_2_C2
693,064903706,2,NSE_2_C2,2,392,NSE_2_C2
694,064904002,2,NSE_2_C2,2,392,NSE_2_C2
695,064905201,2,NSE_2_C2,2,392,NSE_2_C2
696,064902901,2,NSE_2_C2,2,392,NSE_2_C2
697,064345402,2,NSE_2_C2,2,392,NSE_2_C2
698,064902905,2,NSE_2_C2,2,392,NSE_2_C2
699,064903701,2,NSE_2_C2,2,392,NSE_2_C2
700,064271607,2,NSE_2_C2,2,392,NSE_2_C2
701,064903612,2,NSE_2_C2,2,392,NSE_2_C2
702,064345404,2,NSE_2_C2,2,392,NSE_2_C2
703,064905202,2,NSE_2_C2,2,392,NSE_2_C2
704,064903908,2,NSE_2_C2,2,392,NSE_2_C2
705,064904013,2,NSE_2_C2,2,392,NSE_2_C2
706,064900303,2,NSE_2_C2,2,392,NSE_2_C2
707,064903402,2,NSE_2_C2,2,392,NSE_2_C2
708,064906103,2,NSE_2_C2,2,392,NSE_2_C2
709,064906105,2,NSE_2_C2,2,392,NSE_2_C2
710,064900501,2,NSE_2_C2,2,392,NSE_2_C2
711,064900105,2,NSE_2_C2,2,392,NSE_2_C2
712,064271830,2,NSE_2_C2,2,392,NSE_2_C2
713,064345305,2,NSE_2_C2,2,392,NSE_2_C2
714,064906609,2,NSE_2_C2,2,392,NSE_2_C2
715,064903305,2,NSE_2_C2,2,392,NSE_2_C2
716,064903505,2,NSE_2_C2,2,392,NSE_2_C2
717,064903511,2,NSE_2_C2,2,392,NSE_2_C2
718,064900404,2,NSE_2_C2,2,392,NSE_2_C2
719,064345206,2,NSE_2_C2,2,392,NSE_2_C2
720,064906307,2,NSE_2_C2,2,392,NSE_2_C2
721,064342610,2,NSE_2_C2,2,392,NSE_2_C2
722,064900309,2,NSE_2_C2,2,392,NSE_2_C2
723,064903906,2,NSE_2_C2,2,392,NSE_2_C2
724,064342402,2,NSE_2_C2,2,392,NSE_2_C2
725,064900401,2,NSE_2_C2,2,392,NSE_2_C2
726,064903107,2,NSE_2_C2,2,392,NSE_2_C2
727,064271609,2,NSE_2_C2,2,392,NSE_2_C2
728,064900110,2,NSE_2_C2,2,392,NSE_2_C2
729,064903112,2,NSE_2_C2,2,392,NSE_2_C2
730,064906104,2,NSE_2_C2,2,392,NSE_2_C2
731,064900406,2,NSE_2_C2,2,392,NSE_2_C2
732,064903304,2,NSE_2_C2,2,392,NSE_2_C2
733,064903102,2,NSE_2_C2,2,392,NSE_2_C2
734,064903006,2,NSE_2_C2,2,392,NSE_2_C2
735,064900407,2,NSE_2_C2,2,392,NSE_2_C2
736,064906512,2,NSE_2_C2,2,392,NSE_2_C2
737,064906102,2,NSE_2_C2,2,392,NSE_2_C2
738,064342204,2,NSE_2_C2,2,392,NSE_2_C2
739,064345203,2,NSE_2_C2,2,392,NSE_2_C2
740,064904006,2,NSE_2_C2,2,392,NSE_2_C2
741,064271723,2,NSE_2_C2,2,392,NSE_2_C2
742,064905207,2,NSE_2_C2,2,392,NSE_2_C2
743,064903001,2,NSE_2_C2,2,392,NSE_2_C2
744,064903705,2,NSE_2_C2,2,392,NSE_2_C2
745,064903604,2,NSE_2_C2,2,392,NSE_2_C2
746,064905208,2,NSE_2_C2,2,392,NSE_2_C2
747,064343507,2,NSE_2_C2,2,392,NSE_2_C2
748,064906211,2,NSE_2_C2,2,392,NSE_2_C2
749,064902902,2,NSE_2_C2,2,392,NSE_2_C2
750,064906301,2,NSE_2_C2,2,392,NSE_2_C2
751,064903910,2,NSE_2_C2,2,392,NSE_2_C2
752,064906610,2,NSE_2_C2,2,392,NSE_2_C2
753,064903512,2,NSE_2_C2,2,392,NSE_2_C2
754,064345306,2,NSE_2_C2,2,392,NSE_2_C2
755,064900408,2,NSE_2_C2,2,392,NSE_2_C2
756,064900203,2,NSE_2_C2,2,392,NSE_2_C2
757,064903702,2,NSE_2_C2,2,392,NSE_2_C2
758,064906404,2,NSE_2_C2,2,392,NSE_2_C2
759,064343504,2,NSE_2_C2,2,392,NSE_2_C2
760,064903101,2,NSE_2_C2,2,392,NSE_2_C2
761,064900502,2,NSE_2_C2,2,392,NSE_2_C2
762,064903602,2,NSE_2_C2,2,392,NSE_2_C2
763,064903904,2,NSE_2_C2,2,392,NSE_2_C2
764,064343411,2,NSE_2_C2,2,392,NSE_2_C2
765,064903803,2,NSE_2_C2,2,392,NSE_2_C2
766,064345407,2,NSE_2_C2,2,392,NSE_2_C2
767,064342709,2,NSE_2_C2,2,392,NSE_2_C2
768,064904008,2,NSE_2_C2,2,392,NSE_2_C2
769,064342306,2,NSE_2_C2,2,392,NSE_2_C2
770,064903308,2,NSE_2_C2,2,392,NSE_2_C2
771,064903002,2,NSE_2_C2,2,392,NSE_2_C2
772,064900113,2,NSE_2_C2,2,392,NSE_2_C2
773,064906107,2,NSE_2_C2,2,392,NSE_2_C2
774,064342505,2,NSE_2_C2,2,392,NSE_2_C2
775,064900102,2,NSE_2_C2,2,392,NSE_2_C2
776,064905303,2,NSE_2_C2,2,392,NSE_2_C2
777,064345302,2,NSE_2_C2,2,392,NSE_2_C2
778,064342612,2,NSE_2_C2,2,392,NSE_2_C2
779,064900403,2,NSE_2_C2,2,392,NSE_2_C2
780,064345406,2,NSE_2_C2,2,392,NSE_2_C2
781,064271705,2,NSE_2_C2,2,392,NSE_2_C2
782,064900201,2,NSE_2_C2,2,392,NSE_2_C2
783,064903905,2,NSE_2_C2,2,392,NSE_2_C2
784,064903601,2,NSE_2_C2,2,392,NSE_2_C2
785,064900312,2,NSE_2_C2,2,392,NSE_2_C2
786,064903208,2,NSE_2_C2,2,392,NSE_2_C2
787,064906505,2,NSE_2_C2,2,392,NSE_2_C2
788,064342508,2,NSE_2_C2,2,392,NSE_2_C2
789,064271820,2,NSE_2_C2,2,392,NSE_2_C2
790,064906303,2,NSE_2_C2,2,392,NSE_2_C2
791,064345405,2,NSE_2_C2,2,392,NSE_2_C2
792,064903213,2,NSE_2_C2,2,392,NSE_2_C2
793,064903903,2,NSE_2_C2,2,392,NSE_2_C2
794,064271821,2,NSE_2_C2,2,392,NSE_2_C2
795,064271804,2,NSE_2_C2,2,392,NSE_2_C2
796,064906602,2,NSE_2_C2,2,392,NSE_2_C2
797,064903210,2,NSE_2_C2,2,392,NSE_2_C2
798,064345205,2,NSE_2_C2,2,392,NSE_2_C2
799,064903509,2,NSE_2_C2,2,392,NSE_2_C2
800,064342609,2,NSE_2_C2,2,392,NSE_2_C2
801,064900106,2,NSE_2_C2,2,392,NSE_2_C2
802,064905305,2,NSE_2_C2,2,392,NSE_2_C2
803,064271829,2,NSE_2_C2,2,392,NSE_2_C2
804,064900508,2,NSE_2_C2,2,392,NSE_2_C2
805,064906213,2,NSE_2_C2,2,392,NSE_2_C2
806,064903902,2,NSE_2_C2,2,392,NSE_2_C2
807,064906108,2,NSE_2_C2,2,392,NSE_2_C2
808,064271619,2,NSE_2_C2,2,392,NSE_2_C2
809,064345207,2,NSE_2_C2,2,392,NSE_2_C2
810,064342307,2,NSE_2_C2,2,392,NSE_2_C2
811,064905306,2,NSE_2_C2,2,392,NSE_2_C2
812,064342814,2,NSE_2_C2,2,392,NSE_2_C2
813,064342802,2,NSE_2_C2,2,392,NSE_2_C2
814,064906305,2,NSE_2_C2,2,392,NSE_2_C2
815,064903806,2,NSE_2_C2,2,392,NSE_2_C2
816,064900209,2,NSE_2_C2,2,392,NSE_2_C2
817,064342509,2,NSE_2_C2,2,392,NSE_2_C2
818,064905307,2,NSE_2_C2,2,392,NSE_2_C2
819,064903502,2,NSE_2_C2,2,392,NSE_2_C2
820,064900714,2,NSE_2_C2,2,392,NSE_2_C2
821,064906403,2,NSE_2_C2,2,392,NSE_2_C2
822,064271813,2,NSE_2_C2,2,392,NSE_2_C2
823,064271818,2,NSE_2_C2,2,392,NSE_2_C2
824,064342813,2,NSE_2_C2,2,392,NSE_2_C2
825,064906216,2,NSE_2_C2,2,392,NSE_2_C2
826,064345409,2,NSE_2_C2,2,392,NSE_2_C2
827,064271819,2,NSE_2_C2,2,392,NSE_2_C2
828,064271817,2,NSE_2_C2,2,392,NSE_2_C2
829,064900301,2,NSE_2_C2,2,392,NSE_2_C2
830,064903611,2,NSE_2_C2,2,392,NSE_2_C2
831,064906304,2,NSE_2_C2,2,392,NSE_2_C2
832,064900111,2,NSE_2_C2,2,392,NSE_2_C2
833,064903610,2,NSE_2_C2,2,392,NSE_2_C2
834,064903401,2,NSE_2_C2,2,392,NSE_2_C2
835,064906611,2,NSE_2_C2,2,392,NSE_2_C2
836,064900505,2,NSE_2_C2,2,392,NSE_2_C2
837,064900109,2,NSE_2_C2,2,392,NSE_2_C2
838,064906605,2,NSE_2_C2,2,392,NSE_2_C2
839,064903307,2,NSE_2_C2,2,392,NSE_2_C2
840,064903506,2,NSE_2_C2,2,392,NSE_2_C2
841,064905302,2,NSE_2_C2,2,392,NSE_2_C2
842,064342503,2,NSE_2_C2,2,392,NSE_2_C2
843,064900306,2,NSE_2_C2,2,392,NSE_2_C2
844,064271725,2,NSE_2_C2,2,392,NSE_2_C2
845,064342606,2,NSE_2_C2,2,392,NSE_2_C2
846,064903608,2,NSE_2_C2,2,392,NSE_2_C2
847,064345105,2,NSE_2_C2,2,392,NSE_2_C2
848,064342504,2,NSE_2_C2,2,392,NSE_2_C2
849,064903104,2,NSE_2_C2,2,392,NSE_2_C2
850,064903201,2,NSE_2_C2,2,392,NSE_2_C2
851,064900314,2,NSE_2_C2,2,392,NSE_2_C2
852,064905304,2,NSE_2_C2,2,392,NSE_2_C2
853,064902904,2,NSE_2_C2,2,392,NSE_2_C2
854,064903209,2,NSE_2_C2,2,392,NSE_2_C2
855,064342201,2,NSE_2_C2,2,392,NSE_2_C2
856,064906205,2,NSE_2_C2,2,392,NSE_2_C2
857,064903707,2,NSE_2_C2,2,392,NSE_2_C2
858,064905203,2,NSE_2_C2,2,392,NSE_2_C2
859,064906203,2,NSE_2_C2,2,392,NSE_2_C2
860,064906109,2,NSE_2_C2,2,392,NSE_2_C2
861,064343513,2,NSE_2_C2,2,392,NSE_2_C2
862,064345301,2,NSE_2_C2,2,392,NSE_2_C2
863,064905301,2,NSE_2_C2,2,392,NSE_2_C2
864,064903206,2,NSE_2_C2,2,392,NSE_2_C2
865,064900315,2,NSE_2_C2,2,392,NSE_2_C2
866,064903404,2,NSE_2_C2,2,392,NSE_2_C2
867,064906212,2,NSE_2_C2,2,392,NSE_2_C2
868,064342205,2,NSE_2_C2,2,392,NSE_2_C2
869,064342803,2,NSE_2_C2,2,392,NSE_2_C2
870,064903703,2,NSE_2_C2,2,392,NSE_2_C2
871,064905206,2,NSE_2_C2,2,392,NSE_2_C2
872,064271715,2,NSE_2_C2,2,392,NSE_2_C2
873,064271618,2,NSE_2_C2,2,392,NSE_2_C2
874,064342608,2,NSE_2_C2,2,392,NSE_2_C2
875,064903111,2,NSE_2_C2,2,392,NSE_2_C2
876,064343511,2,NSE_2_C2,2,392,NSE_2_C2
877,064900715,2,NSE_2_C2,2,392,NSE_2_C2
878,064906407,2,NSE_2_C2,2,392,NSE_2_C2
879,064271816,2,NSE_2_C2,2,392,NSE_2_C2
880,064345103,2,NSE_2_C2,2,392,NSE_2_C2
881,064345102,2,NSE_2_C2,2,392,NSE_2_C2
882,064345401,2,NSE_2_C2,2,392,NSE_2_C2
883,064902906,2,NSE_2_C2,2,392,NSE_2_C2
884,064906408,2,NSE_2_C2,2,392,NSE_2_C2
885,064903802,2,NSE_2_C2,2,392,NSE_2_C2
886,064342302,2,NSE_2_C2,2,392,NSE_2_C2
887,064345411,2,NSE_2_C2,2,392,NSE_2_C2
888,064903801,2,NSE_2_C2,2,392,NSE_2_C2
889,064903309,2,NSE_2_C2,2,392,NSE_2_C2
890,064900304,2,NSE_2_C2,2,392,NSE_2_C2
891,064900103,2,NSE_2_C2,2,392,NSE_2_C2
892,064900503,2,NSE_2_C2,2,392,NSE_2_C2
893,064903103,2,NSE_2_C2,2,392,NSE_2_C2
894,063711415,2,NSE_2_C3,3,202,NSE_2_C3
895,068400303,2,NSE_2_C3,3,202,NSE_2_C3
896,063711409,2,NSE_2_C3,3,202,NSE_2_C3
897,063714602,2,NSE_2_C3,3,202,NSE_2_C3
898,063711503,2,NSE_2_C3,3,202,NSE_2_C3
899,063711404,2,NSE_2_C3,3,202,NSE_2_C3
900,063713705,2,NSE_2_C3,3,202,NSE_2_C3
901,063714510,2,NSE_2_C3,3,202,NSE_2_C3
902,063713701,2,NSE_2_C3,3,202,NSE_2_C3
903,063711605,2,NSE_2_C3,3,202,NSE_2_C3
904,063715409,2,NSE_2_C3,3,202,NSE_2_C3
905,068400402,2,NSE_2_C3,3,202,NSE_2_C3
906,063713703,2,NSE_2_C3,3,202,NSE_2_C3
907,063713514,2,NSE_2_C3,3,202,NSE_2_C3
908,068400605,2,NSE_2_C3,3,202,NSE_2_C3
909,063713207,2,NSE_2_C3,3,202,NSE_2_C3
910,063715402,2,NSE_2_C3,3,202,NSE_2_C3
911,063714508,2,NSE_2_C3,3,202,NSE_2_C3
912,063711603,2,NSE_2_C3,3,202,NSE_2_C3
913,063710108,2,NSE_2_C3,3,202,NSE_2_C3
914,063713512,2,NSE_2_C3,3,202,NSE_2_C3
915,068400407,2,NSE_2_C3,3,202,NSE_2_C3
916,063713210,2,NSE_2_C3,3,202,NSE_2_C3
917,063713307,2,NSE_2_C3,3,202,NSE_2_C3
918,068400107,2,NSE_2_C3,3,202,NSE_2_C3
919,063715405,2,NSE_2_C3,3,202,NSE_2_C3
920,063713602,2,NSE_2_C3,3,202,NSE_2_C3
921,063714608,2,NSE_2_C3,3,202,NSE_2_C3
922,063713301,2,NSE_2_C3,3,202,NSE_2_C3
923,063713704,2,NSE_2_C3,3,202,NSE_2_C3
924,068400112,2,NSE_2_C3,3,202,NSE_2_C3
925,063710114,2,NSE_2_C3,3,202,NSE_2_C3
926,063713411,2,NSE_2_C3,3,202,NSE_2_C3
927,063715412,2,NSE_2_C3,3,202,NSE_2_C3
928,068400103,2,NSE_2_C3,3,202,NSE_2_C3
929,063713508,2,NSE_2_C3,3,202,NSE_2_C3
930,063715202,2,NSE_2_C3,3,202,NSE_2_C3
931,063713713,2,NSE_2_C3,3,202,NSE_2_C3
932,063711608,2,NSE_2_C3,3,202,NSE_2_C3
933,063713609,2,NSE_2_C3,3,202,NSE_2_C3
934,063714502,2,NSE_2_C3,3,202,NSE_2_C3
935,068400102,2,NSE_2_C3,3,202,NSE_2_C3
936,068403402,2,NSE_2_C3,3,202,NSE_2_C3
937,068400501,2,NSE_2_C3,3,202,NSE_2_C3
938,068400401,2,NSE_2_C3,3,202,NSE_2_C3
939,068400204,2,NSE_2_C3,3,202,NSE_2_C3
940,068403301,2,NSE_2_C3,3,202,NSE_2_C3
941,063713601,2,NSE_2_C3,3,202,NSE_2_C3
942,063713412,2,NSE_2_C3,3,202,NSE_2_C3
943,063711806,2,NSE_2_C3,3,202,NSE_2_C3
944,068400307,2,NSE_2_C3,3,202,NSE_2_C3
945,067562705,2,NSE_2_C3,3,202,NSE_2_C3
946,063711502,2,NSE_2_C3,3,202,NSE_2_C3
947,063710113,2,NSE_2_C3,3,202,NSE_2_C3
948,063715403,2,NSE_2_C3,3,202,NSE_2_C3
949,063713205,2,NSE_2_C3,3,202,NSE_2_C3
950,063710104,2,NSE_2_C3,3,202,NSE_2_C3
951,063715204,2,NSE_2_C3,3,202,NSE_2_C3
952,063710201,2,NSE_2_C3,3,202,NSE_2_C3
953,063713605,2,NSE_2_C3,3,202,NSE_2_C3
954,068400104,2,NSE_2_C3,3,202,NSE_2_C3
955,067562713,2,NSE_2_C3,3,202,NSE_2_C3
956,063715404,2,NSE_2_C3,3,202,NSE_2_C3
957,063715203,2,NSE_2_C3,3,202,NSE_2_C3
958,063713504,2,NSE_2_C3,3,202,NSE_2_C3
959,068403303,2,NSE_2_C3,3,202,NSE_2_C3
960,063711411,2,NSE_2_C3,3,202,NSE_2_C3
961,063710106,2,NSE_2_C3,3,202,NSE_2_C3
962,063713208,2,NSE_2_C3,3,202,NSE_2_C3
963,063713106,2,NSE_2_C3,3,202,NSE_2_C3
964,068400111,2,NSE_2_C3,3,202,NSE_2_C3
965,063711507,2,NSE_2_C3,3,202,NSE_2_C3
966,068400306,2,NSE_2_C3,3,202,NSE_2_C3
967,068403306,2,NSE_2_C3,3,202,NSE_2_C3
968,063713405,2,NSE_2_C3,3,202,NSE_2_C3
969,063715301,2,NSE_2_C3,3,202,NSE_2_C3
970,067562204,2,NSE_2_C3,3,202,NSE_2_C3
971,063715413,2,NSE_2_C3,3,202,NSE_2_C3
972,063713715,2,NSE_2_C3,3,202,NSE_2_C3
973,063710103,2,NSE_2_C3,3,202,NSE_2_C3
974,063714504,2,NSE_2_C3,3,202,NSE_2_C3
975,063710203,2,NSE_2_C3,3,202,NSE_2_C3
976,068400113,2,NSE_2_C3,3,202,NSE_2_C3
977,063710105,2,NSE_2_C3,3,202,NSE_2_C3
978,063713712,2,NSE_2_C3,3,202,NSE_2_C3
979,063715408,2,NSE_2_C3,3,202,NSE_2_C3
980,068403302,2,NSE_2_C3,3,202,NSE_2_C3
981,068400304,2,NSE_2_C3,3,202,NSE_2_C3
982,063714601,2,NSE_2_C3,3,202,NSE_2_C3
983,067562701,2,NSE_2_C3,3,202,NSE_2_C3
984,063715406,2,NSE_2_C3,3,202,NSE_2_C3
985,063713608,2,NSE_2_C3,3,202,NSE_2_C3
986,068400603,2,NSE_2_C3,3,202,NSE_2_C3
987,063710111,2,NSE_2_C3,3,202,NSE_2_C3
988,063711408,2,NSE_2_C3,3,202,NSE_2_C3
989,063713204,2,NSE_2_C3,3,202,NSE_2_C3
990,063713702,2,NSE_2_C3,3,202,NSE_2_C3
991,068400403,2,NSE_2_C3,3,202,NSE_2_C3
992,068403304,2,NSE_2_C3,3,202,NSE_2_C3
993,063713603,2,NSE_2_C3,3,202,NSE_2_C3
994,063711509,2,NSE_2_C3,3,202,NSE_2_C3
995,068400108,2,NSE_2_C3,3,202,NSE_2_C3
996,063711407,2,NSE_2_C3,3,202,NSE_2_C3
997,063714509,2,NSE_2_C3,3,202,NSE_2_C3
998,063713709,2,NSE_2_C3,3,202,NSE_2_C3
999,063713509,2,NSE_2_C3,3,202,NSE_2_C3
1000,063713202,2,NSE_2_C3,3,202,NSE_2_C3
1001,068400604,2,NSE_2_C3,3,202,NSE_2_C3
1002,063713306,2,NSE_2_C3,3,202,NSE_2_C3
1003,063711405,2,NSE_2_C3,3,202,NSE_2_C3
1004,068400409,2,NSE_2_C3,3,202,NSE_2_C3
1005,067562706,2,NSE_2_C3,3,202,NSE_2_C3
1006,067562205,2,NSE_2_C3,3,202,NSE_2_C3
1007,063713505,2,NSE_2_C3,3,202,NSE_2_C3
1008,063713707,2,NSE_2_C3,3,202,NSE_2_C3
1009,063715407,2,NSE_2_C3,3,202,NSE_2_C3
1010,063713805,2,NSE_2_C3,3,202,NSE_2_C3
1011,068400201,2,NSE_2_C3,3,202,NSE_2_C3
1012,067562702,2,NSE_2_C3,3,202,NSE_2_C3
1013,068400410,2,NSE_2_C3,3,202,NSE_2_C3
1014,063711414,2,NSE_2_C3,3,202,NSE_2_C3
1015,063710205,2,NSE_2_C3,3,202,NSE_2_C3
1016,063711601,2,NSE_2_C3,3,202,NSE_2_C3
1017,067562703,2,NSE_2_C3,3,202,NSE_2_C3
1018,063715201,2,NSE_2_C3,3,202,NSE_2_C3
1019,063713502,2,NSE_2_C3,3,202,NSE_2_C3
1020,063715209,2,NSE_2_C3,3,202,NSE_2_C3
1021,068400106,2,NSE_2_C3,3,202,NSE_2_C3
1022,063715411,2,NSE_2_C3,3,202,NSE_2_C3
1023,063713511,2,NSE_2_C3,3,202,NSE_2_C3
1024,063714507,2,NSE_2_C3,3,202,NSE_2_C3
1025,067563401,2,NSE_2_C3,3,202,NSE_2_C3
1026,068400503,2,NSE_2_C3,3,202,NSE_2_C3
1027,063713711,2,NSE_2_C3,3,202,NSE_2_C3
1028,063713507,2,NSE_2_C3,3,202,NSE_2_C3
1029,063713304,2,NSE_2_C3,3,202,NSE_2_C3
1030,063711401,2,NSE_2_C3,3,202,NSE_2_C3
1031,068400210,2,NSE_2_C3,3,202,NSE_2_C3
1032,068400105,2,NSE_2_C3,3,202,NSE_2_C3
1033,063715414,2,NSE_2_C3,3,202,NSE_2_C3
1034,063711506,2,NSE_2_C3,3,202,NSE_2_C3
1035,063711604,2,NSE_2_C3,3,202,NSE_2_C3
1036,063710202,2,NSE_2_C3,3,202,NSE_2_C3
1037,063711504,2,NSE_2_C3,3,202,NSE_2_C3
1038,068400405,2,NSE_2_C3,3,202,NSE_2_C3
1039,063713206,2,NSE_2_C3,3,202,NSE_2_C3
1040,068403307,2,NSE_2_C3,3,202,NSE_2_C3
1041,063713305,2,NSE_2_C3,3,202,NSE_2_C3
1042,063713706,2,NSE_2_C3,3,202,NSE_2_C3
1043,068400202,2,NSE_2_C3,3,202,NSE_2_C3
1044,063713801,2,NSE_2_C3,3,202,NSE_2_C3
1045,063714503,2,NSE_2_C3,3,202,NSE_2_C3
1046,067562201,2,NSE_2_C3,3,202,NSE_2_C3
1047,063711606,2,NSE_2_C3,3,202,NSE_2_C3
1048,063710112,2,NSE_2_C3,3,202,NSE_2_C3
1049,063715304,2,NSE_2_C3,3,202,NSE_2_C3
1050,063713513,2,NSE_2_C3,3,202,NSE_2_C3
1051,063713611,2,NSE_2_C3,3,202,NSE_2_C3
1052,063713501,2,NSE_2_C3,3,202,NSE_2_C3
1053,063710107,2,NSE_2_C3,3,202,NSE_2_C3
1054,063713203,2,NSE_2_C3,3,202,NSE_2_C3
1055,063715302,2,NSE_2_C3,3,202,NSE_2_C3
1056,063715410,2,NSE_2_C3,3,202,NSE_2_C3
1057,068400209,2,NSE_2_C3,3,202,NSE_2_C3
1058,068400406,2,NSE_2_C3,3,202,NSE_2_C3
1059,063713510,2,NSE_2_C3,3,202,NSE_2_C3
1060,063713714,2,NSE_2_C3,3,202,NSE_2_C3
1061,068400212,2,NSE_2_C3,3,202,NSE_2_C3
1062,068400606,2,NSE_2_C3,3,202,NSE_2_C3
1063,063713710,2,NSE_2_C3,3,202,NSE_2_C3
1064,063714506,2,NSE_2_C3,3,202,NSE_2_C3
1065,068400305,2,NSE_2_C3,3,202,NSE_2_C3
1066,068400101,2,NSE_2_C3,3,202,NSE_2_C3
1067,063713002,2,NSE_2_C3,3,202,NSE_2_C3
1068,063711406,2,NSE_2_C3,3,202,NSE_2_C3
1069,063713610,2,NSE_2_C3,3,202,NSE_2_C3
1070,063713302,2,NSE_2_C3,3,202,NSE_2_C3
1071,063713403,2,NSE_2_C3,3,202,NSE_2_C3
1072,068400302,2,NSE_2_C3,3,202,NSE_2_C3
1073,063715305,2,NSE_2_C3,3,202,NSE_2_C3
1074,063711410,2,NSE_2_C3,3,202,NSE_2_C3
1075,068403404,2,NSE_2_C3,3,202,NSE_2_C3
1076,063714505,2,NSE_2_C3,3,202,NSE_2_C3
1077,063711607,2,NSE_2_C3,3,202,NSE_2_C3
1078,063711508,2,NSE_2_C3,3,202,NSE_2_C3
1079,063713311,2,NSE_2_C3,3,202,NSE_2_C3
1080,063713708,2,NSE_2_C3,3,202,NSE_2_C3
1081,068400109,2,NSE_2_C3,3,202,NSE_2_C3
1082,068400110,2,NSE_2_C3,3,202,NSE_2_C3
1083,063711602,2,NSE_2_C3,3,202,NSE_2_C3
1084,068400301,2,NSE_2_C3,3,202,NSE_2_C3
1085,063713406,2,NSE_2_C3,3,202,NSE_2_C3
1086,063714501,2,NSE_2_C3,3,202,NSE_2_C3
1087,063710109,2,NSE_2_C3,3,202,NSE_2_C3
1088,063710110,2,NSE_2_C3,3,202,NSE_2_C3
1089,063710101,2,NSE_2_C3,3,202,NSE_2_C3
1090,063711505,2,NSE_2_C3,3,202,NSE_2_C3
1091,063710102,2,NSE_2_C3,3,202,NSE_2_C3
1092,063711510,2,NSE_2_C3,3,202,NSE_2_C3
1093,063715205,2,NSE_2_C3,3,202,NSE_2_C3
1094,063715401,2,NSE_2_C3,3,202,NSE_2_C3
1095,067562704,2,NSE_2_C3,3,202,NSE_2_C3
1096,064340906,2,NSE_2_C4,4,140,NSE_2_C4
1097,064344402,2,NSE_2_C4,4,140,NSE_2_C4
1098,064340909,2,NSE_2_C4,4,140,NSE_2_C4
1099,064901703,2,NSE_2_C4,4,140,NSE_2_C4
1100,064344702,2,NSE_2_C4,4,140,NSE_2_C4
1101,064340807,2,NSE_2_C4,4,140,NSE_2_C4
1102,064341106,2,NSE_2_C4,4,140,NSE_2_C4
1103,060352609,2,NSE_2_C4,4,140,NSE_2_C4
1104,064344403,2,NSE_2_C4,4,140,NSE_2_C4
1105,064340801,2,NSE_2_C4,4,140,NSE_2_C4
1106,064901509,2,NSE_2_C4,4,140,NSE_2_C4
1107,064341102,2,NSE_2_C4,4,140,NSE_2_C4
1108,064344505,2,NSE_2_C4,4,140,NSE_2_C4
1109,060354101,2,NSE_2_C4,4,140,NSE_2_C4
1110,064341012,2,NSE_2_C4,4,140,NSE_2_C4
1111,064340808,2,NSE_2_C4,4,140,NSE_2_C4
1112,064344405,2,NSE_2_C4,4,140,NSE_2_C4
1113,064344406,2,NSE_2_C4,4,140,NSE_2_C4
1114,064340706,2,NSE_2_C4,4,140,NSE_2_C4
1115,064341103,2,NSE_2_C4,4,140,NSE_2_C4
1116,064341104,2,NSE_2_C4,4,140,NSE_2_C4
1117,064344507,2,NSE_2_C4,4,140,NSE_2_C4
1118,060354106,2,NSE_2_C4,4,140,NSE_2_C4
1119,064901713,2,NSE_2_C4,4,140,NSE_2_C4
1120,064340708,2,NSE_2_C4,4,140,NSE_2_C4
1121,060354104,2,NSE_2_C4,4,140,NSE_2_C4
1122,064901304,2,NSE_2_C4,4,140,NSE_2_C4
1123,064340901,2,NSE_2_C4,4,140,NSE_2_C4
1124,064901412,2,NSE_2_C4,4,140,NSE_2_C4
1125,060352802,2,NSE_2_C4,4,140,NSE_2_C4
1126,060354103,2,NSE_2_C4,4,140,NSE_2_C4
1127,064344703,2,NSE_2_C4,4,140,NSE_2_C4
1128,064340802,2,NSE_2_C4,4,140,NSE_2_C4
1129,064344603,2,NSE_2_C4,4,140,NSE_2_C4
1130,064340903,2,NSE_2_C4,4,140,NSE_2_C4
1131,064901708,2,NSE_2_C4,4,140,NSE_2_C4
1132,064901704,2,NSE_2_C4,4,140,NSE_2_C4
1133,064344606,2,NSE_2_C4,4,140,NSE_2_C4
1134,064901506,2,NSE_2_C4,4,140,NSE_2_C4
1135,064901611,2,NSE_2_C4,4,140,NSE_2_C4
1136,060352614,2,NSE_2_C4,4,140,NSE_2_C4
1137,064901501,2,NSE_2_C4,4,140,NSE_2_C4
1138,060352613,2,NSE_2_C4,4,140,NSE_2_C4
1139,060352601,2,NSE_2_C4,4,140,NSE_2_C4
1140,064340805,2,NSE_2_C4,4,140,NSE_2_C4
1141,060352901,2,NSE_2_C4,4,140,NSE_2_C4
1142,060352608,2,NSE_2_C4,4,140,NSE_2_C4
1143,064901705,2,NSE_2_C4,4,140,NSE_2_C4
1144,060352708,2,NSE_2_C4,4,140,NSE_2_C4
1145,064901507,2,NSE_2_C4,4,140,NSE_2_C4
1146,064901502,2,NSE_2_C4,4,140,NSE_2_C4
1147,060352615,2,NSE_2_C4,4,140,NSE_2_C4
1148,064901606,2,NSE_2_C4,4,140,NSE_2_C4
1149,064344509,2,NSE_2_C4,4,140,NSE_2_C4
1150,064340701,2,NSE_2_C4,4,140,NSE_2_C4
1151,064344513,2,NSE_2_C4,4,140,NSE_2_C4
1152,064344502,2,NSE_2_C4,4,140,NSE_2_C4
1153,064340712,2,NSE_2_C4,4,140,NSE_2_C4
1154,064901301,2,NSE_2_C4,4,140,NSE_2_C4
1155,060352606,2,NSE_2_C4,4,140,NSE_2_C4
1156,060352707,2,NSE_2_C4,4,140,NSE_2_C4
1157,064340806,2,NSE_2_C4,4,140,NSE_2_C4
1158,064344701,2,NSE_2_C4,4,140,NSE_2_C4
1159,064901410,2,NSE_2_C4,4,140,NSE_2_C4
1160,064344510,2,NSE_2_C4,4,140,NSE_2_C4
1161,064340902,2,NSE_2_C4,4,140,NSE_2_C4
1162,060352604,2,NSE_2_C4,4,140,NSE_2_C4
1163,064341105,2,NSE_2_C4,4,140,NSE_2_C4
1164,064901408,2,NSE_2_C4,4,140,NSE_2_C4
1165,064344705,2,NSE_2_C4,4,140,NSE_2_C4
1166,064901403,2,NSE_2_C4,4,140,NSE_2_C4
1167,064344512,2,NSE_2_C4,4,140,NSE_2_C4
1168,060352703,2,NSE_2_C4,4,140,NSE_2_C4
1169,064901401,2,NSE_2_C4,4,140,NSE_2_C4
1170,064901409,2,NSE_2_C4,4,140,NSE_2_C4
1171,064901711,2,NSE_2_C4,4,140,NSE_2_C4
1172,064340804,2,NSE_2_C4,4,140,NSE_2_C4
1173,060352607,2,NSE_2_C4,4,140,NSE_2_C4
1174,064344508,2,NSE_2_C4,4,140,NSE_2_C4
1175,064344708,2,NSE_2_C4,4,140,NSE_2_C4
1176,060352701,2,NSE_2_C4,4,140,NSE_2_C4
1177,064340908,2,NSE_2_C4,4,140,NSE_2_C4
1178,060354105,2,NSE_2_C4,4,140,NSE_2_C4
1179,064901707,2,NSE_2_C4,4,140,NSE_2_C4
1180,064901303,2,NSE_2_C4,4,140,NSE_2_C4
1181,064901305,2,NSE_2_C4,4,140,NSE_2_C4
1182,064344709,2,NSE_2_C4,4,140,NSE_2_C4
1183,064344605,2,NSE_2_C4,4,140,NSE_2_C4
1184,060352412,2,NSE_2_C4,4,140,NSE_2_C4
1185,064344604,2,NSE_2_C4,4,140,NSE_2_C4
1186,064901404,2,NSE_2_C4,4,140,NSE_2_C4
1187,064901701,2,NSE_2_C4,4,140,NSE_2_C4
1188,064344704,2,NSE_2_C4,4,140,NSE_2_C4
1189,060354107,2,NSE_2_C4,4,140,NSE_2_C4
1190,064344504,2,NSE_2_C4,4,140,NSE_2_C4
1191,064340705,2,NSE_2_C4,4,140,NSE_2_C4
1192,060352501,2,NSE_2_C4,4,140,NSE_2_C4
1193,060352709,2,NSE_2_C4,4,140,NSE_2_C4
1194,064344503,2,NSE_2_C4,4,140,NSE_2_C4
1195,060352611,2,NSE_2_C4,4,140,NSE_2_C4
1196,064901702,2,NSE_2_C4,4,140,NSE_2_C4
1197,060352612,2,NSE_2_C4,4,140,NSE_2_C4
1198,060354102,2,NSE_2_C4,4,140,NSE_2_C4
1199,064341001,2,NSE_2_C4,4,140,NSE_2_C4
1200,064901610,2,NSE_2_C4,4,140,NSE_2_C4
1201,064341107,2,NSE_2_C4,4,140,NSE_2_C4
1202,064344506,2,NSE_2_C4,4,140,NSE_2_C4
1203,064901405,2,NSE_2_C4,4,140,NSE_2_C4
1204,060352411,2,NSE_2_C4,4,140,NSE_2_C4
1205,064340907,2,NSE_2_C4,4,140,NSE_2_C4
1206,064340904,2,NSE_2_C4,4,140,NSE_2_C4
1207,064344707,2,NSE_2_C4,4,140,NSE_2_C4
1208,064901603,2,NSE_2_C4,4,140,NSE_2_C4
1209,060352605,2,NSE_2_C4,4,140,NSE_2_C4
1210,060352409,2,NSE_2_C4,4,140,NSE_2_C4
1211,064344401,2,NSE_2_C4,4,140,NSE_2_C4
1212,064340711,2,NSE_2_C4,4,140,NSE_2_C4
1213,064901503,2,NSE_2_C4,4,140,NSE_2_C4
1214,060354108,2,NSE_2_C4,4,140,NSE_2_C4
1215,060352705,2,NSE_2_C4,4,140,NSE_2_C4
1216,064340905,2,NSE_2_C4,4,140,NSE_2_C4
1217,064341011,2,NSE_2_C4,4,140,NSE_2_C4
1218,060352602,2,NSE_2_C4,4,140,NSE_2_C4
1219,064340803,2,NSE_2_C4,4,140,NSE_2_C4
1220,064901508,2,NSE_2_C4,4,140,NSE_2_C4
1221,060352603,2,NSE_2_C4,4,140,NSE_2_C4
1222,064344408,2,NSE_2_C4,4,140,NSE_2_C4
1223,064344607,2,NSE_2_C4,4,140,NSE_2_C4
1224,064341114,2,NSE_2_C4,4,140,NSE_2_C4
1225,064901605,2,NSE_2_C4,4,140,NSE_2_C4
1226,064901504,2,NSE_2_C4,4,140,NSE_2_C4
1227,064344206,2,NSE_2_C4,4,140,NSE_2_C4
1228,064901411,2,NSE_2_C4,4,140,NSE_2_C4
1229,064901709,2,NSE_2_C4,4,140,NSE_2_C4
1230,064344608,2,NSE_2_C4,4,140,NSE_2_C4
1231,064341109,2,NSE_2_C4,4,140,NSE_2_C4
1232,064901601,2,NSE_2_C4,4,140,NSE_2_C4
1233,060352610,2,NSE_2_C4,4,140,NSE_2_C4
1234,064901306,2,NSE_2_C4,4,140,NSE_2_C4
1235,064901712,2,NSE_2_C4,4,140,NSE_2_C4
1236,020561518,2,NSE_2_C5,5,57,NSE_2_C5
1237,020561404,2,NSE_2_C5,5,57,NSE_2_C5
1238,020560703,2,NSE_2_C5,5,57,NSE_2_C5
1239,020560712,2,NSE_2_C5,5,57,NSE_2_C5
1240,020561401,2,NSE_2_C5,5,57,NSE_2_C5
1241,020561514,2,NSE_2_C5,5,57,NSE_2_C5
1242,020561803,2,NSE_2_C5,5,57,NSE_2_C5
1243,020561801,2,NSE_2_C5,5,57,NSE_2_C5
1244,020560716,2,NSE_2_C5,5,57,NSE_2_C5
1245,020561510,2,NSE_2_C5,5,57,NSE_2_C5
1246,020561603,2,NSE_2_C5,5,57,NSE_2_C5
1247,020561601,2,NSE_2_C5,5,57,NSE_2_C5
1248,020561808,2,NSE_2_C5,5,57,NSE_2_C5
1249,020560708,2,NSE_2_C5,5,57,NSE_2_C5
1250,020561605,2,NSE_2_C5,5,57,NSE_2_C5
1251,020561307,2,NSE_2_C5,5,57,NSE_2_C5
1252,020561512,2,NSE_2_C5,5,57,NSE_2_C5
1253,020560704,2,NSE_2_C5,5,57,NSE_2_C5
1254,020561403,2,NSE_2_C5,5,57,NSE_2_C5
1255,020561511,2,NSE_2_C5,5,57,NSE_2_C5
1256,020560715,2,NSE_2_C5,5,57,NSE_2_C5
1257,020561410,2,NSE_2_C5,5,57,NSE_2_C5
1258,020560714,2,NSE_2_C5,5,57,NSE_2_C5
1259,020561805,2,NSE_2_C5,5,57,NSE_2_C5
1260,020561516,2,NSE_2_C5,5,57,NSE_2_C5
1261,020561517,2,NSE_2_C5,5,57,NSE_2_C5
1262,020561515,2,NSE_2_C5,5,57,NSE_2_C5
1263,020561802,2,NSE_2_C5,5,57,NSE_2_C5
1264,020561411,2,NSE_2_C5,5,57,NSE_2_C5
1265,020561506,2,NSE_2_C5,5,57,NSE_2_C5
1266,020561604,2,NSE_2_C5,5,57,NSE_2_C5
1267,020561804,2,NSE_2_C5,5,57,NSE_2_C5
1268,020561502,2,NSE_2_C5,5,57,NSE_2_C5
1269,020560707,2,NSE_2_C5,5,57,NSE_2_C5
1270,020561406,2,NSE_2_C5,5,57,NSE_2_C5
1271,020561609,2,NSE_2_C5,5,57,NSE_2_C5
1272,020561508,2,NSE_2_C5,5,57,NSE_2_C5
1273,020561807,2,NSE_2_C5,5,57,NSE_2_C5
1274,020560706,2,NSE_2_C5,5,57,NSE_2_C5
1275,020561501,2,NSE_2_C5,5,57,NSE_2_C5
1276,020560709,2,NSE_2_C5,5,57,NSE_2_C5
1277,020560711,2,NSE_2_C5,5,57,NSE_2_C5
1278,020561405,2,NSE_2_C5,5,57,NSE_2_C5
1279,020561402,2,NSE_2_C5,5,57,NSE_2_C5
1280,020560705,2,NSE_2_C5,5,57,NSE_2_C5
1281,020561519,2,NSE_2_C5,5,57,NSE_2_C5
1282,020561504,2,NSE_2_C5,5,57,NSE_2_C5
1283,020561304,2,NSE_2_C5,5,57,NSE_2_C5
1284,020561602,2,NSE_2_C5,5,57,NSE_2_C5
1285,020561610,2,NSE_2_C5,5,57,NSE_2_C5
1286,020561505,2,NSE_2_C5,5,57,NSE_2_C5
1287,020561806,2,NSE_2_C5,5,57,NSE_2_C5
1288,020560710,2,NSE_2_C5,5,57,NSE_2_C5
1289,020560701,2,NSE_2_C5,5,57,NSE_2_C5
1290,020561503,2,NSE_2_C5,5,57,NSE_2_C5
1291,020561809,2,NSE_2_C5,5,57,NSE_2_C5
1292,020561507,2,NSE_2_C5,5,57,NSE_2_C5
1293,060350113,2,NSE_2_C6,6,53,Otras componentes
1294,060350906,2,NSE_2_C6,6,53,Otras componentes
1295,060350908,2,NSE_2_C6,6,53,Otras componentes
1296,060350401,2,NSE_2_C6,6,53,Otras componentes
1297,060350507,2,NSE_2_C6,6,53,Otras componentes
1298,060350406,2,NSE_2_C6,6,53,Otras componentes
1299,060350407,2,NSE_2_C6,6,53,Otras componentes
1300,060350110,2,NSE_2_C6,6,53,Otras componentes
1301,060350907,2,NSE_2_C6,6,53,Otras componentes
1302,060350909,2,NSE_2_C6,6,53,Otras componentes
1303,060350108,2,NSE_2_C6,6,53,Otras componentes
1304,060350905,2,NSE_2_C6,6,53,Otras componentes
1305,060350803,2,NSE_2_C6,6,53,Otras componentes
1306,060350902,2,NSE_2_C6,6,53,Otras componentes
1307,060350102,2,NSE_2_C6,6,53,Otras componentes
1308,060350815,2,NSE_2_C6,6,53,Otras componentes
1309,060350912,2,NSE_2_C6,6,53,Otras componentes
1310,060350405,2,NSE_2_C6,6,53,Otras componentes
1311,060350111,2,NSE_2_C6,6,53,Otras componentes
1312,060351001,2,NSE_2_C6,6,53,Otras componentes
1313,060350806,2,NSE_2_C6,6,53,Otras componentes
1314,060350911,2,NSE_2_C6,6,53,Otras componentes
1315,060350402,2,NSE_2_C6,6,53,Otras componentes
1316,060350807,2,NSE_2_C6,6,53,Otras componentes
1317,060350105,2,NSE_2_C6,6,53,Otras componentes
1318,060353801,2,NSE_2_C6,6,53,Otras componentes
1319,060350801,2,NSE_2_C6,6,53,Otras componentes
1320,060350805,2,NSE_2_C6,6,53,Otras componentes
1321,060350913,2,NSE_2_C6,6,53,Otras componentes
1322,060350107,2,NSE_2_C6,6,53,Otras componentes
1323,060350804,2,NSE_2_C6,6,53,Otras componentes
1324,060350205,2,NSE_2_C6,6,53,Otras componentes
1325,060350915,2,NSE_2_C6,6,53,Otras componentes
1326,060350204,2,NSE_2_C6,6,53,Otras componentes
1327,060350502,2,NSE_2_C6,6,53,Otras componentes
1328,060350302,2,NSE_2_C6,6,53,Otras componentes
1329,060350203,2,NSE_2_C6,6,53,Otras componentes
1330,060350901,2,NSE_2_C6,6,53,Otras componentes
1331,060350910,2,NSE_2_C6,6,53,Otras componentes
1332,060350403,2,NSE_2_C6,6,53,Otras componentes
1333,060350903,2,NSE_2_C6,6,53,Otras componentes
1334,060350505,2,NSE_2_C6,6,53,Otras componentes
1335,060350201,2,NSE_2_C6,6,53,Otras componentes
1336,060350904,2,NSE_2_C6,6,53,Otras componentes
1337,060350506,2,NSE_2_C6,6,53,Otras componentes
1338,060350109,2,NSE_2_C6,6,53,Otras componentes
1339,060350101,2,NSE_2_C6,6,53,Otras componentes
1340,060350112,2,NSE_2_C6,6,53,Otras componentes
1341,060350810,2,NSE_2_C6,6,53,Otras componentes
1342,060350813,2,NSE_2_C6,6,53,Otras componentes
1343,060351004,2,NSE_2_C6,6,53,Otras componentes
1344,060350202,2,NSE_2_C6,6,53,Otras componentes
1345,060350802,2,NSE_2_C6,6,53,Otras componentes
1346,020282509,2,NSE_2_C7,7,52,Otras componentes
1347,020282504,2,NSE_2_C7,7,52,Otras componentes
1348,020282408,2,NSE_2_C7,7,52,Otras componentes
1349,020281002,2,NSE_2_C7,7,52,Otras componentes
1350,020282908,2,NSE_2_C7,7,52,Otras componentes
1351,020282808,2,NSE_2_C7,7,52,Otras componentes
1352,020282602,2,NSE_2_C7,7,52,Otras componentes
1353,020282603,2,NSE_2_C7,7,52,Otras componentes
1354,020282810,2,NSE_2_C7,7,52,Otras componentes
1355,020282601,2,NSE_2_C7,7,52,Otras componentes
1356,020281007,2,NSE_2_C7,7,52,Otras componentes
1357,020282806,2,NSE_2_C7,7,52,Otras componentes
1358,020282811,2,NSE_2_C7,7,52,Otras componentes
1359,020282405,2,NSE_2_C7,7,52,Otras componentes
1360,020282506,2,NSE_2_C7,7,52,Otras componentes
1361,020282510,2,NSE_2_C7,7,52,Otras componentes
1362,020282803,2,NSE_2_C7,7,52,Otras componentes
1363,020281009,2,NSE_2_C7,7,52,Otras componentes
1364,020282804,2,NSE_2_C7,7,52,Otras componentes
1365,020282403,2,NSE_2_C7,7,52,Otras componentes
1366,020282407,2,NSE_2_C7,7,52,Otras componentes
1367,020282501,2,NSE_2_C7,7,52,Otras componentes
1368,020282802,2,NSE_2_C7,7,52,Otras componentes
1369,020282907,2,NSE_2_C7,7,52,Otras componentes
1370,020282512,2,NSE_2_C7,7,52,Otras componentes
1371,020281003,2,NSE_2_C7,7,52,Otras componentes
1372,020282901,2,NSE_2_C7,7,52,Otras componentes
1373,020281206,2,NSE_2_C7,7,52,Otras componentes
1374,020282503,2,NSE_2_C7,7,52,Otras componentes
1375,020280907,2,NSE_2_C7,7,52,Otras componentes
1376,020282404,2,NSE_2_C7,7,52,Otras componentes
1377,020281008,2,NSE_2_C7,7,52,Otras componentes
1378,020282401,2,NSE_2_C7,7,52,Otras componentes
1379,020282905,2,NSE_2_C7,7,52,Otras componentes
1380,020282801,2,NSE_2_C7,7,52,Otras componentes
1381,020282409,2,NSE_2_C7,7,52,Otras componentes
1382,020281005,2,NSE_2_C7,7,52,Otras componentes
1383,020282904,2,NSE_2_C7,7,52,Otras componentes
1384,020282505,2,NSE_2_C7,7,52,Otras componentes
1385,020282902,2,NSE_2_C7,7,52,Otras componentes
1386,020282511,2,NSE_2_C7,7,52,Otras componentes
1387,020282906,2,NSE_2_C7,7,52,Otras componentes
1388,020282402,2,NSE_2_C7,7,52,Otras componentes
1389,020282807,2,NSE_2_C7,7,52,Otras componentes
1390,020282805,2,NSE_2_C7,7,52,Otras componentes
1391,020281001,2,NSE_2_C7,7,52,Otras componentes
1392,020282507,2,NSE_2_C7,7,52,Otras componentes
1393,020281004,2,NSE_2_C7,7,52,Otras componentes
1394,020282809,2,NSE_2_C7,7,52,Otras componentes
1395,020282406,2,NSE_2_C7,7,52,Otras componentes
1396,020282502,2,NSE_2_C7,7,52,Otras componentes
1397,020282903,2,NSE_2_C7,7,52,Otras componentes
1398,063714003,2,NSE_2_C8,8,35,Otras componentes
1399,063710604,2,NSE_2_C8,8,35,Otras componentes
1400,063710803,2,NSE_2_C8,8,35,Otras componentes
1401,063714004,2,NSE_2_C8,8,35,Otras componentes
1402,068613002,2,NSE_2_C8,8,35,Otras componentes
1403,063710807,2,NSE_2_C8,8,35,Otras componentes
1404,063714001,2,NSE_2_C8,8,35,Otras componentes
1405,063710703,2,NSE_2_C8,8,35,Otras componentes
1406,063714301,2,NSE_2_C8,8,35,Otras componentes
1407,068613006,2,NSE_2_C8,8,35,Otras componentes
1408,063710605,2,NSE_2_C8,8,35,Otras componentes
1409,068613007,2,NSE_2_C8,8,35,Otras componentes
1410,063710702,2,NSE_2_C8,8,35,Otras componentes
1411,063714006,2,NSE_2_C8,8,35,Otras componentes
1412,063710701,2,NSE_2_C8,8,35,Otras componentes
1413,063710510,2,NSE_2_C8,8,35,Otras componentes
1414,068613003,2,NSE_2_C8,8,35,Otras componentes
1415,068613013,2,NSE_2_C8,8,35,Otras componentes
1416,063710610,2,NSE_2_C8,8,35,Otras componentes
1417,063710607,2,NSE_2_C8,8,35,Otras componentes
1418,063714005,2,NSE_2_C8,8,35,Otras componentes
1419,068613004,2,NSE_2_C8,8,35,Otras componentes
1420,063710609,2,NSE_2_C8,8,35,Otras componentes
1421,063710602,2,NSE_2_C8,8,35,Otras componentes
1422,063714002,2,NSE_2_C8,8,35,Otras componentes
1423,063710606,2,NSE_2_C8,8,35,Otras componentes
1424,063710611,2,NSE_2_C8,8,35,Otras componentes
1425,068612908,2,NSE_2_C8,8,35,Otras componentes
1426,063710509,2,NSE_2_C8,8,35,Otras componentes
1427,068612913,2,NSE_2_C8,8,35,Otras componentes
1428,063710608,2,NSE_2_C8,8,35,Otras componentes
1429,063714007,2,NSE_2_C8,8,35,Otras componentes
1430,063710705,2,NSE_2_C8,8,35,Otras componentes
1431,063710802,2,NSE_2_C8,8,35,Otras componentes
1432,068613005,2,NSE_2_C8,8,35,Otras componentes
1433,020070302,2,NSE_2_C9,9,28,Otras componentes
1434,020070304,2,NSE_2_C9,9,28,Otras componentes
1435,020070308,2,NSE_2_C9,9,28,Otras componentes
1436,020070305,2,NSE_2_C9,9,28,Otras componentes
1437,020070306,2,NSE_2_C9,9,28,Otras componentes
1438,020073008,2,NSE_2_C9,9,28,Otras componentes
1439,020070315,2,NSE_2_C9,9,28,Otras componentes
1440,020070316,2,NSE_2_C9,9,28,Otras componentes
1441,020070202,2,NSE_2_C9,9,28,Otras componentes
1442,020070317,2,NSE_2_C9,9,28,Otras componentes
1443,020070207,2,NSE_2_C9,9,28,Otras componentes
1444,020070204,2,NSE_2_C9,9,28,Otras componentes
1445,020070201,2,NSE_2_C9,9,28,Otras componentes
1446,020073006,2,NSE_2_C9,9,28,Otras componentes
1447,020070310,2,NSE_2_C9,9,28,Otras componentes
1448,020073005,2,NSE_2_C9,9,28,Otras componentes
1449,020070311,2,NSE_2_C9,9,28,Otras componentes
1450,020073013,2,NSE_2_C9,9,28,Otras componentes
1451,020070301,2,NSE_2_C9,9,28,Otras componentes
1452,020070313,2,NSE_2_C9,9,28,Otras componentes
1453,020073003,2,NSE_2_C9,9,28,Otras componentes
1454,020070303,2,NSE_2_C9,9,28,Otras componentes
1455,020070318,2,NSE_2_C9,9,28,Otras componentes
1456,020073004,2,NSE_2_C9,9,28,Otras componentes
1457,020070208,2,NSE_2_C9,9,28,Otras componentes
1458,020070319,2,NSE_2_C9,9,28,Otras componentes
1459,020070314,2,NSE_2_C9,9,28,Otras componentes
1460,020070205,2,NSE_2_C9,9,28,Otras componentes
1461,020560205,2,NSE_2_C10,10,28,Otras componentes
1462,020560107,2,NSE_2_C10,10,28,Otras componentes
1463,020560110,2,NSE_2_C10,10,28,Otras componentes
1464,020560119,2,NSE_2_C10,10,28,Otras componentes
1465,020560203,2,NSE_2_C10,10,28,Otras componentes
1466,020560123,2,NSE_2_C10,10,28,Otras componentes
1467,020560105,2,NSE_2_C10,10,28,Otras componentes
1468,020560121,2,NSE_2_C10,10,28,Otras componentes
1469,020560106,2,NSE_2_C10,10,28,Otras componentes
1470,020560122,2,NSE_2_C10,10,28,Otras componentes
1471,020560124,2,NSE_2_C10,10,28,Otras componentes
1472,020631612,2,NSE_2_C10,10,28,Otras componentes
1473,020560115,2,NSE_2_C10,10,28,Otras componentes
1474,020560112,2,NSE_2_C10,10,28,Otras componentes
1475,020560104,2,NSE_2_C10,10,28,Otras componentes
1476,020560116,2,NSE_2_C10,10,28,Otras componentes
1477,020560113,2,NSE_2_C10,10,28,Otras componentes
1478,020560103,2,NSE_2_C10,10,28,Otras componentes
1479,020560101,2,NSE_2_C10,10,28,Otras componentes
1480,020560114,2,NSE_2_C10,10,28,Otras componentes
1481,020560118,2,NSE_2_C10,10,28,Otras componentes
1482,020560102,2,NSE_2_C10,10,28,Otras componentes
1483,020560120,2,NSE_2_C10,10,28,Otras componentes
1484,020560109,2,NSE_2_C10,10,28,Otras componentes
1485,020560204,2,NSE_2_C10,10,28,Otras componentes
1486,020560111,2,NSE_2_C10,10,28,Otras componentes
1487,020560202,2,NSE_2_C10,10,28,Otras componentes
1488,020560117,2,NSE_2_C10,10,28,Otras componentes
1489,064272104,2,NSE_2_C11,11,15,Otras componentes
1490,064272107,2,NSE_2_C11,11,15,Otras componentes
1491,064272109,2,NSE_2_C11,11,15,Otras componentes
1492,064272001,2,NSE_2_C11,11,15,Otras componentes
1493,064272113,2,NSE_2_C11,11,15,Otras componentes
1494,064272105,2,NSE_2_C11,11,15,Otras componentes
1495,064272103,2,NSE_2_C11,11,15,Otras componentes
1496,064271108,2,NSE_2_C11,11,15,Otras componentes
1497,064272112,2,NSE_2_C11,11,15,Otras componentes
1498,064272203,2,NSE_2_C11,11,15,Otras componentes
1499,064272101,2,NSE_2_C11,11,15,Otras componentes
1500,064272108,2,NSE_2_C11,11,15,Otras componentes
1501,064271109,2,NSE_2_C11,11,15,Otras componentes
1502,064272202,2,NSE_2_C11,11,15,Otras componentes
1503,064271310,2,NSE_2_C11,11,15,Otras componentes
1504,068402504,2,NSE_2_C12,12,15,Otras componentes
1505,068402810,2,NSE_2_C12,12,15,Otras componentes
1506,068402604,2,NSE_2_C12,12,15,Otras componentes
1507,068402505,2,NSE_2_C12,12,15,Otras componentes
1508,068402608,2,NSE_2_C12,12,15,Otras componentes
1509,068402809,2,NSE_2_C12,12,15,Otras componentes
1510,068402602,2,NSE_2_C12,12,15,Otras componentes
1511,068402607,2,NSE_2_C12,12,15,Otras componentes
1512,068402710,2,NSE_2_C12,12,15,Otras componentes
1513,068402601,2,NSE_2_C12,12,15,Otras componentes
1514,068402709,2,NSE_2_C12,12,15,Otras componentes
1515,068402605,2,NSE_2_C12,12,15,Otras componentes
1516,068402811,2,NSE_2_C12,12,15,Otras componentes
1517,068402603,2,NSE_2_C12,12,15,Otras componentes
1518,068402606,2,NSE_2_C12,12,15,Otras componentes
1519,064270910,2,NSE_2_C13,13,12,Otras componentes
1520,064270914,2,NSE_2_C13,13,12,Otras componentes
1521,064270907,2,NSE_2_C13,13,12,Otras componentes
1522,064270909,2,NSE_2_C13,13,12,Otras componentes
1523,064272309,2,NSE_2_C13,13,12,Otras componentes
1524,064270912,2,NSE_2_C13,13,12,Otras componentes
1525,064270906,2,NSE_2_C13,13,12,Otras componentes
1526,064270908,2,NSE_2_C13,13,12,Otras componentes
1527,064270904,2,NSE_2_C13,13,12,Otras componentes
1528,064270812,2,NSE_2_C13,13,12,Otras componentes
1529,064270805,2,NSE_2_C13,13,12,Otras componentes
1530,064270911,2,NSE_2_C13,13,12,Otras componentes
1531,068402310,2,NSE_2_C14,14,12,Otras componentes
1532,068402303,2,NSE_2_C14,14,12,Otras componentes
1533,065680308,2,NSE_2_C14,14,12,Otras componentes
1534,068402307,2,NSE_2_C14,14,12,Otras componentes
1535,068402308,2,NSE_2_C14,14,12,Otras componentes
1536,065680307,2,NSE_2_C14,14,12,Otras componentes
1537,065680303,2,NSE_2_C14,14,12,Otras componentes
1538,068402309,2,NSE_2_C14,14,12,Otras componentes
1539,065680305,2,NSE_2_C14,14,12,Otras componentes
1540,068402208,2,NSE_2_C14,14,12,Otras componentes
1541,068402201,2,NSE_2_C14,14,12,Otras componentes
1542,065680304,2,NSE_2_C14,14,12,Otras componentes
1543,064271409,2,NSE_2_C15,15,11,Otras componentes
1544,020560310,2,NSE_2_C15,15,11,Otras componentes
1545,064271421,2,NSE_2_C15,15,11,Otras componentes
1546,064271410,2,NSE_2_C15,15,11,Otras componentes
1547,020560313,2,NSE_2_C15,15,11,Otras componentes
1548,020560311,2,NSE_2_C15,15,11,Otras componentes
1549,020560309,2,NSE_2_C15,15,11,Otras componentes
1550,020560312,2,NSE_2_C15,15,11,Otras componentes
1551,064271408,2,NSE_2_C15,15,11,Otras componentes
1552,020560308,2,NSE_2_C15,15,11,Otras componentes
1553,020560314,2,NSE_2_C15,15,11,Otras componentes
1554,067563208,2,NSE_2_C16,16,11,Otras componentes
1555,067563206,2,NSE_2_C16,16,11,Otras componentes
1556,067563211,2,NSE_2_C16,16,11,Otras componentes
1557,067563207,2,NSE_2_C16,16,11,Otras componentes
1558,067563209,2,NSE_2_C16,16,11,Otras componentes
1559,067563108,2,NSE_2_C16,16,11,Otras componentes
1560,067563205,2,NSE_2_C16,16,11,Otras componentes
1561,067563202,2,NSE_2_C16,16,11,Otras componentes
1562,067563203,2,NSE_2_C16,16,11,Otras componentes
1563,067563204,2,NSE_2_C16,16,11,Otras componentes
1564,067563109,2,NSE_2_C16,16,11,Otras componentes
1565,020631414,2,NSE_2_C17,17,9,Otras componentes
1566,020631410,2,NSE_2_C17,17,9,Otras componentes
1567,020631413,2,NSE_2_C17,17,9,Otras componentes
1568,020631412,2,NSE_2_C17,17,9,Otras componentes
1569,020631415,2,NSE_2_C17,17,9,Otras componentes
1570,020631405,2,NSE_2_C17,17,9,Otras componentes
1571,020631411,2,NSE_2_C17,17,9,Otras componentes
1572,020631408,2,NSE_2_C17,17,9,Otras componentes
1573,020631407,2,NSE_2_C17,17,9,Otras componentes
1574,067561404,2,NSE_2_C18,18,8,Otras componentes
1575,067561304,2,NSE_2_C18,18,8,Otras componentes
1576,067561405,2,NSE_2_C18,18,8,Otras componentes
1577,067561303,2,NSE_2_C18,18,8,Otras componentes
1578,067561403,2,NSE_2_C18,18,8,Otras componentes
1579,067561305,2,NSE_2_C18,18,8,Otras componentes
1580,067561401,2,NSE_2_C18,18,8,Otras componentes
1581,067561402,2,NSE_2_C18,18,8,Otras componentes
1582,063710304,2,NSE_2_C19,19,7,Otras componentes
1583,063713907,2,NSE_2_C19,19,7,Otras componentes
1584,063713906,2,NSE_2_C19,19,7,Otras componentes
1585,063710302,2,NSE_2_C19,19,7,Otras componentes
1586,063710305,2,NSE_2_C19,19,7,Otras componentes
1587,063710306,2,NSE_2_C19,19,7,Otras componentes
1588,063710307,2,NSE_2_C19,19,7,Otras componentes
1589,068402405,2,NSE_2_C20,20,7,Otras componentes
1590,068402108,2,NSE_2_C20,20,7,Otras componentes
1591,068402110,2,NSE_2_C20,20,7,Otras componentes
1592,068402801,2,NSE_2_C20,20,7,Otras componentes
1593,068402406,2,NSE_2_C20,20,7,Otras componentes
1594,068402109,2,NSE_2_C20,20,7,Otras componentes
1595,068402404,2,NSE_2_C20,20,7,Otras componentes
1596,020281911,2,NSE_2_C21,21,5,Otras componentes
1597,020281908,2,NSE_2_C21,21,5,Otras componentes
1598,020281904,2,NSE_2_C21,21,5,Otras componentes
1599,020281907,2,NSE_2_C21,21,5,Otras componentes
1600,020281909,2,NSE_2_C21,21,5,Otras componentes
1601,060354004,2,NSE_2_C22,22,5,Otras componentes
1602,060354002,2,NSE_2_C22,22,5,Otras componentes
1603,060354003,2,NSE_2_C22,22,5,Otras componentes
1604,060352403,2,NSE_2_C22,22,5,Otras componentes
1605,060354005,2,NSE_2_C22,22,5,Otras componentes
1606,020282108,2,NSE_2_C23,23,5,Otras componentes
1607,020282112,2,NSE_2_C23,23,5,Otras componentes
1608,020282109,2,NSE_2_C23,23,5,Otras componentes
1609,020282110,2,NSE_2_C23,23,5,Otras componentes
1610,020282111,2,NSE_2_C23,23,5,Otras componentes
1611,020070216,2,NSE_2_C24,24,4,Otras componentes
1612,020070215,2,NSE_2_C24,24,4,Otras componentes
1613,020070217,2,NSE_2_C24,24,4,Otras componentes
1614,020070219,2,NSE_2_C24,24,4,Otras componentes
1615,064906703,2,NSE_2_C25,25,4,Otras componentes
1616,064906705,2,NSE_2_C25,25,4,Otras componentes
1617,064904405,2,NSE_2_C25,25,4,Otras componentes
1618,064904406,2,NSE_2_C25,25,4,Otras componentes
1619,064272516,2,NSE_2_C26,26,4,Otras componentes
1620,064272510,2,NSE_2_C26,26,4,Otras componentes
1621,064272512,2,NSE_2_C26,26,4,Otras componentes
1622,064272511,2,NSE_2_C26,26,4,Otras componentes
1623,064904305,2,NSE_2_C27,27,4,Otras componentes
1624,064904308,2,NSE_2_C27,27,4,Otras componentes
1625,064904307,2,NSE_2_C27,27,4,Otras componentes
1626,064904306,2,NSE_2_C27,27,4,Otras componentes
1627,064900607,2,NSE_2_C28,28,3,Otras componentes
1628,064900702,2,NSE_2_C28,28,3,Otras componentes
1629,064900703,2,NSE_2_C28,28,3,Otras componentes
1630,067562301,2,NSE_2_C29,29,3,Otras componentes
1631,067562302,2,NSE_2_C29,29,3,Otras componentes
1632,067562311,2,NSE_2_C29,29,3,Otras componentes
1633,064905806,2,NSE_2_C30,30,3,Otras componentes
1634,064905807,2,NSE_2_C30,30,3,Otras componentes
1635,064905808,2,NSE_2_C30,30,3,Otras componentes
1636,064274514,2,NSE_2_C31,31,3,Otras componentes
1637,064274508,2,NSE_2_C31,31,3,Otras componentes
1638,064274515,2,NSE_2_C31,31,3,Otras componentes
1639,064276202,2,NSE_2_C32,32,3,Otras componentes
1640,064276301,2,NSE_2_C32,32,3,Otras componentes
1641,064276208,2,NSE_2_C32,32,3,Otras componentes
1642,067562503,2,NSE_2_C33,33,3,Otras componentes
1643,067562502,2,NSE_2_C33,33,3,Otras componentes
1644,067562310,2,NSE_2_C33,33,3,Otras componentes
1645,020491905,2,NSE_2_C34,34,3,Otras componentes
1646,020491713,2,NSE_2_C34,34,3,Otras componentes
1647,020491906,2,NSE_2_C34,34,3,Otras componentes
1648,064273913,2,NSE_2_C35,35,2,Otras componentes
1649,064273905,2,NSE_2_C35,35,2,Otras componentes
1650,064271422,2,NSE_2_C36,36,2,Otras componentes
1651,064271412,2,NSE_2_C36,36,2,Otras componentes
1652,065683101,2,NSE_2_C37,37,2,Otras componentes
1653,065683102,2,NSE_2_C37,37,2,Otras componentes
1654,060351505,2,NSE_2_C38,38,2,Otras componentes
1655,060351513,2,NSE_2_C38,38,2,Otras componentes
1656,068612304,2,NSE_2_C39,39,2,Otras componentes
1657,068612305,2,NSE_2_C39,39,2,Otras componentes
1658,064271001,2,NSE_2_C40,40,2,Otras componentes
1659,064271002,2,NSE_2_C40,40,2,Otras componentes
1660,068402804,2,NSE_2_C41,41,2,Otras componentes
1661,068402803,2,NSE_2_C41,41,2,Otras componentes
1662,064344201,2,NSE_2_C42,42,2,Otras componentes
1663,064344202,2,NSE_2_C42,42,2,Otras componentes
1664,064904610,2,NSE_2_C43,43,2,Otras componentes
1665,064902712,2,NSE_2_C43,43,2,Otras componentes
1666,064343407,2,NSE_2_C44,44,2,Otras componentes
1667,064343408,2,NSE_2_C44,44,2,Otras componentes
1668,020280101,2,NSE_2_C45,45,2,Otras componentes
1669,020491807,2,NSE_2_C45,45,2,Otras componentes
1670,064270702,2,NSE_2_C46,46,1,Otras componentes
1671,063712709,2,NSE_2_C47,47,1,Otras componentes
1672,068402203,2,NSE_2_C48,48,1,Otras componentes
1673,064344106,2,NSE_2_C49,49,1,Otras componentes
1674,020282008,2,NSE_2_C50,50,1,Otras componentes
1675,020560906,2,NSE_2_C51,51,1,Otras componentes
1676,064274309,2,NSE_2_C52,52,1,Otras componentes
1677,064271103,2,NSE_2_C53,53,1,Otras componentes
1678,060352201,2,NSE_2_C54,54,1,Otras componentes
1679,065683008,2,NSE_2_C55,55,1,Otras componentes
1680,020280106,2,NSE_2_C56,56,1,Otras componentes
1681,060350606,2,NSE_2_C57,57,1,Otras componentes
1682,063713903,2,NSE_2_C58,58,1,Otras componentes
1683,068402903,2,NSE_2_C59,59,1,Otras componentes
1684,064340609,2,NSE_2_C60,60,1,Otras componentes
1685,064901511,2,NSE_2_C61,61,1,Otras componentes
1686,064902701,2,NSE_2_C62,62,1,Otras componentes
1687,064901002,2,NSE_2_C63,63,1,Otras componentes
1688,068612504,2,NSE_2_C64,64,1,Otras componentes
1689,067562102,2,NSE_2_C65,65,1,Otras componentes
1690,065682705,2,NSE_2_C66,66,1,Otras componentes
1691,020561302,2,NSE_2_C67,67,1,Otras componentes
1692,063713010,2,NSE_2_C68,68,1,Otras componentes
1693,064900707,2,NSE_2_C69,69,1,Otras componentes
1694,063712801,2,NSE_2_C70,70,1,Otras componentes
1695,060353002,2,NSE_2_C71,71,1,Otras componentes
1696,064903008,2,NSE_2_C72,72,1,Otras componentes
1697,020561607,2,NSE_2_C73,73,1,Otras componentes
1698,063714605,2,NSE_2_C74,74,1,Otras componentes
1699,067562505,2,NSE_2_C75,75,1,Otras componentes
1700,063712806,2,NSE_2_C76,76,1,Otras componentes
1701,060352508,2,NSE_2_C77,77,1,Otras componentes
1702,068402703,2,NSE_2_C78,78,1,Otras componentes
1703,020491812,2,NSE_2_C79,79,1,Otras componentes
1704,060353509,2,NSE_2_C80,80,1,Otras componentes
1705,064275606,2,NSE_2_C81,81,1,Otras componentes
1706,068610506,2,NSE_2_C82,82,1,Otras componentes
1707,060350603,2,NSE_2_C83,83,1,Otras componentes
1708,063712405,2,NSE_2_C84,84,1,Otras componentes
1709,068403101,2,NSE_2_C85,85,1,Otras componentes
1710,020560402,2,NSE_2_C86,86,1,Otras componentes
1711,020070212,2,NSE_2_C87,87,1,Otras componentes
1712,065681310,2,NSE_2_C88,88,1,Otras componentes
1713,064341007,2,NSE_2_C89,89,1,Otras componentes
1714,060351501,2,NSE_2_C90,90,1,Otras componentes
1715,064272515,2,NSE_2_C91,91,1,Otras componentes
1716,064342704,2,NSE_2_C92,92,1,Otras componentes
1717,064274705,2,NSE_2_C93,93,1,Otras componentes
1718,068401206,2,NSE_2_C94,94,1,Otras componentes
1719,064271304,2,NSE_2_C95,95,1,Otras componentes
1720,065683202,3,NSE_3_C1,1,5330,NSE_3_C1
1721,020212402,3,NSE_3_C1,1,5330,NSE_3_C1
1722,020490802,3,NSE_3_C1,1,5330,NSE_3_C1
1723,065682612,3,NSE_3_C1,1,5330,NSE_3_C1
1724,020841610,3,NSE_3_C1,1,5330,NSE_3_C1
1725,020912011,3,NSE_3_C1,1,5330,NSE_3_C1
1726,021051009,3,NSE_3_C1,1,5330,NSE_3_C1
1727,020420404,3,NSE_3_C1,1,5330,NSE_3_C1
1728,067562707,3,NSE_3_C1,1,5330,NSE_3_C1
1729,067561410,3,NSE_3_C1,1,5330,NSE_3_C1
1730,064276103,3,NSE_3_C1,1,5330,NSE_3_C1
1731,064273417,3,NSE_3_C1,1,5330,NSE_3_C1
1732,068400509,3,NSE_3_C1,1,5330,NSE_3_C1
1733,064272908,3,NSE_3_C1,1,5330,NSE_3_C1
1734,020700505,3,NSE_3_C1,1,5330,NSE_3_C1
1735,020701904,3,NSE_3_C1,1,5330,NSE_3_C1
1736,065680702,3,NSE_3_C1,1,5330,NSE_3_C1
1737,065682402,3,NSE_3_C1,1,5330,NSE_3_C1
1738,063711901,3,NSE_3_C1,1,5330,NSE_3_C1
1739,020491401,3,NSE_3_C1,1,5330,NSE_3_C1
1740,064273305,3,NSE_3_C1,1,5330,NSE_3_C1
1741,065680911,3,NSE_3_C1,1,5330,NSE_3_C1
1742,020770809,3,NSE_3_C1,1,5330,NSE_3_C1
1743,068401409,3,NSE_3_C1,1,5330,NSE_3_C1
1744,020490305,3,NSE_3_C1,1,5330,NSE_3_C1
1745,068611902,3,NSE_3_C1,1,5330,NSE_3_C1
1746,021051305,3,NSE_3_C1,1,5330,NSE_3_C1
1747,020420209,3,NSE_3_C1,1,5330,NSE_3_C1
1748,063711301,3,NSE_3_C1,1,5330,NSE_3_C1
1749,020350907,3,NSE_3_C1,1,5330,NSE_3_C1
1750,020912504,3,NSE_3_C1,1,5330,NSE_3_C1
1751,067562002,3,NSE_3_C1,1,5330,NSE_3_C1
1752,020280207,3,NSE_3_C1,1,5330,NSE_3_C1
1753,065682803,3,NSE_3_C1,1,5330,NSE_3_C1
1754,020491410,3,NSE_3_C1,1,5330,NSE_3_C1
1755,020351403,3,NSE_3_C1,1,5330,NSE_3_C1
1756,020770402,3,NSE_3_C1,1,5330,NSE_3_C1
1757,020491706,3,NSE_3_C1,1,5330,NSE_3_C1
1758,020492306,3,NSE_3_C1,1,5330,NSE_3_C1
1759,020212205,3,NSE_3_C1,1,5330,NSE_3_C1
1760,020912005,3,NSE_3_C1,1,5330,NSE_3_C1
1761,064270306,3,NSE_3_C1,1,5330,NSE_3_C1
1762,020840510,3,NSE_3_C1,1,5330,NSE_3_C1
1763,020560208,3,NSE_3_C1,1,5330,NSE_3_C1
1764,020630811,3,NSE_3_C1,1,5330,NSE_3_C1
1765,068400203,3,NSE_3_C1,1,5330,NSE_3_C1
1766,020281601,3,NSE_3_C1,1,5330,NSE_3_C1
1767,020421003,3,NSE_3_C1,1,5330,NSE_3_C1
1768,020701103,3,NSE_3_C1,1,5330,NSE_3_C1
1769,068612208,3,NSE_3_C1,1,5330,NSE_3_C1
1770,020491511,3,NSE_3_C1,1,5330,NSE_3_C1
1771,020281403,3,NSE_3_C1,1,5330,NSE_3_C1
1772,020912606,3,NSE_3_C1,1,5330,NSE_3_C1
1773,020911011,3,NSE_3_C1,1,5330,NSE_3_C1
1774,065683506,3,NSE_3_C1,1,5330,NSE_3_C1
1775,065682408,3,NSE_3_C1,1,5330,NSE_3_C1
1776,064273502,3,NSE_3_C1,1,5330,NSE_3_C1
1777,064273609,3,NSE_3_C1,1,5330,NSE_3_C1
1778,020491803,3,NSE_3_C1,1,5330,NSE_3_C1
1779,068611901,3,NSE_3_C1,1,5330,NSE_3_C1
1780,021051403,3,NSE_3_C1,1,5330,NSE_3_C1
1781,020841404,3,NSE_3_C1,1,5330,NSE_3_C1
1782,020490302,3,NSE_3_C1,1,5330,NSE_3_C1
1783,020700910,3,NSE_3_C1,1,5330,NSE_3_C1
1784,020420910,3,NSE_3_C1,1,5330,NSE_3_C1
1785,020070910,3,NSE_3_C1,1,5330,NSE_3_C1
1786,021051007,3,NSE_3_C1,1,5330,NSE_3_C1
1787,020350908,3,NSE_3_C1,1,5330,NSE_3_C1
1788,064272807,3,NSE_3_C1,1,5330,NSE_3_C1
1789,020842206,3,NSE_3_C1,1,5330,NSE_3_C1
1790,065684107,3,NSE_3_C1,1,5330,NSE_3_C1
1791,068611306,3,NSE_3_C1,1,5330,NSE_3_C1
1792,068612509,3,NSE_3_C1,1,5330,NSE_3_C1
1793,065683207,3,NSE_3_C1,1,5330,NSE_3_C1
1794,020630505,3,NSE_3_C1,1,5330,NSE_3_C1
1795,020350203,3,NSE_3_C1,1,5330,NSE_3_C1
1796,020421207,3,NSE_3_C1,1,5330,NSE_3_C1
1797,020772010,3,NSE_3_C1,1,5330,NSE_3_C1
1798,020071201,3,NSE_3_C1,1,5330,NSE_3_C1
1799,020073002,3,NSE_3_C1,1,5330,NSE_3_C1
1800,020490803,3,NSE_3_C1,1,5330,NSE_3_C1
1801,020772101,3,NSE_3_C1,1,5330,NSE_3_C1
1802,063715008,3,NSE_3_C1,1,5330,NSE_3_C1
1803,020420106,3,NSE_3_C1,1,5330,NSE_3_C1
1804,068610212,3,NSE_3_C1,1,5330,NSE_3_C1
1805,021051012,3,NSE_3_C1,1,5330,NSE_3_C1
1806,020770504,3,NSE_3_C1,1,5330,NSE_3_C1
1807,065681501,3,NSE_3_C1,1,5330,NSE_3_C1
1808,020490705,3,NSE_3_C1,1,5330,NSE_3_C1
1809,020071115,3,NSE_3_C1,1,5330,NSE_3_C1
1810,020142204,3,NSE_3_C1,1,5330,NSE_3_C1
1811,020631203,3,NSE_3_C1,1,5330,NSE_3_C1
1812,020910608,3,NSE_3_C1,1,5330,NSE_3_C1
1813,020911711,3,NSE_3_C1,1,5330,NSE_3_C1
1814,067562312,3,NSE_3_C1,1,5330,NSE_3_C1
1815,021050908,3,NSE_3_C1,1,5330,NSE_3_C1
1816,020491808,3,NSE_3_C1,1,5330,NSE_3_C1
1817,068403609,3,NSE_3_C1,1,5330,NSE_3_C1
1818,068611806,3,NSE_3_C1,1,5330,NSE_3_C1
1819,020492107,3,NSE_3_C1,1,5330,NSE_3_C1
1820,020772104,3,NSE_3_C1,1,5330,NSE_3_C1
1821,065681806,3,NSE_3_C1,1,5330,NSE_3_C1
1822,020491304,3,NSE_3_C1,1,5330,NSE_3_C1
1823,064273902,3,NSE_3_C1,1,5330,NSE_3_C1
1824,020281605,3,NSE_3_C1,1,5330,NSE_3_C1
1825,020490208,3,NSE_3_C1,1,5330,NSE_3_C1
1826,020072501,3,NSE_3_C1,1,5330,NSE_3_C1
1827,063714404,3,NSE_3_C1,1,5330,NSE_3_C1
1828,020352010,3,NSE_3_C1,1,5330,NSE_3_C1
1829,020770310,3,NSE_3_C1,1,5330,NSE_3_C1
1830,063711803,3,NSE_3_C1,1,5330,NSE_3_C1
1831,020700710,3,NSE_3_C1,1,5330,NSE_3_C1
1832,067561707,3,NSE_3_C1,1,5330,NSE_3_C1
1833,020212103,3,NSE_3_C1,1,5330,NSE_3_C1
1834,067563505,3,NSE_3_C1,1,5330,NSE_3_C1
1835,020982006,3,NSE_3_C1,1,5330,NSE_3_C1
1836,063713804,3,NSE_3_C1,1,5330,NSE_3_C1
1837,020630105,3,NSE_3_C1,1,5330,NSE_3_C1
1838,063712402,3,NSE_3_C1,1,5330,NSE_3_C1
1839,020770708,3,NSE_3_C1,1,5330,NSE_3_C1
1840,063710408,3,NSE_3_C1,1,5330,NSE_3_C1
1841,020490903,3,NSE_3_C1,1,5330,NSE_3_C1
1842,020280307,3,NSE_3_C1,1,5330,NSE_3_C1
1843,020840202,3,NSE_3_C1,1,5330,NSE_3_C1
1844,020490711,3,NSE_3_C1,1,5330,NSE_3_C1
1845,065681211,3,NSE_3_C1,1,5330,NSE_3_C1
1846,065682807,3,NSE_3_C1,1,5330,NSE_3_C1
1847,020772006,3,NSE_3_C1,1,5330,NSE_3_C1
1848,020491506,3,NSE_3_C1,1,5330,NSE_3_C1
1849,064273003,3,NSE_3_C1,1,5330,NSE_3_C1
1850,020211305,3,NSE_3_C1,1,5330,NSE_3_C1
1851,021050605,3,NSE_3_C1,1,5330,NSE_3_C1
1852,068403608,3,NSE_3_C1,1,5330,NSE_3_C1
1853,021050108,3,NSE_3_C1,1,5330,NSE_3_C1
1854,020420508,3,NSE_3_C1,1,5330,NSE_3_C1
1855,065681505,3,NSE_3_C1,1,5330,NSE_3_C1
1856,020911704,3,NSE_3_C1,1,5330,NSE_3_C1
1857,020770411,3,NSE_3_C1,1,5330,NSE_3_C1
1858,064270604,3,NSE_3_C1,1,5330,NSE_3_C1
1859,020421208,3,NSE_3_C1,1,5330,NSE_3_C1
1860,067562110,3,NSE_3_C1,1,5330,NSE_3_C1
1861,020211403,3,NSE_3_C1,1,5330,NSE_3_C1
1862,021052003,3,NSE_3_C1,1,5330,NSE_3_C1
1863,068611409,3,NSE_3_C1,1,5330,NSE_3_C1
1864,020071806,3,NSE_3_C1,1,5330,NSE_3_C1
1865,064270709,3,NSE_3_C1,1,5330,NSE_3_C1
1866,068403604,3,NSE_3_C1,1,5330,NSE_3_C1
1867,068611305,3,NSE_3_C1,1,5330,NSE_3_C1
1868,020771001,3,NSE_3_C1,1,5330,NSE_3_C1
1869,068404001,3,NSE_3_C1,1,5330,NSE_3_C1
1870,067563503,3,NSE_3_C1,1,5330,NSE_3_C1
1871,020560809,3,NSE_3_C1,1,5330,NSE_3_C1
1872,068403908,3,NSE_3_C1,1,5330,NSE_3_C1
1873,020211201,3,NSE_3_C1,1,5330,NSE_3_C1
1874,068611402,3,NSE_3_C1,1,5330,NSE_3_C1
1875,020701607,3,NSE_3_C1,1,5330,NSE_3_C1
1876,064272304,3,NSE_3_C1,1,5330,NSE_3_C1
1877,020910502,3,NSE_3_C1,1,5330,NSE_3_C1
1878,021050603,3,NSE_3_C1,1,5330,NSE_3_C1
1879,020071204,3,NSE_3_C1,1,5330,NSE_3_C1
1880,020980101,3,NSE_3_C1,1,5330,NSE_3_C1
1881,020631306,3,NSE_3_C1,1,5330,NSE_3_C1
1882,020070506,3,NSE_3_C1,1,5330,NSE_3_C1
1883,020491811,3,NSE_3_C1,1,5330,NSE_3_C1
1884,020911001,3,NSE_3_C1,1,5330,NSE_3_C1
1885,020282310,3,NSE_3_C1,1,5330,NSE_3_C1
1886,020071705,3,NSE_3_C1,1,5330,NSE_3_C1
1887,020280302,3,NSE_3_C1,1,5330,NSE_3_C1
1888,020772005,3,NSE_3_C1,1,5330,NSE_3_C1
1889,021050512,3,NSE_3_C1,1,5330,NSE_3_C1
1890,064271719,3,NSE_3_C1,1,5330,NSE_3_C1
1891,067562601,3,NSE_3_C1,1,5330,NSE_3_C1
1892,064273213,3,NSE_3_C1,1,5330,NSE_3_C1
1893,065681506,3,NSE_3_C1,1,5330,NSE_3_C1
1894,064273607,3,NSE_3_C1,1,5330,NSE_3_C1
1895,020281609,3,NSE_3_C1,1,5330,NSE_3_C1
1896,021050514,3,NSE_3_C1,1,5330,NSE_3_C1
1897,020560505,3,NSE_3_C1,1,5330,NSE_3_C1
1898,020422106,3,NSE_3_C1,1,5330,NSE_3_C1
1899,065683002,3,NSE_3_C1,1,5330,NSE_3_C1
1900,020841807,3,NSE_3_C1,1,5330,NSE_3_C1
1901,020701407,3,NSE_3_C1,1,5330,NSE_3_C1
1902,068402207,3,NSE_3_C1,1,5330,NSE_3_C1
1903,020630409,3,NSE_3_C1,1,5330,NSE_3_C1
1904,021050111,3,NSE_3_C1,1,5330,NSE_3_C1
1905,020841003,3,NSE_3_C1,1,5330,NSE_3_C1
1906,067561505,3,NSE_3_C1,1,5330,NSE_3_C1
1907,064271101,3,NSE_3_C1,1,5330,NSE_3_C1
1908,020560306,3,NSE_3_C1,1,5330,NSE_3_C1
1909,020351705,3,NSE_3_C1,1,5330,NSE_3_C1
1910,068401112,3,NSE_3_C1,1,5330,NSE_3_C1
1911,064270602,3,NSE_3_C1,1,5330,NSE_3_C1
1912,064271302,3,NSE_3_C1,1,5330,NSE_3_C1
1913,064273702,3,NSE_3_C1,1,5330,NSE_3_C1
1914,020491413,3,NSE_3_C1,1,5330,NSE_3_C1
1915,067562305,3,NSE_3_C1,1,5330,NSE_3_C1
1916,020210208,3,NSE_3_C1,1,5330,NSE_3_C1
1917,020630710,3,NSE_3_C1,1,5330,NSE_3_C1
1918,064275508,3,NSE_3_C1,1,5330,NSE_3_C1
1919,020282207,3,NSE_3_C1,1,5330,NSE_3_C1
1920,020071005,3,NSE_3_C1,1,5330,NSE_3_C1
1921,020492104,3,NSE_3_C1,1,5330,NSE_3_C1
1922,020210201,3,NSE_3_C1,1,5330,NSE_3_C1
1923,020141009,3,NSE_3_C1,1,5330,NSE_3_C1
1924,064275105,3,NSE_3_C1,1,5330,NSE_3_C1
1925,020910208,3,NSE_3_C1,1,5330,NSE_3_C1
1926,020142003,3,NSE_3_C1,1,5330,NSE_3_C1
1927,020980906,3,NSE_3_C1,1,5330,NSE_3_C1
1928,020420809,3,NSE_3_C1,1,5330,NSE_3_C1
1929,067561302,3,NSE_3_C1,1,5330,NSE_3_C1
1930,020421609,3,NSE_3_C1,1,5330,NSE_3_C1
1931,020072306,3,NSE_3_C1,1,5330,NSE_3_C1
1932,020842108,3,NSE_3_C1,1,5330,NSE_3_C1
1933,063712507,3,NSE_3_C1,1,5330,NSE_3_C1
1934,068611302,3,NSE_3_C1,1,5330,NSE_3_C1
1935,020630313,3,NSE_3_C1,1,5330,NSE_3_C1
1936,020211007,3,NSE_3_C1,1,5330,NSE_3_C1
1937,020560307,3,NSE_3_C1,1,5330,NSE_3_C1
1938,020560409,3,NSE_3_C1,1,5330,NSE_3_C1
1939,021051113,3,NSE_3_C1,1,5330,NSE_3_C1
1940,064273505,3,NSE_3_C1,1,5330,NSE_3_C1
1941,020560606,3,NSE_3_C1,1,5330,NSE_3_C1
1942,020841201,3,NSE_3_C1,1,5330,NSE_3_C1
1943,020631402,3,NSE_3_C1,1,5330,NSE_3_C1
1944,065681903,3,NSE_3_C1,1,5330,NSE_3_C1
1945,063710308,3,NSE_3_C1,1,5330,NSE_3_C1
1946,020420604,3,NSE_3_C1,1,5330,NSE_3_C1
1947,020211707,3,NSE_3_C1,1,5330,NSE_3_C1
1948,020770305,3,NSE_3_C1,1,5330,NSE_3_C1
1949,020701012,3,NSE_3_C1,1,5330,NSE_3_C1
1950,020420308,3,NSE_3_C1,1,5330,NSE_3_C1
1951,063714704,3,NSE_3_C1,1,5330,NSE_3_C1
1952,020910904,3,NSE_3_C1,1,5330,NSE_3_C1
1953,020281602,3,NSE_3_C1,1,5330,NSE_3_C1
1954,020070801,3,NSE_3_C1,1,5330,NSE_3_C1
1955,020351007,3,NSE_3_C1,1,5330,NSE_3_C1
1956,068612005,3,NSE_3_C1,1,5330,NSE_3_C1
1957,065680804,3,NSE_3_C1,1,5330,NSE_3_C1
1958,020071604,3,NSE_3_C1,1,5330,NSE_3_C1
1959,068610401,3,NSE_3_C1,1,5330,NSE_3_C1
1960,068400905,3,NSE_3_C1,1,5330,NSE_3_C1
1961,020561001,3,NSE_3_C1,1,5330,NSE_3_C1
1962,020910307,3,NSE_3_C1,1,5330,NSE_3_C1
1963,067560705,3,NSE_3_C1,1,5330,NSE_3_C1
1964,020910310,3,NSE_3_C1,1,5330,NSE_3_C1
1965,021050807,3,NSE_3_C1,1,5330,NSE_3_C1
1966,020422111,3,NSE_3_C1,1,5330,NSE_3_C1
1967,065680204,3,NSE_3_C1,1,5330,NSE_3_C1
1968,020771009,3,NSE_3_C1,1,5330,NSE_3_C1
1969,065680703,3,NSE_3_C1,1,5330,NSE_3_C1
1970,068400806,3,NSE_3_C1,1,5330,NSE_3_C1
1971,064273707,3,NSE_3_C1,1,5330,NSE_3_C1
1972,067562509,3,NSE_3_C1,1,5330,NSE_3_C1
1973,065684002,3,NSE_3_C1,1,5330,NSE_3_C1
1974,065683210,3,NSE_3_C1,1,5330,NSE_3_C1
1975,068611704,3,NSE_3_C1,1,5330,NSE_3_C1
1976,064270503,3,NSE_3_C1,1,5330,NSE_3_C1
1977,020841008,3,NSE_3_C1,1,5330,NSE_3_C1
1978,064273304,3,NSE_3_C1,1,5330,NSE_3_C1
1979,063712403,3,NSE_3_C1,1,5330,NSE_3_C1
1980,020701104,3,NSE_3_C1,1,5330,NSE_3_C1
1981,064271012,3,NSE_3_C1,1,5330,NSE_3_C1
1982,020211310,3,NSE_3_C1,1,5330,NSE_3_C1
1983,020631011,3,NSE_3_C1,1,5330,NSE_3_C1
1984,068612507,3,NSE_3_C1,1,5330,NSE_3_C1
1985,068612803,3,NSE_3_C1,1,5330,NSE_3_C1
1986,068402004,3,NSE_3_C1,1,5330,NSE_3_C1
1987,067561904,3,NSE_3_C1,1,5330,NSE_3_C1
1988,067561510,3,NSE_3_C1,1,5330,NSE_3_C1
1989,020280401,3,NSE_3_C1,1,5330,NSE_3_C1
1990,068611205,3,NSE_3_C1,1,5330,NSE_3_C1
1991,065682812,3,NSE_3_C1,1,5330,NSE_3_C1
1992,067561802,3,NSE_3_C1,1,5330,NSE_3_C1
1993,020842212,3,NSE_3_C1,1,5330,NSE_3_C1
1994,020211502,3,NSE_3_C1,1,5330,NSE_3_C1
1995,064274304,3,NSE_3_C1,1,5330,NSE_3_C1
1996,020981408,3,NSE_3_C1,1,5330,NSE_3_C1
1997,068404007,3,NSE_3_C1,1,5330,NSE_3_C1
1998,020631604,3,NSE_3_C1,1,5330,NSE_3_C1
1999,020772204,3,NSE_3_C1,1,5330,NSE_3_C1
2000,020770105,3,NSE_3_C1,1,5330,NSE_3_C1
2001,064270303,3,NSE_3_C1,1,5330,NSE_3_C1
2002,064273202,3,NSE_3_C1,1,5330,NSE_3_C1
2003,065681308,3,NSE_3_C1,1,5330,NSE_3_C1
2004,067561002,3,NSE_3_C1,1,5330,NSE_3_C1
2005,064271008,3,NSE_3_C1,1,5330,NSE_3_C1
2006,065683606,3,NSE_3_C1,1,5330,NSE_3_C1
2007,067561212,3,NSE_3_C1,1,5330,NSE_3_C1
2008,020072407,3,NSE_3_C1,1,5330,NSE_3_C1
2009,020071608,3,NSE_3_C1,1,5330,NSE_3_C1
2010,063710503,3,NSE_3_C1,1,5330,NSE_3_C1
2011,064270312,3,NSE_3_C1,1,5330,NSE_3_C1
2012,063712307,3,NSE_3_C1,1,5330,NSE_3_C1
2013,065680903,3,NSE_3_C1,1,5330,NSE_3_C1
2014,020770408,3,NSE_3_C1,1,5330,NSE_3_C1
2015,020770308,3,NSE_3_C1,1,5330,NSE_3_C1
2016,020141504,3,NSE_3_C1,1,5330,NSE_3_C1
2017,020210902,3,NSE_3_C1,1,5330,NSE_3_C1
2018,020280602,3,NSE_3_C1,1,5330,NSE_3_C1
2019,020420802,3,NSE_3_C1,1,5330,NSE_3_C1
2020,068612906,3,NSE_3_C1,1,5330,NSE_3_C1
2021,020840302,3,NSE_3_C1,1,5330,NSE_3_C1
2022,067562603,3,NSE_3_C1,1,5330,NSE_3_C1
2023,020420607,3,NSE_3_C1,1,5330,NSE_3_C1
2024,068610307,3,NSE_3_C1,1,5330,NSE_3_C1
2025,064275502,3,NSE_3_C1,1,5330,NSE_3_C1
2026,020142006,3,NSE_3_C1,1,5330,NSE_3_C1
2027,020490906,3,NSE_3_C1,1,5330,NSE_3_C1
2028,020211903,3,NSE_3_C1,1,5330,NSE_3_C1
2029,067563405,3,NSE_3_C1,1,5330,NSE_3_C1
2030,068401001,3,NSE_3_C1,1,5330,NSE_3_C1
2031,068401507,3,NSE_3_C1,1,5330,NSE_3_C1
2032,065682105,3,NSE_3_C1,1,5330,NSE_3_C1
2033,063714105,3,NSE_3_C1,1,5330,NSE_3_C1
2034,020630806,3,NSE_3_C1,1,5330,NSE_3_C1
2035,068403704,3,NSE_3_C1,1,5330,NSE_3_C1
2036,020630913,3,NSE_3_C1,1,5330,NSE_3_C1
2037,068401113,3,NSE_3_C1,1,5330,NSE_3_C1
2038,020070916,3,NSE_3_C1,1,5330,NSE_3_C1
2039,064271513,3,NSE_3_C1,1,5330,NSE_3_C1
2040,063714206,3,NSE_3_C1,1,5330,NSE_3_C1
2041,067562415,3,NSE_3_C1,1,5330,NSE_3_C1
2042,020212607,3,NSE_3_C1,1,5330,NSE_3_C1
2043,064270219,3,NSE_3_C1,1,5330,NSE_3_C1
2044,020630808,3,NSE_3_C1,1,5330,NSE_3_C1
2045,063714401,3,NSE_3_C1,1,5330,NSE_3_C1
2046,020211901,3,NSE_3_C1,1,5330,NSE_3_C1
2047,020700807,3,NSE_3_C1,1,5330,NSE_3_C1
2048,020071606,3,NSE_3_C1,1,5330,NSE_3_C1
2049,020422001,3,NSE_3_C1,1,5330,NSE_3_C1
2050,020910810,3,NSE_3_C1,1,5330,NSE_3_C1
2051,020280810,3,NSE_3_C1,1,5330,NSE_3_C1
2052,064270511,3,NSE_3_C1,1,5330,NSE_3_C1
2053,064275614,3,NSE_3_C1,1,5330,NSE_3_C1
2054,020770209,3,NSE_3_C1,1,5330,NSE_3_C1
2055,063714201,3,NSE_3_C1,1,5330,NSE_3_C1
2056,065681001,3,NSE_3_C1,1,5330,NSE_3_C1
2057,020141808,3,NSE_3_C1,1,5330,NSE_3_C1
2058,020072505,3,NSE_3_C1,1,5330,NSE_3_C1
2059,068400804,3,NSE_3_C1,1,5330,NSE_3_C1
2060,068612508,3,NSE_3_C1,1,5330,NSE_3_C1
2061,020910501,3,NSE_3_C1,1,5330,NSE_3_C1
2062,020420510,3,NSE_3_C1,1,5330,NSE_3_C1
2063,065680414,3,NSE_3_C1,1,5330,NSE_3_C1
2064,020841502,3,NSE_3_C1,1,5330,NSE_3_C1
2065,065682708,3,NSE_3_C1,1,5330,NSE_3_C1
2066,068402511,3,NSE_3_C1,1,5330,NSE_3_C1
2067,064274603,3,NSE_3_C1,1,5330,NSE_3_C1
2068,020350109,3,NSE_3_C1,1,5330,NSE_3_C1
2069,020772004,3,NSE_3_C1,1,5330,NSE_3_C1
2070,020630108,3,NSE_3_C1,1,5330,NSE_3_C1
2071,021050706,3,NSE_3_C1,1,5330,NSE_3_C1
2072,064271309,3,NSE_3_C1,1,5330,NSE_3_C1
2073,020351503,3,NSE_3_C1,1,5330,NSE_3_C1
2074,020141607,3,NSE_3_C1,1,5330,NSE_3_C1
2075,020840303,3,NSE_3_C1,1,5330,NSE_3_C1
2076,020490603,3,NSE_3_C1,1,5330,NSE_3_C1
2077,068401607,3,NSE_3_C1,1,5330,NSE_3_C1
2078,067560809,3,NSE_3_C1,1,5330,NSE_3_C1
2079,020701304,3,NSE_3_C1,1,5330,NSE_3_C1
2080,020211001,3,NSE_3_C1,1,5330,NSE_3_C1
2081,020280409,3,NSE_3_C1,1,5330,NSE_3_C1
2082,021051301,3,NSE_3_C1,1,5330,NSE_3_C1
2083,068611709,3,NSE_3_C1,1,5330,NSE_3_C1
2084,064275608,3,NSE_3_C1,1,5330,NSE_3_C1
2085,065680908,3,NSE_3_C1,1,5330,NSE_3_C1
2086,064275013,3,NSE_3_C1,1,5330,NSE_3_C1
2087,020701601,3,NSE_3_C1,1,5330,NSE_3_C1
2088,064271212,3,NSE_3_C1,1,5330,NSE_3_C1
2089,020351505,3,NSE_3_C1,1,5330,NSE_3_C1
2090,020561101,3,NSE_3_C1,1,5330,NSE_3_C1
2091,021051202,3,NSE_3_C1,1,5330,NSE_3_C1
2092,063714102,3,NSE_3_C1,1,5330,NSE_3_C1
2093,067562501,3,NSE_3_C1,1,5330,NSE_3_C1
2094,020841309,3,NSE_3_C1,1,5330,NSE_3_C1
2095,020771909,3,NSE_3_C1,1,5330,NSE_3_C1
2096,020912507,3,NSE_3_C1,1,5330,NSE_3_C1
2097,064274401,3,NSE_3_C1,1,5330,NSE_3_C1
2098,020631609,3,NSE_3_C1,1,5330,NSE_3_C1
2099,020350103,3,NSE_3_C1,1,5330,NSE_3_C1
2100,067561704,3,NSE_3_C1,1,5330,NSE_3_C1
2101,065680409,3,NSE_3_C1,1,5330,NSE_3_C1
2102,020280808,3,NSE_3_C1,1,5330,NSE_3_C1
2103,065683501,3,NSE_3_C1,1,5330,NSE_3_C1
2104,020841106,3,NSE_3_C1,1,5330,NSE_3_C1
2105,020700510,3,NSE_3_C1,1,5330,NSE_3_C1
2106,020841405,3,NSE_3_C1,1,5330,NSE_3_C1
2107,020700909,3,NSE_3_C1,1,5330,NSE_3_C1
2108,067561211,3,NSE_3_C1,1,5330,NSE_3_C1
2109,068400502,3,NSE_3_C1,1,5330,NSE_3_C1
2110,021051806,3,NSE_3_C1,1,5330,NSE_3_C1
2111,020280903,3,NSE_3_C1,1,5330,NSE_3_C1
2112,020070712,3,NSE_3_C1,1,5330,NSE_3_C1
2113,020840907,3,NSE_3_C1,1,5330,NSE_3_C1
2114,063713312,3,NSE_3_C1,1,5330,NSE_3_C1
2115,020350903,3,NSE_3_C1,1,5330,NSE_3_C1
2116,068401504,3,NSE_3_C1,1,5330,NSE_3_C1
2117,064274308,3,NSE_3_C1,1,5330,NSE_3_C1
2118,063712101,3,NSE_3_C1,1,5330,NSE_3_C1
2119,020982201,3,NSE_3_C1,1,5330,NSE_3_C1
2120,065680406,3,NSE_3_C1,1,5330,NSE_3_C1
2121,020981405,3,NSE_3_C1,1,5330,NSE_3_C1
2122,068612902,3,NSE_3_C1,1,5330,NSE_3_C1
2123,020280709,3,NSE_3_C1,1,5330,NSE_3_C1
2124,020211405,3,NSE_3_C1,1,5330,NSE_3_C1
2125,068612611,3,NSE_3_C1,1,5330,NSE_3_C1
2126,068403014,3,NSE_3_C1,1,5330,NSE_3_C1
2127,020700305,3,NSE_3_C1,1,5330,NSE_3_C1
2128,063710908,3,NSE_3_C1,1,5330,NSE_3_C1
2129,064271411,3,NSE_3_C1,1,5330,NSE_3_C1
2130,020211809,3,NSE_3_C1,1,5330,NSE_3_C1
2131,020211304,3,NSE_3_C1,1,5330,NSE_3_C1
2132,063715103,3,NSE_3_C1,1,5330,NSE_3_C1
2133,020281510,3,NSE_3_C1,1,5330,NSE_3_C1
2134,020771304,3,NSE_3_C1,1,5330,NSE_3_C1
2135,020980709,3,NSE_3_C1,1,5330,NSE_3_C1
2136,064275003,3,NSE_3_C1,1,5330,NSE_3_C1
2137,020492407,3,NSE_3_C1,1,5330,NSE_3_C1
2138,065681606,3,NSE_3_C1,1,5330,NSE_3_C1
2139,067561308,3,NSE_3_C1,1,5330,NSE_3_C1
2140,064270802,3,NSE_3_C1,1,5330,NSE_3_C1
2141,020352209,3,NSE_3_C1,1,5330,NSE_3_C1
2142,067561102,3,NSE_3_C1,1,5330,NSE_3_C1
2143,064274412,3,NSE_3_C1,1,5330,NSE_3_C1
2144,021050311,3,NSE_3_C1,1,5330,NSE_3_C1
2145,021050712,3,NSE_3_C1,1,5330,NSE_3_C1
2146,064273903,3,NSE_3_C1,1,5330,NSE_3_C1
2147,020350501,3,NSE_3_C1,1,5330,NSE_3_C1
2148,068401509,3,NSE_3_C1,1,5330,NSE_3_C1
2149,020630508,3,NSE_3_C1,1,5330,NSE_3_C1
2150,020771005,3,NSE_3_C1,1,5330,NSE_3_C1
2151,021051712,3,NSE_3_C1,1,5330,NSE_3_C1
2152,063715006,3,NSE_3_C1,1,5330,NSE_3_C1
2153,020770405,3,NSE_3_C1,1,5330,NSE_3_C1
2154,020630701,3,NSE_3_C1,1,5330,NSE_3_C1
2155,064271204,3,NSE_3_C1,1,5330,NSE_3_C1
2156,064274610,3,NSE_3_C1,1,5330,NSE_3_C1
2157,068403504,3,NSE_3_C1,1,5330,NSE_3_C1
2158,020981307,3,NSE_3_C1,1,5330,NSE_3_C1
2159,020141708,3,NSE_3_C1,1,5330,NSE_3_C1
2160,063714803,3,NSE_3_C1,1,5330,NSE_3_C1
2161,063710204,3,NSE_3_C1,1,5330,NSE_3_C1
2162,020560502,3,NSE_3_C1,1,5330,NSE_3_C1
2163,064273407,3,NSE_3_C1,1,5330,NSE_3_C1
2164,020491804,3,NSE_3_C1,1,5330,NSE_3_C1
2165,020421308,3,NSE_3_C1,1,5330,NSE_3_C1
2166,020630604,3,NSE_3_C1,1,5330,NSE_3_C1
2167,068613206,3,NSE_3_C1,1,5330,NSE_3_C1
2168,020281209,3,NSE_3_C1,1,5330,NSE_3_C1
2169,020701708,3,NSE_3_C1,1,5330,NSE_3_C1
2170,068612907,3,NSE_3_C1,1,5330,NSE_3_C1
2171,063715105,3,NSE_3_C1,1,5330,NSE_3_C1
2172,020212303,3,NSE_3_C1,1,5330,NSE_3_C1
2173,068610912,3,NSE_3_C1,1,5330,NSE_3_C1
2174,020212608,3,NSE_3_C1,1,5330,NSE_3_C1
2175,020701110,3,NSE_3_C1,1,5330,NSE_3_C1
2176,020911510,3,NSE_3_C1,1,5330,NSE_3_C1
2177,020630302,3,NSE_3_C1,1,5330,NSE_3_C1
2178,020210607,3,NSE_3_C1,1,5330,NSE_3_C1
2179,021051812,3,NSE_3_C1,1,5330,NSE_3_C1
2180,063713103,3,NSE_3_C1,1,5330,NSE_3_C1
2181,064272406,3,NSE_3_C1,1,5330,NSE_3_C1
2182,064271718,3,NSE_3_C1,1,5330,NSE_3_C1
2183,020980613,3,NSE_3_C1,1,5330,NSE_3_C1
2184,068613307,3,NSE_3_C1,1,5330,NSE_3_C1
2185,064273418,3,NSE_3_C1,1,5330,NSE_3_C1
2186,064275511,3,NSE_3_C1,1,5330,NSE_3_C1
2187,065683507,3,NSE_3_C1,1,5330,NSE_3_C1
2188,020351501,3,NSE_3_C1,1,5330,NSE_3_C1
2189,020701004,3,NSE_3_C1,1,5330,NSE_3_C1
2190,020770807,3,NSE_3_C1,1,5330,NSE_3_C1
2191,067560805,3,NSE_3_C1,1,5330,NSE_3_C1
2192,020841513,3,NSE_3_C1,1,5330,NSE_3_C1
2193,068401604,3,NSE_3_C1,1,5330,NSE_3_C1
2194,068402206,3,NSE_3_C1,1,5330,NSE_3_C1
2195,021050602,3,NSE_3_C1,1,5330,NSE_3_C1
2196,063713901,3,NSE_3_C1,1,5330,NSE_3_C1
2197,020070908,3,NSE_3_C1,1,5330,NSE_3_C1
2198,065681210,3,NSE_3_C1,1,5330,NSE_3_C1
2199,068611810,3,NSE_3_C1,1,5330,NSE_3_C1
2200,020490901,3,NSE_3_C1,1,5330,NSE_3_C1
2201,064272603,3,NSE_3_C1,1,5330,NSE_3_C1
2202,020840902,3,NSE_3_C1,1,5330,NSE_3_C1
2203,020841305,3,NSE_3_C1,1,5330,NSE_3_C1
2204,021051803,3,NSE_3_C1,1,5330,NSE_3_C1
2205,020071906,3,NSE_3_C1,1,5330,NSE_3_C1
2206,020771101,3,NSE_3_C1,1,5330,NSE_3_C1
2207,063714709,3,NSE_3_C1,1,5330,NSE_3_C1
2208,064272004,3,NSE_3_C1,1,5330,NSE_3_C1
2209,020841302,3,NSE_3_C1,1,5330,NSE_3_C1
2210,068400510,3,NSE_3_C1,1,5330,NSE_3_C1
2211,020910806,3,NSE_3_C1,1,5330,NSE_3_C1
2212,020910203,3,NSE_3_C1,1,5330,NSE_3_C1
2213,067562907,3,NSE_3_C1,1,5330,NSE_3_C1
2214,064273410,3,NSE_3_C1,1,5330,NSE_3_C1
2215,063711209,3,NSE_3_C1,1,5330,NSE_3_C1
2216,020561002,3,NSE_3_C1,1,5330,NSE_3_C1
2217,020630309,3,NSE_3_C1,1,5330,NSE_3_C1
2218,020140907,3,NSE_3_C1,1,5330,NSE_3_C1
2219,020772210,3,NSE_3_C1,1,5330,NSE_3_C1
2220,064270513,3,NSE_3_C1,1,5330,NSE_3_C1
2221,020492302,3,NSE_3_C1,1,5330,NSE_3_C1
2222,021050509,3,NSE_3_C1,1,5330,NSE_3_C1
2223,020561205,3,NSE_3_C1,1,5330,NSE_3_C1
2224,020142004,3,NSE_3_C1,1,5330,NSE_3_C1
2225,020912805,3,NSE_3_C1,1,5330,NSE_3_C1
2226,020841801,3,NSE_3_C1,1,5330,NSE_3_C1
2227,020701308,3,NSE_3_C1,1,5330,NSE_3_C1
2228,020701707,3,NSE_3_C1,1,5330,NSE_3_C1
2229,068612506,3,NSE_3_C1,1,5330,NSE_3_C1
2230,020912909,3,NSE_3_C1,1,5330,NSE_3_C1
2231,020491705,3,NSE_3_C1,1,5330,NSE_3_C1
2232,020420401,3,NSE_3_C1,1,5330,NSE_3_C1
2233,020422010,3,NSE_3_C1,1,5330,NSE_3_C1
2234,020491003,3,NSE_3_C1,1,5330,NSE_3_C1
2235,020840203,3,NSE_3_C1,1,5330,NSE_3_C1
2236,020700203,3,NSE_3_C1,1,5330,NSE_3_C1
2237,020911804,3,NSE_3_C1,1,5330,NSE_3_C1
2238,020351404,3,NSE_3_C1,1,5330,NSE_3_C1
2239,064274303,3,NSE_3_C1,1,5330,NSE_3_C1
2240,021050804,3,NSE_3_C1,1,5330,NSE_3_C1
2241,067561806,3,NSE_3_C1,1,5330,NSE_3_C1
2242,064275006,3,NSE_3_C1,1,5330,NSE_3_C1
2243,020421807,3,NSE_3_C1,1,5330,NSE_3_C1
2244,068611106,3,NSE_3_C1,1,5330,NSE_3_C1
2245,020350910,3,NSE_3_C1,1,5330,NSE_3_C1
2246,020350302,3,NSE_3_C1,1,5330,NSE_3_C1
2247,020351103,3,NSE_3_C1,1,5330,NSE_3_C1
2248,020421611,3,NSE_3_C1,1,5330,NSE_3_C1
2249,064272014,3,NSE_3_C1,1,5330,NSE_3_C1
2250,020071904,3,NSE_3_C1,1,5330,NSE_3_C1
2251,068610812,3,NSE_3_C1,1,5330,NSE_3_C1
2252,065682208,3,NSE_3_C1,1,5330,NSE_3_C1
2253,064272110,3,NSE_3_C1,1,5330,NSE_3_C1
2254,020491208,3,NSE_3_C1,1,5330,NSE_3_C1
2255,068612404,3,NSE_3_C1,1,5330,NSE_3_C1
2256,020420907,3,NSE_3_C1,1,5330,NSE_3_C1
2257,065682103,3,NSE_3_C1,1,5330,NSE_3_C1
2258,064275411,3,NSE_3_C1,1,5330,NSE_3_C1
2259,020072601,3,NSE_3_C1,1,5330,NSE_3_C1
2260,063711701,3,NSE_3_C1,1,5330,NSE_3_C1
2261,020351205,3,NSE_3_C1,1,5330,NSE_3_C1
2262,020420405,3,NSE_3_C1,1,5330,NSE_3_C1
2263,063712005,3,NSE_3_C1,1,5330,NSE_3_C1
2264,068611108,3,NSE_3_C1,1,5330,NSE_3_C1
2265,067562402,3,NSE_3_C1,1,5330,NSE_3_C1
2266,067562009,3,NSE_3_C1,1,5330,NSE_3_C1
2267,065682505,3,NSE_3_C1,1,5330,NSE_3_C1
2268,020700304,3,NSE_3_C1,1,5330,NSE_3_C1
2269,064270311,3,NSE_3_C1,1,5330,NSE_3_C1
2270,020280407,3,NSE_3_C1,1,5330,NSE_3_C1
2271,020070810,3,NSE_3_C1,1,5330,NSE_3_C1
2272,064270611,3,NSE_3_C1,1,5330,NSE_3_C1
2273,065680511,3,NSE_3_C1,1,5330,NSE_3_C1
2274,020631509,3,NSE_3_C1,1,5330,NSE_3_C1
2275,065682206,3,NSE_3_C1,1,5330,NSE_3_C1
2276,063712607,3,NSE_3_C1,1,5330,NSE_3_C1
2277,020420909,3,NSE_3_C1,1,5330,NSE_3_C1
2278,064270401,3,NSE_3_C1,1,5330,NSE_3_C1
2279,020770109,3,NSE_3_C1,1,5330,NSE_3_C1
2280,020350708,3,NSE_3_C1,1,5330,NSE_3_C1
2281,064270410,3,NSE_3_C1,1,5330,NSE_3_C1
2282,020350806,3,NSE_3_C1,1,5330,NSE_3_C1
2283,020490308,3,NSE_3_C1,1,5330,NSE_3_C1
2284,020490205,3,NSE_3_C1,1,5330,NSE_3_C1
2285,020631006,3,NSE_3_C1,1,5330,NSE_3_C1
2286,020631007,3,NSE_3_C1,1,5330,NSE_3_C1
2287,068610308,3,NSE_3_C1,1,5330,NSE_3_C1
2288,020070905,3,NSE_3_C1,1,5330,NSE_3_C1
2289,065681507,3,NSE_3_C1,1,5330,NSE_3_C1
2290,020982109,3,NSE_3_C1,1,5330,NSE_3_C1
2291,068401101,3,NSE_3_C1,1,5330,NSE_3_C1
2292,020491104,3,NSE_3_C1,1,5330,NSE_3_C1
2293,064273601,3,NSE_3_C1,1,5330,NSE_3_C1
2294,065681004,3,NSE_3_C1,1,5330,NSE_3_C1
2295,065681803,3,NSE_3_C1,1,5330,NSE_3_C1
2296,064275104,3,NSE_3_C1,1,5330,NSE_3_C1
2297,020422112,3,NSE_3_C1,1,5330,NSE_3_C1
2298,020210506,3,NSE_3_C1,1,5330,NSE_3_C1
2299,020982302,3,NSE_3_C1,1,5330,NSE_3_C1
2300,064271720,3,NSE_3_C1,1,5330,NSE_3_C1
2301,020982801,3,NSE_3_C1,1,5330,NSE_3_C1
2302,063712404,3,NSE_3_C1,1,5330,NSE_3_C1
2303,020212602,3,NSE_3_C1,1,5330,NSE_3_C1
2304,020491313,3,NSE_3_C1,1,5330,NSE_3_C1
2305,068401411,3,NSE_3_C1,1,5330,NSE_3_C1
2306,020212306,3,NSE_3_C1,1,5330,NSE_3_C1
2307,068612709,3,NSE_3_C1,1,5330,NSE_3_C1
2308,064272705,3,NSE_3_C1,1,5330,NSE_3_C1
2309,067560706,3,NSE_3_C1,1,5330,NSE_3_C1
2310,020491508,3,NSE_3_C1,1,5330,NSE_3_C1
2311,020982604,3,NSE_3_C1,1,5330,NSE_3_C1
2312,020771011,3,NSE_3_C1,1,5330,NSE_3_C1
2313,020351602,3,NSE_3_C1,1,5330,NSE_3_C1
2314,020071015,3,NSE_3_C1,1,5330,NSE_3_C1
2315,020072309,3,NSE_3_C1,1,5330,NSE_3_C1
2316,020210109,3,NSE_3_C1,1,5330,NSE_3_C1
2317,065683805,3,NSE_3_C1,1,5330,NSE_3_C1
2318,020350901,3,NSE_3_C1,1,5330,NSE_3_C1
2319,020281310,3,NSE_3_C1,1,5330,NSE_3_C1
2320,020772002,3,NSE_3_C1,1,5330,NSE_3_C1
2321,068610908,3,NSE_3_C1,1,5330,NSE_3_C1
2322,065683704,3,NSE_3_C1,1,5330,NSE_3_C1
2323,063712906,3,NSE_3_C1,1,5330,NSE_3_C1
2324,020420205,3,NSE_3_C1,1,5330,NSE_3_C1
2325,068611010,3,NSE_3_C1,1,5330,NSE_3_C1
2326,067561001,3,NSE_3_C1,1,5330,NSE_3_C1
2327,020701309,3,NSE_3_C1,1,5330,NSE_3_C1
2328,067560711,3,NSE_3_C1,1,5330,NSE_3_C1
2329,020982107,3,NSE_3_C1,1,5330,NSE_3_C1
2330,063714807,3,NSE_3_C1,1,5330,NSE_3_C1
2331,021050501,3,NSE_3_C1,1,5330,NSE_3_C1
2332,020771605,3,NSE_3_C1,1,5330,NSE_3_C1
2333,020701107,3,NSE_3_C1,1,5330,NSE_3_C1
2334,020070210,3,NSE_3_C1,1,5330,NSE_3_C1
2335,020280704,3,NSE_3_C1,1,5330,NSE_3_C1
2336,020772205,3,NSE_3_C1,1,5330,NSE_3_C1
2337,020142008,3,NSE_3_C1,1,5330,NSE_3_C1
2338,067560109,3,NSE_3_C1,1,5330,NSE_3_C1
2339,020842204,3,NSE_3_C1,1,5330,NSE_3_C1
2340,064272003,3,NSE_3_C1,1,5330,NSE_3_C1
2341,020211605,3,NSE_3_C1,1,5330,NSE_3_C1
2342,020981401,3,NSE_3_C1,1,5330,NSE_3_C1
2343,064277003,3,NSE_3_C1,1,5330,NSE_3_C1
2344,020491806,3,NSE_3_C1,1,5330,NSE_3_C1
2345,064273606,3,NSE_3_C1,1,5330,NSE_3_C1
2346,020282104,3,NSE_3_C1,1,5330,NSE_3_C1
2347,020912604,3,NSE_3_C1,1,5330,NSE_3_C1
2348,020210401,3,NSE_3_C1,1,5330,NSE_3_C1
2349,065680805,3,NSE_3_C1,1,5330,NSE_3_C1
2350,068403204,3,NSE_3_C1,1,5330,NSE_3_C1
2351,064271712,3,NSE_3_C1,1,5330,NSE_3_C1
2352,020282705,3,NSE_3_C1,1,5330,NSE_3_C1
2353,020771308,3,NSE_3_C1,1,5330,NSE_3_C1
2354,067560902,3,NSE_3_C1,1,5330,NSE_3_C1
2355,064271423,3,NSE_3_C1,1,5330,NSE_3_C1
2356,020281405,3,NSE_3_C1,1,5330,NSE_3_C1
2357,020841709,3,NSE_3_C1,1,5330,NSE_3_C1
2358,064274509,3,NSE_3_C1,1,5330,NSE_3_C1
2359,068613103,3,NSE_3_C1,1,5330,NSE_3_C1
2360,020210901,3,NSE_3_C1,1,5330,NSE_3_C1
2361,064273205,3,NSE_3_C1,1,5330,NSE_3_C1
2362,065683607,3,NSE_3_C1,1,5330,NSE_3_C1
2363,020912611,3,NSE_3_C1,1,5330,NSE_3_C1
2364,020560507,3,NSE_3_C1,1,5330,NSE_3_C1
2365,020211202,3,NSE_3_C1,1,5330,NSE_3_C1
2366,020281406,3,NSE_3_C1,1,5330,NSE_3_C1
2367,068610502,3,NSE_3_C1,1,5330,NSE_3_C1
2368,020700507,3,NSE_3_C1,1,5330,NSE_3_C1
2369,020630208,3,NSE_3_C1,1,5330,NSE_3_C1
2370,020212606,3,NSE_3_C1,1,5330,NSE_3_C1
2371,020840605,3,NSE_3_C1,1,5330,NSE_3_C1
2372,020771701,3,NSE_3_C1,1,5330,NSE_3_C1
2373,068611610,3,NSE_3_C1,1,5330,NSE_3_C1
2374,020771606,3,NSE_3_C1,1,5330,NSE_3_C1
2375,068403201,3,NSE_3_C1,1,5330,NSE_3_C1
2376,064272914,3,NSE_3_C1,1,5330,NSE_3_C1
2377,020351407,3,NSE_3_C1,1,5330,NSE_3_C1
2378,020912505,3,NSE_3_C1,1,5330,NSE_3_C1
2379,020982210,3,NSE_3_C1,1,5330,NSE_3_C1
2380,064273307,3,NSE_3_C1,1,5330,NSE_3_C1
2381,065681508,3,NSE_3_C1,1,5330,NSE_3_C1
2382,020350406,3,NSE_3_C1,1,5330,NSE_3_C1
2383,020280802,3,NSE_3_C1,1,5330,NSE_3_C1
2384,020492203,3,NSE_3_C1,1,5330,NSE_3_C1
2385,021050703,3,NSE_3_C1,1,5330,NSE_3_C1
2386,067561602,3,NSE_3_C1,1,5330,NSE_3_C1
2387,020212109,3,NSE_3_C1,1,5330,NSE_3_C1
2388,020911705,3,NSE_3_C1,1,5330,NSE_3_C1
2389,021051208,3,NSE_3_C1,1,5330,NSE_3_C1
2390,067562609,3,NSE_3_C1,1,5330,NSE_3_C1
2391,065682605,3,NSE_3_C1,1,5330,NSE_3_C1
2392,067560903,3,NSE_3_C1,1,5330,NSE_3_C1
2393,020210106,3,NSE_3_C1,1,5330,NSE_3_C1
2394,020982208,3,NSE_3_C1,1,5330,NSE_3_C1
2395,067560311,3,NSE_3_C1,1,5330,NSE_3_C1
2396,068612810,3,NSE_3_C1,1,5330,NSE_3_C1
2397,020561407,3,NSE_3_C1,1,5330,NSE_3_C1
2398,064274306,3,NSE_3_C1,1,5330,NSE_3_C1
2399,020982808,3,NSE_3_C1,1,5330,NSE_3_C1
2400,020840901,3,NSE_3_C1,1,5330,NSE_3_C1
2401,021051905,3,NSE_3_C1,1,5330,NSE_3_C1
2402,065683013,3,NSE_3_C1,1,5330,NSE_3_C1
2403,020421502,3,NSE_3_C1,1,5330,NSE_3_C1
2404,064272608,3,NSE_3_C1,1,5330,NSE_3_C1
2405,020212609,3,NSE_3_C1,1,5330,NSE_3_C1
2406,020072608,3,NSE_3_C1,1,5330,NSE_3_C1
2407,020072305,3,NSE_3_C1,1,5330,NSE_3_C1
2408,020490411,3,NSE_3_C1,1,5330,NSE_3_C1
2409,020281203,3,NSE_3_C1,1,5330,NSE_3_C1
2410,020281307,3,NSE_3_C1,1,5330,NSE_3_C1
2411,020840407,3,NSE_3_C1,1,5330,NSE_3_C1
2412,020770110,3,NSE_3_C1,1,5330,NSE_3_C1
2413,020142506,3,NSE_3_C1,1,5330,NSE_3_C1
2414,065683504,3,NSE_3_C1,1,5330,NSE_3_C1
2415,064271208,3,NSE_3_C1,1,5330,NSE_3_C1
2416,068401002,3,NSE_3_C1,1,5330,NSE_3_C1
2417,068611510,3,NSE_3_C1,1,5330,NSE_3_C1
2418,067561010,3,NSE_3_C1,1,5330,NSE_3_C1
2419,021050506,3,NSE_3_C1,1,5330,NSE_3_C1
2420,020770505,3,NSE_3_C1,1,5330,NSE_3_C1
2421,020842209,3,NSE_3_C1,1,5330,NSE_3_C1
2422,020770610,3,NSE_3_C1,1,5330,NSE_3_C1
2423,063710512,3,NSE_3_C1,1,5330,NSE_3_C1
2424,063712902,3,NSE_3_C1,1,5330,NSE_3_C1
2425,020490806,3,NSE_3_C1,1,5330,NSE_3_C1
2426,068401412,3,NSE_3_C1,1,5330,NSE_3_C1
2427,020630713,3,NSE_3_C1,1,5330,NSE_3_C1
2428,067561810,3,NSE_3_C1,1,5330,NSE_3_C1
2429,020771305,3,NSE_3_C1,1,5330,NSE_3_C1
2430,020910707,3,NSE_3_C1,1,5330,NSE_3_C1
2431,020212001,3,NSE_3_C1,1,5330,NSE_3_C1
2432,020211603,3,NSE_3_C1,1,5330,NSE_3_C1
2433,020771406,3,NSE_3_C1,1,5330,NSE_3_C1
2434,020701605,3,NSE_3_C1,1,5330,NSE_3_C1
2435,020350904,3,NSE_3_C1,1,5330,NSE_3_C1
2436,020841001,3,NSE_3_C1,1,5330,NSE_3_C1
2437,020700404,3,NSE_3_C1,1,5330,NSE_3_C1
2438,020071708,3,NSE_3_C1,1,5330,NSE_3_C1
2439,064275506,3,NSE_3_C1,1,5330,NSE_3_C1
2440,067562409,3,NSE_3_C1,1,5330,NSE_3_C1
2441,064271702,3,NSE_3_C1,1,5330,NSE_3_C1
2442,064273402,3,NSE_3_C1,1,5330,NSE_3_C1
2443,064273412,3,NSE_3_C1,1,5330,NSE_3_C1
2444,065683801,3,NSE_3_C1,1,5330,NSE_3_C1
2445,068611410,3,NSE_3_C1,1,5330,NSE_3_C1
2446,065682608,3,NSE_3_C1,1,5330,NSE_3_C1
2447,064272804,3,NSE_3_C1,1,5330,NSE_3_C1
2448,020912408,3,NSE_3_C1,1,5330,NSE_3_C1
2449,021051104,3,NSE_3_C1,1,5330,NSE_3_C1
2450,020212204,3,NSE_3_C1,1,5330,NSE_3_C1
2451,064271106,3,NSE_3_C1,1,5330,NSE_3_C1
2452,065681602,3,NSE_3_C1,1,5330,NSE_3_C1
2453,021051604,3,NSE_3_C1,1,5330,NSE_3_C1
2454,020142510,3,NSE_3_C1,1,5330,NSE_3_C1
2455,063714810,3,NSE_3_C1,1,5330,NSE_3_C1
2456,064272302,3,NSE_3_C1,1,5330,NSE_3_C1
2457,020840204,3,NSE_3_C1,1,5330,NSE_3_C1
2458,020560410,3,NSE_3_C1,1,5330,NSE_3_C1
2459,067562308,3,NSE_3_C1,1,5330,NSE_3_C1
2460,068402106,3,NSE_3_C1,1,5330,NSE_3_C1
2461,064271010,3,NSE_3_C1,1,5330,NSE_3_C1
2462,020560601,3,NSE_3_C1,1,5330,NSE_3_C1
2463,020840111,3,NSE_3_C1,1,5330,NSE_3_C1
2464,068402704,3,NSE_3_C1,1,5330,NSE_3_C1
2465,067561011,3,NSE_3_C1,1,5330,NSE_3_C1
2466,020840107,3,NSE_3_C1,1,5330,NSE_3_C1
2467,020701009,3,NSE_3_C1,1,5330,NSE_3_C1
2468,020841604,3,NSE_3_C1,1,5330,NSE_3_C1
2469,065681801,3,NSE_3_C1,1,5330,NSE_3_C1
2470,020981306,3,NSE_3_C1,1,5330,NSE_3_C1
2471,064271514,3,NSE_3_C1,1,5330,NSE_3_C1
2472,020072606,3,NSE_3_C1,1,5330,NSE_3_C1
2473,020630307,3,NSE_3_C1,1,5330,NSE_3_C1
2474,020841208,3,NSE_3_C1,1,5330,NSE_3_C1
2475,020771803,3,NSE_3_C1,1,5330,NSE_3_C1
2476,068611706,3,NSE_3_C1,1,5330,NSE_3_C1
2477,020491501,3,NSE_3_C1,1,5330,NSE_3_C1
2478,068403007,3,NSE_3_C1,1,5330,NSE_3_C1
2479,065680603,3,NSE_3_C1,1,5330,NSE_3_C1
2480,020280305,3,NSE_3_C1,1,5330,NSE_3_C1
2481,064271517,3,NSE_3_C1,1,5330,NSE_3_C1
2482,020841307,3,NSE_3_C1,1,5330,NSE_3_C1
2483,068610902,3,NSE_3_C1,1,5330,NSE_3_C1
2484,067560801,3,NSE_3_C1,1,5330,NSE_3_C1
2485,020630206,3,NSE_3_C1,1,5330,NSE_3_C1
2486,020141401,3,NSE_3_C1,1,5330,NSE_3_C1
2487,020560902,3,NSE_3_C1,1,5330,NSE_3_C1
2488,020421106,3,NSE_3_C1,1,5330,NSE_3_C1
2489,020491805,3,NSE_3_C1,1,5330,NSE_3_C1
2490,020071902,3,NSE_3_C1,1,5330,NSE_3_C1
2491,064275501,3,NSE_3_C1,1,5330,NSE_3_C1
2492,020420506,3,NSE_3_C1,1,5330,NSE_3_C1
2493,067561907,3,NSE_3_C1,1,5330,NSE_3_C1
2494,020770508,3,NSE_3_C1,1,5330,NSE_3_C1
2495,020420505,3,NSE_3_C1,1,5330,NSE_3_C1
2496,020982111,3,NSE_3_C1,1,5330,NSE_3_C1
2497,020280206,3,NSE_3_C1,1,5330,NSE_3_C1
2498,021050310,3,NSE_3_C1,1,5330,NSE_3_C1
2499,020770311,3,NSE_3_C1,1,5330,NSE_3_C1
2500,020282303,3,NSE_3_C1,1,5330,NSE_3_C1
2501,068612605,3,NSE_3_C1,1,5330,NSE_3_C1
2502,020210302,3,NSE_3_C1,1,5330,NSE_3_C1
2503,020071611,3,NSE_3_C1,1,5330,NSE_3_C1
2504,020212308,3,NSE_3_C1,1,5330,NSE_3_C1
2505,064272307,3,NSE_3_C1,1,5330,NSE_3_C1
2506,020771905,3,NSE_3_C1,1,5330,NSE_3_C1
2507,020561202,3,NSE_3_C1,1,5330,NSE_3_C1
2508,021051902,3,NSE_3_C1,1,5330,NSE_3_C1
2509,020140708,3,NSE_3_C1,1,5330,NSE_3_C1
2510,064273208,3,NSE_3_C1,1,5330,NSE_3_C1
2511,068612408,3,NSE_3_C1,1,5330,NSE_3_C1
2512,064272606,3,NSE_3_C1,1,5330,NSE_3_C1
2513,020421102,3,NSE_3_C1,1,5330,NSE_3_C1
2514,020630405,3,NSE_3_C1,1,5330,NSE_3_C1
2515,065683304,3,NSE_3_C1,1,5330,NSE_3_C1
2516,068610305,3,NSE_3_C1,1,5330,NSE_3_C1
2517,020211811,3,NSE_3_C1,1,5330,NSE_3_C1
2518,064271104,3,NSE_3_C1,1,5330,NSE_3_C1
2519,068611501,3,NSE_3_C1,1,5330,NSE_3_C1
2520,064271314,3,NSE_3_C1,1,5330,NSE_3_C1
2521,063712302,3,NSE_3_C1,1,5330,NSE_3_C1
2522,020981209,3,NSE_3_C1,1,5330,NSE_3_C1
2523,020770102,3,NSE_3_C1,1,5330,NSE_3_C1
2524,020210303,3,NSE_3_C1,1,5330,NSE_3_C1
2525,020701701,3,NSE_3_C1,1,5330,NSE_3_C1
2526,020700101,3,NSE_3_C1,1,5330,NSE_3_C1
2527,020071211,3,NSE_3_C1,1,5330,NSE_3_C1
2528,063713008,3,NSE_3_C1,1,5330,NSE_3_C1
2529,068612205,3,NSE_3_C1,1,5330,NSE_3_C1
2530,020842010,3,NSE_3_C1,1,5330,NSE_3_C1
2531,020421703,3,NSE_3_C1,1,5330,NSE_3_C1
2532,064273910,3,NSE_3_C1,1,5330,NSE_3_C1
2533,020212006,3,NSE_3_C1,1,5330,NSE_3_C1
2534,020840206,3,NSE_3_C1,1,5330,NSE_3_C1
2535,063712909,3,NSE_3_C1,1,5330,NSE_3_C1
2536,020980607,3,NSE_3_C1,1,5330,NSE_3_C1
2537,020351806,3,NSE_3_C1,1,5330,NSE_3_C1
2538,020420701,3,NSE_3_C1,1,5330,NSE_3_C1
2539,068402003,3,NSE_3_C1,1,5330,NSE_3_C1
2540,064276310,3,NSE_3_C1,1,5330,NSE_3_C1
2541,065680206,3,NSE_3_C1,1,5330,NSE_3_C1
2542,020211801,3,NSE_3_C1,1,5330,NSE_3_C1
2543,020840305,3,NSE_3_C1,1,5330,NSE_3_C1
2544,021051307,3,NSE_3_C1,1,5330,NSE_3_C1
2545,020770211,3,NSE_3_C1,1,5330,NSE_3_C1
2546,064274501,3,NSE_3_C1,1,5330,NSE_3_C1
2547,020630306,3,NSE_3_C1,1,5330,NSE_3_C1
2548,020841103,3,NSE_3_C1,1,5330,NSE_3_C1
2549,020491010,3,NSE_3_C1,1,5330,NSE_3_C1
2550,020772110,3,NSE_3_C1,1,5330,NSE_3_C1
2551,020210104,3,NSE_3_C1,1,5330,NSE_3_C1
2552,020701503,3,NSE_3_C1,1,5330,NSE_3_C1
2553,020631608,3,NSE_3_C1,1,5330,NSE_3_C1
2554,020630605,3,NSE_3_C1,1,5330,NSE_3_C1
2555,064274710,3,NSE_3_C1,1,5330,NSE_3_C1
2556,064273416,3,NSE_3_C1,1,5330,NSE_3_C1
2557,064271601,3,NSE_3_C1,1,5330,NSE_3_C1
2558,021051801,3,NSE_3_C1,1,5330,NSE_3_C1
2559,020701805,3,NSE_3_C1,1,5330,NSE_3_C1
2560,020700706,3,NSE_3_C1,1,5330,NSE_3_C1
2561,065680907,3,NSE_3_C1,1,5330,NSE_3_C1
2562,064276313,3,NSE_3_C1,1,5330,NSE_3_C1
2563,020490405,3,NSE_3_C1,1,5330,NSE_3_C1
2564,020212507,3,NSE_3_C1,1,5330,NSE_3_C1
2565,064271713,3,NSE_3_C1,1,5330,NSE_3_C1
2566,021051207,3,NSE_3_C1,1,5330,NSE_3_C1
2567,020910113,3,NSE_3_C1,1,5330,NSE_3_C1
2568,021052112,3,NSE_3_C1,1,5330,NSE_3_C1
2569,020770309,3,NSE_3_C1,1,5330,NSE_3_C1
2570,020631101,3,NSE_3_C1,1,5330,NSE_3_C1
2571,021050304,3,NSE_3_C1,1,5330,NSE_3_C1
2572,064274704,3,NSE_3_C1,1,5330,NSE_3_C1
2573,020490312,3,NSE_3_C1,1,5330,NSE_3_C1
2574,068611005,3,NSE_3_C1,1,5330,NSE_3_C1
2575,063713104,3,NSE_3_C1,1,5330,NSE_3_C1
2576,020072809,3,NSE_3_C1,1,5330,NSE_3_C1
2577,020911602,3,NSE_3_C1,1,5330,NSE_3_C1
2578,020771107,3,NSE_3_C1,1,5330,NSE_3_C1
2579,020490911,3,NSE_3_C1,1,5330,NSE_3_C1
2580,021051106,3,NSE_3_C1,1,5330,NSE_3_C1
2581,020421905,3,NSE_3_C1,1,5330,NSE_3_C1
2582,067561104,3,NSE_3_C1,1,5330,NSE_3_C1
2583,020911103,3,NSE_3_C1,1,5330,NSE_3_C1
2584,067560208,3,NSE_3_C1,1,5330,NSE_3_C1
2585,020771807,3,NSE_3_C1,1,5330,NSE_3_C1
2586,068610910,3,NSE_3_C1,1,5330,NSE_3_C1
2587,021051507,3,NSE_3_C1,1,5330,NSE_3_C1
2588,065680705,3,NSE_3_C1,1,5330,NSE_3_C1
2589,020771607,3,NSE_3_C1,1,5330,NSE_3_C1
2590,020841013,3,NSE_3_C1,1,5330,NSE_3_C1
2591,068610610,3,NSE_3_C1,1,5330,NSE_3_C1
2592,020420513,3,NSE_3_C1,1,5330,NSE_3_C1
2593,020070914,3,NSE_3_C1,1,5330,NSE_3_C1
2594,021050209,3,NSE_3_C1,1,5330,NSE_3_C1
2595,020421311,3,NSE_3_C1,1,5330,NSE_3_C1
2596,020770608,3,NSE_3_C1,1,5330,NSE_3_C1
2597,020421304,3,NSE_3_C1,1,5330,NSE_3_C1
2598,063714603,3,NSE_3_C1,1,5330,NSE_3_C1
2599,020211805,3,NSE_3_C1,1,5330,NSE_3_C1
2600,020350313,3,NSE_3_C1,1,5330,NSE_3_C1
2601,020840610,3,NSE_3_C1,1,5330,NSE_3_C1
2602,065682211,3,NSE_3_C1,1,5330,NSE_3_C1
2603,021051205,3,NSE_3_C1,1,5330,NSE_3_C1
2604,020281506,3,NSE_3_C1,1,5330,NSE_3_C1
2605,020771509,3,NSE_3_C1,1,5330,NSE_3_C1
2606,020910213,3,NSE_3_C1,1,5330,NSE_3_C1
2607,020492005,3,NSE_3_C1,1,5330,NSE_3_C1
2608,020911605,3,NSE_3_C1,1,5330,NSE_3_C1
2609,020211705,3,NSE_3_C1,1,5330,NSE_3_C1
2610,020630911,3,NSE_3_C1,1,5330,NSE_3_C1
2611,020352212,3,NSE_3_C1,1,5330,NSE_3_C1
2612,063712808,3,NSE_3_C1,1,5330,NSE_3_C1
2613,020421908,3,NSE_3_C1,1,5330,NSE_3_C1
2614,020350210,3,NSE_3_C1,1,5330,NSE_3_C1
2615,021051608,3,NSE_3_C1,1,5330,NSE_3_C1
2616,020980711,3,NSE_3_C1,1,5330,NSE_3_C1
2617,065682609,3,NSE_3_C1,1,5330,NSE_3_C1
2618,020980715,3,NSE_3_C1,1,5330,NSE_3_C1
2619,020771706,3,NSE_3_C1,1,5330,NSE_3_C1
2620,021050805,3,NSE_3_C1,1,5330,NSE_3_C1
2621,020561103,3,NSE_3_C1,1,5330,NSE_3_C1
2622,020210806,3,NSE_3_C1,1,5330,NSE_3_C1
2623,020770108,3,NSE_3_C1,1,5330,NSE_3_C1
2624,020910508,3,NSE_3_C1,1,5330,NSE_3_C1
2625,067563106,3,NSE_3_C1,1,5330,NSE_3_C1
2626,020421901,3,NSE_3_C1,1,5330,NSE_3_C1
2627,064271006,3,NSE_3_C1,1,5330,NSE_3_C1
2628,020421403,3,NSE_3_C1,1,5330,NSE_3_C1
2629,068403406,3,NSE_3_C1,1,5330,NSE_3_C1
2630,063713109,3,NSE_3_C1,1,5330,NSE_3_C1
2631,064271306,3,NSE_3_C1,1,5330,NSE_3_C1
2632,020840308,3,NSE_3_C1,1,5330,NSE_3_C1
2633,020771208,3,NSE_3_C1,1,5330,NSE_3_C1
2634,064271603,3,NSE_3_C1,1,5330,NSE_3_C1
2635,064270406,3,NSE_3_C1,1,5330,NSE_3_C1
2636,021052108,3,NSE_3_C1,1,5330,NSE_3_C1
2637,020701105,3,NSE_3_C1,1,5330,NSE_3_C1
2638,064275512,3,NSE_3_C1,1,5330,NSE_3_C1
2639,020211409,3,NSE_3_C1,1,5330,NSE_3_C1
2640,063711203,3,NSE_3_C1,1,5330,NSE_3_C1
2641,020910405,3,NSE_3_C1,1,5330,NSE_3_C1
2642,068401403,3,NSE_3_C1,1,5330,NSE_3_C1
2643,020631212,3,NSE_3_C1,1,5330,NSE_3_C1
2644,067562403,3,NSE_3_C1,1,5330,NSE_3_C1
2645,068400207,3,NSE_3_C1,1,5330,NSE_3_C1
2646,020841708,3,NSE_3_C1,1,5330,NSE_3_C1
2647,020282701,3,NSE_3_C1,1,5330,NSE_3_C1
2648,064273209,3,NSE_3_C1,1,5330,NSE_3_C1
2649,020771902,3,NSE_3_C1,1,5330,NSE_3_C1
2650,063712708,3,NSE_3_C1,1,5330,NSE_3_C1
2651,063712408,3,NSE_3_C1,1,5330,NSE_3_C1
2652,020420305,3,NSE_3_C1,1,5330,NSE_3_C1
2653,068401201,3,NSE_3_C1,1,5330,NSE_3_C1
2654,020701111,3,NSE_3_C1,1,5330,NSE_3_C1
2655,064271418,3,NSE_3_C1,1,5330,NSE_3_C1
2656,064270803,3,NSE_3_C1,1,5330,NSE_3_C1
2657,020210505,3,NSE_3_C1,1,5330,NSE_3_C1
2658,065683709,3,NSE_3_C1,1,5330,NSE_3_C1
2659,020701507,3,NSE_3_C1,1,5330,NSE_3_C1
2660,068403112,3,NSE_3_C1,1,5330,NSE_3_C1
2661,063715104,3,NSE_3_C1,1,5330,NSE_3_C1
2662,064270610,3,NSE_3_C1,1,5330,NSE_3_C1
2663,020910507,3,NSE_3_C1,1,5330,NSE_3_C1
2664,068610505,3,NSE_3_C1,1,5330,NSE_3_C1
2665,020490101,3,NSE_3_C1,1,5330,NSE_3_C1
2666,020070209,3,NSE_3_C1,1,5330,NSE_3_C1
2667,068611603,3,NSE_3_C1,1,5330,NSE_3_C1
2668,020072110,3,NSE_3_C1,1,5330,NSE_3_C1
2669,020630904,3,NSE_3_C1,1,5330,NSE_3_C1
2670,020701305,3,NSE_3_C1,1,5330,NSE_3_C1
2671,020630610,3,NSE_3_C1,1,5330,NSE_3_C1
2672,068403810,3,NSE_3_C1,1,5330,NSE_3_C1
2673,065683707,3,NSE_3_C1,1,5330,NSE_3_C1
2674,064272709,3,NSE_3_C1,1,5330,NSE_3_C1
2675,021052113,3,NSE_3_C1,1,5330,NSE_3_C1
2676,064271415,3,NSE_3_C1,1,5330,NSE_3_C1
2677,020071009,3,NSE_3_C1,1,5330,NSE_3_C1
2678,063712107,3,NSE_3_C1,1,5330,NSE_3_C1
2679,064275504,3,NSE_3_C1,1,5330,NSE_3_C1
2680,068404205,3,NSE_3_C1,1,5330,NSE_3_C1
2681,067561515,3,NSE_3_C1,1,5330,NSE_3_C1
2682,020560908,3,NSE_3_C1,1,5330,NSE_3_C1
2683,020071403,3,NSE_3_C1,1,5330,NSE_3_C1
2684,020490104,3,NSE_3_C1,1,5330,NSE_3_C1
2685,020912308,3,NSE_3_C1,1,5330,NSE_3_C1
2686,020210703,3,NSE_3_C1,1,5330,NSE_3_C1
2687,064274105,3,NSE_3_C1,1,5330,NSE_3_C1
2688,020422005,3,NSE_3_C1,1,5330,NSE_3_C1
2689,065682004,3,NSE_3_C1,1,5330,NSE_3_C1
2690,065680505,3,NSE_3_C1,1,5330,NSE_3_C1
2691,020560904,3,NSE_3_C1,1,5330,NSE_3_C1
2692,065680401,3,NSE_3_C1,1,5330,NSE_3_C1
2693,020070912,3,NSE_3_C1,1,5330,NSE_3_C1
2694,064276101,3,NSE_3_C1,1,5330,NSE_3_C1
2695,064276104,3,NSE_3_C1,1,5330,NSE_3_C1
2696,020420105,3,NSE_3_C1,1,5330,NSE_3_C1
2697,020280505,3,NSE_3_C1,1,5330,NSE_3_C1
2698,020351509,3,NSE_3_C1,1,5330,NSE_3_C1
2699,020560401,3,NSE_3_C1,1,5330,NSE_3_C1
2700,063714706,3,NSE_3_C1,1,5330,NSE_3_C1
2701,020421307,3,NSE_3_C1,1,5330,NSE_3_C1
2702,021051702,3,NSE_3_C1,1,5330,NSE_3_C1
2703,067562007,3,NSE_3_C1,1,5330,NSE_3_C1
2704,020352107,3,NSE_3_C1,1,5330,NSE_3_C1
2705,020282707,3,NSE_3_C1,1,5330,NSE_3_C1
2706,065682607,3,NSE_3_C1,1,5330,NSE_3_C1
2707,067560701,3,NSE_3_C1,1,5330,NSE_3_C1
2708,068402301,3,NSE_3_C1,1,5330,NSE_3_C1
2709,020350505,3,NSE_3_C1,1,5330,NSE_3_C1
2710,067562307,3,NSE_3_C1,1,5330,NSE_3_C1
2711,020492204,3,NSE_3_C1,1,5330,NSE_3_C1
2712,020211902,3,NSE_3_C1,1,5330,NSE_3_C1
2713,063714906,3,NSE_3_C1,1,5330,NSE_3_C1
2714,065682606,3,NSE_3_C1,1,5330,NSE_3_C1
2715,020982308,3,NSE_3_C1,1,5330,NSE_3_C1
2716,067560603,3,NSE_3_C1,1,5330,NSE_3_C1
2717,020561104,3,NSE_3_C1,1,5330,NSE_3_C1
2718,020770909,3,NSE_3_C1,1,5330,NSE_3_C1
2719,068403902,3,NSE_3_C1,1,5330,NSE_3_C1
2720,068401114,3,NSE_3_C1,1,5330,NSE_3_C1
2721,020631305,3,NSE_3_C1,1,5330,NSE_3_C1
2722,064270113,3,NSE_3_C1,1,5330,NSE_3_C1
2723,020072801,3,NSE_3_C1,1,5330,NSE_3_C1
2724,020491813,3,NSE_3_C1,1,5330,NSE_3_C1
2725,020071105,3,NSE_3_C1,1,5330,NSE_3_C1
2726,020842202,3,NSE_3_C1,1,5330,NSE_3_C1
2727,067560804,3,NSE_3_C1,1,5330,NSE_3_C1
2728,068613210,3,NSE_3_C1,1,5330,NSE_3_C1
2729,020352006,3,NSE_3_C1,1,5330,NSE_3_C1
2730,020282309,3,NSE_3_C1,1,5330,NSE_3_C1
2731,020700705,3,NSE_3_C1,1,5330,NSE_3_C1
2732,020421301,3,NSE_3_C1,1,5330,NSE_3_C1
2733,020351701,3,NSE_3_C1,1,5330,NSE_3_C1
2734,063714707,3,NSE_3_C1,1,5330,NSE_3_C1
2735,020700107,3,NSE_3_C1,1,5330,NSE_3_C1
2736,020630509,3,NSE_3_C1,1,5330,NSE_3_C1
2737,068611609,3,NSE_3_C1,1,5330,NSE_3_C1
2738,020701207,3,NSE_3_C1,1,5330,NSE_3_C1
2739,020771602,3,NSE_3_C1,1,5330,NSE_3_C1
2740,020350906,3,NSE_3_C1,1,5330,NSE_3_C1
2741,064270203,3,NSE_3_C1,1,5330,NSE_3_C1
2742,020351204,3,NSE_3_C1,1,5330,NSE_3_C1
2743,020070221,3,NSE_3_C1,1,5330,NSE_3_C1
2744,020631606,3,NSE_3_C1,1,5330,NSE_3_C1
2745,063712202,3,NSE_3_C1,1,5330,NSE_3_C1
2746,020701603,3,NSE_3_C1,1,5330,NSE_3_C1
2747,064275108,3,NSE_3_C1,1,5330,NSE_3_C1
2748,063712006,3,NSE_3_C1,1,5330,NSE_3_C1
2749,020700204,3,NSE_3_C1,1,5330,NSE_3_C1
2750,068404207,3,NSE_3_C1,1,5330,NSE_3_C1
2751,068612613,3,NSE_3_C1,1,5330,NSE_3_C1
2752,021051711,3,NSE_3_C1,1,5330,NSE_3_C1
2753,068401709,3,NSE_3_C1,1,5330,NSE_3_C1
2754,065683107,3,NSE_3_C1,1,5330,NSE_3_C1
2755,065682107,3,NSE_3_C1,1,5330,NSE_3_C1
2756,020982404,3,NSE_3_C1,1,5330,NSE_3_C1
2757,020212102,3,NSE_3_C1,1,5330,NSE_3_C1
2758,067563103,3,NSE_3_C1,1,5330,NSE_3_C1
2759,020630303,3,NSE_3_C1,1,5330,NSE_3_C1
2760,020072303,3,NSE_3_C1,1,5330,NSE_3_C1
2761,064271405,3,NSE_3_C1,1,5330,NSE_3_C1
2762,020142206,3,NSE_3_C1,1,5330,NSE_3_C1
2763,020211108,3,NSE_3_C1,1,5330,NSE_3_C1
2764,020491709,3,NSE_3_C1,1,5330,NSE_3_C1
2765,020771804,3,NSE_3_C1,1,5330,NSE_3_C1
2766,068611508,3,NSE_3_C1,1,5330,NSE_3_C1
2767,020701201,3,NSE_3_C1,1,5330,NSE_3_C1
2768,020211702,3,NSE_3_C1,1,5330,NSE_3_C1
2769,020211404,3,NSE_3_C1,1,5330,NSE_3_C1
2770,067562610,3,NSE_3_C1,1,5330,NSE_3_C1
2771,020491302,3,NSE_3_C1,1,5330,NSE_3_C1
2772,067563506,3,NSE_3_C1,1,5330,NSE_3_C1
2773,021051707,3,NSE_3_C1,1,5330,NSE_3_C1
2774,020910114,3,NSE_3_C1,1,5330,NSE_3_C1
2775,064271005,3,NSE_3_C1,1,5330,NSE_3_C1
2776,020141905,3,NSE_3_C1,1,5330,NSE_3_C1
2777,067561709,3,NSE_3_C1,1,5330,NSE_3_C1
2778,020072104,3,NSE_3_C1,1,5330,NSE_3_C1
2779,063710501,3,NSE_3_C1,1,5330,NSE_3_C1
2780,020631004,3,NSE_3_C1,1,5330,NSE_3_C1
2781,020281607,3,NSE_3_C1,1,5330,NSE_3_C1
2782,020212202,3,NSE_3_C1,1,5330,NSE_3_C1
2783,020071607,3,NSE_3_C1,1,5330,NSE_3_C1
2784,021051103,3,NSE_3_C1,1,5330,NSE_3_C1
2785,020210202,3,NSE_3_C1,1,5330,NSE_3_C1
2786,064270601,3,NSE_3_C1,1,5330,NSE_3_C1
2787,063710804,3,NSE_3_C1,1,5330,NSE_3_C1
2788,020350808,3,NSE_3_C1,1,5330,NSE_3_C1
2789,064275004,3,NSE_3_C1,1,5330,NSE_3_C1
2790,020910808,3,NSE_3_C1,1,5330,NSE_3_C1
2791,020980904,3,NSE_3_C1,1,5330,NSE_3_C1
2792,020071704,3,NSE_3_C1,1,5330,NSE_3_C1
2793,020072908,3,NSE_3_C1,1,5330,NSE_3_C1
2794,067562314,3,NSE_3_C1,1,5330,NSE_3_C1
2795,020771907,3,NSE_3_C1,1,5330,NSE_3_C1
2796,020351401,3,NSE_3_C1,1,5330,NSE_3_C1
2797,067563402,3,NSE_3_C1,1,5330,NSE_3_C1
2798,021050302,3,NSE_3_C1,1,5330,NSE_3_C1
2799,020351612,3,NSE_3_C1,1,5330,NSE_3_C1
2800,021051111,3,NSE_3_C1,1,5330,NSE_3_C1
2801,020072007,3,NSE_3_C1,1,5330,NSE_3_C1
2802,020490207,3,NSE_3_C1,1,5330,NSE_3_C1
2803,068402104,3,NSE_3_C1,1,5330,NSE_3_C1
2804,067562901,3,NSE_3_C1,1,5330,NSE_3_C1
2805,064276308,3,NSE_3_C1,1,5330,NSE_3_C1
2806,020142405,3,NSE_3_C1,1,5330,NSE_3_C1
2807,020912608,3,NSE_3_C1,1,5330,NSE_3_C1
2808,064274402,3,NSE_3_C1,1,5330,NSE_3_C1
2809,020770101,3,NSE_3_C1,1,5330,NSE_3_C1
2810,020630804,3,NSE_3_C1,1,5330,NSE_3_C1
2811,020841104,3,NSE_3_C1,1,5330,NSE_3_C1
2812,020280312,3,NSE_3_C1,1,5330,NSE_3_C1
2813,020071505,3,NSE_3_C1,1,5330,NSE_3_C1
2814,020841606,3,NSE_3_C1,1,5330,NSE_3_C1
2815,020911606,3,NSE_3_C1,1,5330,NSE_3_C1
2816,068612008,3,NSE_3_C1,1,5330,NSE_3_C1
2817,064273514,3,NSE_3_C1,1,5330,NSE_3_C1
2818,068612608,3,NSE_3_C1,1,5330,NSE_3_C1
2819,020911010,3,NSE_3_C1,1,5330,NSE_3_C1
2820,064276309,3,NSE_3_C1,1,5330,NSE_3_C1
2821,068611103,3,NSE_3_C1,1,5330,NSE_3_C1
2822,020491007,3,NSE_3_C1,1,5330,NSE_3_C1
2823,020071103,3,NSE_3_C1,1,5330,NSE_3_C1
2824,063712106,3,NSE_3_C1,1,5330,NSE_3_C1
2825,020072702,3,NSE_3_C1,1,5330,NSE_3_C1
2826,020560810,3,NSE_3_C1,1,5330,NSE_3_C1
2827,068400513,3,NSE_3_C1,1,5330,NSE_3_C1
2828,065681202,3,NSE_3_C1,1,5330,NSE_3_C1
2829,020771205,3,NSE_3_C1,1,5330,NSE_3_C1
2830,021050203,3,NSE_3_C1,1,5330,NSE_3_C1
2831,020911105,3,NSE_3_C1,1,5330,NSE_3_C1
2832,020282101,3,NSE_3_C1,1,5330,NSE_3_C1
2833,065681612,3,NSE_3_C1,1,5330,NSE_3_C1
2834,021051609,3,NSE_3_C1,1,5330,NSE_3_C1
2835,020281910,3,NSE_3_C1,1,5330,NSE_3_C1
2836,020072008,3,NSE_3_C1,1,5330,NSE_3_C1
2837,021050402,3,NSE_3_C1,1,5330,NSE_3_C1
2838,020420304,3,NSE_3_C1,1,5330,NSE_3_C1
2839,067562714,3,NSE_3_C1,1,5330,NSE_3_C1
2840,068401501,3,NSE_3_C1,1,5330,NSE_3_C1
2841,068611701,3,NSE_3_C1,1,5330,NSE_3_C1
2842,020630809,3,NSE_3_C1,1,5330,NSE_3_C1
2843,064270713,3,NSE_3_C1,1,5330,NSE_3_C1
2844,020211207,3,NSE_3_C1,1,5330,NSE_3_C1
2845,020770611,3,NSE_3_C1,1,5330,NSE_3_C1
2846,020211003,3,NSE_3_C1,1,5330,NSE_3_C1
2847,065680509,3,NSE_3_C1,1,5330,NSE_3_C1
2848,021051705,3,NSE_3_C1,1,5330,NSE_3_C1
2849,020980602,3,NSE_3_C1,1,5330,NSE_3_C1
2850,064270605,3,NSE_3_C1,1,5330,NSE_3_C1
2851,068403209,3,NSE_3_C1,1,5330,NSE_3_C1
2852,020912706,3,NSE_3_C1,1,5330,NSE_3_C1
2853,068402707,3,NSE_3_C1,1,5330,NSE_3_C1
2854,020281102,3,NSE_3_C1,1,5330,NSE_3_C1
2855,020280301,3,NSE_3_C1,1,5330,NSE_3_C1
2856,068401802,3,NSE_3_C1,1,5330,NSE_3_C1
2857,021052012,3,NSE_3_C1,1,5330,NSE_3_C1
2858,020212005,3,NSE_3_C1,1,5330,NSE_3_C1
2859,065682409,3,NSE_3_C1,1,5330,NSE_3_C1
2860,020492206,3,NSE_3_C1,1,5330,NSE_3_C1
2861,067561807,3,NSE_3_C1,1,5330,NSE_3_C1
2862,020840801,3,NSE_3_C1,1,5330,NSE_3_C1
2863,064273315,3,NSE_3_C1,1,5330,NSE_3_C1
2864,020072203,3,NSE_3_C1,1,5330,NSE_3_C1
2865,068402907,3,NSE_3_C1,1,5330,NSE_3_C1
2866,020560201,3,NSE_3_C1,1,5330,NSE_3_C1
2867,020491902,3,NSE_3_C1,1,5330,NSE_3_C1
2868,020071401,3,NSE_3_C1,1,5330,NSE_3_C1
2869,021050903,3,NSE_3_C1,1,5330,NSE_3_C1
2870,020490606,3,NSE_3_C1,1,5330,NSE_3_C1
2871,020771810,3,NSE_3_C1,1,5330,NSE_3_C1
2872,020070911,3,NSE_3_C1,1,5330,NSE_3_C1
2873,065681209,3,NSE_3_C1,1,5330,NSE_3_C1
2874,020982405,3,NSE_3_C1,1,5330,NSE_3_C1
2875,068613204,3,NSE_3_C1,1,5330,NSE_3_C1
2876,020070711,3,NSE_3_C1,1,5330,NSE_3_C1
2877,064273613,3,NSE_3_C1,1,5330,NSE_3_C1
2878,068610111,3,NSE_3_C1,1,5330,NSE_3_C1
2879,020140801,3,NSE_3_C1,1,5330,NSE_3_C1
2880,020840506,3,NSE_3_C1,1,5330,NSE_3_C1
2881,020840410,3,NSE_3_C1,1,5330,NSE_3_C1
2882,068403703,3,NSE_3_C1,1,5330,NSE_3_C1
2883,020491801,3,NSE_3_C1,1,5330,NSE_3_C1
2884,068402305,3,NSE_3_C1,1,5330,NSE_3_C1
2885,068402102,3,NSE_3_C1,1,5330,NSE_3_C1
2886,020421809,3,NSE_3_C1,1,5330,NSE_3_C1
2887,064271203,3,NSE_3_C1,1,5330,NSE_3_C1
2888,068404008,3,NSE_3_C1,1,5330,NSE_3_C1
2889,020351202,3,NSE_3_C1,1,5330,NSE_3_C1
2890,020420203,3,NSE_3_C1,1,5330,NSE_3_C1
2891,020700307,3,NSE_3_C1,1,5330,NSE_3_C1
2892,068611006,3,NSE_3_C1,1,5330,NSE_3_C1
2893,068401108,3,NSE_3_C1,1,5330,NSE_3_C1
2894,064273014,3,NSE_3_C1,1,5330,NSE_3_C1
2895,068611206,3,NSE_3_C1,1,5330,NSE_3_C1
2896,020072510,3,NSE_3_C1,1,5330,NSE_3_C1
2897,065681207,3,NSE_3_C1,1,5330,NSE_3_C1
2898,020211709,3,NSE_3_C1,1,5330,NSE_3_C1
2899,020211309,3,NSE_3_C1,1,5330,NSE_3_C1
2900,020840108,3,NSE_3_C1,1,5330,NSE_3_C1
2901,021050911,3,NSE_3_C1,1,5330,NSE_3_C1
2902,063714806,3,NSE_3_C1,1,5330,NSE_3_C1
2903,064273506,3,NSE_3_C1,1,5330,NSE_3_C1
2904,020701101,3,NSE_3_C1,1,5330,NSE_3_C1
2905,064270214,3,NSE_3_C1,1,5330,NSE_3_C1
2906,020490602,3,NSE_3_C1,1,5330,NSE_3_C1
2907,068612101,3,NSE_3_C1,1,5330,NSE_3_C1
2908,020420512,3,NSE_3_C1,1,5330,NSE_3_C1
2909,020421205,3,NSE_3_C1,1,5330,NSE_3_C1
2910,020420605,3,NSE_3_C1,1,5330,NSE_3_C1
2911,020351508,3,NSE_3_C1,1,5330,NSE_3_C1
2912,020281204,3,NSE_3_C1,1,5330,NSE_3_C1
2913,020141507,3,NSE_3_C1,1,5330,NSE_3_C1
2914,068401402,3,NSE_3_C1,1,5330,NSE_3_C1
2915,068610707,3,NSE_3_C1,1,5330,NSE_3_C1
2916,063714402,3,NSE_3_C1,1,5330,NSE_3_C1
2917,020280309,3,NSE_3_C1,1,5330,NSE_3_C1
2918,065682312,3,NSE_3_C1,1,5330,NSE_3_C1
2919,020770906,3,NSE_3_C1,1,5330,NSE_3_C1
2920,064270211,3,NSE_3_C1,1,5330,NSE_3_C1
2921,020421408,3,NSE_3_C1,1,5330,NSE_3_C1
2922,020281703,3,NSE_3_C1,1,5330,NSE_3_C1
2923,068401205,3,NSE_3_C1,1,5330,NSE_3_C1
2924,020212203,3,NSE_3_C1,1,5330,NSE_3_C1
2925,068403107,3,NSE_3_C1,1,5330,NSE_3_C1
2926,020770104,3,NSE_3_C1,1,5330,NSE_3_C1
2927,021052104,3,NSE_3_C1,1,5330,NSE_3_C1
2928,064270703,3,NSE_3_C1,1,5330,NSE_3_C1
2929,020072506,3,NSE_3_C1,1,5330,NSE_3_C1
2930,020212002,3,NSE_3_C1,1,5330,NSE_3_C1
2931,067561804,3,NSE_3_C1,1,5330,NSE_3_C1
2932,020280112,3,NSE_3_C1,1,5330,NSE_3_C1
2933,020211307,3,NSE_3_C1,1,5330,NSE_3_C1
2934,020912804,3,NSE_3_C1,1,5330,NSE_3_C1
2935,068401115,3,NSE_3_C1,1,5330,NSE_3_C1
2936,064273405,3,NSE_3_C1,1,5330,NSE_3_C1
2937,068402311,3,NSE_3_C1,1,5330,NSE_3_C1
2938,020281006,3,NSE_3_C1,1,5330,NSE_3_C1
2939,020492013,3,NSE_3_C1,1,5330,NSE_3_C1
2940,020980809,3,NSE_3_C1,1,5330,NSE_3_C1
2941,020073012,3,NSE_3_C1,1,5330,NSE_3_C1
2942,020421302,3,NSE_3_C1,1,5330,NSE_3_C1
2943,067560303,3,NSE_3_C1,1,5330,NSE_3_C1
2944,068401605,3,NSE_3_C1,1,5330,NSE_3_C1
2945,068611208,3,NSE_3_C1,1,5330,NSE_3_C1
2946,064270308,3,NSE_3_C1,1,5330,NSE_3_C1
2947,020071908,3,NSE_3_C1,1,5330,NSE_3_C1
2948,068401704,3,NSE_3_C1,1,5330,NSE_3_C1
2949,064275503,3,NSE_3_C1,1,5330,NSE_3_C1
2950,065680604,3,NSE_3_C1,1,5330,NSE_3_C1
2951,020351105,3,NSE_3_C1,1,5330,NSE_3_C1
2952,068403203,3,NSE_3_C1,1,5330,NSE_3_C1
2953,067562709,3,NSE_3_C1,1,5330,NSE_3_C1
2954,065681906,3,NSE_3_C1,1,5330,NSE_3_C1
2955,020841621,3,NSE_3_C1,1,5330,NSE_3_C1
2956,064271606,3,NSE_3_C1,1,5330,NSE_3_C1
2957,020980806,3,NSE_3_C1,1,5330,NSE_3_C1
2958,020982509,3,NSE_3_C1,1,5330,NSE_3_C1
2959,021051003,3,NSE_3_C1,1,5330,NSE_3_C1
2960,020630906,3,NSE_3_C1,1,5330,NSE_3_C1
2961,020072807,3,NSE_3_C1,1,5330,NSE_3_C1
2962,067561708,3,NSE_3_C1,1,5330,NSE_3_C1
2963,065680210,3,NSE_3_C1,1,5330,NSE_3_C1
2964,020421108,3,NSE_3_C1,1,5330,NSE_3_C1
2965,065683404,3,NSE_3_C1,1,5330,NSE_3_C1
2966,065683206,3,NSE_3_C1,1,5330,NSE_3_C1
2967,020912711,3,NSE_3_C1,1,5330,NSE_3_C1
2968,020350409,3,NSE_3_C1,1,5330,NSE_3_C1
2969,020560713,3,NSE_3_C1,1,5330,NSE_3_C1
2970,020911005,3,NSE_3_C1,1,5330,NSE_3_C1
2971,020911610,3,NSE_3_C1,1,5330,NSE_3_C1
2972,020771503,3,NSE_3_C1,1,5330,NSE_3_C1
2973,020701911,3,NSE_3_C1,1,5330,NSE_3_C1
2974,020491306,3,NSE_3_C1,1,5330,NSE_3_C1
2975,067561409,3,NSE_3_C1,1,5330,NSE_3_C1
2976,020421010,3,NSE_3_C1,1,5330,NSE_3_C1
2977,020420704,3,NSE_3_C1,1,5330,NSE_3_C1
2978,020210107,3,NSE_3_C1,1,5330,NSE_3_C1
2979,020421309,3,NSE_3_C1,1,5330,NSE_3_C1
2980,020561301,3,NSE_3_C1,1,5330,NSE_3_C1
2981,068613108,3,NSE_3_C1,1,5330,NSE_3_C1
2982,020771508,3,NSE_3_C1,1,5330,NSE_3_C1
2983,020491203,3,NSE_3_C1,1,5330,NSE_3_C1
2984,020211209,3,NSE_3_C1,1,5330,NSE_3_C1
2985,020912903,3,NSE_3_C1,1,5330,NSE_3_C1
2986,020281205,3,NSE_3_C1,1,5330,NSE_3_C1
2987,067561309,3,NSE_3_C1,1,5330,NSE_3_C1
2988,065682410,3,NSE_3_C1,1,5330,NSE_3_C1
2989,020142202,3,NSE_3_C1,1,5330,NSE_3_C1
2990,068612808,3,NSE_3_C1,1,5330,NSE_3_C1
2991,020280611,3,NSE_3_C1,1,5330,NSE_3_C1
2992,020912310,3,NSE_3_C1,1,5330,NSE_3_C1
2993,020492106,3,NSE_3_C1,1,5330,NSE_3_C1
2994,020771702,3,NSE_3_C1,1,5330,NSE_3_C1
2995,064275701,3,NSE_3_C1,1,5330,NSE_3_C1
2996,020770907,3,NSE_3_C1,1,5330,NSE_3_C1
2997,020142103,3,NSE_3_C1,1,5330,NSE_3_C1
2998,020981111,3,NSE_3_C1,1,5330,NSE_3_C1
2999,065682802,3,NSE_3_C1,1,5330,NSE_3_C1
3000,065681107,3,NSE_3_C1,1,5330,NSE_3_C1
3001,020351001,3,NSE_3_C1,1,5330,NSE_3_C1
3002,021050902,3,NSE_3_C1,1,5330,NSE_3_C1
3003,020630202,3,NSE_3_C1,1,5330,NSE_3_C1
3004,063710910,3,NSE_3_C1,1,5330,NSE_3_C1
3005,020421306,3,NSE_3_C1,1,5330,NSE_3_C1
3006,020701001,3,NSE_3_C1,1,5330,NSE_3_C1
3007,068403004,3,NSE_3_C1,1,5330,NSE_3_C1
3008,063712508,3,NSE_3_C1,1,5330,NSE_3_C1
3009,020630812,3,NSE_3_C1,1,5330,NSE_3_C1
3010,020281503,3,NSE_3_C1,1,5330,NSE_3_C1
3011,020911503,3,NSE_3_C1,1,5330,NSE_3_C1
3012,021051704,3,NSE_3_C1,1,5330,NSE_3_C1
3013,020141405,3,NSE_3_C1,1,5330,NSE_3_C1
3014,068610306,3,NSE_3_C1,1,5330,NSE_3_C1
3015,020282011,3,NSE_3_C1,1,5330,NSE_3_C1
3016,064271616,3,NSE_3_C1,1,5330,NSE_3_C1
3017,020492205,3,NSE_3_C1,1,5330,NSE_3_C1
3018,064270112,3,NSE_3_C1,1,5330,NSE_3_C1
3019,020490807,3,NSE_3_C1,1,5330,NSE_3_C1
3020,020351409,3,NSE_3_C1,1,5330,NSE_3_C1
3021,020770707,3,NSE_3_C1,1,5330,NSE_3_C1
3022,068611007,3,NSE_3_C1,1,5330,NSE_3_C1
3023,020072108,3,NSE_3_C1,1,5330,NSE_3_C1
3024,067562206,3,NSE_3_C1,1,5330,NSE_3_C1
3025,020492303,3,NSE_3_C1,1,5330,NSE_3_C1
3026,065680601,3,NSE_3_C1,1,5330,NSE_3_C1
3027,020770413,3,NSE_3_C1,1,5330,NSE_3_C1
3028,065680803,3,NSE_3_C1,1,5330,NSE_3_C1
3029,020912503,3,NSE_3_C1,1,5330,NSE_3_C1
3030,020981505,3,NSE_3_C1,1,5330,NSE_3_C1
3031,064273501,3,NSE_3_C1,1,5330,NSE_3_C1
3032,067563504,3,NSE_3_C1,1,5330,NSE_3_C1
3033,021050803,3,NSE_3_C1,1,5330,NSE_3_C1
3034,065682602,3,NSE_3_C1,1,5330,NSE_3_C1
3035,020071402,3,NSE_3_C1,1,5330,NSE_3_C1
3036,068613008,3,NSE_3_C1,1,5330,NSE_3_C1
3037,065681509,3,NSE_3_C1,1,5330,NSE_3_C1
3038,020211308,3,NSE_3_C1,1,5330,NSE_3_C1
3039,020700806,3,NSE_3_C1,1,5330,NSE_3_C1
3040,020910603,3,NSE_3_C1,1,5330,NSE_3_C1
3041,020210407,3,NSE_3_C1,1,5330,NSE_3_C1
3042,021051503,3,NSE_3_C1,1,5330,NSE_3_C1
3043,020210209,3,NSE_3_C1,1,5330,NSE_3_C1
3044,020140301,3,NSE_3_C1,1,5330,NSE_3_C1
3045,067561009,3,NSE_3_C1,1,5330,NSE_3_C1
3046,068403601,3,NSE_3_C1,1,5330,NSE_3_C1
3047,021051603,3,NSE_3_C1,1,5330,NSE_3_C1
3048,065683702,3,NSE_3_C1,1,5330,NSE_3_C1
3049,067561809,3,NSE_3_C1,1,5330,NSE_3_C1
3050,021051204,3,NSE_3_C1,1,5330,NSE_3_C1
3051,064272901,3,NSE_3_C1,1,5330,NSE_3_C1
3052,020490707,3,NSE_3_C1,1,5330,NSE_3_C1
3053,020630802,3,NSE_3_C1,1,5330,NSE_3_C1
3054,020072903,3,NSE_3_C1,1,5330,NSE_3_C1
3055,020070211,3,NSE_3_C1,1,5330,NSE_3_C1
3056,020842107,3,NSE_3_C1,1,5330,NSE_3_C1
3057,020701406,3,NSE_3_C1,1,5330,NSE_3_C1
3058,020910303,3,NSE_3_C1,1,5330,NSE_3_C1
3059,020072806,3,NSE_3_C1,1,5330,NSE_3_C1
3060,020911012,3,NSE_3_C1,1,5330,NSE_3_C1
3061,068403903,3,NSE_3_C1,1,5330,NSE_3_C1
3062,020492405,3,NSE_3_C1,1,5330,NSE_3_C1
3063,020212510,3,NSE_3_C1,1,5330,NSE_3_C1
3064,065682002,3,NSE_3_C1,1,5330,NSE_3_C1
3065,068403508,3,NSE_3_C1,1,5330,NSE_3_C1
3066,068400909,3,NSE_3_C1,1,5330,NSE_3_C1
3067,020771210,3,NSE_3_C1,1,5330,NSE_3_C1
3068,020700803,3,NSE_3_C1,1,5330,NSE_3_C1
3069,067562708,3,NSE_3_C1,1,5330,NSE_3_C1
3070,064272401,3,NSE_3_C1,1,5330,NSE_3_C1
3071,020770801,3,NSE_3_C1,1,5330,NSE_3_C1
3072,068400702,3,NSE_3_C1,1,5330,NSE_3_C1
3073,020630807,3,NSE_3_C1,1,5330,NSE_3_C1
3074,067561208,3,NSE_3_C1,1,5330,NSE_3_C1
3075,020490102,3,NSE_3_C1,1,5330,NSE_3_C1
3076,020282703,3,NSE_3_C1,1,5330,NSE_3_C1
3077,068403606,3,NSE_3_C1,1,5330,NSE_3_C1
3078,020631102,3,NSE_3_C1,1,5330,NSE_3_C1
3079,020490508,3,NSE_3_C1,1,5330,NSE_3_C1
3080,068402705,3,NSE_3_C1,1,5330,NSE_3_C1
3081,020282004,3,NSE_3_C1,1,5330,NSE_3_C1
3082,020841506,3,NSE_3_C1,1,5330,NSE_3_C1
3083,020700104,3,NSE_3_C1,1,5330,NSE_3_C1
3084,064271009,3,NSE_3_C1,1,5330,NSE_3_C1
3085,063711113,3,NSE_3_C1,1,5330,NSE_3_C1
3086,021051306,3,NSE_3_C1,1,5330,NSE_3_C1
3087,063713009,3,NSE_3_C1,1,5330,NSE_3_C1
3088,068612302,3,NSE_3_C1,1,5330,NSE_3_C1
3089,020421402,3,NSE_3_C1,1,5330,NSE_3_C1
3090,065681910,3,NSE_3_C1,1,5330,NSE_3_C1
3091,065683006,3,NSE_3_C1,1,5330,NSE_3_C1
3092,020772207,3,NSE_3_C1,1,5330,NSE_3_C1
3093,068613304,3,NSE_3_C1,1,5330,NSE_3_C1
3094,064274111,3,NSE_3_C1,1,5330,NSE_3_C1
3095,067563403,3,NSE_3_C1,1,5330,NSE_3_C1
3096,020491406,3,NSE_3_C1,1,5330,NSE_3_C1
3097,020351408,3,NSE_3_C1,1,5330,NSE_3_C1
3098,068401009,3,NSE_3_C1,1,5330,NSE_3_C1
3099,067563303,3,NSE_3_C1,1,5330,NSE_3_C1
3100,020421313,3,NSE_3_C1,1,5330,NSE_3_C1
3101,020072504,3,NSE_3_C1,1,5330,NSE_3_C1
3102,068611408,3,NSE_3_C1,1,5330,NSE_3_C1
3103,020351003,3,NSE_3_C1,1,5330,NSE_3_C1
3104,064271611,3,NSE_3_C1,1,5330,NSE_3_C1
3105,021050404,3,NSE_3_C1,1,5330,NSE_3_C1
3106,063712704,3,NSE_3_C1,1,5330,NSE_3_C1
3107,063711910,3,NSE_3_C1,1,5330,NSE_3_C1
3108,064275114,3,NSE_3_C1,1,5330,NSE_3_C1
3109,020910803,3,NSE_3_C1,1,5330,NSE_3_C1
3110,020770912,3,NSE_3_C1,1,5330,NSE_3_C1
3111,068612206,3,NSE_3_C1,1,5330,NSE_3_C1
3112,020071412,3,NSE_3_C1,1,5330,NSE_3_C1
3113,068401303,3,NSE_3_C1,1,5330,NSE_3_C1
3114,065681406,3,NSE_3_C1,1,5330,NSE_3_C1
3115,021051904,3,NSE_3_C1,1,5330,NSE_3_C1
3116,064272612,3,NSE_3_C1,1,5330,NSE_3_C1
3117,020492101,3,NSE_3_C1,1,5330,NSE_3_C1
3118,063710508,3,NSE_3_C1,1,5330,NSE_3_C1
3119,068403802,3,NSE_3_C1,1,5330,NSE_3_C1
3120,064274207,3,NSE_3_C1,1,5330,NSE_3_C1
3121,067562401,3,NSE_3_C1,1,5330,NSE_3_C1
3122,020071711,3,NSE_3_C1,1,5330,NSE_3_C1
3123,067561306,3,NSE_3_C1,1,5330,NSE_3_C1
3124,064271210,3,NSE_3_C1,1,5330,NSE_3_C1
3125,064270613,3,NSE_3_C1,1,5330,NSE_3_C1
3126,063712206,3,NSE_3_C1,1,5330,NSE_3_C1
3127,063711206,3,NSE_3_C1,1,5330,NSE_3_C1
3128,020770507,3,NSE_3_C1,1,5330,NSE_3_C1
3129,020772011,3,NSE_3_C1,1,5330,NSE_3_C1
3130,065683012,3,NSE_3_C1,1,5330,NSE_3_C1
3131,020982311,3,NSE_3_C1,1,5330,NSE_3_C1
3132,064274204,3,NSE_3_C1,1,5330,NSE_3_C1
3133,020630401,3,NSE_3_C1,1,5330,NSE_3_C1
3134,020561303,3,NSE_3_C1,1,5330,NSE_3_C1
3135,064275612,3,NSE_3_C1,1,5330,NSE_3_C1
3136,020630612,3,NSE_3_C1,1,5330,NSE_3_C1
3137,020771708,3,NSE_3_C1,1,5330,NSE_3_C1
3138,068400908,3,NSE_3_C1,1,5330,NSE_3_C1
3139,068612704,3,NSE_3_C1,1,5330,NSE_3_C1
3140,020980803,3,NSE_3_C1,1,5330,NSE_3_C1
3141,065682704,3,NSE_3_C1,1,5330,NSE_3_C1
3142,063712802,3,NSE_3_C1,1,5330,NSE_3_C1
3143,020212703,3,NSE_3_C1,1,5330,NSE_3_C1
3144,063710407,3,NSE_3_C1,1,5330,NSE_3_C1
3145,068402011,3,NSE_3_C1,1,5330,NSE_3_C1
3146,064271613,3,NSE_3_C1,1,5330,NSE_3_C1
3147,020491608,3,NSE_3_C1,1,5330,NSE_3_C1
3148,067560808,3,NSE_3_C1,1,5330,NSE_3_C1
3149,020351710,3,NSE_3_C1,1,5330,NSE_3_C1
3150,068612501,3,NSE_3_C1,1,5330,NSE_3_C1
3151,068402103,3,NSE_3_C1,1,5330,NSE_3_C1
3152,020631008,3,NSE_3_C1,1,5330,NSE_3_C1
3153,020350201,3,NSE_3_C1,1,5330,NSE_3_C1
3154,020071508,3,NSE_3_C1,1,5330,NSE_3_C1
3155,021050305,3,NSE_3_C1,1,5330,NSE_3_C1
3156,020910704,3,NSE_3_C1,1,5330,NSE_3_C1
3157,020420710,3,NSE_3_C1,1,5330,NSE_3_C1
3158,020420109,3,NSE_3_C1,1,5330,NSE_3_C1
3159,064271510,3,NSE_3_C1,1,5330,NSE_3_C1
3160,065681412,3,NSE_3_C1,1,5330,NSE_3_C1
3161,067563210,3,NSE_3_C1,1,5330,NSE_3_C1
3162,021051310,3,NSE_3_C1,1,5330,NSE_3_C1
3163,020072905,3,NSE_3_C1,1,5330,NSE_3_C1
3164,063715101,3,NSE_3_C1,1,5330,NSE_3_C1
3165,020981504,3,NSE_3_C1,1,5330,NSE_3_C1
3166,021052007,3,NSE_3_C1,1,5330,NSE_3_C1
3167,068401305,3,NSE_3_C1,1,5330,NSE_3_C1
3168,020841706,3,NSE_3_C1,1,5330,NSE_3_C1
3169,020701704,3,NSE_3_C1,1,5330,NSE_3_C1
3170,020701609,3,NSE_3_C1,1,5330,NSE_3_C1
3171,020140303,3,NSE_3_C1,1,5330,NSE_3_C1
3172,064273009,3,NSE_3_C1,1,5330,NSE_3_C1
3173,063713503,3,NSE_3_C1,1,5330,NSE_3_C1
3174,065681707,3,NSE_3_C1,1,5330,NSE_3_C1
3175,020352105,3,NSE_3_C1,1,5330,NSE_3_C1
3176,020700401,3,NSE_3_C1,1,5330,NSE_3_C1
3177,064272916,3,NSE_3_C1,1,5330,NSE_3_C1
3178,063710801,3,NSE_3_C1,1,5330,NSE_3_C1
3179,064272106,3,NSE_3_C1,1,5330,NSE_3_C1
3180,020212706,3,NSE_3_C1,1,5330,NSE_3_C1
3181,020842103,3,NSE_3_C1,1,5330,NSE_3_C1
3182,020211804,3,NSE_3_C1,1,5330,NSE_3_C1
3183,020492408,3,NSE_3_C1,1,5330,NSE_3_C1
3184,020490404,3,NSE_3_C1,1,5330,NSE_3_C1
3185,064275607,3,NSE_3_C1,1,5330,NSE_3_C1
3186,020282302,3,NSE_3_C1,1,5330,NSE_3_C1
3187,020841204,3,NSE_3_C1,1,5330,NSE_3_C1
3188,020630212,3,NSE_3_C1,1,5330,NSE_3_C1
3189,020281604,3,NSE_3_C1,1,5330,NSE_3_C1
3190,064273308,3,NSE_3_C1,1,5330,NSE_3_C1
3191,068401906,3,NSE_3_C1,1,5330,NSE_3_C1
3192,020072710,3,NSE_3_C1,1,5330,NSE_3_C1
3193,020840101,3,NSE_3_C1,1,5330,NSE_3_C1
3194,020912908,3,NSE_3_C1,1,5330,NSE_3_C1
3195,020700502,3,NSE_3_C1,1,5330,NSE_3_C1
3196,065681804,3,NSE_3_C1,1,5330,NSE_3_C1
3197,020770112,3,NSE_3_C1,1,5330,NSE_3_C1
3198,020630706,3,NSE_3_C1,1,5330,NSE_3_C1
3199,063713006,3,NSE_3_C1,1,5330,NSE_3_C1
3200,065681008,3,NSE_3_C1,1,5330,NSE_3_C1
3201,020841804,3,NSE_3_C1,1,5330,NSE_3_C1
3202,020911307,3,NSE_3_C1,1,5330,NSE_3_C1
3203,020700506,3,NSE_3_C1,1,5330,NSE_3_C1
3204,068403805,3,NSE_3_C1,1,5330,NSE_3_C1
3205,065683009,3,NSE_3_C1,1,5330,NSE_3_C1
3206,067561906,3,NSE_3_C1,1,5330,NSE_3_C1
3207,064272501,3,NSE_3_C1,1,5330,NSE_3_C1
3208,063712309,3,NSE_3_C1,1,5330,NSE_3_C1
3209,021051909,3,NSE_3_C1,1,5330,NSE_3_C1
3210,020700403,3,NSE_3_C1,1,5330,NSE_3_C1
3211,068613102,3,NSE_3_C1,1,5330,NSE_3_C1
3212,020492109,3,NSE_3_C1,1,5330,NSE_3_C1
3213,020282204,3,NSE_3_C1,1,5330,NSE_3_C1
3214,064271111,3,NSE_3_C1,1,5330,NSE_3_C1
3215,065682102,3,NSE_3_C1,1,5330,NSE_3_C1
3216,020771407,3,NSE_3_C1,1,5330,NSE_3_C1
3217,020280504,3,NSE_3_C1,1,5330,NSE_3_C1
3218,020701804,3,NSE_3_C1,1,5330,NSE_3_C1
3219,020491507,3,NSE_3_C1,1,5330,NSE_3_C1
3220,063715002,3,NSE_3_C1,1,5330,NSE_3_C1
3221,020982101,3,NSE_3_C1,1,5330,NSE_3_C1
3222,020071907,3,NSE_3_C1,1,5330,NSE_3_C1
3223,064273708,3,NSE_3_C1,1,5330,NSE_3_C1
3224,020141901,3,NSE_3_C1,1,5330,NSE_3_C1
3225,020071016,3,NSE_3_C1,1,5330,NSE_3_C1
3226,020421006,3,NSE_3_C1,1,5330,NSE_3_C1
3227,020842101,3,NSE_3_C1,1,5330,NSE_3_C1
3228,064275109,3,NSE_3_C1,1,5330,NSE_3_C1
3229,021051006,3,NSE_3_C1,1,5330,NSE_3_C1
3230,020350405,3,NSE_3_C1,1,5330,NSE_3_C1
3231,021051105,3,NSE_3_C1,1,5330,NSE_3_C1
3232,064270208,3,NSE_3_C1,1,5330,NSE_3_C1
3233,065680407,3,NSE_3_C1,1,5330,NSE_3_C1
3234,020420503,3,NSE_3_C1,1,5330,NSE_3_C1
3235,067562504,3,NSE_3_C1,1,5330,NSE_3_C1
3236,020142504,3,NSE_3_C1,1,5330,NSE_3_C1
3237,068612909,3,NSE_3_C1,1,5330,NSE_3_C1
3238,064271013,3,NSE_3_C1,1,5330,NSE_3_C1
3239,020281109,3,NSE_3_C1,1,5330,NSE_3_C1
3240,020982312,3,NSE_3_C1,1,5330,NSE_3_C1
3241,068401506,3,NSE_3_C1,1,5330,NSE_3_C1
3242,020560905,3,NSE_3_C1,1,5330,NSE_3_C1
3243,020422008,3,NSE_3_C1,1,5330,NSE_3_C1
3244,068610503,3,NSE_3_C1,1,5330,NSE_3_C1
3245,020630109,3,NSE_3_C1,1,5330,NSE_3_C1
3246,021050408,3,NSE_3_C1,1,5330,NSE_3_C1
3247,020841516,3,NSE_3_C1,1,5330,NSE_3_C1
3248,067563006,3,NSE_3_C1,1,5330,NSE_3_C1
3249,020771906,3,NSE_3_C1,1,5330,NSE_3_C1
3250,020350801,3,NSE_3_C1,1,5330,NSE_3_C1
3251,021051510,3,NSE_3_C1,1,5330,NSE_3_C1
3252,020280601,3,NSE_3_C1,1,5330,NSE_3_C1
3253,020282006,3,NSE_3_C1,1,5330,NSE_3_C1
3254,063712204,3,NSE_3_C1,1,5330,NSE_3_C1
3255,021051901,3,NSE_3_C1,1,5330,NSE_3_C1
3256,068610112,3,NSE_3_C1,1,5330,NSE_3_C1
3257,020771109,3,NSE_3_C1,1,5330,NSE_3_C1
3258,064273110,3,NSE_3_C1,1,5330,NSE_3_C1
3259,020840904,3,NSE_3_C1,1,5330,NSE_3_C1
3260,065680504,3,NSE_3_C1,1,5330,NSE_3_C1
3261,021050508,3,NSE_3_C1,1,5330,NSE_3_C1
3262,020351406,3,NSE_3_C1,1,5330,NSE_3_C1
3263,020841805,3,NSE_3_C1,1,5330,NSE_3_C1
3264,068612801,3,NSE_3_C1,1,5330,NSE_3_C1
3265,068611109,3,NSE_3_C1,1,5330,NSE_3_C1
3266,067563502,3,NSE_3_C1,1,5330,NSE_3_C1
3267,068612202,3,NSE_3_C1,1,5330,NSE_3_C1
3268,021050106,3,NSE_3_C1,1,5330,NSE_3_C1
3269,068400206,3,NSE_3_C1,1,5330,NSE_3_C1
3270,065681608,3,NSE_3_C1,1,5330,NSE_3_C1
3271,067562408,3,NSE_3_C1,1,5330,NSE_3_C1
3272,063712901,3,NSE_3_C1,1,5330,NSE_3_C1
3273,020561203,3,NSE_3_C1,1,5330,NSE_3_C1
3274,068612401,3,NSE_3_C1,1,5330,NSE_3_C1
3275,064272303,3,NSE_3_C1,1,5330,NSE_3_C1
3276,065680801,3,NSE_3_C1,1,5330,NSE_3_C1
3277,020492008,3,NSE_3_C1,1,5330,NSE_3_C1
3278,020701205,3,NSE_3_C1,1,5330,NSE_3_C1
3279,020421505,3,NSE_3_C1,1,5330,NSE_3_C1
3280,020490703,3,NSE_3_C1,1,5330,NSE_3_C1
3281,065683406,3,NSE_3_C1,1,5330,NSE_3_C1
3282,020212508,3,NSE_3_C1,1,5330,NSE_3_C1
3283,020072901,3,NSE_3_C1,1,5330,NSE_3_C1
3284,063711402,3,NSE_3_C1,1,5330,NSE_3_C1
3285,020491314,3,NSE_3_C1,1,5330,NSE_3_C1
3286,065680904,3,NSE_3_C1,1,5330,NSE_3_C1
3287,020421410,3,NSE_3_C1,1,5330,NSE_3_C1
3288,068611001,3,NSE_3_C1,1,5330,NSE_3_C1
3289,020210308,3,NSE_3_C1,1,5330,NSE_3_C1
3290,020842201,3,NSE_3_C1,1,5330,NSE_3_C1
3291,020072402,3,NSE_3_C1,1,5330,NSE_3_C1
3292,068403702,3,NSE_3_C1,1,5330,NSE_3_C1
3293,020982314,3,NSE_3_C1,1,5330,NSE_3_C1
3294,020280308,3,NSE_3_C1,1,5330,NSE_3_C1
3295,020140606,3,NSE_3_C1,1,5330,NSE_3_C1
3296,021052111,3,NSE_3_C1,1,5330,NSE_3_C1
3297,020491310,3,NSE_3_C1,1,5330,NSE_3_C1
3298,020981410,3,NSE_3_C1,1,5330,NSE_3_C1
3299,020910302,3,NSE_3_C1,1,5330,NSE_3_C1
3300,020071411,3,NSE_3_C1,1,5330,NSE_3_C1
3301,020212707,3,NSE_3_C1,1,5330,NSE_3_C1
3302,064270302,3,NSE_3_C1,1,5330,NSE_3_C1
3303,065681002,3,NSE_3_C1,1,5330,NSE_3_C1
3304,020350707,3,NSE_3_C1,1,5330,NSE_3_C1
3305,068404101,3,NSE_3_C1,1,5330,NSE_3_C1
3306,068401905,3,NSE_3_C1,1,5330,NSE_3_C1
3307,063714804,3,NSE_3_C1,1,5330,NSE_3_C1
3308,020492105,3,NSE_3_C1,1,5330,NSE_3_C1
3309,020280610,3,NSE_3_C1,1,5330,NSE_3_C1
3310,020701006,3,NSE_3_C1,1,5330,NSE_3_C1
3311,020630304,3,NSE_3_C1,1,5330,NSE_3_C1
3312,063714303,3,NSE_3_C1,1,5330,NSE_3_C1
3313,020421103,3,NSE_3_C1,1,5330,NSE_3_C1
3314,065682301,3,NSE_3_C1,1,5330,NSE_3_C1
3315,020072003,3,NSE_3_C1,1,5330,NSE_3_C1
3316,020281104,3,NSE_3_C1,1,5330,NSE_3_C1
3317,068613408,3,NSE_3_C1,1,5330,NSE_3_C1
3318,020072204,3,NSE_3_C1,1,5330,NSE_3_C1
3319,020211904,3,NSE_3_C1,1,5330,NSE_3_C1
3320,068611011,3,NSE_3_C1,1,5330,NSE_3_C1
3321,068402706,3,NSE_3_C1,1,5330,NSE_3_C1
3322,063713401,3,NSE_3_C1,1,5330,NSE_3_C1
3323,020700901,3,NSE_3_C1,1,5330,NSE_3_C1
3324,068611002,3,NSE_3_C1,1,5330,NSE_3_C1
3325,063710309,3,NSE_3_C1,1,5330,NSE_3_C1
3326,021050503,3,NSE_3_C1,1,5330,NSE_3_C1
3327,020352204,3,NSE_3_C1,1,5330,NSE_3_C1
3328,020770106,3,NSE_3_C1,1,5330,NSE_3_C1
3329,068612502,3,NSE_3_C1,1,5330,NSE_3_C1
3330,020841908,3,NSE_3_C1,1,5330,NSE_3_C1
3331,063712505,3,NSE_3_C1,1,5330,NSE_3_C1
3332,067562404,3,NSE_3_C1,1,5330,NSE_3_C1
3333,020071202,3,NSE_3_C1,1,5330,NSE_3_C1
3334,020351108,3,NSE_3_C1,1,5330,NSE_3_C1
3335,020282105,3,NSE_3_C1,1,5330,NSE_3_C1
3336,020211105,3,NSE_3_C1,1,5330,NSE_3_C1
3337,065681712,3,NSE_3_C1,1,5330,NSE_3_C1
3338,020771401,3,NSE_3_C1,1,5330,NSE_3_C1
3339,020421210,3,NSE_3_C1,1,5330,NSE_3_C1
3340,020770904,3,NSE_3_C1,1,5330,NSE_3_C1
3341,065683205,3,NSE_3_C1,1,5330,NSE_3_C1
3342,020141805,3,NSE_3_C1,1,5330,NSE_3_C1
3343,065682304,3,NSE_3_C1,1,5330,NSE_3_C1
3344,020911802,3,NSE_3_C1,1,5330,NSE_3_C1
3345,020490105,3,NSE_3_C1,1,5330,NSE_3_C1
3346,065682203,3,NSE_3_C1,1,5330,NSE_3_C1
3347,068401907,3,NSE_3_C1,1,5330,NSE_3_C1
3348,068401502,3,NSE_3_C1,1,5330,NSE_3_C1
3349,064270612,3,NSE_3_C1,1,5330,NSE_3_C1
3350,020421002,3,NSE_3_C1,1,5330,NSE_3_C1
3351,067563001,3,NSE_3_C1,1,5330,NSE_3_C1
3352,020701909,3,NSE_3_C1,1,5330,NSE_3_C1
3353,063711905,3,NSE_3_C1,1,5330,NSE_3_C1
3354,020421507,3,NSE_3_C1,1,5330,NSE_3_C1
3355,020910404,3,NSE_3_C1,1,5330,NSE_3_C1
3356,064271413,3,NSE_3_C1,1,5330,NSE_3_C1
3357,068611905,3,NSE_3_C1,1,5330,NSE_3_C1
3358,064274411,3,NSE_3_C1,1,5330,NSE_3_C1
3359,063713902,3,NSE_3_C1,1,5330,NSE_3_C1
3360,020701902,3,NSE_3_C1,1,5330,NSE_3_C1
3361,067562313,3,NSE_3_C1,1,5330,NSE_3_C1
3362,020212305,3,NSE_3_C1,1,5330,NSE_3_C1
3363,020982307,3,NSE_3_C1,1,5330,NSE_3_C1
3364,020771707,3,NSE_3_C1,1,5330,NSE_3_C1
3365,068403502,3,NSE_3_C1,1,5330,NSE_3_C1
3366,020770208,3,NSE_3_C1,1,5330,NSE_3_C1
3367,020630404,3,NSE_3_C1,1,5330,NSE_3_C1
3368,020840505,3,NSE_3_C1,1,5330,NSE_3_C1
3369,020840401,3,NSE_3_C1,1,5330,NSE_3_C1
3370,020631510,3,NSE_3_C1,1,5330,NSE_3_C1
3371,020631012,3,NSE_3_C1,1,5330,NSE_3_C1
3372,020352211,3,NSE_3_C1,1,5330,NSE_3_C1
3373,020492301,3,NSE_3_C1,1,5330,NSE_3_C1
3374,020421105,3,NSE_3_C1,1,5330,NSE_3_C1
3375,068401711,3,NSE_3_C1,1,5330,NSE_3_C1
3376,068612001,3,NSE_3_C1,1,5330,NSE_3_C1
3377,020281902,3,NSE_3_C1,1,5330,NSE_3_C1
3378,020421805,3,NSE_3_C1,1,5330,NSE_3_C1
3379,020420402,3,NSE_3_C1,1,5330,NSE_3_C1
3380,020700409,3,NSE_3_C1,1,5330,NSE_3_C1
3381,063712001,3,NSE_3_C1,1,5330,NSE_3_C1
3382,020841810,3,NSE_3_C1,1,5330,NSE_3_C1
3383,020420902,3,NSE_3_C1,1,5330,NSE_3_C1
3384,020630709,3,NSE_3_C1,1,5330,NSE_3_C1
3385,067561106,3,NSE_3_C1,1,5330,NSE_3_C1
3386,065680704,3,NSE_3_C1,1,5330,NSE_3_C1
3387,020631503,3,NSE_3_C1,1,5330,NSE_3_C1
3388,020701208,3,NSE_3_C1,1,5330,NSE_3_C1
3389,020772209,3,NSE_3_C1,1,5330,NSE_3_C1
3390,064273805,3,NSE_3_C1,1,5330,NSE_3_C1
3391,020701803,3,NSE_3_C1,1,5330,NSE_3_C1
3392,068611203,3,NSE_3_C1,1,5330,NSE_3_C1
3393,064273810,3,NSE_3_C1,1,5330,NSE_3_C1
3394,020700405,3,NSE_3_C1,1,5330,NSE_3_C1
3395,020420202,3,NSE_3_C1,1,5330,NSE_3_C1
3396,064271904,3,NSE_3_C1,1,5330,NSE_3_C1
3397,020841608,3,NSE_3_C1,1,5330,NSE_3_C1
3398,064270207,3,NSE_3_C1,1,5330,NSE_3_C1
3399,020070917,3,NSE_3_C1,1,5330,NSE_3_C1
3400,063710404,3,NSE_3_C1,1,5330,NSE_3_C1
3401,020630903,3,NSE_3_C1,1,5330,NSE_3_C1
3402,020560609,3,NSE_3_C1,1,5330,NSE_3_C1
3403,020420408,3,NSE_3_C1,1,5330,NSE_3_C1
3404,020841010,3,NSE_3_C1,1,5330,NSE_3_C1
3405,064270614,3,NSE_3_C1,1,5330,NSE_3_C1
3406,068403013,3,NSE_3_C1,1,5330,NSE_3_C1
3407,063712905,3,NSE_3_C1,1,5330,NSE_3_C1
3408,020421109,3,NSE_3_C1,1,5330,NSE_3_C1
3409,020841504,3,NSE_3_C1,1,5330,NSE_3_C1
3410,020351801,3,NSE_3_C1,1,5330,NSE_3_C1
3411,020700501,3,NSE_3_C1,1,5330,NSE_3_C1
3412,065683602,3,NSE_3_C1,1,5330,NSE_3_C1
3413,020771008,3,NSE_3_C1,1,5330,NSE_3_C1
3414,020841703,3,NSE_3_C1,1,5330,NSE_3_C1
3415,020841511,3,NSE_3_C1,1,5330,NSE_3_C1
3416,020212704,3,NSE_3_C1,1,5330,NSE_3_C1
3417,020212502,3,NSE_3_C1,1,5330,NSE_3_C1
3418,068403910,3,NSE_3_C1,1,5330,NSE_3_C1
3419,020912601,3,NSE_3_C1,1,5330,NSE_3_C1
3420,020492111,3,NSE_3_C1,1,5330,NSE_3_C1
3421,020350308,3,NSE_3_C1,1,5330,NSE_3_C1
3422,064274312,3,NSE_3_C1,1,5330,NSE_3_C1
3423,020280710,3,NSE_3_C1,1,5330,NSE_3_C1
3424,021050806,3,NSE_3_C1,1,5330,NSE_3_C1
3425,020560509,3,NSE_3_C1,1,5330,NSE_3_C1
3426,020981109,3,NSE_3_C1,1,5330,NSE_3_C1
3427,068404108,3,NSE_3_C1,1,5330,NSE_3_C1
3428,063712205,3,NSE_3_C1,1,5330,NSE_3_C1
3429,068613305,3,NSE_3_C1,1,5330,NSE_3_C1
3430,064271406,3,NSE_3_C1,1,5330,NSE_3_C1
3431,021051102,3,NSE_3_C1,1,5330,NSE_3_C1
3432,068611307,3,NSE_3_C1,1,5330,NSE_3_C1
3433,020910112,3,NSE_3_C1,1,5330,NSE_3_C1
3434,021050513,3,NSE_3_C1,1,5330,NSE_3_C1
3435,063711302,3,NSE_3_C1,1,5330,NSE_3_C1
3436,065681901,3,NSE_3_C1,1,5330,NSE_3_C1
3437,020281402,3,NSE_3_C1,1,5330,NSE_3_C1
3438,064273610,3,NSE_3_C1,1,5330,NSE_3_C1
3439,020280707,3,NSE_3_C1,1,5330,NSE_3_C1
3440,020281106,3,NSE_3_C1,1,5330,NSE_3_C1
3441,021050709,3,NSE_3_C1,1,5330,NSE_3_C1
3442,020911501,3,NSE_3_C1,1,5330,NSE_3_C1
3443,020281801,3,NSE_3_C1,1,5330,NSE_3_C1
3444,020420104,3,NSE_3_C1,1,5330,NSE_3_C1
3445,020700902,3,NSE_3_C1,1,5330,NSE_3_C1
3446,065681307,3,NSE_3_C1,1,5330,NSE_3_C1
3447,065682403,3,NSE_3_C1,1,5330,NSE_3_C1
3448,020980808,3,NSE_3_C1,1,5330,NSE_3_C1
3449,065683106,3,NSE_3_C1,1,5330,NSE_3_C1
3450,020212702,3,NSE_3_C1,1,5330,NSE_3_C1
3451,068612107,3,NSE_3_C1,1,5330,NSE_3_C1
3452,068611509,3,NSE_3_C1,1,5330,NSE_3_C1
3453,068611808,3,NSE_3_C1,1,5330,NSE_3_C1
3454,067562803,3,NSE_3_C1,1,5330,NSE_3_C1
3455,020211203,3,NSE_3_C1,1,5330,NSE_3_C1
3456,020491802,3,NSE_3_C1,1,5330,NSE_3_C1
3457,020351603,3,NSE_3_C1,1,5330,NSE_3_C1
3458,020072706,3,NSE_3_C1,1,5330,NSE_3_C1
3459,064273705,3,NSE_3_C1,1,5330,NSE_3_C1
3460,065683003,3,NSE_3_C1,1,5330,NSE_3_C1
3461,020840208,3,NSE_3_C1,1,5330,NSE_3_C1
3462,063710507,3,NSE_3_C1,1,5330,NSE_3_C1
3463,065680701,3,NSE_3_C1,1,5330,NSE_3_C1
3464,020352202,3,NSE_3_C1,1,5330,NSE_3_C1
3465,020492401,3,NSE_3_C1,1,5330,NSE_3_C1
3466,020210101,3,NSE_3_C1,1,5330,NSE_3_C1
3467,065682405,3,NSE_3_C1,1,5330,NSE_3_C1
3468,020421803,3,NSE_3_C1,1,5330,NSE_3_C1
3469,020631501,3,NSE_3_C1,1,5330,NSE_3_C1
3470,020210307,3,NSE_3_C1,1,5330,NSE_3_C1
3471,020631001,3,NSE_3_C1,1,5330,NSE_3_C1
3472,065680909,3,NSE_3_C1,1,5330,NSE_3_C1
3473,020071506,3,NSE_3_C1,1,5330,NSE_3_C1
3474,020071409,3,NSE_3_C1,1,5330,NSE_3_C1
3475,068612708,3,NSE_3_C1,1,5330,NSE_3_C1
3476,020140706,3,NSE_3_C1,1,5330,NSE_3_C1
3477,020631403,3,NSE_3_C1,1,5330,NSE_3_C1
3478,020630209,3,NSE_3_C1,1,5330,NSE_3_C1
3479,020072708,3,NSE_3_C1,1,5330,NSE_3_C1
3480,020560303,3,NSE_3_C1,1,5330,NSE_3_C1
3481,020490202,3,NSE_3_C1,1,5330,NSE_3_C1
3482,020211507,3,NSE_3_C1,1,5330,NSE_3_C1
3483,020351802,3,NSE_3_C1,1,5330,NSE_3_C1
3484,064273513,3,NSE_3_C1,1,5330,NSE_3_C1
3485,064272809,3,NSE_3_C1,1,5330,NSE_3_C1
3486,020980502,3,NSE_3_C1,1,5330,NSE_3_C1
3487,068402904,3,NSE_3_C1,1,5330,NSE_3_C1
3488,020212104,3,NSE_3_C1,1,5330,NSE_3_C1
3489,020700609,3,NSE_3_C1,1,5330,NSE_3_C1
3490,020211504,3,NSE_3_C1,1,5330,NSE_3_C1
3491,020281905,3,NSE_3_C1,1,5330,NSE_3_C1
3492,063712501,3,NSE_3_C1,1,5330,NSE_3_C1
3493,020141904,3,NSE_3_C1,1,5330,NSE_3_C1
3494,068611009,3,NSE_3_C1,1,5330,NSE_3_C1
3495,020841911,3,NSE_3_C1,1,5330,NSE_3_C1
3496,068612411,3,NSE_3_C1,1,5330,NSE_3_C1
3497,020912012,3,NSE_3_C1,1,5330,NSE_3_C1
3498,020351904,3,NSE_3_C1,1,5330,NSE_3_C1
3499,020840405,3,NSE_3_C1,1,5330,NSE_3_C1
3500,020841203,3,NSE_3_C1,1,5330,NSE_3_C1
3501,020630607,3,NSE_3_C1,1,5330,NSE_3_C1
3502,065682603,3,NSE_3_C1,1,5330,NSE_3_C1
3503,068613311,3,NSE_3_C1,1,5330,NSE_3_C1
3504,021051610,3,NSE_3_C1,1,5330,NSE_3_C1
3505,020491312,3,NSE_3_C1,1,5330,NSE_3_C1
3506,064271707,3,NSE_3_C1,1,5330,NSE_3_C1
3507,068401204,3,NSE_3_C1,1,5330,NSE_3_C1
3508,020071808,3,NSE_3_C1,1,5330,NSE_3_C1
3509,020982206,3,NSE_3_C1,1,5330,NSE_3_C1
3510,020770903,3,NSE_3_C1,1,5330,NSE_3_C1
3511,021051401,3,NSE_3_C1,1,5330,NSE_3_C1
3512,020770206,3,NSE_3_C1,1,5330,NSE_3_C1
3513,020351305,3,NSE_3_C1,1,5330,NSE_3_C1
3514,020701504,3,NSE_3_C1,1,5330,NSE_3_C1
3515,020282102,3,NSE_3_C1,1,5330,NSE_3_C1
3516,020282209,3,NSE_3_C1,1,5330,NSE_3_C1
3517,020140404,3,NSE_3_C1,1,5330,NSE_3_C1
3518,020492012,3,NSE_3_C1,1,5330,NSE_3_C1
3519,020560803,3,NSE_3_C1,1,5330,NSE_3_C1
3520,020280801,3,NSE_3_C1,1,5330,NSE_3_C1
3521,065681607,3,NSE_3_C1,1,5330,NSE_3_C1
3522,020421004,3,NSE_3_C1,1,5330,NSE_3_C1
3523,020420702,3,NSE_3_C1,1,5330,NSE_3_C1
3524,064271911,3,NSE_3_C1,1,5330,NSE_3_C1
3525,020980409,3,NSE_3_C1,1,5330,NSE_3_C1
3526,068610805,3,NSE_3_C1,1,5330,NSE_3_C1
3527,020560909,3,NSE_3_C1,1,5330,NSE_3_C1
3528,020072004,3,NSE_3_C1,1,5330,NSE_3_C1
3529,020420204,3,NSE_3_C1,1,5330,NSE_3_C1
3530,065683904,3,NSE_3_C1,1,5330,NSE_3_C1
3531,020421401,3,NSE_3_C1,1,5330,NSE_3_C1
3532,065681201,3,NSE_3_C1,1,5330,NSE_3_C1
3533,020210301,3,NSE_3_C1,1,5330,NSE_3_C1
3534,065681306,3,NSE_3_C1,1,5330,NSE_3_C1
3535,020770604,3,NSE_3_C1,1,5330,NSE_3_C1
3536,020490708,3,NSE_3_C1,1,5330,NSE_3_C1
3537,068613107,3,NSE_3_C1,1,5330,NSE_3_C1
3538,065682202,3,NSE_3_C1,1,5330,NSE_3_C1
3539,020491311,3,NSE_3_C1,1,5330,NSE_3_C1
3540,064273004,3,NSE_3_C1,1,5330,NSE_3_C1
3541,020770306,3,NSE_3_C1,1,5330,NSE_3_C1
3542,020631107,3,NSE_3_C1,1,5330,NSE_3_C1
3543,020840106,3,NSE_3_C1,1,5330,NSE_3_C1
3544,064272902,3,NSE_3_C1,1,5330,NSE_3_C1
3545,064275010,3,NSE_3_C1,1,5330,NSE_3_C1
3546,020211103,3,NSE_3_C1,1,5330,NSE_3_C1
3547,068402910,3,NSE_3_C1,1,5330,NSE_3_C1
3548,020350111,3,NSE_3_C1,1,5330,NSE_3_C1
3549,068612406,3,NSE_3_C1,1,5330,NSE_3_C1
3550,020700606,3,NSE_3_C1,1,5330,NSE_3_C1
3551,065681909,3,NSE_3_C1,1,5330,NSE_3_C1
3552,064270215,3,NSE_3_C1,1,5330,NSE_3_C1
3553,020070907,3,NSE_3_C1,1,5330,NSE_3_C1
3554,064271102,3,NSE_3_C1,1,5330,NSE_3_C1
3555,020280511,3,NSE_3_C1,1,5330,NSE_3_C1
3556,020491609,3,NSE_3_C1,1,5330,NSE_3_C1
3557,020770407,3,NSE_3_C1,1,5330,NSE_3_C1
3558,020911508,3,NSE_3_C1,1,5330,NSE_3_C1
3559,068403010,3,NSE_3_C1,1,5330,NSE_3_C1
3560,063715306,3,NSE_3_C1,1,5330,NSE_3_C1
3561,020351607,3,NSE_3_C1,1,5330,NSE_3_C1
3562,020490106,3,NSE_3_C1,1,5330,NSE_3_C1
3563,065681611,3,NSE_3_C1,1,5330,NSE_3_C1
3564,020841409,3,NSE_3_C1,1,5330,NSE_3_C1
3565,068611405,3,NSE_3_C1,1,5330,NSE_3_C1
3566,020072507,3,NSE_3_C1,1,5330,NSE_3_C1
3567,068402403,3,NSE_3_C1,1,5330,NSE_3_C1
3568,021051811,3,NSE_3_C1,1,5330,NSE_3_C1
3569,063715007,3,NSE_3_C1,1,5330,NSE_3_C1
3570,020420905,3,NSE_3_C1,1,5330,NSE_3_C1
3571,068612303,3,NSE_3_C1,1,5330,NSE_3_C1
3572,020771204,3,NSE_3_C1,1,5330,NSE_3_C1
3573,063713108,3,NSE_3_C1,1,5330,NSE_3_C1
3574,020212208,3,NSE_3_C1,1,5330,NSE_3_C1
3575,020560411,3,NSE_3_C1,1,5330,NSE_3_C1
3576,021050410,3,NSE_3_C1,1,5330,NSE_3_C1
3577,020490605,3,NSE_3_C1,1,5330,NSE_3_C1
3578,020840803,3,NSE_3_C1,1,5330,NSE_3_C1
3579,020840906,3,NSE_3_C1,1,5330,NSE_3_C1
3580,020070705,3,NSE_3_C1,1,5330,NSE_3_C1
3581,020841512,3,NSE_3_C1,1,5330,NSE_3_C1
3582,065681403,3,NSE_3_C1,1,5330,NSE_3_C1
3583,064275107,3,NSE_3_C1,1,5330,NSE_3_C1
3584,064275513,3,NSE_3_C1,1,5330,NSE_3_C1
3585,065680208,3,NSE_3_C1,1,5330,NSE_3_C1
3586,064273109,3,NSE_3_C1,1,5330,NSE_3_C1
3587,020771801,3,NSE_3_C1,1,5330,NSE_3_C1
3588,063713310,3,NSE_3_C1,1,5330,NSE_3_C1
3589,064272911,3,NSE_3_C1,1,5330,NSE_3_C1
3590,020630901,3,NSE_3_C1,1,5330,NSE_3_C1
3591,067561801,3,NSE_3_C1,1,5330,NSE_3_C1
3592,068610403,3,NSE_3_C1,1,5330,NSE_3_C1
3593,020422107,3,NSE_3_C1,1,5330,NSE_3_C1
3594,063712605,3,NSE_3_C1,1,5330,NSE_3_C1
3595,020351303,3,NSE_3_C1,1,5330,NSE_3_C1
3596,067563007,3,NSE_3_C1,1,5330,NSE_3_C1
3597,065682205,3,NSE_3_C1,1,5330,NSE_3_C1
3598,020420307,3,NSE_3_C1,1,5330,NSE_3_C1
3599,065680404,3,NSE_3_C1,1,5330,NSE_3_C1
3600,064275008,3,NSE_3_C1,1,5330,NSE_3_C1
3601,063715009,3,NSE_3_C1,1,5330,NSE_3_C1
3602,020491502,3,NSE_3_C1,1,5330,NSE_3_C1
3603,021051508,3,NSE_3_C1,1,5330,NSE_3_C1
3604,064273207,3,NSE_3_C1,1,5330,NSE_3_C1
3605,064270210,3,NSE_3_C1,1,5330,NSE_3_C1
3606,020631108,3,NSE_3_C1,1,5330,NSE_3_C1
3607,021051804,3,NSE_3_C1,1,5330,NSE_3_C1
3608,021051002,3,NSE_3_C1,1,5330,NSE_3_C1
3609,021051107,3,NSE_3_C1,1,5330,NSE_3_C1
3610,064272509,3,NSE_3_C1,1,5330,NSE_3_C1
3611,020421903,3,NSE_3_C1,1,5330,NSE_3_C1
3612,020982607,3,NSE_3_C1,1,5330,NSE_3_C1
3613,068402006,3,NSE_3_C1,1,5330,NSE_3_C1
3614,020630310,3,NSE_3_C1,1,5330,NSE_3_C1
3615,020490902,3,NSE_3_C1,1,5330,NSE_3_C1
3616,020771501,3,NSE_3_C1,1,5330,NSE_3_C1
3617,021050711,3,NSE_3_C1,1,5330,NSE_3_C1
3618,065681105,3,NSE_3_C1,1,5330,NSE_3_C1
3619,020210205,3,NSE_3_C1,1,5330,NSE_3_C1
3620,068403110,3,NSE_3_C1,1,5330,NSE_3_C1
3621,020980312,3,NSE_3_C1,1,5330,NSE_3_C1
3622,020771809,3,NSE_3_C1,1,5330,NSE_3_C1
3623,067561909,3,NSE_3_C1,1,5330,NSE_3_C1
3624,065683502,3,NSE_3_C1,1,5330,NSE_3_C1
3625,020491606,3,NSE_3_C1,1,5330,NSE_3_C1
3626,020630907,3,NSE_3_C1,1,5330,NSE_3_C1
3627,020211607,3,NSE_3_C1,1,5330,NSE_3_C1
3628,020770312,3,NSE_3_C1,1,5330,NSE_3_C1
3629,020422109,3,NSE_3_C1,1,5330,NSE_3_C1
3630,020982202,3,NSE_3_C1,1,5330,NSE_3_C1
3631,020210504,3,NSE_3_C1,1,5330,NSE_3_C1
3632,068611907,3,NSE_3_C1,1,5330,NSE_3_C1
3633,020700106,3,NSE_3_C1,1,5330,NSE_3_C1
3634,068610611,3,NSE_3_C1,1,5330,NSE_3_C1
3635,068612201,3,NSE_3_C1,1,5330,NSE_3_C1
3636,020210211,3,NSE_3_C1,1,5330,NSE_3_C1
3637,064274706,3,NSE_3_C1,1,5330,NSE_3_C1
3638,020560207,3,NSE_3_C1,1,5330,NSE_3_C1
3639,020351309,3,NSE_3_C1,1,5330,NSE_3_C1
3640,020212409,3,NSE_3_C1,1,5330,NSE_3_C1
3641,065684001,3,NSE_3_C1,1,5330,NSE_3_C1
3642,021051709,3,NSE_3_C1,1,5330,NSE_3_C1
3643,020141601,3,NSE_3_C1,1,5330,NSE_3_C1
3644,020280804,3,NSE_3_C1,1,5330,NSE_3_C1
3645,063712311,3,NSE_3_C1,1,5330,NSE_3_C1
3646,020420608,3,NSE_3_C1,1,5330,NSE_3_C1
3647,065681601,3,NSE_3_C1,1,5330,NSE_3_C1
3648,064271202,3,NSE_3_C1,1,5330,NSE_3_C1
3649,020211210,3,NSE_3_C1,1,5330,NSE_3_C1
3650,068402204,3,NSE_3_C1,1,5330,NSE_3_C1
3651,020280313,3,NSE_3_C1,1,5330,NSE_3_C1
3652,068611102,3,NSE_3_C1,1,5330,NSE_3_C1
3653,020700804,3,NSE_3_C1,1,5330,NSE_3_C1
3654,067562607,3,NSE_3_C1,1,5330,NSE_3_C1
3655,064270606,3,NSE_3_C1,1,5330,NSE_3_C1
3656,067561910,3,NSE_3_C1,1,5330,NSE_3_C1
3657,065680512,3,NSE_3_C1,1,5330,NSE_3_C1
3658,063711802,3,NSE_3_C1,1,5330,NSE_3_C1
3659,020701901,3,NSE_3_C1,1,5330,NSE_3_C1
3660,020560206,3,NSE_3_C1,1,5330,NSE_3_C1
3661,068402304,3,NSE_3_C1,1,5330,NSE_3_C1
3662,065680802,3,NSE_3_C1,1,5330,NSE_3_C1
3663,064275703,3,NSE_3_C1,1,5330,NSE_3_C1
3664,065683901,3,NSE_3_C1,1,5330,NSE_3_C1
3665,063710805,3,NSE_3_C1,1,5330,NSE_3_C1
3666,065681005,3,NSE_3_C1,1,5330,NSE_3_C1
3667,020072106,3,NSE_3_C1,1,5330,NSE_3_C1
3668,068402509,3,NSE_3_C1,1,5330,NSE_3_C1
3669,068401708,3,NSE_3_C1,1,5330,NSE_3_C1
3670,063712502,3,NSE_3_C1,1,5330,NSE_3_C1
3671,065681402,3,NSE_3_C1,1,5330,NSE_3_C1
3672,020071014,3,NSE_3_C1,1,5330,NSE_3_C1
3673,021050313,3,NSE_3_C1,1,5330,NSE_3_C1
3674,063711805,3,NSE_3_C1,1,5330,NSE_3_C1
3675,068401902,3,NSE_3_C1,1,5330,NSE_3_C1
3676,020350404,3,NSE_3_C1,1,5330,NSE_3_C1
3677,064271004,3,NSE_3_C1,1,5330,NSE_3_C1
3678,020630207,3,NSE_3_C1,1,5330,NSE_3_C1
3679,020840601,3,NSE_3_C1,1,5330,NSE_3_C1
3680,020071010,3,NSE_3_C1,1,5330,NSE_3_C1
3681,063714901,3,NSE_3_C1,1,5330,NSE_3_C1
3682,020630406,3,NSE_3_C1,1,5330,NSE_3_C1
3683,020351006,3,NSE_3_C1,1,5330,NSE_3_C1
3684,020351008,3,NSE_3_C1,1,5330,NSE_3_C1
3685,020842008,3,NSE_3_C1,1,5330,NSE_3_C1
3686,020982601,3,NSE_3_C1,1,5330,NSE_3_C1
3687,020492004,3,NSE_3_C1,1,5330,NSE_3_C1
3688,068401310,3,NSE_3_C1,1,5330,NSE_3_C1
3689,020140905,3,NSE_3_C1,1,5330,NSE_3_C1
3690,020492113,3,NSE_3_C1,1,5330,NSE_3_C1
3691,020280411,3,NSE_3_C1,1,5330,NSE_3_C1
3692,064271105,3,NSE_3_C1,1,5330,NSE_3_C1
3693,068401705,3,NSE_3_C1,1,5330,NSE_3_C1
3694,020071803,3,NSE_3_C1,1,5330,NSE_3_C1
3695,020840708,3,NSE_3_C1,1,5330,NSE_3_C1
3696,020280901,3,NSE_3_C1,1,5330,NSE_3_C1
3697,020210702,3,NSE_3_C1,1,5330,NSE_3_C1
3698,020701209,3,NSE_3_C1,1,5330,NSE_3_C1
3699,068403108,3,NSE_3_C1,1,5330,NSE_3_C1
3700,020490206,3,NSE_3_C1,1,5330,NSE_3_C1
3701,020421007,3,NSE_3_C1,1,5330,NSE_3_C1
3702,063714103,3,NSE_3_C1,1,5330,NSE_3_C1
3703,020911708,3,NSE_3_C1,1,5330,NSE_3_C1
3704,020420111,3,NSE_3_C1,1,5330,NSE_3_C1
3705,064271907,3,NSE_3_C1,1,5330,NSE_3_C1
3706,020911801,3,NSE_3_C1,1,5330,NSE_3_C1
3707,020072304,3,NSE_3_C1,1,5330,NSE_3_C1
3708,064273406,3,NSE_3_C1,1,5330,NSE_3_C1
3709,020911306,3,NSE_3_C1,1,5330,NSE_3_C1
3710,020140610,3,NSE_3_C1,1,5330,NSE_3_C1
3711,064276901,3,NSE_3_C1,1,5330,NSE_3_C1
3712,068612409,3,NSE_3_C1,1,5330,NSE_3_C1
3713,068403409,3,NSE_3_C1,1,5330,NSE_3_C1
3714,021051710,3,NSE_3_C1,1,5330,NSE_3_C1
3715,067561507,3,NSE_3_C1,1,5330,NSE_3_C1
3716,068401404,3,NSE_3_C1,1,5330,NSE_3_C1
3717,020700603,3,NSE_3_C1,1,5330,NSE_3_C1
3718,020771511,3,NSE_3_C1,1,5330,NSE_3_C1
3719,064270811,3,NSE_3_C1,1,5330,NSE_3_C1
3720,020630805,3,NSE_3_C1,1,5330,NSE_3_C1
3721,068610105,3,NSE_3_C1,1,5330,NSE_3_C1
3722,064272306,3,NSE_3_C1,1,5330,NSE_3_C1
3723,020351609,3,NSE_3_C1,1,5330,NSE_3_C1
3724,068400507,3,NSE_3_C1,1,5330,NSE_3_C1
3725,064270212,3,NSE_3_C1,1,5330,NSE_3_C1
3726,020492409,3,NSE_3_C1,1,5330,NSE_3_C1
3727,063711903,3,NSE_3_C1,1,5330,NSE_3_C1
3728,067562508,3,NSE_3_C1,1,5330,NSE_3_C1
3729,064274311,3,NSE_3_C1,1,5330,NSE_3_C1
3730,020350608,3,NSE_3_C1,1,5330,NSE_3_C1
3731,067561901,3,NSE_3_C1,1,5330,NSE_3_C1
3732,020072808,3,NSE_3_C1,1,5330,NSE_3_C1
3733,020281501,3,NSE_3_C1,1,5330,NSE_3_C1
3734,020561004,3,NSE_3_C1,1,5330,NSE_3_C1
3735,020701905,3,NSE_3_C1,1,5330,NSE_3_C1
3736,020072209,3,NSE_3_C1,1,5330,NSE_3_C1
3737,020982106,3,NSE_3_C1,1,5330,NSE_3_C1
3738,063713105,3,NSE_3_C1,1,5330,NSE_3_C1
3739,020420901,3,NSE_3_C1,1,5330,NSE_3_C1
3740,068403901,3,NSE_3_C1,1,5330,NSE_3_C1
3741,020280109,3,NSE_3_C1,1,5330,NSE_3_C1
3742,020072503,3,NSE_3_C1,1,5330,NSE_3_C1
3743,064270809,3,NSE_3_C1,1,5330,NSE_3_C1
3744,068403113,3,NSE_3_C1,1,5330,NSE_3_C1
3745,067561514,3,NSE_3_C1,1,5330,NSE_3_C1
3746,064271605,3,NSE_3_C1,1,5330,NSE_3_C1
3747,064273012,3,NSE_3_C1,1,5330,NSE_3_C1
3748,020561608,3,NSE_3_C1,1,5330,NSE_3_C1
3749,020911502,3,NSE_3_C1,1,5330,NSE_3_C1
3750,020701502,3,NSE_3_C1,1,5330,NSE_3_C1
3751,067562410,3,NSE_3_C1,1,5330,NSE_3_C1
3752,064271604,3,NSE_3_C1,1,5330,NSE_3_C1
3753,020070701,3,NSE_3_C1,1,5330,NSE_3_C1
3754,020211508,3,NSE_3_C1,1,5330,NSE_3_C1
3755,064273404,3,NSE_3_C1,1,5330,NSE_3_C1
3756,067562804,3,NSE_3_C1,1,5330,NSE_3_C1
3757,020280607,3,NSE_3_C1,1,5330,NSE_3_C1
3758,020491710,3,NSE_3_C1,1,5330,NSE_3_C1
3759,020841509,3,NSE_3_C1,1,5330,NSE_3_C1
3760,068612204,3,NSE_3_C1,1,5330,NSE_3_C1
3761,067560901,3,NSE_3_C1,1,5330,NSE_3_C1
3762,020141804,3,NSE_3_C1,1,5330,NSE_3_C1
3763,020072001,3,NSE_3_C1,1,5330,NSE_3_C1
3764,020700408,3,NSE_3_C1,1,5330,NSE_3_C1
3765,068404201,3,NSE_3_C1,1,5330,NSE_3_C1
3766,020352206,3,NSE_3_C1,1,5330,NSE_3_C1
3767,064270608,3,NSE_3_C1,1,5330,NSE_3_C1
3768,065682709,3,NSE_3_C1,1,5330,NSE_3_C1
3769,064272805,3,NSE_3_C1,1,5330,NSE_3_C1
3770,020420103,3,NSE_3_C1,1,5330,NSE_3_C1
3771,020350809,3,NSE_3_C1,1,5330,NSE_3_C1
3772,020071410,3,NSE_3_C1,1,5330,NSE_3_C1
3773,063711006,3,NSE_3_C1,1,5330,NSE_3_C1
3774,020420511,3,NSE_3_C1,1,5330,NSE_3_C1
3775,021051108,3,NSE_3_C1,1,5330,NSE_3_C1
3776,065683603,3,NSE_3_C1,1,5330,NSE_3_C1
3777,065680707,3,NSE_3_C1,1,5330,NSE_3_C1
3778,020980705,3,NSE_3_C1,1,5330,NSE_3_C1
3779,020982507,3,NSE_3_C1,1,5330,NSE_3_C1
3780,067561512,3,NSE_3_C1,1,5330,NSE_3_C1
3781,020560907,3,NSE_3_C1,1,5330,NSE_3_C1
3782,064270403,3,NSE_3_C1,1,5330,NSE_3_C1
3783,068402107,3,NSE_3_C1,1,5330,NSE_3_C1
3784,020770706,3,NSE_3_C1,1,5330,NSE_3_C1
3785,020981402,3,NSE_3_C1,1,5330,NSE_3_C1
3786,020070222,3,NSE_3_C1,1,5330,NSE_3_C1
3787,020701206,3,NSE_3_C1,1,5330,NSE_3_C1
3788,063715107,3,NSE_3_C1,1,5330,NSE_3_C1
3789,068403809,3,NSE_3_C1,1,5330,NSE_3_C1
3790,021051210,3,NSE_3_C1,1,5330,NSE_3_C1
3791,020492009,3,NSE_3_C1,1,5330,NSE_3_C1
3792,020211104,3,NSE_3_C1,1,5330,NSE_3_C1
3793,020912709,3,NSE_3_C1,1,5330,NSE_3_C1
3794,065682710,3,NSE_3_C1,1,5330,NSE_3_C1
3795,064273201,3,NSE_3_C1,1,5330,NSE_3_C1
3796,020421201,3,NSE_3_C1,1,5330,NSE_3_C1
3797,021050604,3,NSE_3_C1,1,5330,NSE_3_C1
3798,020142513,3,NSE_3_C1,1,5330,NSE_3_C1
3799,020841905,3,NSE_3_C1,1,5330,NSE_3_C1
3800,020491509,3,NSE_3_C1,1,5330,NSE_3_C1
3801,020492211,3,NSE_3_C1,1,5330,NSE_3_C1
3802,063712201,3,NSE_3_C1,1,5330,NSE_3_C1
3803,020072310,3,NSE_3_C1,1,5330,NSE_3_C1
3804,020630503,3,NSE_3_C1,1,5330,NSE_3_C1
3805,020560808,3,NSE_3_C1,1,5330,NSE_3_C1
3806,020280604,3,NSE_3_C1,1,5330,NSE_3_C1
3807,067561202,3,NSE_3_C1,1,5330,NSE_3_C1
3808,021050309,3,NSE_3_C1,1,5330,NSE_3_C1
3809,064270615,3,NSE_3_C1,1,5330,NSE_3_C1
3810,020281903,3,NSE_3_C1,1,5330,NSE_3_C1
3811,068404003,3,NSE_3_C1,1,5330,NSE_3_C1
3812,020982704,3,NSE_3_C1,1,5330,NSE_3_C1
3813,064273604,3,NSE_3_C1,1,5330,NSE_3_C1
3814,021051701,3,NSE_3_C1,1,5330,NSE_3_C1
3815,020910407,3,NSE_3_C1,1,5330,NSE_3_C1
3816,068400907,3,NSE_3_C1,1,5330,NSE_3_C1
3817,021050702,3,NSE_3_C1,1,5330,NSE_3_C1
3818,020700607,3,NSE_3_C1,1,5330,NSE_3_C1
3819,020840511,3,NSE_3_C1,1,5330,NSE_3_C1
3820,020910306,3,NSE_3_C1,1,5330,NSE_3_C1
3821,065680413,3,NSE_3_C1,1,5330,NSE_3_C1
3822,020841304,3,NSE_3_C1,1,5330,NSE_3_C1
3823,021050413,3,NSE_3_C1,1,5330,NSE_3_C1
3824,067560907,3,NSE_3_C1,1,5330,NSE_3_C1
3825,064271612,3,NSE_3_C1,1,5330,NSE_3_C1
3826,020421501,3,NSE_3_C1,1,5330,NSE_3_C1
3827,020350402,3,NSE_3_C1,1,5330,NSE_3_C1
3828,068402806,3,NSE_3_C1,1,5330,NSE_3_C1
3829,020770804,3,NSE_3_C1,1,5330,NSE_3_C1
3830,020841113,3,NSE_3_C1,1,5330,NSE_3_C1
3831,021051406,3,NSE_3_C1,1,5330,NSE_3_C1
3832,020700303,3,NSE_3_C1,1,5330,NSE_3_C1
3833,020351004,3,NSE_3_C1,1,5330,NSE_3_C1
3834,063710906,3,NSE_3_C1,1,5330,NSE_3_C1
3835,021051505,3,NSE_3_C1,1,5330,NSE_3_C1
3836,020491301,3,NSE_3_C1,1,5330,NSE_3_C1
3837,064273015,3,NSE_3_C1,1,5330,NSE_3_C1
3838,020211905,3,NSE_3_C1,1,5330,NSE_3_C1
3839,064274404,3,NSE_3_C1,1,5330,NSE_3_C1
3840,020070706,3,NSE_3_C1,1,5330,NSE_3_C1
3841,064273101,3,NSE_3_C1,1,5330,NSE_3_C1
3842,068612309,3,NSE_3_C1,1,5330,NSE_3_C1
3843,020282003,3,NSE_3_C1,1,5330,NSE_3_C1
3844,020701301,3,NSE_3_C1,1,5330,NSE_3_C1
3845,068402409,3,NSE_3_C1,1,5330,NSE_3_C1
3846,063713011,3,NSE_3_C1,1,5330,NSE_3_C1
3847,020910902,3,NSE_3_C1,1,5330,NSE_3_C1
3848,067561210,3,NSE_3_C1,1,5330,NSE_3_C1
3849,020421801,3,NSE_3_C1,1,5330,NSE_3_C1
3850,020910305,3,NSE_3_C1,1,5330,NSE_3_C1
3851,020980610,3,NSE_3_C1,1,5330,NSE_3_C1
3852,020071003,3,NSE_3_C1,1,5330,NSE_3_C1
3853,020631506,3,NSE_3_C1,1,5330,NSE_3_C1
3854,020561008,3,NSE_3_C1,1,5330,NSE_3_C1
3855,020560408,3,NSE_3_C1,1,5330,NSE_3_C1
3856,068612310,3,NSE_3_C1,1,5330,NSE_3_C1
3857,020420302,3,NSE_3_C1,1,5330,NSE_3_C1
3858,020982402,3,NSE_3_C1,1,5330,NSE_3_C1
3859,020841605,3,NSE_3_C1,1,5330,NSE_3_C1
3860,021051209,3,NSE_3_C1,1,5330,NSE_3_C1
3861,064271905,3,NSE_3_C1,1,5330,NSE_3_C1
3862,020630407,3,NSE_3_C1,1,5330,NSE_3_C1
3863,020982506,3,NSE_3_C1,1,5330,NSE_3_C1
3864,020911106,3,NSE_3_C1,1,5330,NSE_3_C1
3865,020701409,3,NSE_3_C1,1,5330,NSE_3_C1
3866,063712602,3,NSE_3_C1,1,5330,NSE_3_C1
3867,068402908,3,NSE_3_C1,1,5330,NSE_3_C1
3868,020840806,3,NSE_3_C1,1,5330,NSE_3_C1
3869,020071501,3,NSE_3_C1,1,5330,NSE_3_C1
3870,020211608,3,NSE_3_C1,1,5330,NSE_3_C1
3871,020771502,3,NSE_3_C1,1,5330,NSE_3_C1
3872,020351808,3,NSE_3_C1,1,5330,NSE_3_C1
3873,020421706,3,NSE_3_C1,1,5330,NSE_3_C1
3874,020701509,3,NSE_3_C1,1,5330,NSE_3_C1
3875,064273906,3,NSE_3_C1,1,5330,NSE_3_C1
3876,067560202,3,NSE_3_C1,1,5330,NSE_3_C1
3877,020421704,3,NSE_3_C1,1,5330,NSE_3_C1
3878,020911302,3,NSE_3_C1,1,5330,NSE_3_C1
3879,068612606,3,NSE_3_C1,1,5330,NSE_3_C1
3880,064275007,3,NSE_3_C1,1,5330,NSE_3_C1
3881,020071805,3,NSE_3_C1,1,5330,NSE_3_C1
3882,067560201,3,NSE_3_C1,1,5330,NSE_3_C1
3883,064271419,3,NSE_3_C1,1,5330,NSE_3_C1
3884,020141707,3,NSE_3_C1,1,5330,NSE_3_C1
3885,020490704,3,NSE_3_C1,1,5330,NSE_3_C1
3886,020491604,3,NSE_3_C1,1,5330,NSE_3_C1
3887,068403003,3,NSE_3_C1,1,5330,NSE_3_C1
3888,068403706,3,NSE_3_C1,1,5330,NSE_3_C1
3889,020490203,3,NSE_3_C1,1,5330,NSE_3_C1
3890,068402909,3,NSE_3_C1,1,5330,NSE_3_C1
3891,020841402,3,NSE_3_C1,1,5330,NSE_3_C1
3892,068611703,3,NSE_3_C1,1,5330,NSE_3_C1
3893,020212206,3,NSE_3_C1,1,5330,NSE_3_C1
3894,067563510,3,NSE_3_C1,1,5330,NSE_3_C1
3895,020142511,3,NSE_3_C1,1,5330,NSE_3_C1
3896,063713802,3,NSE_3_C1,1,5330,NSE_3_C1
3897,020072206,3,NSE_3_C1,1,5330,NSE_3_C1
3898,020630707,3,NSE_3_C1,1,5330,NSE_3_C1
3899,064273309,3,NSE_3_C1,1,5330,NSE_3_C1
3900,063712008,3,NSE_3_C1,1,5330,NSE_3_C1
3901,063711208,3,NSE_3_C1,1,5330,NSE_3_C1
3902,020071603,3,NSE_3_C1,1,5330,NSE_3_C1
3903,020912508,3,NSE_3_C1,1,5330,NSE_3_C1
3904,020212304,3,NSE_3_C1,1,5330,NSE_3_C1
3905,020841611,3,NSE_3_C1,1,5330,NSE_3_C1
3906,064270405,3,NSE_3_C1,1,5330,NSE_3_C1
3907,020982102,3,NSE_3_C1,1,5330,NSE_3_C1
3908,020700503,3,NSE_3_C1,1,5330,NSE_3_C1
3909,064273615,3,NSE_3_C1,1,5330,NSE_3_C1
3910,064270807,3,NSE_3_C1,1,5330,NSE_3_C1
3911,021051708,3,NSE_3_C1,1,5330,NSE_3_C1
3912,020280210,3,NSE_3_C1,1,5330,NSE_3_C1
3913,020842207,3,NSE_3_C1,1,5330,NSE_3_C1
3914,063711101,3,NSE_3_C1,1,5330,NSE_3_C1
3915,063711303,3,NSE_3_C1,1,5330,NSE_3_C1
3916,020630403,3,NSE_3_C1,1,5330,NSE_3_C1
3917,020840805,3,NSE_3_C1,1,5330,NSE_3_C1
3918,020142002,3,NSE_3_C1,1,5330,NSE_3_C1
3919,020771806,3,NSE_3_C1,1,5330,NSE_3_C1
3920,020210807,3,NSE_3_C1,1,5330,NSE_3_C1
3921,020980103,3,NSE_3_C1,1,5330,NSE_3_C1
3922,064270706,3,NSE_3_C1,1,5330,NSE_3_C1
3923,020910504,3,NSE_3_C1,1,5330,NSE_3_C1
3924,020771309,3,NSE_3_C1,1,5330,NSE_3_C1
3925,063711211,3,NSE_3_C1,1,5330,NSE_3_C1
3926,064272008,3,NSE_3_C1,1,5330,NSE_3_C1
3927,020490505,3,NSE_3_C1,1,5330,NSE_3_C1
3928,020770307,3,NSE_3_C1,1,5330,NSE_3_C1
3929,065681704,3,NSE_3_C1,1,5330,NSE_3_C1
3930,064271602,3,NSE_3_C1,1,5330,NSE_3_C1
3931,068612901,3,NSE_3_C1,1,5330,NSE_3_C1
3932,020420713,3,NSE_3_C1,1,5330,NSE_3_C1
3933,020281706,3,NSE_3_C1,1,5330,NSE_3_C1
3934,020771402,3,NSE_3_C1,1,5330,NSE_3_C1
3935,020072308,3,NSE_3_C1,1,5330,NSE_3_C1
3936,064276302,3,NSE_3_C1,1,5330,NSE_3_C1
3937,065681710,3,NSE_3_C1,1,5330,NSE_3_C1
3938,020351005,3,NSE_3_C1,1,5330,NSE_3_C1
3939,020630801,3,NSE_3_C1,1,5330,NSE_3_C1
3940,068401012,3,NSE_3_C1,1,5330,NSE_3_C1
3941,064272404,3,NSE_3_C1,1,5330,NSE_3_C1
3942,020210507,3,NSE_3_C1,1,5330,NSE_3_C1
3943,020910103,3,NSE_3_C1,1,5330,NSE_3_C1
3944,020492214,3,NSE_3_C1,1,5330,NSE_3_C1
3945,020211102,3,NSE_3_C1,1,5330,NSE_3_C1
3946,020420309,3,NSE_3_C1,1,5330,NSE_3_C1
3947,020212601,3,NSE_3_C1,1,5330,NSE_3_C1
3948,020351102,3,NSE_3_C1,1,5330,NSE_3_C1
3949,068401212,3,NSE_3_C1,1,5330,NSE_3_C1
3950,063714708,3,NSE_3_C1,1,5330,NSE_3_C1
3951,068610804,3,NSE_3_C1,1,5330,NSE_3_C1
3952,064273002,3,NSE_3_C1,1,5330,NSE_3_C1
3953,020210706,3,NSE_3_C1,1,5330,NSE_3_C1
3954,068402306,3,NSE_3_C1,1,5330,NSE_3_C1
3955,020351207,3,NSE_3_C1,1,5330,NSE_3_C1
3956,064270603,3,NSE_3_C1,1,5330,NSE_3_C1
3957,020631409,3,NSE_3_C1,1,5330,NSE_3_C1
3958,068401601,3,NSE_3_C1,1,5330,NSE_3_C1
3959,068401408,3,NSE_3_C1,1,5330,NSE_3_C1
3960,021050201,3,NSE_3_C1,1,5330,NSE_3_C1
3961,065683912,3,NSE_3_C1,1,5330,NSE_3_C1
3962,020491108,3,NSE_3_C1,1,5330,NSE_3_C1
3963,068610104,3,NSE_3_C1,1,5330,NSE_3_C1
3964,020912605,3,NSE_3_C1,1,5330,NSE_3_C1
3965,068404106,3,NSE_3_C1,1,5330,NSE_3_C1
3966,020210103,3,NSE_3_C1,1,5330,NSE_3_C1
3967,067562905,3,NSE_3_C1,1,5330,NSE_3_C1
3968,068612910,3,NSE_3_C1,1,5330,NSE_3_C1
3969,020352102,3,NSE_3_C1,1,5330,NSE_3_C1
3970,067561204,3,NSE_3_C1,1,5330,NSE_3_C1
3971,020492309,3,NSE_3_C1,1,5330,NSE_3_C1
3972,065681510,3,NSE_3_C1,1,5330,NSE_3_C1
3973,065680706,3,NSE_3_C1,1,5330,NSE_3_C1
3974,064273413,3,NSE_3_C1,1,5330,NSE_3_C1
3975,068610103,3,NSE_3_C1,1,5330,NSE_3_C1
3976,064271403,3,NSE_3_C1,1,5330,NSE_3_C1
3977,020700701,3,NSE_3_C1,1,5330,NSE_3_C1
3978,020982205,3,NSE_3_C1,1,5330,NSE_3_C1
3979,021051114,3,NSE_3_C1,1,5330,NSE_3_C1
3980,063711106,3,NSE_3_C1,1,5330,NSE_3_C1
3981,020701202,3,NSE_3_C1,1,5330,NSE_3_C1
3982,020560511,3,NSE_3_C1,1,5330,NSE_3_C1
3983,020491009,3,NSE_3_C1,1,5330,NSE_3_C1
3984,064272308,3,NSE_3_C1,1,5330,NSE_3_C1
3985,020351910,3,NSE_3_C1,1,5330,NSE_3_C1
3986,068610208,3,NSE_3_C1,1,5330,NSE_3_C1
3987,068403408,3,NSE_3_C1,1,5330,NSE_3_C1
3988,020071110,3,NSE_3_C1,1,5330,NSE_3_C1
3989,020491110,3,NSE_3_C1,1,5330,NSE_3_C1
3990,020072701,3,NSE_3_C1,1,5330,NSE_3_C1
3991,020770908,3,NSE_3_C1,1,5330,NSE_3_C1
3992,064270711,3,NSE_3_C1,1,5330,NSE_3_C1
3993,068612602,3,NSE_3_C1,1,5330,NSE_3_C1
3994,020071213,3,NSE_3_C1,1,5330,NSE_3_C1
3995,063712002,3,NSE_3_C1,1,5330,NSE_3_C1
3996,020281407,3,NSE_3_C1,1,5330,NSE_3_C1
3997,020491005,3,NSE_3_C1,1,5330,NSE_3_C1
3998,021050904,3,NSE_3_C1,1,5330,NSE_3_C1
3999,020071702,3,NSE_3_C1,1,5330,NSE_3_C1
4000,020771609,3,NSE_3_C1,1,5330,NSE_3_C1
4001,020351304,3,NSE_3_C1,1,5330,NSE_3_C1
4002,021051109,3,NSE_3_C1,1,5330,NSE_3_C1
4003,020281207,3,NSE_3_C1,1,5330,NSE_3_C1
4004,020073007,3,NSE_3_C1,1,5330,NSE_3_C1
4005,020840713,3,NSE_3_C1,1,5330,NSE_3_C1
4006,065683703,3,NSE_3_C1,1,5330,NSE_3_C1
4007,020072803,3,NSE_3_C1,1,5330,NSE_3_C1
4008,020560702,3,NSE_3_C1,1,5330,NSE_3_C1
4009,020910411,3,NSE_3_C1,1,5330,NSE_3_C1
4010,063712105,3,NSE_3_C1,1,5330,NSE_3_C1
4011,063711412,3,NSE_3_C1,1,5330,NSE_3_C1
4012,064277012,3,NSE_3_C1,1,5330,NSE_3_C1
4013,020352009,3,NSE_3_C1,1,5330,NSE_3_C1
4014,063714403,3,NSE_3_C1,1,5330,NSE_3_C1
4015,020771010,3,NSE_3_C1,1,5330,NSE_3_C1
4016,020841306,3,NSE_3_C1,1,5330,NSE_3_C1
4017,068610904,3,NSE_3_C1,1,5330,NSE_3_C1
4018,064273411,3,NSE_3_C1,1,5330,NSE_3_C1
4019,064272912,3,NSE_3_C1,1,5330,NSE_3_C1
4020,020072403,3,NSE_3_C1,1,5330,NSE_3_C1
4021,020282212,3,NSE_3_C1,1,5330,NSE_3_C1
4022,064272408,3,NSE_3_C1,1,5330,NSE_3_C1
4023,020141606,3,NSE_3_C1,1,5330,NSE_3_C1
4024,020630411,3,NSE_3_C1,1,5330,NSE_3_C1
4025,068610914,3,NSE_3_C1,1,5330,NSE_3_C1
4026,020071206,3,NSE_3_C1,1,5330,NSE_3_C1
4027,063710706,3,NSE_3_C1,1,5330,NSE_3_C1
4028,020980605,3,NSE_3_C1,1,5330,NSE_3_C1
4029,020282306,3,NSE_3_C1,1,5330,NSE_3_C1
4030,020560604,3,NSE_3_C1,1,5330,NSE_3_C1
4031,020280408,3,NSE_3_C1,1,5330,NSE_3_C1
4032,065682204,3,NSE_3_C1,1,5330,NSE_3_C1
4033,020911201,3,NSE_3_C1,1,5330,NSE_3_C1
4034,020280508,3,NSE_3_C1,1,5330,NSE_3_C1
4035,020841004,3,NSE_3_C1,1,5330,NSE_3_C1
4036,020072102,3,NSE_3_C1,1,5330,NSE_3_C1
4037,065680103,3,NSE_3_C1,1,5330,NSE_3_C1
4038,064273616,3,NSE_3_C1,1,5330,NSE_3_C1
4039,020212503,3,NSE_3_C1,1,5330,NSE_3_C1
4040,067560605,3,NSE_3_C1,1,5330,NSE_3_C1
4041,065680203,3,NSE_3_C1,1,5330,NSE_3_C1
4042,020840304,3,NSE_3_C1,1,5330,NSE_3_C1
4043,020420507,3,NSE_3_C1,1,5330,NSE_3_C1
4044,020071316,3,NSE_3_C1,1,5330,NSE_3_C1
4045,067562507,3,NSE_3_C1,1,5330,NSE_3_C1
4046,020140803,3,NSE_3_C1,1,5330,NSE_3_C1
4047,020841812,3,NSE_3_C1,1,5330,NSE_3_C1
4048,020282706,3,NSE_3_C1,1,5330,NSE_3_C1
4049,068400902,3,NSE_3_C1,1,5330,NSE_3_C1
4050,020910706,3,NSE_3_C1,1,5330,NSE_3_C1
4051,020491205,3,NSE_3_C1,1,5330,NSE_3_C1
4052,068403401,3,NSE_3_C1,1,5330,NSE_3_C1
4053,065681404,3,NSE_3_C1,1,5330,NSE_3_C1
4054,064272910,3,NSE_3_C1,1,5330,NSE_3_C1
4055,065683305,3,NSE_3_C1,1,5330,NSE_3_C1
4056,020841904,3,NSE_3_C1,1,5330,NSE_3_C1
4057,020700907,3,NSE_3_C1,1,5330,NSE_3_C1
4058,020771302,3,NSE_3_C1,1,5330,NSE_3_C1
4059,021050808,3,NSE_3_C1,1,5330,NSE_3_C1
4060,065682005,3,NSE_3_C1,1,5330,NSE_3_C1
4061,068403907,3,NSE_3_C1,1,5330,NSE_3_C1
4062,064271722,3,NSE_3_C1,1,5330,NSE_3_C1
4063,020490111,3,NSE_3_C1,1,5330,NSE_3_C1
4064,068402712,3,NSE_3_C1,1,5330,NSE_3_C1
4065,064270708,3,NSE_3_C1,1,5330,NSE_3_C1
4066,021050409,3,NSE_3_C1,1,5330,NSE_3_C1
4067,020071104,3,NSE_3_C1,1,5330,NSE_3_C1
4068,020700903,3,NSE_3_C1,1,5330,NSE_3_C1
4069,020072511,3,NSE_3_C1,1,5330,NSE_3_C1
4070,020351107,3,NSE_3_C1,1,5330,NSE_3_C1
4071,020982004,3,NSE_3_C1,1,5330,NSE_3_C1
4072,020981808,3,NSE_3_C1,1,5330,NSE_3_C1
4073,064274410,3,NSE_3_C1,1,5330,NSE_3_C1
4074,068401103,3,NSE_3_C1,1,5330,NSE_3_C1
4075,020072904,3,NSE_3_C1,1,5330,NSE_3_C1
4076,020840509,3,NSE_3_C1,1,5330,NSE_3_C1
4077,020561003,3,NSE_3_C1,1,5330,NSE_3_C1
4078,020420112,3,NSE_3_C1,1,5330,NSE_3_C1
4079,020282202,3,NSE_3_C1,1,5330,NSE_3_C1
4080,020071406,3,NSE_3_C1,1,5330,NSE_3_C1
4081,064270217,3,NSE_3_C1,1,5330,NSE_3_C1
4082,020351708,3,NSE_3_C1,1,5330,NSE_3_C1
4083,067562904,3,NSE_3_C1,1,5330,NSE_3_C1
4084,021052002,3,NSE_3_C1,1,5330,NSE_3_C1
4085,020840702,3,NSE_3_C1,1,5330,NSE_3_C1
4086,020840707,3,NSE_3_C1,1,5330,NSE_3_C1
4087,020911611,3,NSE_3_C1,1,5330,NSE_3_C1
4088,020070220,3,NSE_3_C1,1,5330,NSE_3_C1
4089,020210909,3,NSE_3_C1,1,5330,NSE_3_C1
4090,065681702,3,NSE_3_C1,1,5330,NSE_3_C1
4091,020630810,3,NSE_3_C1,1,5330,NSE_3_C1
4092,021051509,3,NSE_3_C1,1,5330,NSE_3_C1
4093,020352003,3,NSE_3_C1,1,5330,NSE_3_C1
4094,068611506,3,NSE_3_C1,1,5330,NSE_3_C1
4095,068402105,3,NSE_3_C1,1,5330,NSE_3_C1
4096,020841903,3,NSE_3_C1,1,5330,NSE_3_C1
4097,065682401,3,NSE_3_C1,1,5330,NSE_3_C1
4098,020490908,3,NSE_3_C1,1,5330,NSE_3_C1
4099,063715106,3,NSE_3_C1,1,5330,NSE_3_C1
4100,067560401,3,NSE_3_C1,1,5330,NSE_3_C1
4101,020771202,3,NSE_3_C1,1,5330,NSE_3_C1
4102,020282002,3,NSE_3_C1,1,5330,NSE_3_C1
4103,063711213,3,NSE_3_C1,1,5330,NSE_3_C1
4104,020772007,3,NSE_3_C1,1,5330,NSE_3_C1
4105,020072401,3,NSE_3_C1,1,5330,NSE_3_C1
4106,020700202,3,NSE_3_C1,1,5330,NSE_3_C1
4107,020771908,3,NSE_3_C1,1,5330,NSE_3_C1
4108,068611804,3,NSE_3_C1,1,5330,NSE_3_C1
4109,021050306,3,NSE_3_C1,1,5330,NSE_3_C1
4110,020701307,3,NSE_3_C1,1,5330,NSE_3_C1
4111,020072210,3,NSE_3_C1,1,5330,NSE_3_C1
4112,020211205,3,NSE_3_C1,1,5330,NSE_3_C1
4113,065680411,3,NSE_3_C1,1,5330,NSE_3_C1
4114,021050809,3,NSE_3_C1,1,5330,NSE_3_C1
4115,021051501,3,NSE_3_C1,1,5330,NSE_3_C1
4116,065682712,3,NSE_3_C1,1,5330,NSE_3_C1
4117,064271511,3,NSE_3_C1,1,5330,NSE_3_C1
4118,020840603,3,NSE_3_C1,1,5330,NSE_3_C1
4119,020211407,3,NSE_3_C1,1,5330,NSE_3_C1
4120,065681904,3,NSE_3_C1,1,5330,NSE_3_C1
4121,067562806,3,NSE_3_C1,1,5330,NSE_3_C1
4122,064271503,3,NSE_3_C1,1,5330,NSE_3_C1
4123,068612004,3,NSE_3_C1,1,5330,NSE_3_C1
4124,020491510,3,NSE_3_C1,1,5330,NSE_3_C1
4125,020631208,3,NSE_3_C1,1,5330,NSE_3_C1
4126,068610311,3,NSE_3_C1,1,5330,NSE_3_C1
4127,020351206,3,NSE_3_C1,1,5330,NSE_3_C1
4128,020770410,3,NSE_3_C1,1,5330,NSE_3_C1
4129,068612706,3,NSE_3_C1,1,5330,NSE_3_C1
4130,020771808,3,NSE_3_C1,1,5330,NSE_3_C1
4131,020700605,3,NSE_3_C1,1,5330,NSE_3_C1
4132,020071405,3,NSE_3_C1,1,5330,NSE_3_C1
4133,020911803,3,NSE_3_C1,1,5330,NSE_3_C1
4134,068402410,3,NSE_3_C1,1,5330,NSE_3_C1
4135,068402401,3,NSE_3_C1,1,5330,NSE_3_C1
4136,068400701,3,NSE_3_C1,1,5330,NSE_3_C1
4137,064272402,3,NSE_3_C1,1,5330,NSE_3_C1
4138,065680501,3,NSE_3_C1,1,5330,NSE_3_C1
4139,020700301,3,NSE_3_C1,1,5330,NSE_3_C1
4140,064275116,3,NSE_3_C1,1,5330,NSE_3_C1
4141,067561408,3,NSE_3_C1,1,5330,NSE_3_C1
4142,020842208,3,NSE_3_C1,1,5330,NSE_3_C1
4143,020631201,3,NSE_3_C1,1,5330,NSE_3_C1
4144,021051908,3,NSE_3_C1,1,5330,NSE_3_C1
4145,020070909,3,NSE_3_C1,1,5330,NSE_3_C1
4146,020630312,3,NSE_3_C1,1,5330,NSE_3_C1
4147,020841704,3,NSE_3_C1,1,5330,NSE_3_C1
4148,020420603,3,NSE_3_C1,1,5330,NSE_3_C1
4149,068612307,3,NSE_3_C1,1,5330,NSE_3_C1
4150,065682801,3,NSE_3_C1,1,5330,NSE_3_C1
4151,020841514,3,NSE_3_C1,1,5330,NSE_3_C1
4152,020281708,3,NSE_3_C1,1,5330,NSE_3_C1
4153,021051506,3,NSE_3_C1,1,5330,NSE_3_C1
4154,020281606,3,NSE_3_C1,1,5330,NSE_3_C1
4155,020771608,3,NSE_3_C1,1,5330,NSE_3_C1
4156,064272812,3,NSE_3_C1,1,5330,NSE_3_C1
4157,020630606,3,NSE_3_C1,1,5330,NSE_3_C1
4158,064276206,3,NSE_3_C1,1,5330,NSE_3_C1
4159,064274612,3,NSE_3_C1,1,5330,NSE_3_C1
4160,064272005,3,NSE_3_C1,1,5330,NSE_3_C1
4161,020071101,3,NSE_3_C1,1,5330,NSE_3_C1
4162,068403904,3,NSE_3_C1,1,5330,NSE_3_C1
4163,064270310,3,NSE_3_C1,1,5330,NSE_3_C1
4164,067562309,3,NSE_3_C1,1,5330,NSE_3_C1
4165,020560404,3,NSE_3_C1,1,5330,NSE_3_C1
4166,020420806,3,NSE_3_C1,1,5330,NSE_3_C1
4167,020770502,3,NSE_3_C1,1,5330,NSE_3_C1
4168,020210405,3,NSE_3_C1,1,5330,NSE_3_C1
4169,020280311,3,NSE_3_C1,1,5330,NSE_3_C1
4170,020070307,3,NSE_3_C1,1,5330,NSE_3_C1
4171,021050109,3,NSE_3_C1,1,5330,NSE_3_C1
4172,020630308,3,NSE_3_C1,1,5330,NSE_3_C1
4173,020700509,3,NSE_3_C1,1,5330,NSE_3_C1
4174,020280104,3,NSE_3_C1,1,5330,NSE_3_C1
4175,063711305,3,NSE_3_C1,1,5330,NSE_3_C1
4176,020491209,3,NSE_3_C1,1,5330,NSE_3_C1
4177,020560302,3,NSE_3_C1,1,5330,NSE_3_C1
4178,020772211,3,NSE_3_C1,1,5330,NSE_3_C1
4179,063714905,3,NSE_3_C1,1,5330,NSE_3_C1
4180,021050202,3,NSE_3_C1,1,5330,NSE_3_C1
4181,064272514,3,NSE_3_C1,1,5330,NSE_3_C1
4182,020630201,3,NSE_3_C1,1,5330,NSE_3_C1
4183,020770302,3,NSE_3_C1,1,5330,NSE_3_C1
4184,020700702,3,NSE_3_C1,1,5330,NSE_3_C1
4185,064274505,3,NSE_3_C1,1,5330,NSE_3_C1
4186,065680910,3,NSE_3_C1,1,5330,NSE_3_C1
4187,020071706,3,NSE_3_C1,1,5330,NSE_3_C1
4188,064273507,3,NSE_3_C1,1,5330,NSE_3_C1
4189,063711906,3,NSE_3_C1,1,5330,NSE_3_C1
4190,020772202,3,NSE_3_C1,1,5330,NSE_3_C1
4191,020910601,3,NSE_3_C1,1,5330,NSE_3_C1
4192,067562608,3,NSE_3_C1,1,5330,NSE_3_C1
4193,065681706,3,NSE_3_C1,1,5330,NSE_3_C1
4194,064275507,3,NSE_3_C1,1,5330,NSE_3_C1
4195,065683208,3,NSE_3_C1,1,5330,NSE_3_C1
4196,020070804,3,NSE_3_C1,1,5330,NSE_3_C1
4197,020771505,3,NSE_3_C1,1,5330,NSE_3_C1
4198,064271307,3,NSE_3_C1,1,5330,NSE_3_C1
4199,020141806,3,NSE_3_C1,1,5330,NSE_3_C1
4200,020840706,3,NSE_3_C1,1,5330,NSE_3_C1
4201,064274507,3,NSE_3_C1,1,5330,NSE_3_C1
4202,068401302,3,NSE_3_C1,1,5330,NSE_3_C1
4203,020490403,3,NSE_3_C1,1,5330,NSE_3_C1
4204,064275515,3,NSE_3_C1,1,5330,NSE_3_C1
4205,068401203,3,NSE_3_C1,1,5330,NSE_3_C1
4206,020560807,3,NSE_3_C1,1,5330,NSE_3_C1
4207,020071107,3,NSE_3_C1,1,5330,NSE_3_C1
4208,064270913,3,NSE_3_C1,1,5330,NSE_3_C1
4209,020631105,3,NSE_3_C1,1,5330,NSE_3_C1
4210,020420407,3,NSE_3_C1,1,5330,NSE_3_C1
4211,020142503,3,NSE_3_C1,1,5330,NSE_3_C1
4212,065681304,3,NSE_3_C1,1,5330,NSE_3_C1
4213,020840402,3,NSE_3_C1,1,5330,NSE_3_C1
4214,020491201,3,NSE_3_C1,1,5330,NSE_3_C1
4215,020701102,3,NSE_3_C1,1,5330,NSE_3_C1
4216,020490905,3,NSE_3_C1,1,5330,NSE_3_C1
4217,065681701,3,NSE_3_C1,1,5330,NSE_3_C1
4218,068612904,3,NSE_3_C1,1,5330,NSE_3_C1
4219,020280809,3,NSE_3_C1,1,5330,NSE_3_C1
4220,020910102,3,NSE_3_C1,1,5330,NSE_3_C1
4221,020631206,3,NSE_3_C1,1,5330,NSE_3_C1
4222,020631507,3,NSE_3_C1,1,5330,NSE_3_C1
4223,020842002,3,NSE_3_C1,1,5330,NSE_3_C1
4224,065681708,3,NSE_3_C1,1,5330,NSE_3_C1
4225,020280102,3,NSE_3_C1,1,5330,NSE_3_C1
4226,021051703,3,NSE_3_C1,1,5330,NSE_3_C1
4227,020280904,3,NSE_3_C1,1,5330,NSE_3_C1
4228,020142201,3,NSE_3_C1,1,5330,NSE_3_C1
4229,063712702,3,NSE_3_C1,1,5330,NSE_3_C1
4230,064274513,3,NSE_3_C1,1,5330,NSE_3_C1
4231,068401003,3,NSE_3_C1,1,5330,NSE_3_C1
4232,020350209,3,NSE_3_C1,1,5330,NSE_3_C1
4233,065683408,3,NSE_3_C1,1,5330,NSE_3_C1
4234,068400504,3,NSE_3_C1,1,5330,NSE_3_C1
4235,020351301,3,NSE_3_C1,1,5330,NSE_3_C1
4236,020840403,3,NSE_3_C1,1,5330,NSE_3_C1
4237,020841602,3,NSE_3_C1,1,5330,NSE_3_C1
4238,064271901,3,NSE_3_C1,1,5330,NSE_3_C1
4239,068613208,3,NSE_3_C1,1,5330,NSE_3_C1
4240,020072405,3,NSE_3_C1,1,5330,NSE_3_C1
4241,063712805,3,NSE_3_C1,1,5330,NSE_3_C1
4242,064272609,3,NSE_3_C1,1,5330,NSE_3_C1
4243,020840404,3,NSE_3_C1,1,5330,NSE_3_C1
4244,064272703,3,NSE_3_C1,1,5330,NSE_3_C1
4245,020630504,3,NSE_3_C1,1,5330,NSE_3_C1
4246,020911207,3,NSE_3_C1,1,5330,NSE_3_C1
4247,068613011,3,NSE_3_C1,1,5330,NSE_3_C1
4248,020210212,3,NSE_3_C1,1,5330,NSE_3_C1
4249,064273211,3,NSE_3_C1,1,5330,NSE_3_C1
4250,068612802,3,NSE_3_C1,1,5330,NSE_3_C1
4251,020912406,3,NSE_3_C1,1,5330,NSE_3_C1
4252,020280403,3,NSE_3_C1,1,5330,NSE_3_C1
4253,065682003,3,NSE_3_C1,1,5330,NSE_3_C1
4254,065681711,3,NSE_3_C1,1,5330,NSE_3_C1
4255,020142102,3,NSE_3_C1,1,5330,NSE_3_C1
4256,020912304,3,NSE_3_C1,1,5330,NSE_3_C1
4257,021051115,3,NSE_3_C1,1,5330,NSE_3_C1
4258,065680506,3,NSE_3_C1,1,5330,NSE_3_C1
4259,067562010,3,NSE_3_C1,1,5330,NSE_3_C1
4260,020212603,3,NSE_3_C1,1,5330,NSE_3_C1
4261,068403206,3,NSE_3_C1,1,5330,NSE_3_C1
4262,063711804,3,NSE_3_C1,1,5330,NSE_3_C1
4263,068404203,3,NSE_3_C1,1,5330,NSE_3_C1
4264,067561701,3,NSE_3_C1,1,5330,NSE_3_C1
4265,020770806,3,NSE_3_C1,1,5330,NSE_3_C1
4266,068401511,3,NSE_3_C1,1,5330,NSE_3_C1
4267,020981311,3,NSE_3_C1,1,5330,NSE_3_C1
4268,068611101,3,NSE_3_C1,1,5330,NSE_3_C1
4269,020071503,3,NSE_3_C1,1,5330,NSE_3_C1
4270,064271701,3,NSE_3_C1,1,5330,NSE_3_C1
4271,020912701,3,NSE_3_C1,1,5330,NSE_3_C1
4272,064271417,3,NSE_3_C1,1,5330,NSE_3_C1
4273,020351706,3,NSE_3_C1,1,5330,NSE_3_C1
4274,068612308,3,NSE_3_C1,1,5330,NSE_3_C1
4275,020070920,3,NSE_3_C1,1,5330,NSE_3_C1
4276,068400511,3,NSE_3_C1,1,5330,NSE_3_C1
4277,020631508,3,NSE_3_C1,1,5330,NSE_3_C1
4278,064270801,3,NSE_3_C1,1,5330,NSE_3_C1
4279,065681902,3,NSE_3_C1,1,5330,NSE_3_C1
4280,063712604,3,NSE_3_C1,1,5330,NSE_3_C1
4281,020421209,3,NSE_3_C1,1,5330,NSE_3_C1
4282,020280606,3,NSE_3_C1,1,5330,NSE_3_C1
4283,020212504,3,NSE_3_C1,1,5330,NSE_3_C1
4284,068612209,3,NSE_3_C1,1,5330,NSE_3_C1
4285,063715001,3,NSE_3_C1,1,5330,NSE_3_C1
4286,064273901,3,NSE_3_C1,1,5330,NSE_3_C1
4287,063711005,3,NSE_3_C1,1,5330,NSE_3_C1
4288,020210701,3,NSE_3_C1,1,5330,NSE_3_C1
4289,068610107,3,NSE_3_C1,1,5330,NSE_3_C1
4290,068402302,3,NSE_3_C1,1,5330,NSE_3_C1
4291,020211208,3,NSE_3_C1,1,5330,NSE_3_C1
4292,020841612,3,NSE_3_C1,1,5330,NSE_3_C1
4293,067561705,3,NSE_3_C1,1,5330,NSE_3_C1
4294,020772103,3,NSE_3_C1,1,5330,NSE_3_C1
4295,020422102,3,NSE_3_C1,1,5330,NSE_3_C1
4296,020141907,3,NSE_3_C1,1,5330,NSE_3_C1
4297,020631111,3,NSE_3_C1,1,5330,NSE_3_C1
4298,020142105,3,NSE_3_C1,1,5330,NSE_3_C1
4299,020211708,3,NSE_3_C1,1,5330,NSE_3_C1
4300,020840608,3,NSE_3_C1,1,5330,NSE_3_C1
4301,020282106,3,NSE_3_C1,1,5330,NSE_3_C1
4302,020072207,3,NSE_3_C1,1,5330,NSE_3_C1
4303,020280507,3,NSE_3_C1,1,5330,NSE_3_C1
4304,068403801,3,NSE_3_C1,1,5330,NSE_3_C1
4305,068611411,3,NSE_3_C1,1,5330,NSE_3_C1
4306,020770406,3,NSE_3_C1,1,5330,NSE_3_C1
4307,065681409,3,NSE_3_C1,1,5330,NSE_3_C1
4308,068403012,3,NSE_3_C1,1,5330,NSE_3_C1
4309,065683807,3,NSE_3_C1,1,5330,NSE_3_C1
4310,063714408,3,NSE_3_C1,1,5330,NSE_3_C1
4311,065684005,3,NSE_3_C1,1,5330,NSE_3_C1
4312,063713107,3,NSE_3_C1,1,5330,NSE_3_C1
4313,020491308,3,NSE_3_C1,1,5330,NSE_3_C1
4314,067562801,3,NSE_3_C1,1,5330,NSE_3_C1
4315,020982407,3,NSE_3_C1,1,5330,NSE_3_C1
4316,021051807,3,NSE_3_C1,1,5330,NSE_3_C1
4317,020212209,3,NSE_3_C1,1,5330,NSE_3_C1
4318,020911607,3,NSE_3_C1,1,5330,NSE_3_C1
4319,020840207,3,NSE_3_C1,1,5330,NSE_3_C1
4320,021051903,3,NSE_3_C1,1,5330,NSE_3_C1
4321,020212401,3,NSE_3_C1,1,5330,NSE_3_C1
4322,068401805,3,NSE_3_C1,1,5330,NSE_3_C1
4323,020280306,3,NSE_3_C1,1,5330,NSE_3_C1
4324,068611604,3,NSE_3_C1,1,5330,NSE_3_C1
4325,063713402,3,NSE_3_C1,1,5330,NSE_3_C1
4326,021051911,3,NSE_3_C1,1,5330,NSE_3_C1
4327,068401011,3,NSE_3_C1,1,5330,NSE_3_C1
4328,064273511,3,NSE_3_C1,1,5330,NSE_3_C1
4329,063711205,3,NSE_3_C1,1,5330,NSE_3_C1
4330,063712904,3,NSE_3_C1,1,5330,NSE_3_C1
4331,020490311,3,NSE_3_C1,1,5330,NSE_3_C1
4332,020771805,3,NSE_3_C1,1,5330,NSE_3_C1
4333,020631511,3,NSE_3_C1,1,5330,NSE_3_C1
4334,020701903,3,NSE_3_C1,1,5330,NSE_3_C1
4335,020980501,3,NSE_3_C1,1,5330,NSE_3_C1
4336,020212506,3,NSE_3_C1,1,5330,NSE_3_C1
4337,020770901,3,NSE_3_C1,1,5330,NSE_3_C1
4338,067562903,3,NSE_3_C1,1,5330,NSE_3_C1
4339,068402508,3,NSE_3_C1,1,5330,NSE_3_C1
4340,063710903,3,NSE_3_C1,1,5330,NSE_3_C1
4341,020700704,3,NSE_3_C1,1,5330,NSE_3_C1
4342,020421009,3,NSE_3_C1,1,5330,NSE_3_C1
4343,020142509,3,NSE_3_C1,1,5330,NSE_3_C1
4344,065681604,3,NSE_3_C1,1,5330,NSE_3_C1
4345,020070902,3,NSE_3_C1,1,5330,NSE_3_C1
4346,020141902,3,NSE_3_C1,1,5330,NSE_3_C1
4347,064272513,3,NSE_3_C1,1,5330,NSE_3_C1
4348,020561704,3,NSE_3_C1,1,5330,NSE_3_C1
4349,068612306,3,NSE_3_C1,1,5330,NSE_3_C1
4350,064272802,3,NSE_3_C1,1,5330,NSE_3_C1
4351,063711801,3,NSE_3_C1,1,5330,NSE_3_C1
4352,064270104,3,NSE_3_C1,1,5330,NSE_3_C1
4353,063714809,3,NSE_3_C1,1,5330,NSE_3_C1
4354,020841613,3,NSE_3_C1,1,5330,NSE_3_C1
4355,020350508,3,NSE_3_C1,1,5330,NSE_3_C1
4356,068613203,3,NSE_3_C1,1,5330,NSE_3_C1
4357,064272913,3,NSE_3_C1,1,5330,NSE_3_C1
4358,020560806,3,NSE_3_C1,1,5330,NSE_3_C1
4359,020630611,3,NSE_3_C1,1,5330,NSE_3_C1
4360,063712705,3,NSE_3_C1,1,5330,NSE_3_C1
4361,064273510,3,NSE_3_C1,1,5330,NSE_3_C1
4362,068404004,3,NSE_3_C1,1,5330,NSE_3_C1
4363,020492002,3,NSE_3_C1,1,5330,NSE_3_C1
4364,020491607,3,NSE_3_C1,1,5330,NSE_3_C1
4365,063710902,3,NSE_3_C1,1,5330,NSE_3_C1
4366,020631601,3,NSE_3_C1,1,5330,NSE_3_C1
4367,064275110,3,NSE_3_C1,1,5330,NSE_3_C1
4368,063711707,3,NSE_3_C1,1,5330,NSE_3_C1
4369,064272405,3,NSE_3_C1,1,5330,NSE_3_C1
4370,020630507,3,NSE_3_C1,1,5330,NSE_3_C1
4371,064272011,3,NSE_3_C1,1,5330,NSE_3_C1
4372,067562902,3,NSE_3_C1,1,5330,NSE_3_C1
4373,064273614,3,NSE_3_C1,1,5330,NSE_3_C1
4374,068400706,3,NSE_3_C1,1,5330,NSE_3_C1
4375,020282107,3,NSE_3_C1,1,5330,NSE_3_C1
4376,020350602,3,NSE_3_C1,1,5330,NSE_3_C1
4377,020631613,3,NSE_3_C1,1,5330,NSE_3_C1
4378,020350112,3,NSE_3_C1,1,5330,NSE_3_C1
4379,020211107,3,NSE_3_C1,1,5330,NSE_3_C1
4380,068610801,3,NSE_3_C1,1,5330,NSE_3_C1
4381,020701703,3,NSE_3_C1,1,5330,NSE_3_C1
4382,020561309,3,NSE_3_C1,1,5330,NSE_3_C1
4383,020281308,3,NSE_3_C1,1,5330,NSE_3_C1
4384,021050511,3,NSE_3_C1,1,5330,NSE_3_C1
4385,067560205,3,NSE_3_C1,1,5330,NSE_3_C1
4386,065682902,3,NSE_3_C1,1,5330,NSE_3_C1
4387,020560304,3,NSE_3_C1,1,5330,NSE_3_C1
4388,020842109,3,NSE_3_C1,1,5330,NSE_3_C1
4389,020631002,3,NSE_3_C1,1,5330,NSE_3_C1
4390,068401111,3,NSE_3_C1,1,5330,NSE_3_C1
4391,068404105,3,NSE_3_C1,1,5330,NSE_3_C1
4392,020912907,3,NSE_3_C1,1,5330,NSE_3_C1
4393,020561702,3,NSE_3_C1,1,5330,NSE_3_C1
4394,020351201,3,NSE_3_C1,1,5330,NSE_3_C1
4395,063712102,3,NSE_3_C1,1,5330,NSE_3_C1
4396,021051011,3,NSE_3_C1,1,5330,NSE_3_C1
4397,020560403,3,NSE_3_C1,1,5330,NSE_3_C1
4398,068401006,3,NSE_3_C1,1,5330,NSE_3_C1
4399,068612710,3,NSE_3_C1,1,5330,NSE_3_C1
4400,020140902,3,NSE_3_C1,1,5330,NSE_3_C1
4401,064273013,3,NSE_3_C1,1,5330,NSE_3_C1
4402,020491002,3,NSE_3_C1,1,5330,NSE_3_C1
4403,020350504,3,NSE_3_C1,1,5330,NSE_3_C1
4404,020281505,3,NSE_3_C1,1,5330,NSE_3_C1
4405,020072404,3,NSE_3_C1,1,5330,NSE_3_C1
4406,020982110,3,NSE_3_C1,1,5330,NSE_3_C1
4407,020350503,3,NSE_3_C1,1,5330,NSE_3_C1
4408,020772206,3,NSE_3_C1,1,5330,NSE_3_C1
4409,063713201,3,NSE_3_C1,1,5330,NSE_3_C1
4410,020841510,3,NSE_3_C1,1,5330,NSE_3_C1
4411,065683509,3,NSE_3_C1,1,5330,NSE_3_C1
4412,064270301,3,NSE_3_C1,1,5330,NSE_3_C1
4413,020281301,3,NSE_3_C1,1,5330,NSE_3_C1
4414,063714204,3,NSE_3_C1,1,5330,NSE_3_C1
4415,020700504,3,NSE_3_C1,1,5330,NSE_3_C1
4416,065681106,3,NSE_3_C1,1,5330,NSE_3_C1
4417,064270216,3,NSE_3_C1,1,5330,NSE_3_C1
4418,020350206,3,NSE_3_C1,1,5330,NSE_3_C1
4419,020490402,3,NSE_3_C1,1,5330,NSE_3_C1
4420,020212008,3,NSE_3_C1,1,5330,NSE_3_C1
4421,020420406,3,NSE_3_C1,1,5330,NSE_3_C1
4422,020281610,3,NSE_3_C1,1,5330,NSE_3_C1
4423,020631401,3,NSE_3_C1,1,5330,NSE_3_C1
4424,068611401,3,NSE_3_C1,1,5330,NSE_3_C1
4425,020210903,3,NSE_3_C1,1,5330,NSE_3_C1
4426,021052005,3,NSE_3_C1,1,5330,NSE_3_C1
4427,020490904,3,NSE_3_C1,1,5330,NSE_3_C1
4428,020352207,3,NSE_3_C1,1,5330,NSE_3_C1
4429,063714202,3,NSE_3_C1,1,5330,NSE_3_C1
4430,063712506,3,NSE_3_C1,1,5330,NSE_3_C1
4431,064275001,3,NSE_3_C1,1,5330,NSE_3_C1
4432,067562008,3,NSE_3_C1,1,5330,NSE_3_C1
4433,064273403,3,NSE_3_C1,1,5330,NSE_3_C1
4434,064272702,3,NSE_3_C1,1,5330,NSE_3_C1
4435,064271906,3,NSE_3_C1,1,5330,NSE_3_C1
4436,020280906,3,NSE_3_C1,1,5330,NSE_3_C1
4437,068612106,3,NSE_3_C1,1,5330,NSE_3_C1
4438,064270905,3,NSE_3_C1,1,5330,NSE_3_C1
4439,020140101,3,NSE_3_C1,1,5330,NSE_3_C1
4440,021050810,3,NSE_3_C1,1,5330,NSE_3_C1
4441,020280406,3,NSE_3_C1,1,5330,NSE_3_C1
4442,020490309,3,NSE_3_C1,1,5330,NSE_3_C1
4443,020141906,3,NSE_3_C1,1,5330,NSE_3_C1
4444,065683403,3,NSE_3_C1,1,5330,NSE_3_C1
4445,020072707,3,NSE_3_C1,1,5330,NSE_3_C1
4446,068610909,3,NSE_3_C1,1,5330,NSE_3_C1
4447,068613302,3,NSE_3_C1,1,5330,NSE_3_C1
4448,020700207,3,NSE_3_C1,1,5330,NSE_3_C1
4449,020070223,3,NSE_3_C1,1,5330,NSE_3_C1
4450,020491307,3,NSE_3_C1,1,5330,NSE_3_C1
4451,065682302,3,NSE_3_C1,1,5330,NSE_3_C1
4452,065682108,3,NSE_3_C1,1,5330,NSE_3_C1
4453,020070101,3,NSE_3_C1,1,5330,NSE_3_C1
4454,020350701,3,NSE_3_C1,1,5330,NSE_3_C1
4455,020981206,3,NSE_3_C1,1,5330,NSE_3_C1
4456,020212509,3,NSE_3_C1,1,5330,NSE_3_C1
4457,020490303,3,NSE_3_C1,1,5330,NSE_3_C1
4458,065680202,3,NSE_3_C1,1,5330,NSE_3_C1
4459,068612603,3,NSE_3_C1,1,5330,NSE_3_C1
4460,020492102,3,NSE_3_C1,1,5330,NSE_3_C1
4461,067561703,3,NSE_3_C1,1,5330,NSE_3_C1
4462,020561408,3,NSE_3_C1,1,5330,NSE_3_C1
4463,064271504,3,NSE_3_C1,1,5330,NSE_3_C1
4464,020841207,3,NSE_3_C1,1,5330,NSE_3_C1
4465,068613401,3,NSE_3_C1,1,5330,NSE_3_C1
4466,063714407,3,NSE_3_C1,1,5330,NSE_3_C1
4467,021051304,3,NSE_3_C1,1,5330,NSE_3_C1
4468,065682210,3,NSE_3_C1,1,5330,NSE_3_C1
4469,020421411,3,NSE_3_C1,1,5330,NSE_3_C1
4470,020631207,3,NSE_3_C1,1,5330,NSE_3_C1
4471,020770113,3,NSE_3_C1,1,5330,NSE_3_C1
4472,068403009,3,NSE_3_C1,1,5330,NSE_3_C1
4473,068401306,3,NSE_3_C1,1,5330,NSE_3_C1
4474,020560607,3,NSE_3_C1,1,5330,NSE_3_C1
4475,020490301,3,NSE_3_C1,1,5330,NSE_3_C1
4476,020630608,3,NSE_3_C1,1,5330,NSE_3_C1
4477,020910605,3,NSE_3_C1,1,5330,NSE_3_C1
4478,020281502,3,NSE_3_C1,1,5330,NSE_3_C1
4479,020350704,3,NSE_3_C1,1,5330,NSE_3_C1
4480,064274502,3,NSE_3_C1,1,5330,NSE_3_C1
4481,020630203,3,NSE_3_C1,1,5330,NSE_3_C1
4482,067562602,3,NSE_3_C1,1,5330,NSE_3_C1
4483,020142104,3,NSE_3_C1,1,5330,NSE_3_C1
4484,068400704,3,NSE_3_C1,1,5330,NSE_3_C1
4485,021050704,3,NSE_3_C1,1,5330,NSE_3_C1
4486,020701007,3,NSE_3_C1,1,5330,NSE_3_C1
4487,064270707,3,NSE_3_C1,1,5330,NSE_3_C1
4488,020071905,3,NSE_3_C1,1,5330,NSE_3_C1
4489,021051309,3,NSE_3_C1,1,5330,NSE_3_C1
4490,020280608,3,NSE_3_C1,1,5330,NSE_3_C1
4491,065683007,3,NSE_3_C1,1,5330,NSE_3_C1
4492,020281210,3,NSE_3_C1,1,5330,NSE_3_C1
4493,020561308,3,NSE_3_C1,1,5330,NSE_3_C1
4494,068404107,3,NSE_3_C1,1,5330,NSE_3_C1
4495,020841620,3,NSE_3_C1,1,5330,NSE_3_C1
4496,064272016,3,NSE_3_C1,1,5330,NSE_3_C1
4497,067562510,3,NSE_3_C1,1,5330,NSE_3_C1
4498,020840808,3,NSE_3_C1,1,5330,NSE_3_C1
4499,068611805,3,NSE_3_C1,1,5330,NSE_3_C1
4500,020631211,3,NSE_3_C1,1,5330,NSE_3_C1
4501,063711002,3,NSE_3_C1,1,5330,NSE_3_C1
4502,020981902,3,NSE_3_C1,1,5330,NSE_3_C1
4503,020351604,3,NSE_3_C1,1,5330,NSE_3_C1
4504,068610201,3,NSE_3_C1,1,5330,NSE_3_C1
4505,067560209,3,NSE_3_C1,1,5330,NSE_3_C1
4506,020491904,3,NSE_3_C1,1,5330,NSE_3_C1
4507,020770111,3,NSE_3_C1,1,5330,NSE_3_C1
4508,067563201,3,NSE_3_C1,1,5330,NSE_3_C1
4509,068611605,3,NSE_3_C1,1,5330,NSE_3_C1
4510,068400901,3,NSE_3_C1,1,5330,NSE_3_C1
4511,064271614,3,NSE_3_C1,1,5330,NSE_3_C1
4512,064272503,3,NSE_3_C1,1,5330,NSE_3_C1
4513,067560710,3,NSE_3_C1,1,5330,NSE_3_C1
4514,020072107,3,NSE_3_C1,1,5330,NSE_3_C1
4515,067560105,3,NSE_3_C1,1,5330,NSE_3_C1
4516,020912904,3,NSE_3_C1,1,5330,NSE_3_C1
4517,020211301,3,NSE_3_C1,1,5330,NSE_3_C1
4518,067560806,3,NSE_3_C1,1,5330,NSE_3_C1
4519,020281304,3,NSE_3_C1,1,5330,NSE_3_C1
4520,068611505,3,NSE_3_C1,1,5330,NSE_3_C1
4521,020770712,3,NSE_3_C1,1,5330,NSE_3_C1
4522,020350403,3,NSE_3_C1,1,5330,NSE_3_C1
4523,064270106,3,NSE_3_C1,1,5330,NSE_3_C1
4524,020700102,3,NSE_3_C1,1,5330,NSE_3_C1
4525,068611611,3,NSE_3_C1,1,5330,NSE_3_C1
4526,065683601,3,NSE_3_C1,1,5330,NSE_3_C1
4527,020420110,3,NSE_3_C1,1,5330,NSE_3_C1
4528,067562001,3,NSE_3_C1,1,5330,NSE_3_C1
4529,020492212,3,NSE_3_C1,1,5330,NSE_3_C1
4530,063711212,3,NSE_3_C1,1,5330,NSE_3_C1
4531,020140901,3,NSE_3_C1,1,5330,NSE_3_C1
4532,020842111,3,NSE_3_C1,1,5330,NSE_3_C1
4533,068400208,3,NSE_3_C1,1,5330,NSE_3_C1
4534,063711109,3,NSE_3_C1,1,5330,NSE_3_C1
4535,068400505,3,NSE_3_C1,1,5330,NSE_3_C1
4536,020700105,3,NSE_3_C1,1,5330,NSE_3_C1
4537,064271011,3,NSE_3_C1,1,5330,NSE_3_C1
4538,068402510,3,NSE_3_C1,1,5330,NSE_3_C1
4539,063711808,3,NSE_3_C1,1,5330,NSE_3_C1
4540,020912802,3,NSE_3_C1,1,5330,NSE_3_C1
4541,020842005,3,NSE_3_C1,1,5330,NSE_3_C1
4542,020351906,3,NSE_3_C1,1,5330,NSE_3_C1
4543,020840811,3,NSE_3_C1,1,5330,NSE_3_C1
4544,020211311,3,NSE_3_C1,1,5330,NSE_3_C1
4545,065680410,3,NSE_3_C1,1,5330,NSE_3_C1
4546,020912403,3,NSE_3_C1,1,5330,NSE_3_C1
4547,020072602,3,NSE_3_C1,1,5330,NSE_3_C1
4548,020771506,3,NSE_3_C1,1,5330,NSE_3_C1
4549,020841813,3,NSE_3_C1,1,5330,NSE_3_C1
4550,063715102,3,NSE_3_C1,1,5330,NSE_3_C1
4551,020771510,3,NSE_3_C1,1,5330,NSE_3_C1
4552,020631404,3,NSE_3_C1,1,5330,NSE_3_C1
4553,021052109,3,NSE_3_C1,1,5330,NSE_3_C1
4554,020351010,3,NSE_3_C1,1,5330,NSE_3_C1
4555,064273001,3,NSE_3_C1,1,5330,NSE_3_C1
4556,067562411,3,NSE_3_C1,1,5330,NSE_3_C1
4557,020841109,3,NSE_3_C1,1,5330,NSE_3_C1
4558,020351907,3,NSE_3_C1,1,5330,NSE_3_C1
4559,020070809,3,NSE_3_C1,1,5330,NSE_3_C1
4560,063710405,3,NSE_3_C1,1,5330,NSE_3_C1
4561,020770601,3,NSE_3_C1,1,5330,NSE_3_C1
4562,065681705,3,NSE_3_C1,1,5330,NSE_3_C1
4563,068401401,3,NSE_3_C1,1,5330,NSE_3_C1
4564,020351506,3,NSE_3_C1,1,5330,NSE_3_C1
4565,020420609,3,NSE_3_C1,1,5330,NSE_3_C1
4566,068611003,3,NSE_3_C1,1,5330,NSE_3_C1
4567,020492202,3,NSE_3_C1,1,5330,NSE_3_C1
4568,020281702,3,NSE_3_C1,1,5330,NSE_3_C1
4569,064274409,3,NSE_3_C1,1,5330,NSE_3_C1
4570,068403011,3,NSE_3_C1,1,5330,NSE_3_C1
4571,020770203,3,NSE_3_C1,1,5330,NSE_3_C1
4572,020351703,3,NSE_3_C1,1,5330,NSE_3_C1
4573,020701806,3,NSE_3_C1,1,5330,NSE_3_C1
4574,021050112,3,NSE_3_C1,1,5330,NSE_3_C1
4575,020282201,3,NSE_3_C1,1,5330,NSE_3_C1
4576,020210502,3,NSE_3_C1,1,5330,NSE_3_C1
4577,067560204,3,NSE_3_C1,1,5330,NSE_3_C1
4578,020631106,3,NSE_3_C1,1,5330,NSE_3_C1
4579,020910201,3,NSE_3_C1,1,5330,NSE_3_C1
4580,068400707,3,NSE_3_C1,1,5330,NSE_3_C1
4581,065681009,3,NSE_3_C1,1,5330,NSE_3_C1
4582,063714907,3,NSE_3_C1,1,5330,NSE_3_C1
4583,020560108,3,NSE_3_C1,1,5330,NSE_3_C1
4584,020700402,3,NSE_3_C1,1,5330,NSE_3_C1
4585,020210306,3,NSE_3_C1,1,5330,NSE_3_C1
4586,020420906,3,NSE_3_C1,1,5330,NSE_3_C1
4587,064270204,3,NSE_3_C1,1,5330,NSE_3_C1
4588,020701702,3,NSE_3_C1,1,5330,NSE_3_C1
4589,020072406,3,NSE_3_C1,1,5330,NSE_3_C1
4590,068612003,3,NSE_3_C1,1,5330,NSE_3_C1
4591,021050107,3,NSE_3_C1,1,5330,NSE_3_C1
4592,020280807,3,NSE_3_C1,1,5330,NSE_3_C1
4593,020981508,3,NSE_3_C1,1,5330,NSE_3_C1
4594,063713313,3,NSE_3_C1,1,5330,NSE_3_C1
4595,020352108,3,NSE_3_C1,1,5330,NSE_3_C1
4596,020910101,3,NSE_3_C1,1,5330,NSE_3_C1
4597,063713407,3,NSE_3_C1,1,5330,NSE_3_C1
4598,065683906,3,NSE_3_C1,1,5330,NSE_3_C1
4599,068402402,3,NSE_3_C1,1,5330,NSE_3_C1
4600,020420211,3,NSE_3_C1,1,5330,NSE_3_C1
4601,067560708,3,NSE_3_C1,1,5330,NSE_3_C1
4602,068403505,3,NSE_3_C1,1,5330,NSE_3_C1
4603,021051411,3,NSE_3_C1,1,5330,NSE_3_C1
4604,068610409,3,NSE_3_C1,1,5330,NSE_3_C1
4605,064270704,3,NSE_3_C1,1,5330,NSE_3_C1
4606,068401603,3,NSE_3_C1,1,5330,NSE_3_C1
4607,065680807,3,NSE_3_C1,1,5330,NSE_3_C1
4608,068612006,3,NSE_3_C1,1,5330,NSE_3_C1
4609,020490503,3,NSE_3_C1,1,5330,NSE_3_C1
4610,064272903,3,NSE_3_C1,1,5330,NSE_3_C1
4611,020073011,3,NSE_3_C1,1,5330,NSE_3_C1
4612,064272301,3,NSE_3_C1,1,5330,NSE_3_C1
4613,068402002,3,NSE_3_C1,1,5330,NSE_3_C1
4614,064272707,3,NSE_3_C1,1,5330,NSE_3_C1
4615,063714209,3,NSE_3_C1,1,5330,NSE_3_C1
4616,020211701,3,NSE_3_C1,1,5330,NSE_3_C1
4617,020560405,3,NSE_3_C1,1,5330,NSE_3_C1
4618,021050414,3,NSE_3_C1,1,5330,NSE_3_C1
4619,020141802,3,NSE_3_C1,1,5330,NSE_3_C1
4620,067560904,3,NSE_3_C1,1,5330,NSE_3_C1
4621,020281710,3,NSE_3_C1,1,5330,NSE_3_C1
4622,064274812,3,NSE_3_C1,1,5330,NSE_3_C1
4623,020211506,3,NSE_3_C1,1,5330,NSE_3_C1
4624,020142512,3,NSE_3_C1,1,5330,NSE_3_C1
4625,020981310,3,NSE_3_C1,1,5330,NSE_3_C1
4626,020911613,3,NSE_3_C1,1,5330,NSE_3_C1
4627,064276307,3,NSE_3_C1,1,5330,NSE_3_C1
4628,020490706,3,NSE_3_C1,1,5330,NSE_3_C1
4629,021051005,3,NSE_3_C1,1,5330,NSE_3_C1
4630,063713905,3,NSE_3_C1,1,5330,NSE_3_C1
4631,020140906,3,NSE_3_C1,1,5330,NSE_3_C1
4632,020841411,3,NSE_3_C1,1,5330,NSE_3_C1
4633,068612407,3,NSE_3_C1,1,5330,NSE_3_C1
4634,020701907,3,NSE_3_C1,1,5330,NSE_3_C1
4635,020841802,3,NSE_3_C1,1,5330,NSE_3_C1
4636,020982309,3,NSE_3_C1,1,5330,NSE_3_C1
4637,063715307,3,NSE_3_C1,1,5330,NSE_3_C1
4638,067560309,3,NSE_3_C1,1,5330,NSE_3_C1
4639,020630101,3,NSE_3_C1,1,5330,NSE_3_C1
4640,063712703,3,NSE_3_C1,1,5330,NSE_3_C1
4641,020490805,3,NSE_3_C1,1,5330,NSE_3_C1
4642,020980710,3,NSE_3_C1,1,5330,NSE_3_C1
4643,064274601,3,NSE_3_C1,1,5330,NSE_3_C1
4644,020840502,3,NSE_3_C1,1,5330,NSE_3_C1
4645,064275011,3,NSE_3_C1,1,5330,NSE_3_C1
4646,020280204,3,NSE_3_C1,1,5330,NSE_3_C1
4647,020841102,3,NSE_3_C1,1,5330,NSE_3_C1
4648,020212106,3,NSE_3_C1,1,5330,NSE_3_C1
4649,064271205,3,NSE_3_C1,1,5330,NSE_3_C1
4650,020980714,3,NSE_3_C1,1,5330,NSE_3_C1
4651,020073010,3,NSE_3_C1,1,5330,NSE_3_C1
4652,064274504,3,NSE_3_C1,1,5330,NSE_3_C1
4653,020420705,3,NSE_3_C1,1,5330,NSE_3_C1
4654,063711307,3,NSE_3_C1,1,5330,NSE_3_C1
4655,064273515,3,NSE_3_C1,1,5330,NSE_3_C1
4656,020070709,3,NSE_3_C1,1,5330,NSE_3_C1
4657,068401606,3,NSE_3_C1,1,5330,NSE_3_C1
4658,020072002,3,NSE_3_C1,1,5330,NSE_3_C1
4659,020072101,3,NSE_3_C1,1,5330,NSE_3_C1
4660,020350407,3,NSE_3_C1,1,5330,NSE_3_C1
4661,020771106,3,NSE_3_C1,1,5330,NSE_3_C1
4662,020421001,3,NSE_3_C1,1,5330,NSE_3_C1
4663,020630501,3,NSE_3_C1,1,5330,NSE_3_C1
4664,021050502,3,NSE_3_C1,1,5330,NSE_3_C1
4665,020282307,3,NSE_3_C1,1,5330,NSE_3_C1
4666,068403509,3,NSE_3_C1,1,5330,NSE_3_C1
4667,020351002,3,NSE_3_C1,1,5330,NSE_3_C1
4668,020491404,3,NSE_3_C1,1,5330,NSE_3_C1
4669,020771201,3,NSE_3_C1,1,5330,NSE_3_C1
4670,020841618,3,NSE_3_C1,1,5330,NSE_3_C1
4671,020912006,3,NSE_3_C1,1,5330,NSE_3_C1
4672,020141404,3,NSE_3_C1,1,5330,NSE_3_C1
4673,020840807,3,NSE_3_C1,1,5330,NSE_3_C1
4674,068403708,3,NSE_3_C1,1,5330,NSE_3_C1
4675,063711007,3,NSE_3_C1,1,5330,NSE_3_C1
4676,020421902,3,NSE_3_C1,1,5330,NSE_3_C1
4677,064271724,3,NSE_3_C1,1,5330,NSE_3_C1
4678,020282312,3,NSE_3_C1,1,5330,NSE_3_C1
4679,067562407,3,NSE_3_C1,1,5330,NSE_3_C1
4680,065681808,3,NSE_3_C1,1,5330,NSE_3_C1
4681,064273904,3,NSE_3_C1,1,5330,NSE_3_C1
4682,020771601,3,NSE_3_C1,1,5330,NSE_3_C1
4683,020491204,3,NSE_3_C1,1,5330,NSE_3_C1
4684,020071114,3,NSE_3_C1,1,5330,NSE_3_C1
4685,020211402,3,NSE_3_C1,1,5330,NSE_3_C1
4686,064271509,3,NSE_3_C1,1,5330,NSE_3_C1
4687,064274605,3,NSE_3_C1,1,5330,NSE_3_C1
4688,020422108,3,NSE_3_C1,1,5330,NSE_3_C1
4689,065683303,3,NSE_3_C1,1,5330,NSE_3_C1
4690,020350306,3,NSE_3_C1,1,5330,NSE_3_C1
4691,020701408,3,NSE_3_C1,1,5330,NSE_3_C1
4692,068612410,3,NSE_3_C1,1,5330,NSE_3_C1
4693,020280402,3,NSE_3_C1,1,5330,NSE_3_C1
4694,020210709,3,NSE_3_C1,1,5330,NSE_3_C1
4695,020560508,3,NSE_3_C1,1,5330,NSE_3_C1
4696,067560908,3,NSE_3_C1,1,5330,NSE_3_C1
4697,067563508,3,NSE_3_C1,1,5330,NSE_3_C1
4698,067563002,3,NSE_3_C1,1,5330,NSE_3_C1
4699,068611802,3,NSE_3_C1,1,5330,NSE_3_C1
4700,068611803,3,NSE_3_C1,1,5330,NSE_3_C1
4701,020910802,3,NSE_3_C1,1,5330,NSE_3_C1
4702,064272403,3,NSE_3_C1,1,5330,NSE_3_C1
4703,068612109,3,NSE_3_C1,1,5330,NSE_3_C1
4704,065683913,3,NSE_3_C1,1,5330,NSE_3_C1
4705,020140908,3,NSE_3_C1,1,5330,NSE_3_C1
4706,020841913,3,NSE_3_C1,1,5330,NSE_3_C1
4707,020071007,3,NSE_3_C1,1,5330,NSE_3_C1
4708,020280605,3,NSE_3_C1,1,5330,NSE_3_C1
4709,021050405,3,NSE_3_C1,1,5330,NSE_3_C1
4710,063711003,3,NSE_3_C1,1,5330,NSE_3_C1
4711,065681104,3,NSE_3_C1,1,5330,NSE_3_C1
4712,020351601,3,NSE_3_C1,1,5330,NSE_3_C1
4713,064270501,3,NSE_3_C1,1,5330,NSE_3_C1
4714,020421212,3,NSE_3_C1,1,5330,NSE_3_C1
4715,064274101,3,NSE_3_C1,1,5330,NSE_3_C1
4716,020700801,3,NSE_3_C1,1,5330,NSE_3_C1
4717,020840705,3,NSE_3_C1,1,5330,NSE_3_C1
4718,064271726,3,NSE_3_C1,1,5330,NSE_3_C1
4719,068402906,3,NSE_3_C1,1,5330,NSE_3_C1
4720,068401809,3,NSE_3_C1,1,5330,NSE_3_C1
4721,068402905,3,NSE_3_C1,1,5330,NSE_3_C1
4722,020842006,3,NSE_3_C1,1,5330,NSE_3_C1
4723,020420801,3,NSE_3_C1,1,5330,NSE_3_C1
4724,020350105,3,NSE_3_C1,1,5330,NSE_3_C1
4725,065680905,3,NSE_3_C1,1,5330,NSE_3_C1
4726,063712103,3,NSE_3_C1,1,5330,NSE_3_C1
4727,063710504,3,NSE_3_C1,1,5330,NSE_3_C1
4728,063712406,3,NSE_3_C1,1,5330,NSE_3_C1
4729,063714302,3,NSE_3_C1,1,5330,NSE_3_C1
4730,020771604,3,NSE_3_C1,1,5330,NSE_3_C1
4731,020701706,3,NSE_3_C1,1,5330,NSE_3_C1
4732,020212207,3,NSE_3_C1,1,5330,NSE_3_C1
4733,020072408,3,NSE_3_C1,1,5330,NSE_3_C1
4734,068611301,3,NSE_3_C1,1,5330,NSE_3_C1
4735,068611304,3,NSE_3_C1,1,5330,NSE_3_C1
4736,068401505,3,NSE_3_C1,1,5330,NSE_3_C1
4737,020630609,3,NSE_3_C1,1,5330,NSE_3_C1
4738,020421407,3,NSE_3_C1,1,5330,NSE_3_C1
4739,020492201,3,NSE_3_C1,1,5330,NSE_3_C1
4740,020210905,3,NSE_3_C1,1,5330,NSE_3_C1
4741,020771704,3,NSE_3_C1,1,5330,NSE_3_C1
4742,021051408,3,NSE_3_C1,1,5330,NSE_3_C1
4743,068613010,3,NSE_3_C1,1,5330,NSE_3_C1
4744,020420102,3,NSE_3_C1,1,5330,NSE_3_C1
4745,020280512,3,NSE_3_C1,1,5330,NSE_3_C1
4746,064273409,3,NSE_3_C1,1,5330,NSE_3_C1
4747,068610310,3,NSE_3_C1,1,5330,NSE_3_C1
4748,068401107,3,NSE_3_C1,1,5330,NSE_3_C1
4749,064271721,3,NSE_3_C1,1,5330,NSE_3_C1
4750,068611406,3,NSE_3_C1,1,5330,NSE_3_C1
4751,064273602,3,NSE_3_C1,1,5330,NSE_3_C1
4752,020282103,3,NSE_3_C1,1,5330,NSE_3_C1
4753,068613101,3,NSE_3_C1,1,5330,NSE_3_C1
4754,020700508,3,NSE_3_C1,1,5330,NSE_3_C1
4755,020912901,3,NSE_3_C1,1,5330,NSE_3_C1
4756,020211501,3,NSE_3_C1,1,5330,NSE_3_C1
4757,065682610,3,NSE_3_C1,1,5330,NSE_3_C1
4758,020700601,3,NSE_3_C1,1,5330,NSE_3_C1
4759,020981211,3,NSE_3_C1,1,5330,NSE_3_C1
4760,064274613,3,NSE_3_C1,1,5330,NSE_3_C1
4761,068612903,3,NSE_3_C1,1,5330,NSE_3_C1
4762,067562303,3,NSE_3_C1,1,5330,NSE_3_C1
4763,020281306,3,NSE_3_C1,1,5330,NSE_3_C1
4764,020420509,3,NSE_3_C1,1,5330,NSE_3_C1
4765,064273203,3,NSE_3_C1,1,5330,NSE_3_C1
4766,020282308,3,NSE_3_C1,1,5330,NSE_3_C1
4767,020490601,3,NSE_3_C1,1,5330,NSE_3_C1
4768,063713807,3,NSE_3_C1,1,5330,NSE_3_C1
4769,021051607,3,NSE_3_C1,1,5330,NSE_3_C1
4770,020071602,3,NSE_3_C1,1,5330,NSE_3_C1
4771,020072802,3,NSE_3_C1,1,5330,NSE_3_C1
4772,020492403,3,NSE_3_C1,1,5330,NSE_3_C1
4773,064270609,3,NSE_3_C1,1,5330,NSE_3_C1
4774,020070401,3,NSE_3_C1,1,5330,NSE_3_C1
4775,068400805,3,NSE_3_C1,1,5330,NSE_3_C1
4776,020912602,3,NSE_3_C1,1,5330,NSE_3_C1
4777,020700513,3,NSE_3_C1,1,5330,NSE_3_C1
4778,063711706,3,NSE_3_C1,1,5330,NSE_3_C1
4779,020211005,3,NSE_3_C1,1,5330,NSE_3_C1
4780,064273108,3,NSE_3_C1,1,5330,NSE_3_C1
4781,020071208,3,NSE_3_C1,1,5330,NSE_3_C1
4782,068611511,3,NSE_3_C1,1,5330,NSE_3_C1
4783,067561005,3,NSE_3_C1,1,5330,NSE_3_C1
4784,020560804,3,NSE_3_C1,1,5330,NSE_3_C1
4785,020280503,3,NSE_3_C1,1,5330,NSE_3_C1
4786,020350802,3,NSE_3_C1,1,5330,NSE_3_C1
4787,021050110,3,NSE_3_C1,1,5330,NSE_3_C1
4788,020631104,3,NSE_3_C1,1,5330,NSE_3_C1
4789,020210110,3,NSE_3_C1,1,5330,NSE_3_C1
4790,020912609,3,NSE_3_C1,1,5330,NSE_3_C1
4791,020420412,3,NSE_3_C1,1,5330,NSE_3_C1
4792,020770607,3,NSE_3_C1,1,5330,NSE_3_C1
4793,020420201,3,NSE_3_C1,1,5330,NSE_3_C1
4794,020141305,3,NSE_3_C1,1,5330,NSE_3_C1
4795,020701910,3,NSE_3_C1,1,5330,NSE_3_C1
4796,021051410,3,NSE_3_C1,1,5330,NSE_3_C1
4797,068613309,3,NSE_3_C1,1,5330,NSE_3_C1
4798,020071011,3,NSE_3_C1,1,5330,NSE_3_C1
4799,068401406,3,NSE_3_C1,1,5330,NSE_3_C1
4800,064271908,3,NSE_3_C1,1,5330,NSE_3_C1
4801,020070918,3,NSE_3_C1,1,5330,NSE_3_C1
4802,020700306,3,NSE_3_C1,1,5330,NSE_3_C1
4803,020420709,3,NSE_3_C1,1,5330,NSE_3_C1
4804,020420208,3,NSE_3_C1,1,5330,NSE_3_C1
4805,063714106,3,NSE_3_C1,1,5330,NSE_3_C1
4806,067560703,3,NSE_3_C1,1,5330,NSE_3_C1
4807,020212007,3,NSE_3_C1,1,5330,NSE_3_C1
4808,020071507,3,NSE_3_C1,1,5330,NSE_3_C1
4809,020910512,3,NSE_3_C1,1,5330,NSE_3_C1
4810,020910506,3,NSE_3_C1,1,5330,NSE_3_C1
4811,063714805,3,NSE_3_C1,1,5330,NSE_3_C1
4812,065681802,3,NSE_3_C1,1,5330,NSE_3_C1
4813,020070906,3,NSE_3_C1,1,5330,NSE_3_C1
4814,020911015,3,NSE_3_C1,1,5330,NSE_3_C1
4815,063713309,3,NSE_3_C1,1,5330,NSE_3_C1
4816,068401904,3,NSE_3_C1,1,5330,NSE_3_C1
4817,064275101,3,NSE_3_C1,1,5330,NSE_3_C1
4818,068403208,3,NSE_3_C1,1,5330,NSE_3_C1
4819,020282009,3,NSE_3_C1,1,5330,NSE_3_C1
4820,020491605,3,NSE_3_C1,1,5330,NSE_3_C1
4821,020280205,3,NSE_3_C1,1,5330,NSE_3_C1
4822,020630714,3,NSE_3_C1,1,5330,NSE_3_C1
4823,068612007,3,NSE_3_C1,1,5330,NSE_3_C1
4824,020281603,3,NSE_3_C1,1,5330,NSE_3_C1
4825,068610703,3,NSE_3_C1,1,5330,NSE_3_C1
4826,065680302,3,NSE_3_C1,1,5330,NSE_3_C1
4827,020631602,3,NSE_3_C1,1,5330,NSE_3_C1
4828,068612807,3,NSE_3_C1,1,5330,NSE_3_C1
4829,020912004,3,NSE_3_C1,1,5330,NSE_3_C1
4830,068401005,3,NSE_3_C1,1,5330,NSE_3_C1
4831,020211505,3,NSE_3_C1,1,5330,NSE_3_C1
4832,020351101,3,NSE_3_C1,1,5330,NSE_3_C1
4833,064276303,3,NSE_3_C1,1,5330,NSE_3_C1
4834,065681208,3,NSE_3_C1,1,5330,NSE_3_C1
4835,020981202,3,NSE_3_C1,1,5330,NSE_3_C1
4836,063714801,3,NSE_3_C1,1,5330,NSE_3_C1
4837,065680201,3,NSE_3_C1,1,5330,NSE_3_C1
4838,020350605,3,NSE_3_C1,1,5330,NSE_3_C1
4839,065680709,3,NSE_3_C1,1,5330,NSE_3_C1
4840,020281509,3,NSE_3_C1,1,5330,NSE_3_C1
4841,020420810,3,NSE_3_C1,1,5330,NSE_3_C1
4842,067561003,3,NSE_3_C1,1,5330,NSE_3_C1
4843,068401014,3,NSE_3_C1,1,5330,NSE_3_C1
4844,064271518,3,NSE_3_C1,1,5330,NSE_3_C1
4845,063713806,3,NSE_3_C1,1,5330,NSE_3_C1
4846,020141801,3,NSE_3_C1,1,5330,NSE_3_C1
4847,020980708,3,NSE_3_C1,1,5330,NSE_3_C1
4848,068401806,3,NSE_3_C1,1,5330,NSE_3_C1
4849,020212404,3,NSE_3_C1,1,5330,NSE_3_C1
4850,067561407,3,NSE_3_C1,1,5330,NSE_3_C1
4851,064270806,3,NSE_3_C1,1,5330,NSE_3_C1
4852,068611707,3,NSE_3_C1,1,5330,NSE_3_C1
4853,064270607,3,NSE_3_C1,1,5330,NSE_3_C1
4854,020630102,3,NSE_3_C1,1,5330,NSE_3_C1
4855,065683905,3,NSE_3_C1,1,5330,NSE_3_C1
4856,020491102,3,NSE_3_C1,1,5330,NSE_3_C1
4857,063711909,3,NSE_3_C1,1,5330,NSE_3_C1
4858,065681907,3,NSE_3_C1,1,5330,NSE_3_C1
4859,020352002,3,NSE_3_C1,1,5330,NSE_3_C1
4860,065680912,3,NSE_3_C1,1,5330,NSE_3_C1
4861,020841301,3,NSE_3_C1,1,5330,NSE_3_C1
4862,020420803,3,NSE_3_C1,1,5330,NSE_3_C1
4863,020701002,3,NSE_3_C1,1,5330,NSE_3_C1
4864,021051502,3,NSE_3_C1,1,5330,NSE_3_C1
4865,067560604,3,NSE_3_C1,1,5330,NSE_3_C1
4866,020771303,3,NSE_3_C1,1,5330,NSE_3_C1
4867,067562710,3,NSE_3_C1,1,5330,NSE_3_C1
4868,020842210,3,NSE_3_C1,1,5330,NSE_3_C1
4869,065682309,3,NSE_3_C1,1,5330,NSE_3_C1
4870,064276203,3,NSE_3_C1,1,5330,NSE_3_C1
4871,068610913,3,NSE_3_C1,1,5330,NSE_3_C1
4872,068612301,3,NSE_3_C1,1,5330,NSE_3_C1
4873,020280705,3,NSE_3_C1,1,5330,NSE_3_C1
4874,068610501,3,NSE_3_C1,1,5330,NSE_3_C1
4875,064273909,3,NSE_3_C1,1,5330,NSE_3_C1
4876,020491315,3,NSE_3_C1,1,5330,NSE_3_C1
4877,068610205,3,NSE_3_C1,1,5330,NSE_3_C1
4878,068401010,3,NSE_3_C1,1,5330,NSE_3_C1
4879,063712706,3,NSE_3_C1,1,5330,NSE_3_C1
4880,020912307,3,NSE_3_C1,1,5330,NSE_3_C1
4881,020352103,3,NSE_3_C1,1,5330,NSE_3_C1
4882,063711704,3,NSE_3_C1,1,5330,NSE_3_C1
4883,064274805,3,NSE_3_C1,1,5330,NSE_3_C1
4884,020492114,3,NSE_3_C1,1,5330,NSE_3_C1
4885,020421612,3,NSE_3_C1,1,5330,NSE_3_C1
4886,020212407,3,NSE_3_C1,1,5330,NSE_3_C1
4887,020280708,3,NSE_3_C1,1,5330,NSE_3_C1
4888,064272111,3,NSE_3_C1,1,5330,NSE_3_C1
4889,064273401,3,NSE_3_C1,1,5330,NSE_3_C1
4890,063711304,3,NSE_3_C1,1,5330,NSE_3_C1
4891,068403808,3,NSE_3_C1,1,5330,NSE_3_C1
4892,020770403,3,NSE_3_C1,1,5330,NSE_3_C1
4893,020491810,3,NSE_3_C1,1,5330,NSE_3_C1
4894,020700808,3,NSE_3_C1,1,5330,NSE_3_C1
4895,068401309,3,NSE_3_C1,1,5330,NSE_3_C1
4896,020910703,3,NSE_3_C1,1,5330,NSE_3_C1
4897,063713102,3,NSE_3_C1,1,5330,NSE_3_C1
4898,020072603,3,NSE_3_C1,1,5330,NSE_3_C1
4899,020840508,3,NSE_3_C1,1,5330,NSE_3_C1
4900,068611504,3,NSE_3_C1,1,5330,NSE_3_C1
4901,064271909,3,NSE_3_C1,1,5330,NSE_3_C1
4902,064271315,3,NSE_3_C1,1,5330,NSE_3_C1
4903,065680901,3,NSE_3_C1,1,5330,NSE_3_C1
4904,020840609,3,NSE_3_C1,1,5330,NSE_3_C1
4905,063713908,3,NSE_3_C1,1,5330,NSE_3_C1
4906,020982211,3,NSE_3_C1,1,5330,NSE_3_C1
4907,064273415,3,NSE_3_C1,1,5330,NSE_3_C1
4908,064274408,3,NSE_3_C1,1,5330,NSE_3_C1
4909,020982002,3,NSE_3_C1,1,5330,NSE_3_C1
4910,065681410,3,NSE_3_C1,1,5330,NSE_3_C1
4911,063711103,3,NSE_3_C1,1,5330,NSE_3_C1
4912,067561201,3,NSE_3_C1,1,5330,NSE_3_C1
4913,020280209,3,NSE_3_C1,1,5330,NSE_3_C1
4914,020282211,3,NSE_3_C1,1,5330,NSE_3_C1
4915,021050504,3,NSE_3_C1,1,5330,NSE_3_C1
4916,020142505,3,NSE_3_C1,1,5330,NSE_3_C1
4917,020770802,3,NSE_3_C1,1,5330,NSE_3_C1
4918,020072205,3,NSE_3_C1,1,5330,NSE_3_C1
4919,063711705,3,NSE_3_C1,1,5330,NSE_3_C1
4920,020210707,3,NSE_3_C1,1,5330,NSE_3_C1
4921,020421405,3,NSE_3_C1,1,5330,NSE_3_C1
4922,067561803,3,NSE_3_C1,1,5330,NSE_3_C1
4923,020911006,3,NSE_3_C1,1,5330,NSE_3_C1
4924,020491409,3,NSE_3_C1,1,5330,NSE_3_C1
4925,020561005,3,NSE_3_C1,1,5330,NSE_3_C1
4926,020421409,3,NSE_3_C1,1,5330,NSE_3_C1
4927,068401710,3,NSE_3_C1,1,5330,NSE_3_C1
4928,063715208,3,NSE_3_C1,1,5330,NSE_3_C1
4929,020770301,3,NSE_3_C1,1,5330,NSE_3_C1
4930,020770304,3,NSE_3_C1,1,5330,NSE_3_C1
4931,065680913,3,NSE_3_C1,1,5330,NSE_3_C1
4932,021050103,3,NSE_3_C1,1,5330,NSE_3_C1
4933,020701008,3,NSE_3_C1,1,5330,NSE_3_C1
4934,068613104,3,NSE_3_C1,1,5330,NSE_3_C1
4935,021051201,3,NSE_3_C1,1,5330,NSE_3_C1
4936,065681411,3,NSE_3_C1,1,5330,NSE_3_C1
4937,020420808,3,NSE_3_C1,1,5330,NSE_3_C1
4938,020071214,3,NSE_3_C1,1,5330,NSE_3_C1
4939,021051409,3,NSE_3_C1,1,5330,NSE_3_C1
4940,020561701,3,NSE_3_C1,1,5330,NSE_3_C1
4941,020841107,3,NSE_3_C1,1,5330,NSE_3_C1
4942,068612103,3,NSE_3_C1,1,5330,NSE_3_C1
4943,020281103,3,NSE_3_C1,1,5330,NSE_3_C1
4944,020072704,3,NSE_3_C1,1,5330,NSE_3_C1
4945,020841803,3,NSE_3_C1,1,5330,NSE_3_C1
4946,020980804,3,NSE_3_C1,1,5330,NSE_3_C1
4947,067561702,3,NSE_3_C1,1,5330,NSE_3_C1
4948,020980303,3,NSE_3_C1,1,5330,NSE_3_C1
4949,068613405,3,NSE_3_C1,1,5330,NSE_3_C1
4950,020842203,3,NSE_3_C1,1,5330,NSE_3_C1
4951,021050204,3,NSE_3_C1,1,5330,NSE_3_C1
4952,020701402,3,NSE_3_C1,1,5330,NSE_3_C1
4953,020280501,3,NSE_3_C1,1,5330,NSE_3_C1
4954,020982605,3,NSE_3_C1,1,5330,NSE_3_C1
4955,021050708,3,NSE_3_C1,1,5330,NSE_3_C1
4956,067561601,3,NSE_3_C1,1,5330,NSE_3_C1
4957,020070802,3,NSE_3_C1,1,5330,NSE_3_C1
4958,064271301,3,NSE_3_C1,1,5330,NSE_3_C1
4959,020492410,3,NSE_3_C1,1,5330,NSE_3_C1
4960,020070921,3,NSE_3_C1,1,5330,NSE_3_C1
4961,020210406,3,NSE_3_C1,1,5330,NSE_3_C1
4962,020212408,3,NSE_3_C1,1,5330,NSE_3_C1
4963,064270218,3,NSE_3_C1,1,5330,NSE_3_C1
4964,021052009,3,NSE_3_C1,1,5330,NSE_3_C1
4965,020630712,3,NSE_3_C1,1,5330,NSE_3_C1
4966,020351307,3,NSE_3_C1,1,5330,NSE_3_C1
4967,020352101,3,NSE_3_C1,1,5330,NSE_3_C1
4968,020210210,3,NSE_3_C1,1,5330,NSE_3_C1
4969,021051013,3,NSE_3_C1,1,5330,NSE_3_C1
4970,020072307,3,NSE_3_C1,1,5330,NSE_3_C1
4971,068400205,3,NSE_3_C1,1,5330,NSE_3_C1
4972,064270712,3,NSE_3_C1,1,5330,NSE_3_C1
4973,064274307,3,NSE_3_C1,1,5330,NSE_3_C1
4974,067561406,3,NSE_3_C1,1,5330,NSE_3_C1
4975,020420306,3,NSE_3_C1,1,5330,NSE_3_C1
4976,020140609,3,NSE_3_C1,1,5330,NSE_3_C1
4977,020772112,3,NSE_3_C1,1,5330,NSE_3_C1
4978,020561207,3,NSE_3_C1,1,5330,NSE_3_C1
4979,063712603,3,NSE_3_C1,1,5330,NSE_3_C1
4980,067562604,3,NSE_3_C1,1,5330,NSE_3_C1
4981,020911511,3,NSE_3_C1,1,5330,NSE_3_C1
4982,020070808,3,NSE_3_C1,1,5330,NSE_3_C1
4983,020770201,3,NSE_3_C1,1,5330,NSE_3_C1
4984,065683708,3,NSE_3_C1,1,5330,NSE_3_C1
4985,068402010,3,NSE_3_C1,1,5330,NSE_3_C1
4986,020282005,3,NSE_3_C1,1,5330,NSE_3_C1
4987,020421601,3,NSE_3_C1,1,5330,NSE_3_C1
4988,020072902,3,NSE_3_C1,1,5330,NSE_3_C1
4989,020421907,3,NSE_3_C1,1,5330,NSE_3_C1
4990,020492406,3,NSE_3_C1,1,5330,NSE_3_C1
4991,068404103,3,NSE_3_C1,1,5330,NSE_3_C1
4992,063714406,3,NSE_3_C1,1,5330,NSE_3_C1
4993,068613105,3,NSE_3_C1,1,5330,NSE_3_C1
4994,064274511,3,NSE_3_C1,1,5330,NSE_3_C1
4995,063711114,3,NSE_3_C1,1,5330,NSE_3_C1
4996,020981304,3,NSE_3_C1,1,5330,NSE_3_C1
4997,020701401,3,NSE_3_C1,1,5330,NSE_3_C1
4998,063710707,3,NSE_3_C1,1,5330,NSE_3_C1
4999,068402702,3,NSE_3_C1,1,5330,NSE_3_C1
5000,020350601,3,NSE_3_C1,1,5330,NSE_3_C1
5001,064272904,3,NSE_3_C1,1,5330,NSE_3_C1
5002,020350606,3,NSE_3_C1,1,5330,NSE_3_C1
5003,020420501,3,NSE_3_C1,1,5330,NSE_3_C1
5004,021050910,3,NSE_3_C1,1,5330,NSE_3_C1
5005,065683914,3,NSE_3_C1,1,5330,NSE_3_C1
5006,068401804,3,NSE_3_C1,1,5330,NSE_3_C1
5007,020771207,3,NSE_3_C1,1,5330,NSE_3_C1
5008,020212004,3,NSE_3_C1,1,5330,NSE_3_C1
5009,065681703,3,NSE_3_C1,1,5330,NSE_3_C1
5010,068402503,3,NSE_3_C1,1,5330,NSE_3_C1
5011,020351909,3,NSE_3_C1,1,5330,NSE_3_C1
5012,020071703,3,NSE_3_C1,1,5330,NSE_3_C1
5013,020630205,3,NSE_3_C1,1,5330,NSE_3_C1
5014,064273312,3,NSE_3_C1,1,5330,NSE_3_C1
5015,068402911,3,NSE_3_C1,1,5330,NSE_3_C1
5016,021050707,3,NSE_3_C1,1,5330,NSE_3_C1
5017,020841617,3,NSE_3_C1,1,5330,NSE_3_C1
5018,020700308,3,NSE_3_C1,1,5330,NSE_3_C1
5019,021052110,3,NSE_3_C1,1,5330,NSE_3_C1
5020,064277008,3,NSE_3_C1,1,5330,NSE_3_C1
5021,021052010,3,NSE_3_C1,1,5330,NSE_3_C1
5022,020631502,3,NSE_3_C1,1,5330,NSE_3_C1
5023,063712606,3,NSE_3_C1,1,5330,NSE_3_C1
5024,020071802,3,NSE_3_C1,1,5330,NSE_3_C1
5025,020700201,3,NSE_3_C1,1,5330,NSE_3_C1
5026,020282704,3,NSE_3_C1,1,5330,NSE_3_C1
5027,020982209,3,NSE_3_C1,1,5330,NSE_3_C1
5028,020911712,3,NSE_3_C1,1,5330,NSE_3_C1
5029,065682604,3,NSE_3_C1,1,5330,NSE_3_C1
5030,020772009,3,NSE_3_C1,1,5330,NSE_3_C1
5031,020072805,3,NSE_3_C1,1,5330,NSE_3_C1
5032,067562808,3,NSE_3_C1,1,5330,NSE_3_C1
5033,064272602,3,NSE_3_C1,1,5330,NSE_3_C1
5034,063710901,3,NSE_3_C1,1,5330,NSE_3_C1
5035,020770509,3,NSE_3_C1,1,5330,NSE_3_C1
5036,020490608,3,NSE_3_C1,1,5330,NSE_3_C1
5037,064270201,3,NSE_3_C1,1,5330,NSE_3_C1
5038,021051308,3,NSE_3_C1,1,5330,NSE_3_C1
5039,020421705,3,NSE_3_C1,1,5330,NSE_3_C1
5040,020981308,3,NSE_3_C1,1,5330,NSE_3_C1
5041,065681205,3,NSE_3_C1,1,5330,NSE_3_C1
5042,020210605,3,NSE_3_C1,1,5330,NSE_3_C1
5043,064274201,3,NSE_3_C1,1,5330,NSE_3_C1
5044,020560602,3,NSE_3_C1,1,5330,NSE_3_C1
5045,020422101,3,NSE_3_C1,1,5330,NSE_3_C1
5046,020420811,3,NSE_3_C1,1,5330,NSE_3_C1
5047,020350312,3,NSE_3_C1,1,5330,NSE_3_C1
5048,020910304,3,NSE_3_C1,1,5330,NSE_3_C1
5049,020630107,3,NSE_3_C1,1,5330,NSE_3_C1
5050,020772109,3,NSE_3_C1,1,5330,NSE_3_C1
5051,020770401,3,NSE_3_C1,1,5330,NSE_3_C1
5052,020211509,3,NSE_3_C1,1,5330,NSE_3_C1
5053,020071701,3,NSE_3_C1,1,5330,NSE_3_C1
5054,020071601,3,NSE_3_C1,1,5330,NSE_3_C1
5055,065681007,3,NSE_3_C1,1,5330,NSE_3_C1
5056,020352005,3,NSE_3_C1,1,5330,NSE_3_C1
5057,020492011,3,NSE_3_C1,1,5330,NSE_3_C1
5058,020210808,3,NSE_3_C1,1,5330,NSE_3_C1
5059,020911303,3,NSE_3_C1,1,5330,NSE_3_C1
5060,020491206,3,NSE_3_C1,1,5330,NSE_3_C1
5061,020071102,3,NSE_3_C1,1,5330,NSE_3_C1
5062,068612207,3,NSE_3_C1,1,5330,NSE_3_C1
5063,020280310,3,NSE_3_C1,1,5330,NSE_3_C1
5064,020841710,3,NSE_3_C1,1,5330,NSE_3_C1
5065,064272410,3,NSE_3_C1,1,5330,NSE_3_C1
5066,067562605,3,NSE_3_C1,1,5330,NSE_3_C1
5067,064275605,3,NSE_3_C1,1,5330,NSE_3_C1
5068,020422006,3,NSE_3_C1,1,5330,NSE_3_C1
5069,020281101,3,NSE_3_C1,1,5330,NSE_3_C1
5070,068612707,3,NSE_3_C1,1,5330,NSE_3_C1
5071,020491107,3,NSE_3_C1,1,5330,NSE_3_C1
5072,020211602,3,NSE_3_C1,1,5330,NSE_3_C1
5073,063712701,3,NSE_3_C1,1,5330,NSE_3_C1
5074,020071504,3,NSE_3_C1,1,5330,NSE_3_C1
5075,020631603,3,NSE_3_C1,1,5330,NSE_3_C1
5076,067563501,3,NSE_3_C1,1,5330,NSE_3_C1
5077,068612108,3,NSE_3_C1,1,5330,NSE_3_C1
5078,020210906,3,NSE_3_C1,1,5330,NSE_3_C1
5079,020770602,3,NSE_3_C1,1,5330,NSE_3_C1
5080,020701108,3,NSE_3_C1,1,5330,NSE_3_C1
5081,020700302,3,NSE_3_C1,1,5330,NSE_3_C1
5082,020071407,3,NSE_3_C1,1,5330,NSE_3_C1
5083,064275014,3,NSE_3_C1,1,5330,NSE_3_C1
5084,063711902,3,NSE_3_C1,1,5330,NSE_3_C1
5085,020142404,3,NSE_3_C1,1,5330,NSE_3_C1
5086,020980210,3,NSE_3_C1,1,5330,NSE_3_C1
5087,020700407,3,NSE_3_C1,1,5330,NSE_3_C1
5088,064272905,3,NSE_3_C1,1,5330,NSE_3_C1
5089,064275610,3,NSE_3_C1,1,5330,NSE_3_C1
5090,020490408,3,NSE_3_C1,1,5330,NSE_3_C1
5091,020840104,3,NSE_3_C1,1,5330,NSE_3_C1
5092,020070213,3,NSE_3_C1,1,5330,NSE_3_C1
5093,020421503,3,NSE_3_C1,1,5330,NSE_3_C1
5094,020770702,3,NSE_3_C1,1,5330,NSE_3_C1
5095,021051116,3,NSE_3_C1,1,5330,NSE_3_C1
5096,020560209,3,NSE_3_C1,1,5330,NSE_3_C1
5097,068611904,3,NSE_3_C1,1,5330,NSE_3_C1
5098,020701808,3,NSE_3_C1,1,5330,NSE_3_C1
5099,020141505,3,NSE_3_C1,1,5330,NSE_3_C1
5100,068611204,3,NSE_3_C1,1,5330,NSE_3_C1
5101,068401908,3,NSE_3_C1,1,5330,NSE_3_C1
5102,020701506,3,NSE_3_C1,1,5330,NSE_3_C1
5103,020841910,3,NSE_3_C1,1,5330,NSE_3_C1
5104,068403001,3,NSE_3_C1,1,5330,NSE_3_C1
5105,065681805,3,NSE_3_C1,1,5330,NSE_3_C1
5106,064271512,3,NSE_3_C1,1,5330,NSE_3_C1
5107,020700809,3,NSE_3_C1,1,5330,NSE_3_C1
5108,063712407,3,NSE_3_C1,1,5330,NSE_3_C1
5109,020770501,3,NSE_3_C1,1,5330,NSE_3_C1
5110,020841011,3,NSE_3_C1,1,5330,NSE_3_C1
5111,020072302,3,NSE_3_C1,1,5330,NSE_3_C1
5112,067561301,3,NSE_3_C1,1,5330,NSE_3_C1
5113,020772108,3,NSE_3_C1,1,5330,NSE_3_C1
5114,020630511,3,NSE_3_C1,1,5330,NSE_3_C1
5115,020981305,3,NSE_3_C1,1,5330,NSE_3_C1
5116,064273617,3,NSE_3_C1,1,5330,NSE_3_C1
5117,063713803,3,NSE_3_C1,1,5330,NSE_3_C1
5118,064274403,3,NSE_3_C1,1,5330,NSE_3_C1
5119,020280609,3,NSE_3_C1,1,5330,NSE_3_C1
5120,065682406,3,NSE_3_C1,1,5330,NSE_3_C1
5121,020490910,3,NSE_3_C1,1,5330,NSE_3_C1
5122,020212505,3,NSE_3_C1,1,5330,NSE_3_C1
5123,020071006,3,NSE_3_C1,1,5330,NSE_3_C1
5124,020701312,3,NSE_3_C1,1,5330,NSE_3_C1
5125,020210207,3,NSE_3_C1,1,5330,NSE_3_C1
5126,020490808,3,NSE_3_C1,1,5330,NSE_3_C1
5127,064273709,3,NSE_3_C1,1,5330,NSE_3_C1
5128,064273008,3,NSE_3_C1,1,5330,NSE_3_C1
5129,020280711,3,NSE_3_C1,1,5330,NSE_3_C1
5130,020491702,3,NSE_3_C1,1,5330,NSE_3_C1
5131,020420807,3,NSE_3_C1,1,5330,NSE_3_C1
5132,020072907,3,NSE_3_C1,1,5330,NSE_3_C1
5133,020840310,3,NSE_3_C1,1,5330,NSE_3_C1
5134,064270506,3,NSE_3_C1,1,5330,NSE_3_C1
5135,020841108,3,NSE_3_C1,1,5330,NSE_3_C1
5136,064273711,3,NSE_3_C1,1,5330,NSE_3_C1
5137,068613009,3,NSE_3_C1,1,5330,NSE_3_C1
5138,020282208,3,NSE_3_C1,1,5330,NSE_3_C1
5139,063715109,3,NSE_3_C1,1,5330,NSE_3_C1
5140,020980716,3,NSE_3_C1,1,5330,NSE_3_C1
5141,064271206,3,NSE_3_C1,1,5330,NSE_3_C1
5142,020070402,3,NSE_3_C1,1,5330,NSE_3_C1
5143,020492307,3,NSE_3_C1,1,5330,NSE_3_C1
5144,020071207,3,NSE_3_C1,1,5330,NSE_3_C1
5145,067562111,3,NSE_3_C1,1,5330,NSE_3_C1
5146,020910602,3,NSE_3_C1,1,5330,NSE_3_C1
5147,020212701,3,NSE_3_C1,1,5330,NSE_3_C1
5148,020422105,3,NSE_3_C1,1,5330,NSE_3_C1
5149,065680102,3,NSE_3_C1,1,5330,NSE_3_C1
5150,063713004,3,NSE_3_C1,1,5330,NSE_3_C1
5151,020421310,3,NSE_3_C1,1,5330,NSE_3_C1
5152,020631009,3,NSE_3_C1,1,5330,NSE_3_C1
5153,020211006,3,NSE_3_C1,1,5330,NSE_3_C1
5154,064273311,3,NSE_3_C1,1,5330,NSE_3_C1
5155,067562405,3,NSE_3_C1,1,5330,NSE_3_C1
5156,020771007,3,NSE_3_C1,1,5330,NSE_3_C1
5157,020771405,3,NSE_3_C1,1,5330,NSE_3_C1
5158,065682007,3,NSE_3_C1,1,5330,NSE_3_C1
5159,020071205,3,NSE_3_C1,1,5330,NSE_3_C1
5160,020630103,3,NSE_3_C1,1,5330,NSE_3_C1
5161,021052106,3,NSE_3_C1,1,5330,NSE_3_C1
5162,067561706,3,NSE_3_C1,1,5330,NSE_3_C1
5163,020840103,3,NSE_3_C1,1,5330,NSE_3_C1
5164,065682711,3,NSE_3_C1,1,5330,NSE_3_C1
5165,020071509,3,NSE_3_C1,1,5330,NSE_3_C1
5166,068610309,3,NSE_3_C1,1,5330,NSE_3_C1
5167,020771904,3,NSE_3_C1,1,5330,NSE_3_C1
5168,020421802,3,NSE_3_C1,1,5330,NSE_3_C1
5169,064272907,3,NSE_3_C1,1,5330,NSE_3_C1
5170,068613301,3,NSE_3_C1,1,5330,NSE_3_C1
5171,020421110,3,NSE_3_C1,1,5330,NSE_3_C1
5172,020492001,3,NSE_3_C1,1,5330,NSE_3_C1
5173,065681407,3,NSE_3_C1,1,5330,NSE_3_C1
5174,064277007,3,NSE_3_C1,1,5330,NSE_3_C1
5175,021050205,3,NSE_3_C1,1,5330,NSE_3_C1
5176,020071804,3,NSE_3_C1,1,5330,NSE_3_C1
5177,020841005,3,NSE_3_C1,1,5330,NSE_3_C1
5178,020701405,3,NSE_3_C1,1,5330,NSE_3_C1
5179,064273314,3,NSE_3_C1,1,5330,NSE_3_C1
5180,063711207,3,NSE_3_C1,1,5330,NSE_3_C1
5181,020280803,3,NSE_3_C1,1,5330,NSE_3_C1
5182,067561503,3,NSE_3_C1,1,5330,NSE_3_C1
5183,064273907,3,NSE_3_C1,1,5330,NSE_3_C1
5184,064270107,3,NSE_3_C1,1,5330,NSE_3_C1
5185,020281507,3,NSE_3_C1,1,5330,NSE_3_C1
5186,064270508,3,NSE_3_C1,1,5330,NSE_3_C1
5187,020631301,3,NSE_3_C1,1,5330,NSE_3_C1
5188,068403202,3,NSE_3_C1,1,5330,NSE_3_C1
5189,068611303,3,NSE_3_C1,1,5330,NSE_3_C1
5190,065682209,3,NSE_3_C1,1,5330,NSE_3_C1
5191,020071004,3,NSE_3_C1,1,5330,NSE_3_C1
5192,064271209,3,NSE_3_C1,1,5330,NSE_3_C1
5193,020701807,3,NSE_3_C1,1,5330,NSE_3_C1
5194,020770803,3,NSE_3_C1,1,5330,NSE_3_C1
5195,020980311,3,NSE_3_C1,1,5330,NSE_3_C1
5196,068402802,3,NSE_3_C1,1,5330,NSE_3_C1
5197,020352111,3,NSE_3_C1,1,5330,NSE_3_C1
5198,068612612,3,NSE_3_C1,1,5330,NSE_3_C1
5199,064272312,3,NSE_3_C1,1,5330,NSE_3_C1
5200,020490909,3,NSE_3_C1,1,5330,NSE_3_C1
5201,067560905,3,NSE_3_C1,1,5330,NSE_3_C1
5202,020700703,3,NSE_3_C1,1,5330,NSE_3_C1
5203,065680602,3,NSE_3_C1,1,5330,NSE_3_C1
5204,020630408,3,NSE_3_C1,1,5330,NSE_3_C1
5205,063710909,3,NSE_3_C1,1,5330,NSE_3_C1
5206,020210602,3,NSE_3_C1,1,5330,NSE_3_C1
5207,020771002,3,NSE_3_C1,1,5330,NSE_3_C1
5208,068403510,3,NSE_3_C1,1,5330,NSE_3_C1
5209,067562506,3,NSE_3_C1,1,5330,NSE_3_C1
5210,020981208,3,NSE_3_C1,1,5330,NSE_3_C1
5211,020422007,3,NSE_3_C1,1,5330,NSE_3_C1
5212,020771003,3,NSE_3_C1,1,5330,NSE_3_C1
5213,064274305,3,NSE_3_C1,1,5330,NSE_3_C1
5214,068612912,3,NSE_3_C1,1,5330,NSE_3_C1
5215,064272311,3,NSE_3_C1,1,5330,NSE_3_C1
5216,064275410,3,NSE_3_C1,1,5330,NSE_3_C1
5217,065682104,3,NSE_3_C1,1,5330,NSE_3_C1
5218,020630106,3,NSE_3_C1,1,5330,NSE_3_C1
5219,065683902,3,NSE_3_C1,1,5330,NSE_3_C1
5220,067560203,3,NSE_3_C1,1,5330,NSE_3_C1
5221,065683505,3,NSE_3_C1,1,5330,NSE_3_C1
5222,065683802,3,NSE_3_C1,1,5330,NSE_3_C1
5223,068400506,3,NSE_3_C1,1,5330,NSE_3_C1
5224,068611004,3,NSE_3_C1,1,5330,NSE_3_C1
5225,020072812,3,NSE_3_C1,1,5330,NSE_3_C1
5226,068401707,3,NSE_3_C1,1,5330,NSE_3_C1
5227,020421107,3,NSE_3_C1,1,5330,NSE_3_C1
5228,065683402,3,NSE_3_C1,1,5330,NSE_3_C1
5229,064276902,3,NSE_3_C1,1,5330,NSE_3_C1
5230,020210501,3,NSE_3_C1,1,5330,NSE_3_C1
5231,020351104,3,NSE_3_C1,1,5330,NSE_3_C1
5232,020350506,3,NSE_3_C1,1,5330,NSE_3_C1
5233,067561805,3,NSE_3_C1,1,5330,NSE_3_C1
5234,020982204,3,NSE_3_C1,1,5330,NSE_3_C1
5235,020422009,3,NSE_3_C1,1,5330,NSE_3_C1
5236,020141406,3,NSE_3_C1,1,5330,NSE_3_C1
5237,020422003,3,NSE_3_C1,1,5330,NSE_3_C1
5238,064271303,3,NSE_3_C1,1,5330,NSE_3_C1
5239,020280405,3,NSE_3_C1,1,5330,NSE_3_C1
5240,020490907,3,NSE_3_C1,1,5330,NSE_3_C1
5241,020560503,3,NSE_3_C1,1,5330,NSE_3_C1
5242,020141307,3,NSE_3_C1,1,5330,NSE_3_C1
5243,020842003,3,NSE_3_C1,1,5330,NSE_3_C1
5244,064273414,3,NSE_3_C1,1,5330,NSE_3_C1
5245,065683301,3,NSE_3_C1,1,5330,NSE_3_C1
5246,020771403,3,NSE_3_C1,1,5330,NSE_3_C1
5247,020071909,3,NSE_3_C1,1,5330,NSE_3_C1
5248,020560501,3,NSE_3_C1,1,5330,NSE_3_C1
5249,068612911,3,NSE_3_C1,1,5330,NSE_3_C1
5250,020071511,3,NSE_3_C1,1,5330,NSE_3_C1
5251,064273106,3,NSE_3_C1,1,5330,NSE_3_C1
5252,020841809,3,NSE_3_C1,1,5330,NSE_3_C1
5253,020211601,3,NSE_3_C1,1,5330,NSE_3_C1
5254,020140306,3,NSE_3_C1,1,5330,NSE_3_C1
5255,064274407,3,NSE_3_C1,1,5330,NSE_3_C1
5256,020982701,3,NSE_3_C1,1,5330,NSE_3_C1
5257,068611412,3,NSE_3_C1,1,5330,NSE_3_C1
5258,068400211,3,NSE_3_C1,1,5330,NSE_3_C1
5259,020141908,3,NSE_3_C1,1,5330,NSE_3_C1
5260,020770605,3,NSE_3_C1,1,5330,NSE_3_C1
5261,020211808,3,NSE_3_C1,1,5330,NSE_3_C1
5262,020212301,3,NSE_3_C1,1,5330,NSE_3_C1
5263,020490108,3,NSE_3_C1,1,5330,NSE_3_C1
5264,020492108,3,NSE_3_C1,1,5330,NSE_3_C1
5265,020631610,3,NSE_3_C1,1,5330,NSE_3_C1
5266,020212501,3,NSE_3_C1,1,5330,NSE_3_C1
5267,020142507,3,NSE_3_C1,1,5330,NSE_3_C1
5268,064275505,3,NSE_3_C1,1,5330,NSE_3_C1
5269,020912311,3,NSE_3_C1,1,5330,NSE_3_C1
5270,020071002,3,NSE_3_C1,1,5330,NSE_3_C1
5271,020771103,3,NSE_3_C1,1,5330,NSE_3_C1
5272,067562412,3,NSE_3_C1,1,5330,NSE_3_C1
5273,020771705,3,NSE_3_C1,1,5330,NSE_3_C1
5274,064273710,3,NSE_3_C1,1,5330,NSE_3_C1
5275,020280612,3,NSE_3_C1,1,5330,NSE_3_C1
5276,020700709,3,NSE_3_C1,1,5330,NSE_3_C1
5277,020630813,3,NSE_3_C1,1,5330,NSE_3_C1
5278,020770705,3,NSE_3_C1,1,5330,NSE_3_C1
5279,020211206,3,NSE_3_C1,1,5330,NSE_3_C1
5280,068402013,3,NSE_3_C1,1,5330,NSE_3_C1
5281,067563407,3,NSE_3_C1,1,5330,NSE_3_C1
5282,020350902,3,NSE_3_C1,1,5330,NSE_3_C1
5283,020351810,3,NSE_3_C1,1,5330,NSE_3_C1
5284,021052101,3,NSE_3_C1,1,5330,NSE_3_C1
5285,020420504,3,NSE_3_C1,1,5330,NSE_3_C1
5286,020420409,3,NSE_3_C1,1,5330,NSE_3_C1
5287,067560611,3,NSE_3_C1,1,5330,NSE_3_C1
5288,068611404,3,NSE_3_C1,1,5330,NSE_3_C1
5289,065680605,3,NSE_3_C1,1,5330,NSE_3_C1
5290,020630210,3,NSE_3_C1,1,5330,NSE_3_C1
5291,065681206,3,NSE_3_C1,1,5330,NSE_3_C1
5292,020841407,3,NSE_3_C1,1,5330,NSE_3_C1
5293,021051910,3,NSE_3_C1,1,5330,NSE_3_C1
5294,020491207,3,NSE_3_C1,1,5330,NSE_3_C1
5295,064273703,3,NSE_3_C1,1,5330,NSE_3_C1
5296,020631202,3,NSE_3_C1,1,5330,NSE_3_C1
5297,064274503,3,NSE_3_C1,1,5330,NSE_3_C1
5298,020281707,3,NSE_3_C1,1,5330,NSE_3_C1
5299,020700614,3,NSE_3_C1,1,5330,NSE_3_C1
5300,067561812,3,NSE_3_C1,1,5330,NSE_3_C1
5301,020352109,3,NSE_3_C1,1,5330,NSE_3_C1
5302,020771901,3,NSE_3_C1,1,5330,NSE_3_C1
5303,020071108,3,NSE_3_C1,1,5330,NSE_3_C1
5304,020420601,3,NSE_3_C1,1,5330,NSE_3_C1
5305,020212201,3,NSE_3_C1,1,5330,NSE_3_C1
5306,020771507,3,NSE_3_C1,1,5330,NSE_3_C1
5307,068611105,3,NSE_3_C1,1,5330,NSE_3_C1
5308,063714207,3,NSE_3_C1,1,5330,NSE_3_C1
5309,067561710,3,NSE_3_C1,1,5330,NSE_3_C1
5310,064275106,3,NSE_3_C1,1,5330,NSE_3_C1
5311,020210805,3,NSE_3_C1,1,5330,NSE_3_C1
5312,068402005,3,NSE_3_C1,1,5330,NSE_3_C1
5313,020560611,3,NSE_3_C1,1,5330,NSE_3_C1
5314,068403103,3,NSE_3_C1,1,5330,NSE_3_C1
5315,064274709,3,NSE_3_C1,1,5330,NSE_3_C1
5316,020841815,3,NSE_3_C1,1,5330,NSE_3_C1
5317,064270509,3,NSE_3_C1,1,5330,NSE_3_C1
5318,021050801,3,NSE_3_C1,1,5330,NSE_3_C1
5319,068401706,3,NSE_3_C1,1,5330,NSE_3_C1
5320,064271507,3,NSE_3_C1,1,5330,NSE_3_C1
5321,020841808,3,NSE_3_C1,1,5330,NSE_3_C1
5322,020912905,3,NSE_3_C1,1,5330,NSE_3_C1
5323,020491004,3,NSE_3_C1,1,5330,NSE_3_C1
5324,020771108,3,NSE_3_C1,1,5330,NSE_3_C1
5325,020351308,3,NSE_3_C1,1,5330,NSE_3_C1
5326,020212108,3,NSE_3_C1,1,5330,NSE_3_C1
5327,063712109,3,NSE_3_C1,1,5330,NSE_3_C1
5328,068402101,3,NSE_3_C1,1,5330,NSE_3_C1
5329,068611705,3,NSE_3_C1,1,5330,NSE_3_C1
5330,065683605,3,NSE_3_C1,1,5330,NSE_3_C1
5331,064272906,3,NSE_3_C1,1,5330,NSE_3_C1
5332,020212604,3,NSE_3_C1,1,5330,NSE_3_C1
5333,065682903,3,NSE_3_C1,1,5330,NSE_3_C1
5334,020770710,3,NSE_3_C1,1,5330,NSE_3_C1
5335,020770911,3,NSE_3_C1,1,5330,NSE_3_C1
5336,020630703,3,NSE_3_C1,1,5330,NSE_3_C1
5337,020492110,3,NSE_3_C1,1,5330,NSE_3_C1
5338,020492404,3,NSE_3_C1,1,5330,NSE_3_C1
5339,020701011,3,NSE_3_C1,1,5330,NSE_3_C1
5340,020282702,3,NSE_3_C1,1,5330,NSE_3_C1
5341,065680205,3,NSE_3_C1,1,5330,NSE_3_C1
5342,063714203,3,NSE_3_C1,1,5330,NSE_3_C1
5343,063711008,3,NSE_3_C1,1,5330,NSE_3_C1
5344,064275816,3,NSE_3_C1,1,5330,NSE_3_C1
5345,020212307,3,NSE_3_C1,1,5330,NSE_3_C1
5346,063713904,3,NSE_3_C1,1,5330,NSE_3_C1
5347,063711004,3,NSE_3_C1,1,5330,NSE_3_C1
5348,067563507,3,NSE_3_C1,1,5330,NSE_3_C1
5349,065683105,3,NSE_3_C1,1,5330,NSE_3_C1
5350,064273102,3,NSE_3_C1,1,5330,NSE_3_C1
5351,064272009,3,NSE_3_C1,1,5330,NSE_3_C1
5352,067560803,3,NSE_3_C1,1,5330,NSE_3_C1
5353,068613109,3,NSE_3_C1,1,5330,NSE_3_C1
5354,068610404,3,NSE_3_C1,1,5330,NSE_3_C1
5355,020280506,3,NSE_3_C1,1,5330,NSE_3_C1
5356,020841515,3,NSE_3_C1,1,5330,NSE_3_C1
5357,064270409,3,NSE_3_C1,1,5330,NSE_3_C1
5358,020421305,3,NSE_3_C1,1,5330,NSE_3_C1
5359,064271308,3,NSE_3_C1,1,5330,NSE_3_C1
5360,067561205,3,NSE_3_C1,1,5330,NSE_3_C1
5361,020351111,3,NSE_3_C1,1,5330,NSE_3_C1
5362,020281608,3,NSE_3_C1,1,5330,NSE_3_C1
5363,020841009,3,NSE_3_C1,1,5330,NSE_3_C1
5364,020841614,3,NSE_3_C1,1,5330,NSE_3_C1
5365,020350502,3,NSE_3_C1,1,5330,NSE_3_C1
5366,020840704,3,NSE_3_C1,1,5330,NSE_3_C1
5367,020420502,3,NSE_3_C1,1,5330,NSE_3_C1
5368,065682501,3,NSE_3_C1,1,5330,NSE_3_C1
5369,065683503,3,NSE_3_C1,1,5330,NSE_3_C1
5370,020910115,3,NSE_3_C1,1,5330,NSE_3_C1
5371,020490110,3,NSE_3_C1,1,5330,NSE_3_C1
5372,020070704,3,NSE_3_C1,1,5330,NSE_3_C1
5373,021050406,3,NSE_3_C1,1,5330,NSE_3_C1
5374,063710502,3,NSE_3_C1,1,5330,NSE_3_C1
5375,020072810,3,NSE_3_C1,1,5330,NSE_3_C1
5376,020700908,3,NSE_3_C1,1,5330,NSE_3_C1
5377,020910110,3,NSE_3_C1,1,5330,NSE_3_C1
5378,063712504,3,NSE_3_C1,1,5330,NSE_3_C1
5379,020840903,3,NSE_3_C1,1,5330,NSE_3_C1
5380,064274102,3,NSE_3_C1,1,5330,NSE_3_C1
5381,068613402,3,NSE_3_C1,1,5330,NSE_3_C1
5382,021050510,3,NSE_3_C1,1,5330,NSE_3_C1
5383,020982408,3,NSE_3_C1,1,5330,NSE_3_C1
5384,020352007,3,NSE_3_C1,1,5330,NSE_3_C1
5385,020771307,3,NSE_3_C1,1,5330,NSE_3_C1
5386,020351905,3,NSE_3_C1,1,5330,NSE_3_C1
5387,020351702,3,NSE_3_C1,1,5330,NSE_3_C1
5388,065682310,3,NSE_3_C1,1,5330,NSE_3_C1
5389,020421203,3,NSE_3_C1,1,5330,NSE_3_C1
5390,065682507,3,NSE_3_C1,1,5330,NSE_3_C1
5391,020351504,3,NSE_3_C1,1,5330,NSE_3_C1
5392,065681102,3,NSE_3_C1,1,5330,NSE_3_C1
5393,063714609,3,NSE_3_C1,1,5330,NSE_3_C1
5394,063714903,3,NSE_3_C1,1,5330,NSE_3_C1
5395,064275113,3,NSE_3_C1,1,5330,NSE_3_C1
5396,065680902,3,NSE_3_C1,1,5330,NSE_3_C1
5397,065680405,3,NSE_3_C1,1,5330,NSE_3_C1
5398,020981309,3,NSE_3_C1,1,5330,NSE_3_C1
5399,020841311,3,NSE_3_C1,1,5330,NSE_3_C1
5400,064271717,3,NSE_3_C1,1,5330,NSE_3_C1
5401,020351502,3,NSE_3_C1,1,5330,NSE_3_C1
5402,068403207,3,NSE_3_C1,1,5330,NSE_3_C1
5403,067561008,3,NSE_3_C1,1,5330,NSE_3_C1
5404,068611807,3,NSE_3_C1,1,5330,NSE_3_C1
5405,064275609,3,NSE_3_C1,1,5330,NSE_3_C1
5406,065682311,3,NSE_3_C1,1,5330,NSE_3_C1
5407,064271420,3,NSE_3_C1,1,5330,NSE_3_C1
5408,065680914,3,NSE_3_C1,1,5330,NSE_3_C1
5409,068610806,3,NSE_3_C1,1,5330,NSE_3_C1
5410,068401104,3,NSE_3_C1,1,5330,NSE_3_C1
5411,020772106,3,NSE_3_C1,1,5330,NSE_3_C1
5412,063714205,3,NSE_3_C1,1,5330,NSE_3_C1
5413,020422110,3,NSE_3_C1,1,5330,NSE_3_C1
5414,020560802,3,NSE_3_C1,1,5330,NSE_3_C1
5415,063710506,3,NSE_3_C1,1,5330,NSE_3_C1
5416,065681309,3,NSE_3_C1,1,5330,NSE_3_C1
5417,020072202,3,NSE_3_C1,1,5330,NSE_3_C1
5418,020071612,3,NSE_3_C1,1,5330,NSE_3_C1
5419,020141705,3,NSE_3_C1,1,5330,NSE_3_C1
5420,020701106,3,NSE_3_C1,1,5330,NSE_3_C1
5421,068403006,3,NSE_3_C1,1,5330,NSE_3_C1
5422,065681911,3,NSE_3_C1,1,5330,NSE_3_C1
5423,068610702,3,NSE_3_C1,1,5330,NSE_3_C1
5424,064273518,3,NSE_3_C1,1,5330,NSE_3_C1
5425,020630204,3,NSE_3_C1,1,5330,NSE_3_C1
5426,065683405,3,NSE_3_C1,1,5330,NSE_3_C1
5427,020212309,3,NSE_3_C1,1,5330,NSE_3_C1
5428,020211609,3,NSE_3_C1,1,5330,NSE_3_C1
5429,068612203,3,NSE_3_C1,1,5330,NSE_3_C1
5430,065681103,3,NSE_3_C1,1,5330,NSE_3_C1
5431,064273611,3,NSE_3_C1,1,5330,NSE_3_C1
5432,068612702,3,NSE_3_C1,1,5330,NSE_3_C1
5433,020840307,3,NSE_3_C1,1,5330,NSE_3_C1
5434,020981203,3,NSE_3_C1,1,5330,NSE_3_C1
5435,063715003,3,NSE_3_C1,1,5330,NSE_3_C1
5436,020701812,3,NSE_3_C1,1,5330,NSE_3_C1
5437,065683209,3,NSE_3_C1,1,5330,NSE_3_C1
5438,063714307,3,NSE_3_C1,1,5330,NSE_3_C1
5439,020911509,3,NSE_3_C1,1,5330,NSE_3_C1
5440,067560802,3,NSE_3_C1,1,5330,NSE_3_C1
5441,068403602,3,NSE_3_C1,1,5330,NSE_3_C1
5442,067562306,3,NSE_3_C1,1,5330,NSE_3_C1
5443,065681204,3,NSE_3_C1,1,5330,NSE_3_C1
5444,064273812,3,NSE_3_C1,1,5330,NSE_3_C1
5445,065681101,3,NSE_3_C1,1,5330,NSE_3_C1
5446,021050207,3,NSE_3_C1,1,5330,NSE_3_C1
5447,020422004,3,NSE_3_C1,1,5330,NSE_3_C1
5448,021052011,3,NSE_3_C1,1,5330,NSE_3_C1
5449,064270105,3,NSE_3_C1,1,5330,NSE_3_C1
5450,064273302,3,NSE_3_C1,1,5330,NSE_3_C1
5451,065682504,3,NSE_3_C1,1,5330,NSE_3_C1
5452,065681713,3,NSE_3_C1,1,5330,NSE_3_C1
5453,064273503,3,NSE_3_C1,1,5330,NSE_3_C1
5454,020560301,3,NSE_3_C1,1,5330,NSE_3_C1
5455,065681610,3,NSE_3_C1,1,5330,NSE_3_C1
5456,020561310,3,NSE_3_C1,1,5330,NSE_3_C1
5457,064275118,3,NSE_3_C1,1,5330,NSE_3_C1
5458,020700708,3,NSE_3_C1,1,5330,NSE_3_C1
5459,064275412,3,NSE_3_C1,1,5330,NSE_3_C1
5460,020561206,3,NSE_3_C1,1,5330,NSE_3_C1
5461,020070218,3,NSE_3_C1,1,5330,NSE_3_C1
5462,065682502,3,NSE_3_C1,1,5330,NSE_3_C1
5463,020700205,3,NSE_3_C1,1,5330,NSE_3_C1
5464,020352004,3,NSE_3_C1,1,5330,NSE_3_C1
5465,020211406,3,NSE_3_C1,1,5330,NSE_3_C1
5466,065680708,3,NSE_3_C1,1,5330,NSE_3_C1
5467,068404104,3,NSE_3_C1,1,5330,NSE_3_C1
5468,067561103,3,NSE_3_C1,1,5330,NSE_3_C1
5469,065683001,3,NSE_3_C1,1,5330,NSE_3_C1
5470,063712803,3,NSE_3_C1,1,5330,NSE_3_C1
5471,020282205,3,NSE_3_C1,1,5330,NSE_3_C1
5472,020770709,3,NSE_3_C1,1,5330,NSE_3_C1
5473,064273509,3,NSE_3_C1,1,5330,NSE_3_C1
5474,020772008,3,NSE_3_C1,1,5330,NSE_3_C1
5475,063714104,3,NSE_3_C1,1,5330,NSE_3_C1
5476,020911612,3,NSE_3_C1,1,5330,NSE_3_C1
5477,064270213,3,NSE_3_C1,1,5330,NSE_3_C1
5478,064273105,3,NSE_3_C1,1,5330,NSE_3_C1
5479,020770606,3,NSE_3_C1,1,5330,NSE_3_C1
5480,021051605,3,NSE_3_C1,1,5330,NSE_3_C1
5481,068611407,3,NSE_3_C1,1,5330,NSE_3_C1
5482,020350204,3,NSE_3_C1,1,5330,NSE_3_C1
5483,020561007,3,NSE_3_C1,1,5330,NSE_3_C1
5484,068402001,3,NSE_3_C1,1,5330,NSE_3_C1
5485,068401703,3,NSE_3_C1,1,5330,NSE_3_C1
5486,065683806,3,NSE_3_C1,1,5330,NSE_3_C1
5487,020770506,3,NSE_3_C1,1,5330,NSE_3_C1
5488,020281709,3,NSE_3_C1,1,5330,NSE_3_C1
5489,067561506,3,NSE_3_C1,1,5330,NSE_3_C1
5490,067563003,3,NSE_3_C1,1,5330,NSE_3_C1
5491,064275514,3,NSE_3_C1,1,5330,NSE_3_C1
5492,020630410,3,NSE_3_C1,1,5330,NSE_3_C1
5493,020772001,3,NSE_3_C1,1,5330,NSE_3_C1
5494,068403705,3,NSE_3_C1,1,5330,NSE_3_C1
5495,020210604,3,NSE_3_C1,1,5330,NSE_3_C1
5496,020630502,3,NSE_3_C1,1,5330,NSE_3_C1
5497,020350507,3,NSE_3_C1,1,5330,NSE_3_C1
5498,064270101,3,NSE_3_C1,1,5330,NSE_3_C1
5499,067560301,3,NSE_3_C1,1,5330,NSE_3_C1
5500,020210804,3,NSE_3_C1,1,5330,NSE_3_C1
5501,065683203,3,NSE_3_C1,1,5330,NSE_3_C1
5502,064270305,3,NSE_3_C1,1,5330,NSE_3_C1
5503,020912902,3,NSE_3_C1,1,5330,NSE_3_C1
5504,064272209,3,NSE_3_C1,1,5330,NSE_3_C1
5505,020911208,3,NSE_3_C1,1,5330,NSE_3_C1
5506,020490306,3,NSE_3_C1,1,5330,NSE_3_C1
5507,063713001,3,NSE_3_C1,1,5330,NSE_3_C1
5508,064271107,3,NSE_3_C1,1,5330,NSE_3_C1
5509,020631607,3,NSE_3_C1,1,5330,NSE_3_C1
5510,065680502,3,NSE_3_C1,1,5330,NSE_3_C1
5511,020072804,3,NSE_3_C1,1,5330,NSE_3_C1
5512,068401110,3,NSE_3_C1,1,5330,NSE_3_C1
5513,020350101,3,NSE_3_C1,1,5330,NSE_3_C1
5514,020980912,3,NSE_3_C1,1,5330,NSE_3_C1
5515,068612601,3,NSE_3_C1,1,5330,NSE_3_C1
5516,020771104,3,NSE_3_C1,1,5330,NSE_3_C1
5517,064270901,3,NSE_3_C1,1,5330,NSE_3_C1
5518,020210304,3,NSE_3_C1,1,5330,NSE_3_C1
5519,020840602,3,NSE_3_C1,1,5330,NSE_3_C1
5520,020631210,3,NSE_3_C1,1,5330,NSE_3_C1
5521,020351908,3,NSE_3_C1,1,5330,NSE_3_C1
5522,020210503,3,NSE_3_C1,1,5330,NSE_3_C1
5523,020842009,3,NSE_3_C1,1,5330,NSE_3_C1
5524,020281212,3,NSE_3_C1,1,5330,NSE_3_C1
5525,068612212,3,NSE_3_C1,1,5330,NSE_3_C1
5526,020980905,3,NSE_3_C1,1,5330,NSE_3_C1
5527,020491405,3,NSE_3_C1,1,5330,NSE_3_C1
5528,020071318,3,NSE_3_C1,1,5330,NSE_3_C1
5529,064274301,3,NSE_3_C1,1,5330,NSE_3_C1
5530,020631003,3,NSE_3_C1,1,5330,NSE_3_C1
5531,021051004,3,NSE_3_C1,1,5330,NSE_3_C1
5532,063710704,3,NSE_3_C1,1,5330,NSE_3_C1
5533,020490701,3,NSE_3_C1,1,5330,NSE_3_C1
5534,020981407,3,NSE_3_C1,1,5330,NSE_3_C1
5535,020140806,3,NSE_3_C1,1,5330,NSE_3_C1
5536,020280404,3,NSE_3_C1,1,5330,NSE_3_C1
5537,064273011,3,NSE_3_C1,1,5330,NSE_3_C1
5538,064274104,3,NSE_3_C1,1,5330,NSE_3_C1
5539,020631209,3,NSE_3_C1,1,5330,NSE_3_C1
5540,021050206,3,NSE_3_C1,1,5330,NSE_3_C1
5541,064274202,3,NSE_3_C1,1,5330,NSE_3_C1
5542,068403707,3,NSE_3_C1,1,5330,NSE_3_C1
5543,064273006,3,NSE_3_C1,1,5330,NSE_3_C1
5544,020071210,3,NSE_3_C1,1,5330,NSE_3_C1
5545,068401405,3,NSE_3_C1,1,5330,NSE_3_C1
5546,020841907,3,NSE_3_C1,1,5330,NSE_3_C1
5547,063713005,3,NSE_3_C1,1,5330,NSE_3_C1
5548,020142106,3,NSE_3_C1,1,5330,NSE_3_C1
5549,068402808,3,NSE_3_C1,1,5330,NSE_3_C1
5550,067560601,3,NSE_3_C1,1,5330,NSE_3_C1
5551,068610905,3,NSE_3_C1,1,5330,NSE_3_C1
5552,020980305,3,NSE_3_C1,1,5330,NSE_3_C1
5553,020142502,3,NSE_3_C1,1,5330,NSE_3_C1
5554,020421608,3,NSE_3_C1,1,5330,NSE_3_C1
5555,020280410,3,NSE_3_C1,1,5330,NSE_3_C1
5556,067562807,3,NSE_3_C1,1,5330,NSE_3_C1
5557,020421404,3,NSE_3_C1,1,5330,NSE_3_C1
5558,020841507,3,NSE_3_C1,1,5330,NSE_3_C1
5559,068403005,3,NSE_3_C1,1,5330,NSE_3_C1
5560,068404202,3,NSE_3_C1,1,5330,NSE_3_C1
5561,064271211,3,NSE_3_C1,1,5330,NSE_3_C1
5562,064272708,3,NSE_3_C1,1,5330,NSE_3_C1
5563,068403002,3,NSE_3_C1,1,5330,NSE_3_C1
5564,063712108,3,NSE_3_C1,1,5330,NSE_3_C1
5565,068401803,3,NSE_3_C1,1,5330,NSE_3_C1
5566,067561203,3,NSE_3_C1,1,5330,NSE_3_C1
5567,065681203,3,NSE_3_C1,1,5330,NSE_3_C1
5568,068612804,3,NSE_3_C1,1,5330,NSE_3_C1
5569,020912506,3,NSE_3_C1,1,5330,NSE_3_C1
5570,068402007,3,NSE_3_C1,1,5330,NSE_3_C1
5571,064274009,3,NSE_3_C1,1,5330,NSE_3_C1
5572,068611107,3,NSE_3_C1,1,5330,NSE_3_C1
5573,065683911,3,NSE_3_C1,1,5330,NSE_3_C1
5574,068610509,3,NSE_3_C1,1,5330,NSE_3_C1
5575,020421702,3,NSE_3_C1,1,5330,NSE_3_C1
5576,020421509,3,NSE_3_C1,1,5330,NSE_3_C1
5577,063711102,3,NSE_3_C1,1,5330,NSE_3_C1
5578,020842215,3,NSE_3_C1,1,5330,NSE_3_C1
5579,020280304,3,NSE_3_C1,1,5330,NSE_3_C1
5580,020701610,3,NSE_3_C1,1,5330,NSE_3_C1
5581,068404002,3,NSE_3_C1,1,5330,NSE_3_C1
5582,064277006,3,NSE_3_C1,1,5330,NSE_3_C1
5583,020490109,3,NSE_3_C1,1,5330,NSE_3_C1
5584,020772003,3,NSE_3_C1,1,5330,NSE_3_C1
5585,020070807,3,NSE_3_C1,1,5330,NSE_3_C1
5586,064273210,3,NSE_3_C1,1,5330,NSE_3_C1
5587,020281705,3,NSE_3_C1,1,5330,NSE_3_C1
5588,020491809,3,NSE_3_C1,1,5330,NSE_3_C1
5589,063711904,3,NSE_3_C1,1,5330,NSE_3_C1
5590,020281105,3,NSE_3_C1,1,5330,NSE_3_C1
5591,020490201,3,NSE_3_C1,1,5330,NSE_3_C1
5592,065680906,3,NSE_3_C1,1,5330,NSE_3_C1
5593,068401503,3,NSE_3_C1,1,5330,NSE_3_C1
5594,065682404,3,NSE_3_C1,1,5330,NSE_3_C1
5595,063711110,3,NSE_3_C1,1,5330,NSE_3_C1
5596,020701403,3,NSE_3_C1,1,5330,NSE_3_C1
5597,020560901,3,NSE_3_C1,1,5330,NSE_3_C1
5598,063711403,3,NSE_3_C1,1,5330,NSE_3_C1
5599,020210801,3,NSE_3_C1,1,5330,NSE_3_C1
5600,063712807,3,NSE_3_C1,1,5330,NSE_3_C1
5601,020071317,3,NSE_3_C1,1,5330,NSE_3_C1
5602,020351109,3,NSE_3_C1,1,5330,NSE_3_C1
5603,064275112,3,NSE_3_C1,1,5330,NSE_3_C1
5604,063710612,3,NSE_3_C1,1,5330,NSE_3_C1
5605,068401407,3,NSE_3_C1,1,5330,NSE_3_C1
5606,068612503,3,NSE_3_C1,1,5330,NSE_3_C1
5607,068401410,3,NSE_3_C1,1,5330,NSE_3_C1
5608,020490702,3,NSE_3_C1,1,5330,NSE_3_C1
5609,020701913,3,NSE_3_C1,1,5330,NSE_3_C1
5610,020981001,3,NSE_3_C1,1,5330,NSE_3_C1
5611,064272507,3,NSE_3_C1,1,5330,NSE_3_C1
5612,020840301,3,NSE_3_C1,1,5330,NSE_3_C1
5613,021050905,3,NSE_3_C1,1,5330,NSE_3_C1
5614,020561305,3,NSE_3_C1,1,5330,NSE_3_C1
5615,063712707,3,NSE_3_C1,1,5330,NSE_3_C1
5616,020352011,3,NSE_3_C1,1,5330,NSE_3_C1
5617,067561209,3,NSE_3_C1,1,5330,NSE_3_C1
5618,065683706,3,NSE_3_C1,1,5330,NSE_3_C1
5619,020492310,3,NSE_3_C1,1,5330,NSE_3_C1
5620,064271213,3,NSE_3_C1,1,5330,NSE_3_C1
5621,020210603,3,NSE_3_C1,1,5330,NSE_3_C1
5622,068611008,3,NSE_3_C1,1,5330,NSE_3_C1
5623,020912906,3,NSE_3_C1,1,5330,NSE_3_C1
5624,067562005,3,NSE_3_C1,1,5330,NSE_3_C1
5625,021051112,3,NSE_3_C1,1,5330,NSE_3_C1
5626,065680211,3,NSE_3_C1,1,5330,NSE_3_C1
5627,064274711,3,NSE_3_C1,1,5330,NSE_3_C1
5628,020630910,3,NSE_3_C1,1,5330,NSE_3_C1
5629,021050713,3,NSE_3_C1,1,5330,NSE_3_C1
5630,020980807,3,NSE_3_C1,1,5330,NSE_3_C1
5631,068401207,3,NSE_3_C1,1,5330,NSE_3_C1
5632,068401210,3,NSE_3_C1,1,5330,NSE_3_C1
5633,020701311,3,NSE_3_C1,1,5330,NSE_3_C1
5634,065683908,3,NSE_3_C1,1,5330,NSE_3_C1
5635,068401807,3,NSE_3_C1,1,5330,NSE_3_C1
5636,020771209,3,NSE_3_C1,1,5330,NSE_3_C1
5637,020561105,3,NSE_3_C1,1,5330,NSE_3_C1
5638,063713003,3,NSE_3_C1,1,5330,NSE_3_C1
5639,065681408,3,NSE_3_C1,1,5330,NSE_3_C1
5640,068401608,3,NSE_3_C1,1,5330,NSE_3_C1
5641,067560306,3,NSE_3_C1,1,5330,NSE_3_C1
5642,020490307,3,NSE_3_C1,1,5330,NSE_3_C1
5643,020350305,3,NSE_3_C1,1,5330,NSE_3_C1
5644,065683907,3,NSE_3_C1,1,5330,NSE_3_C1
5645,020771105,3,NSE_3_C1,1,5330,NSE_3_C1
5646,020420602,3,NSE_3_C1,1,5330,NSE_3_C1
5647,020351009,3,NSE_3_C1,1,5330,NSE_3_C1
5648,020350805,3,NSE_3_C1,1,5330,NSE_3_C1
5649,020141704,3,NSE_3_C1,1,5330,NSE_3_C1
5650,020421204,3,NSE_3_C1,1,5330,NSE_3_C1
5651,020492003,3,NSE_3_C1,1,5330,NSE_3_C1
5652,021050101,3,NSE_3_C1,1,5330,NSE_3_C1
5653,063713404,3,NSE_3_C1,1,5330,NSE_3_C1
5654,020841505,3,NSE_3_C1,1,5330,NSE_3_C1
5655,064272701,3,NSE_3_C1,1,5330,NSE_3_C1
5656,065682701,3,NSE_3_C1,1,5330,NSE_3_C1
5657,020350108,3,NSE_3_C1,1,5330,NSE_3_C1
5658,020491109,3,NSE_3_C1,1,5330,NSE_3_C1
5659,063711107,3,NSE_3_C1,1,5330,NSE_3_C1
5660,020350309,3,NSE_3_C1,1,5330,NSE_3_C1
5661,065680510,3,NSE_3_C1,1,5330,NSE_3_C1
5662,064270108,3,NSE_3_C1,1,5330,NSE_3_C1
5663,068401007,3,NSE_3_C1,1,5330,NSE_3_C1
5664,067562003,3,NSE_3_C1,1,5330,NSE_3_C1
5665,020631103,3,NSE_3_C1,1,5330,NSE_3_C1
5666,021050303,3,NSE_3_C1,1,5330,NSE_3_C1
5667,020071112,3,NSE_3_C1,1,5330,NSE_3_C1
5668,020631302,3,NSE_3_C1,1,5330,NSE_3_C1
5669,020490710,3,NSE_3_C1,1,5330,NSE_3_C1
5670,064273313,3,NSE_3_C1,1,5330,NSE_3_C1
5671,067561711,3,NSE_3_C1,1,5330,NSE_3_C1
5672,064274703,3,NSE_3_C1,1,5330,NSE_3_C1
5673,067560104,3,NSE_3_C1,1,5330,NSE_3_C1
5674,020980801,3,NSE_3_C1,1,5330,NSE_3_C1
5675,064271207,3,NSE_3_C1,1,5330,NSE_3_C1
5676,020210904,3,NSE_3_C1,1,5330,NSE_3_C1
5677,020211503,3,NSE_3_C1,1,5330,NSE_3_C1
5678,064272605,3,NSE_3_C1,1,5330,NSE_3_C1
5679,068400705,3,NSE_3_C1,1,5330,NSE_3_C1
5680,067561508,3,NSE_3_C1,1,5330,NSE_3_C1
5681,020701204,3,NSE_3_C1,1,5330,NSE_3_C1
5682,064276201,3,NSE_3_C1,1,5330,NSE_3_C1
5683,020072703,3,NSE_3_C1,1,5330,NSE_3_C1
5684,064271416,3,NSE_3_C1,1,5330,NSE_3_C1
5685,064272002,3,NSE_3_C1,1,5330,NSE_3_C1
5686,020140709,3,NSE_3_C1,1,5330,NSE_3_C1
5687,067560101,3,NSE_3_C1,1,5330,NSE_3_C1
5688,068401602,3,NSE_3_C1,1,5330,NSE_3_C1
5689,020840110,3,NSE_3_C1,1,5330,NSE_3_C1
5690,068613110,3,NSE_3_C1,1,5330,NSE_3_C1
5691,020841902,3,NSE_3_C1,1,5330,NSE_3_C1
5692,020281201,3,NSE_3_C1,1,5330,NSE_3_C1
5693,020212105,3,NSE_3_C1,1,5330,NSE_3_C1
5694,020772111,3,NSE_3_C1,1,5330,NSE_3_C1
5695,020630311,3,NSE_3_C1,1,5330,NSE_3_C1
5696,020212406,3,NSE_3_C1,1,5330,NSE_3_C1
5697,068611104,3,NSE_3_C1,1,5330,NSE_3_C1
5698,020840209,3,NSE_3_C1,1,5330,NSE_3_C1
5699,020420301,3,NSE_3_C1,1,5330,NSE_3_C1
5700,064272808,3,NSE_3_C1,1,5330,NSE_3_C1
5701,020352213,3,NSE_3_C1,1,5330,NSE_3_C1
5702,020840804,3,NSE_3_C1,1,5330,NSE_3_C1
5703,068402507,3,NSE_3_C1,1,5330,NSE_3_C1
5704,020350207,3,NSE_3_C1,1,5330,NSE_3_C1
5705,064270209,3,NSE_3_C1,1,5330,NSE_3_C1
5706,020420805,3,NSE_3_C1,1,5330,NSE_3_C1
5707,068612505,3,NSE_3_C1,1,5330,NSE_3_C1
5708,020491711,3,NSE_3_C1,1,5330,NSE_3_C1
5709,064275611,3,NSE_3_C1,1,5330,NSE_3_C1
5710,020421606,3,NSE_3_C1,1,5330,NSE_3_C1
5711,063711214,3,NSE_3_C1,1,5330,NSE_3_C1
5712,020211408,3,NSE_3_C1,1,5330,NSE_3_C1
5713,020490504,3,NSE_3_C1,1,5330,NSE_3_C1
5714,064274310,3,NSE_3_C1,1,5330,NSE_3_C1
5715,020700906,3,NSE_3_C1,1,5330,NSE_3_C1
5716,020212011,3,NSE_3_C1,1,5330,NSE_3_C1
5717,020210907,3,NSE_3_C1,1,5330,NSE_3_C1
5718,063713303,3,NSE_3_C1,1,5330,NSE_3_C1
5719,020421312,3,NSE_3_C1,1,5330,NSE_3_C1
5720,064270902,3,NSE_3_C1,1,5330,NSE_3_C1
5721,020910409,3,NSE_3_C1,1,5330,NSE_3_C1
5722,020700514,3,NSE_3_C1,1,5330,NSE_3_C1
5723,020491903,3,NSE_3_C1,1,5330,NSE_3_C1
5724,065680402,3,NSE_3_C1,1,5330,NSE_3_C1
5725,064272610,3,NSE_3_C1,1,5330,NSE_3_C1
5726,020910403,3,NSE_3_C1,1,5330,NSE_3_C1
5727,063710907,3,NSE_3_C1,1,5330,NSE_3_C1
5728,068401105,3,NSE_3_C1,1,5330,NSE_3_C1
5729,020911609,3,NSE_3_C1,1,5330,NSE_3_C1
5730,020281311,3,NSE_3_C1,1,5330,NSE_3_C1
5731,020841002,3,NSE_3_C1,1,5330,NSE_3_C1
5732,020840810,3,NSE_3_C1,1,5330,NSE_3_C1
5733,020210704,3,NSE_3_C1,1,5330,NSE_3_C1
5734,020771311,3,NSE_3_C1,1,5330,NSE_3_C1
5735,020211008,3,NSE_3_C1,1,5330,NSE_3_C1
5736,064271312,3,NSE_3_C1,1,5330,NSE_3_C1
5737,020910109,3,NSE_3_C1,1,5330,NSE_3_C1
5738,020982403,3,NSE_3_C1,1,5330,NSE_3_C1
5739,063714908,3,NSE_3_C1,1,5330,NSE_3_C1
5740,020631109,3,NSE_3_C1,1,5330,NSE_3_C1
5741,063712306,3,NSE_3_C1,1,5330,NSE_3_C1
5742,068402902,3,NSE_3_C1,1,5330,NSE_3_C1
5743,020491008,3,NSE_3_C1,1,5330,NSE_3_C1
5744,020210810,3,NSE_3_C1,1,5330,NSE_3_C1
5745,063712110,3,NSE_3_C1,1,5330,NSE_3_C1
5746,020491305,3,NSE_3_C1,1,5330,NSE_3_C1
5747,020280105,3,NSE_3_C1,1,5330,NSE_3_C1
5748,020700613,3,NSE_3_C1,1,5330,NSE_3_C1
5749,020352112,3,NSE_3_C1,1,5330,NSE_3_C1
5750,020280107,3,NSE_3_C1,1,5330,NSE_3_C1
5751,063714604,3,NSE_3_C1,1,5330,NSE_3_C1
5752,065681504,3,NSE_3_C1,1,5330,NSE_3_C1
5753,020212107,3,NSE_3_C1,1,5330,NSE_3_C1
5754,064273206,3,NSE_3_C1,1,5330,NSE_3_C1
5755,068402205,3,NSE_3_C1,1,5330,NSE_3_C1
5756,020421101,3,NSE_3_C1,1,5330,NSE_3_C1
5757,067560607,3,NSE_3_C1,1,5330,NSE_3_C1
5758,021050210,3,NSE_3_C1,1,5330,NSE_3_C1
5759,067560110,3,NSE_3_C1,1,5330,NSE_3_C1
5760,020071001,3,NSE_3_C1,1,5330,NSE_3_C1
5761,020352106,3,NSE_3_C1,1,5330,NSE_3_C1
5762,064272506,3,NSE_3_C1,1,5330,NSE_3_C1
5763,020421707,3,NSE_3_C1,1,5330,NSE_3_C1
5764,020281211,3,NSE_3_C1,1,5330,NSE_3_C1
5765,020840409,3,NSE_3_C1,1,5330,NSE_3_C1
5766,020561703,3,NSE_3_C1,1,5330,NSE_3_C1
5767,065681305,3,NSE_3_C1,1,5330,NSE_3_C1
5768,068404009,3,NSE_3_C1,1,5330,NSE_3_C1
5769,068612105,3,NSE_3_C1,1,5330,NSE_3_C1
5770,064270710,3,NSE_3_C1,1,5330,NSE_3_C1
5771,064270111,3,NSE_3_C1,1,5330,NSE_3_C1
5772,065683201,3,NSE_3_C1,1,5330,NSE_3_C1
5773,068403104,3,NSE_3_C1,1,5330,NSE_3_C1
5774,067560906,3,NSE_3_C1,1,5330,NSE_3_C1
5775,020842205,3,NSE_3_C1,1,5330,NSE_3_C1
5776,068403607,3,NSE_3_C1,1,5330,NSE_3_C1
5777,020140805,3,NSE_3_C1,1,5330,NSE_3_C1
5778,064271401,3,NSE_3_C1,1,5330,NSE_3_C1
5779,068403106,3,NSE_3_C1,1,5330,NSE_3_C1
5780,068402805,3,NSE_3_C1,1,5330,NSE_3_C1
5781,063714309,3,NSE_3_C1,1,5330,NSE_3_C1
5782,020491402,3,NSE_3_C1,1,5330,NSE_3_C1
5783,020211704,3,NSE_3_C1,1,5330,NSE_3_C1
5784,020491701,3,NSE_3_C1,1,5330,NSE_3_C1
5785,063713007,3,NSE_3_C1,1,5330,NSE_3_C1
5786,020701210,3,NSE_3_C1,1,5330,NSE_3_C1
5787,020770207,3,NSE_3_C1,1,5330,NSE_3_C1
5788,020842112,3,NSE_3_C1,1,5330,NSE_3_C1
5789,020560210,3,NSE_3_C1,1,5330,NSE_3_C1
5790,063712301,3,NSE_3_C1,1,5330,NSE_3_C1
5791,063713909,3,NSE_3_C1,1,5330,NSE_3_C1
5792,020492103,3,NSE_3_C1,1,5330,NSE_3_C1
5793,064271502,3,NSE_3_C1,1,5330,NSE_3_C1
5794,020701203,3,NSE_3_C1,1,5330,NSE_3_C1
5795,020772107,3,NSE_3_C1,1,5330,NSE_3_C1
5796,065680508,3,NSE_3_C1,1,5330,NSE_3_C1
5797,021051611,3,NSE_3_C1,1,5330,NSE_3_C1
5798,020911009,3,NSE_3_C1,1,5330,NSE_3_C1
5799,068610110,3,NSE_3_C1,1,5330,NSE_3_C1
5800,063712908,3,NSE_3_C1,1,5330,NSE_3_C1
5801,063711413,3,NSE_3_C1,1,5330,NSE_3_C1
5802,068610807,3,NSE_3_C1,1,5330,NSE_3_C1
5803,021051402,3,NSE_3_C1,1,5330,NSE_3_C1
5804,063710206,3,NSE_3_C1,1,5330,NSE_3_C1
5805,020910212,3,NSE_3_C1,1,5330,NSE_3_C1
5806,020910207,3,NSE_3_C1,1,5330,NSE_3_C1
5807,020842001,3,NSE_3_C1,1,5330,NSE_3_C1
5808,063711210,3,NSE_3_C1,1,5330,NSE_3_C1
5809,021051504,3,NSE_3_C1,1,5330,NSE_3_C1
5810,020491901,3,NSE_3_C1,1,5330,NSE_3_C1
5811,068401801,3,NSE_3_C1,1,5330,NSE_3_C1
5812,020630914,3,NSE_3_C1,1,5330,NSE_3_C1
5813,068613209,3,NSE_3_C1,1,5330,NSE_3_C1
5814,021051405,3,NSE_3_C1,1,5330,NSE_3_C1
5815,068401308,3,NSE_3_C1,1,5330,NSE_3_C1
5816,068613310,3,NSE_3_C1,1,5330,NSE_3_C1
5817,020280812,3,NSE_3_C1,1,5330,NSE_3_C1
5818,064270701,3,NSE_3_C1,1,5330,NSE_3_C1
5819,068401209,3,NSE_3_C1,1,5330,NSE_3_C1
5820,068403701,3,NSE_3_C1,1,5330,NSE_3_C1
5821,020980712,3,NSE_3_C1,1,5330,NSE_3_C1
5822,063710301,3,NSE_3_C1,1,5330,NSE_3_C1
5823,020560801,3,NSE_3_C1,1,5330,NSE_3_C1
5824,063712009,3,NSE_3_C1,1,5330,NSE_3_C1
5825,064272604,3,NSE_3_C1,1,5330,NSE_3_C1
5826,067560308,3,NSE_3_C1,1,5330,NSE_3_C1
5827,068612402,3,NSE_3_C1,1,5330,NSE_3_C1
5828,020420101,3,NSE_3_C1,1,5330,NSE_3_C1
5829,064270507,3,NSE_3_C1,1,5330,NSE_3_C1
5830,020490204,3,NSE_3_C1,1,5330,NSE_3_C1
5831,020212010,3,NSE_3_C1,1,5330,NSE_3_C1
5832,020210305,3,NSE_3_C1,1,5330,NSE_3_C1
5833,064276207,3,NSE_3_C1,1,5330,NSE_3_C1
5834,020280110,3,NSE_3_C1,1,5330,NSE_3_C1
5835,068611606,3,NSE_3_C1,1,5330,NSE_3_C1
5836,020491708,3,NSE_3_C1,1,5330,NSE_3_C1
5837,020491411,3,NSE_3_C1,1,5330,NSE_3_C1
5838,020841202,3,NSE_3_C1,1,5330,NSE_3_C1
5839,020701602,3,NSE_3_C1,1,5330,NSE_3_C1
5840,067562304,3,NSE_3_C1,1,5330,NSE_3_C1
5841,065683308,3,NSE_3_C1,1,5330,NSE_3_C1
5842,063714208,3,NSE_3_C1,1,5330,NSE_3_C1
5843,020072508,3,NSE_3_C1,1,5330,NSE_3_C1
5844,020631005,3,NSE_3_C1,1,5330,NSE_3_C1
5845,021051906,3,NSE_3_C1,1,5330,NSE_3_C1
5846,020841705,3,NSE_3_C1,1,5330,NSE_3_C1
5847,063714607,3,NSE_3_C1,1,5330,NSE_3_C1
5848,067560610,3,NSE_3_C1,1,5330,NSE_3_C1
5849,020210108,3,NSE_3_C1,1,5330,NSE_3_C1
5850,020281303,3,NSE_3_C1,1,5330,NSE_3_C1
5851,020420707,3,NSE_3_C1,1,5330,NSE_3_C1
5852,020771306,3,NSE_3_C1,1,5330,NSE_3_C1
5853,064273310,3,NSE_3_C1,1,5330,NSE_3_C1
5854,020980707,3,NSE_3_C1,1,5330,NSE_3_C1
5855,065680412,3,NSE_3_C1,1,5330,NSE_3_C1
5856,021050401,3,NSE_3_C1,1,5330,NSE_3_C1
5857,068401208,3,NSE_3_C1,1,5330,NSE_3_C1
5858,020841912,3,NSE_3_C1,1,5330,NSE_3_C1
5859,068402009,3,NSE_3_C1,1,5330,NSE_3_C1
5860,020771611,3,NSE_3_C1,1,5330,NSE_3_C1
5861,068400906,3,NSE_3_C1,1,5330,NSE_3_C1
5862,063712401,3,NSE_3_C1,1,5330,NSE_3_C1
5863,020490506,3,NSE_3_C1,1,5330,NSE_3_C1
5864,020071901,3,NSE_3_C1,1,5330,NSE_3_C1
5865,020490607,3,NSE_3_C1,1,5330,NSE_3_C1
5866,068403501,3,NSE_3_C1,1,5330,NSE_3_C1
5867,064270309,3,NSE_3_C1,1,5330,NSE_3_C1
5868,063710601,3,NSE_3_C1,1,5330,NSE_3_C1
5869,020140304,3,NSE_3_C1,1,5330,NSE_3_C1
5870,020281107,3,NSE_3_C1,1,5330,NSE_3_C1
5871,065683211,3,NSE_3_C1,1,5330,NSE_3_C1
5872,020281108,3,NSE_3_C1,1,5330,NSE_3_C1
5873,063710303,3,NSE_3_C1,1,5330,NSE_3_C1
5874,063712601,3,NSE_3_C1,1,5330,NSE_3_C1
5875,021052006,3,NSE_3_C1,1,5330,NSE_3_C1
5876,063715308,3,NSE_3_C1,1,5330,NSE_3_C1
5877,068401508,3,NSE_3_C1,1,5330,NSE_3_C1
5878,064272102,3,NSE_3_C1,1,5330,NSE_3_C1
5879,065683609,3,NSE_3_C1,1,5330,NSE_3_C1
5880,020280712,3,NSE_3_C1,1,5330,NSE_3_C1
5881,064272801,3,NSE_3_C1,1,5330,NSE_3_C1
5882,020420410,3,NSE_3_C1,1,5330,NSE_3_C1
5883,020910503,3,NSE_3_C1,1,5330,NSE_3_C1
5884,020281409,3,NSE_3_C1,1,5330,NSE_3_C1
5885,020421005,3,NSE_3_C1,1,5330,NSE_3_C1
5886,068402407,3,NSE_3_C1,1,5330,NSE_3_C1
5887,067561911,3,NSE_3_C1,1,5330,NSE_3_C1
5888,065681502,3,NSE_3_C1,1,5330,NSE_3_C1
5889,020211910,3,NSE_3_C1,1,5330,NSE_3_C1
5890,064275005,3,NSE_3_C1,1,5330,NSE_3_C1
5891,067561902,3,NSE_3_C1,1,5330,NSE_3_C1
5892,020701505,3,NSE_3_C1,1,5330,NSE_3_C1
5893,020072604,3,NSE_3_C1,1,5330,NSE_3_C1
5894,020840802,3,NSE_3_C1,1,5330,NSE_3_C1
5895,020490410,3,NSE_3_C1,1,5330,NSE_3_C1
5896,065680207,3,NSE_3_C1,1,5330,NSE_3_C1
5897,064271003,3,NSE_3_C1,1,5330,NSE_3_C1
5898,020911104,3,NSE_3_C1,1,5330,NSE_3_C1
5899,020141403,3,NSE_3_C1,1,5330,NSE_3_C1
5900,020980102,3,NSE_3_C1,1,5330,NSE_3_C1
5901,020842104,3,NSE_3_C1,1,5330,NSE_3_C1
5902,020140608,3,NSE_3_C1,1,5330,NSE_3_C1
5903,020981204,3,NSE_3_C1,1,5330,NSE_3_C1
5904,020701010,3,NSE_3_C1,1,5330,NSE_3_C1
5905,065680503,3,NSE_3_C1,1,5330,NSE_3_C1
5906,020280703,3,NSE_3_C1,1,5330,NSE_3_C1
5907,064273701,3,NSE_3_C1,1,5330,NSE_3_C1
5908,020560506,3,NSE_3_C1,1,5330,NSE_3_C1
5909,068401810,3,NSE_3_C1,1,5330,NSE_3_C1
5910,064270408,3,NSE_3_C1,1,5330,NSE_3_C1
5911,020982212,3,NSE_3_C1,1,5330,NSE_3_C1
5912,020141803,3,NSE_3_C1,1,5330,NSE_3_C1
5913,020351807,3,NSE_3_C1,1,5330,NSE_3_C1
5914,064273516,3,NSE_3_C1,1,5330,NSE_3_C1
5915,020490604,3,NSE_3_C1,1,5330,NSE_3_C1
5916,020701410,3,NSE_3_C1,1,5330,NSE_3_C1
5917,063712907,3,NSE_3_C1,1,5330,NSE_3_C1
5918,021051808,3,NSE_3_C1,1,5330,NSE_3_C1
5919,068612405,3,NSE_3_C1,1,5330,NSE_3_C1
5920,065680209,3,NSE_3_C1,1,5330,NSE_3_C1
5921,020280108,3,NSE_3_C1,1,5330,NSE_3_C1
5922,065683804,3,NSE_3_C1,1,5330,NSE_3_C1
5923,020422103,3,NSE_3_C1,1,5330,NSE_3_C1
5924,063711708,3,NSE_3_C1,1,5330,NSE_3_C1
5925,063712203,3,NSE_3_C1,1,5330,NSE_3_C1
5926,067561604,3,NSE_3_C1,1,5330,NSE_3_C1
5927,020560805,3,NSE_3_C1,1,5330,NSE_3_C1
5928,020280805,3,NSE_3_C1,1,5330,NSE_3_C1
5929,020630211,3,NSE_3_C1,1,5330,NSE_3_C1
5930,064274712,3,NSE_3_C1,1,5330,NSE_3_C1
5931,065682706,3,NSE_3_C1,1,5330,NSE_3_C1
5932,020490507,3,NSE_3_C1,1,5330,NSE_3_C1
5933,068400514,3,NSE_3_C1,1,5330,NSE_3_C1
5934,068612701,3,NSE_3_C1,1,5330,NSE_3_C1
5935,020071502,3,NSE_3_C1,1,5330,NSE_3_C1
5936,020771310,3,NSE_3_C1,1,5330,NSE_3_C1
5937,068403906,3,NSE_3_C1,1,5330,NSE_3_C1
5938,020491602,3,NSE_3_C1,1,5330,NSE_3_C1
5939,067562810,3,NSE_3_C1,1,5330,NSE_3_C1
5940,063711111,3,NSE_3_C1,1,5330,NSE_3_C1
5941,064272915,3,NSE_3_C1,1,5330,NSE_3_C1
5942,020281309,3,NSE_3_C1,1,5330,NSE_3_C1
5943,020073001,3,NSE_3_C1,1,5330,NSE_3_C1
5944,065682306,3,NSE_3_C1,1,5330,NSE_3_C1
5945,068611903,3,NSE_3_C1,1,5330,NSE_3_C1
5946,020350311,3,NSE_3_C1,1,5330,NSE_3_C1
5947,065682303,3,NSE_3_C1,1,5330,NSE_3_C1
5948,020281401,3,NSE_3_C1,1,5330,NSE_3_C1
5949,020490401,3,NSE_3_C1,1,5330,NSE_3_C1
5950,067560609,3,NSE_3_C1,1,5330,NSE_3_C1
5951,020492305,3,NSE_3_C1,1,5330,NSE_3_C1
5952,067560807,3,NSE_3_C1,1,5330,NSE_3_C1
5953,067562908,3,NSE_3_C1,1,5330,NSE_3_C1
5954,064271112,3,NSE_3_C1,1,5330,NSE_3_C1
5955,063714802,3,NSE_3_C1,1,5330,NSE_3_C1
5956,020910903,3,NSE_3_C1,1,5330,NSE_3_C1
5957,021052107,3,NSE_3_C1,1,5330,NSE_3_C1
5958,064272601,3,NSE_3_C1,1,5330,NSE_3_C1
5959,065682407,3,NSE_3_C1,1,5330,NSE_3_C1
5960,020840606,3,NSE_3_C1,1,5330,NSE_3_C1
5961,068400602,3,NSE_3_C1,1,5330,NSE_3_C1
5962,064273504,3,NSE_3_C1,1,5330,NSE_3_C1
5963,020980805,3,NSE_3_C1,1,5330,NSE_3_C1
5964,020072502,3,NSE_3_C1,1,5330,NSE_3_C1
5965,068404006,3,NSE_3_C1,1,5330,NSE_3_C1
5966,020352008,3,NSE_3_C1,1,5330,NSE_3_C1
5967,065681809,3,NSE_3_C1,1,5330,NSE_3_C1
5968,063712804,3,NSE_3_C1,1,5330,NSE_3_C1
5969,020280902,3,NSE_3_C1,1,5330,NSE_3_C1
5970,068612806,3,NSE_3_C1,1,5330,NSE_3_C1
5971,020350807,3,NSE_3_C1,1,5330,NSE_3_C1
5972,064275103,3,NSE_3_C1,1,5330,NSE_3_C1
5973,063715207,3,NSE_3_C1,1,5330,NSE_3_C1
5974,068611110,3,NSE_3_C1,1,5330,NSE_3_C1
5975,068404204,3,NSE_3_C1,1,5330,NSE_3_C1
5976,020770905,3,NSE_3_C1,1,5330,NSE_3_C1
5977,064277004,3,NSE_3_C1,1,5330,NSE_3_C1
5978,020490107,3,NSE_3_C1,1,5330,NSE_3_C1
5979,020841909,3,NSE_3_C1,1,5330,NSE_3_C1
5980,020842214,3,NSE_3_C1,1,5330,NSE_3_C1
5981,020982007,3,NSE_3_C1,1,5330,NSE_3_C1
5982,063714705,3,NSE_3_C1,1,5330,NSE_3_C1
5983,021050505,3,NSE_3_C1,1,5330,NSE_3_C1
5984,063711108,3,NSE_3_C1,1,5330,NSE_3_C1
5985,064270206,3,NSE_3_C1,1,5330,NSE_3_C1
5986,020071109,3,NSE_3_C1,1,5330,NSE_3_C1
5987,020911507,3,NSE_3_C1,1,5330,NSE_3_C1
5988,064274510,3,NSE_3_C1,1,5330,NSE_3_C1
5989,021050312,3,NSE_3_C1,1,5330,NSE_3_C1
5990,020701604,3,NSE_3_C1,1,5330,NSE_3_C1
5991,020071212,3,NSE_3_C1,1,5330,NSE_3_C1
5992,063713101,3,NSE_3_C1,1,5330,NSE_3_C1
5993,020772105,3,NSE_3_C1,1,5330,NSE_3_C1
5994,020490511,3,NSE_3_C1,1,5330,NSE_3_C1
5995,020771301,3,NSE_3_C1,1,5330,NSE_3_C1
5996,063714606,3,NSE_3_C1,1,5330,NSE_3_C1
5997,020420311,3,NSE_3_C1,1,5330,NSE_3_C1
5998,063714904,3,NSE_3_C1,1,5330,NSE_3_C1
5999,020841806,3,NSE_3_C1,1,5330,NSE_3_C1
6000,020912910,3,NSE_3_C1,1,5330,NSE_3_C1
6001,068401004,3,NSE_3_C1,1,5330,NSE_3_C1
6002,020352001,3,NSE_3_C1,1,5330,NSE_3_C1
6003,020280201,3,NSE_3_C1,1,5330,NSE_3_C1
6004,020982103,3,NSE_3_C1,1,5330,NSE_3_C1
6005,064272813,3,NSE_3_C1,1,5330,NSE_3_C1
6006,020701109,3,NSE_3_C1,1,5330,NSE_3_C1
6007,064272607,3,NSE_3_C1,1,5330,NSE_3_C1
6008,020910505,3,NSE_3_C1,1,5330,NSE_3_C1
6009,020700208,3,NSE_3_C1,1,5330,NSE_3_C1
6010,020070710,3,NSE_3_C1,1,5330,NSE_3_C1
6011,020492112,3,NSE_3_C1,1,5330,NSE_3_C1
6012,020630104,3,NSE_3_C1,1,5330,NSE_3_C1
6013,020420108,3,NSE_3_C1,1,5330,NSE_3_C1
6014,064272810,3,NSE_3_C1,1,5330,NSE_3_C1
6015,067560709,3,NSE_3_C1,1,5330,NSE_3_C1
6016,064271501,3,NSE_3_C1,1,5330,NSE_3_C1
6017,020351805,3,NSE_3_C1,1,5330,NSE_3_C1
6018,020072909,3,NSE_3_C1,1,5330,NSE_3_C1
6019,064273111,3,NSE_3_C1,1,5330,NSE_3_C1
6020,021051001,3,NSE_3_C1,1,5330,NSE_3_C1
6021,020280208,3,NSE_3_C1,1,5330,NSE_3_C1
6022,065683903,3,NSE_3_C1,1,5330,NSE_3_C1
6023,020490804,3,NSE_3_C1,1,5330,NSE_3_C1
6024,020280111,3,NSE_3_C1,1,5330,NSE_3_C1
6025,020701906,3,NSE_3_C1,1,5330,NSE_3_C1
6026,020841619,3,NSE_3_C1,1,5330,NSE_3_C1
6027,020421614,3,NSE_3_C1,1,5330,NSE_3_C1
6028,020630909,3,NSE_3_C1,1,5330,NSE_3_C1
6029,064272806,3,NSE_3_C1,1,5330,NSE_3_C1
6030,063715206,3,NSE_3_C1,1,5330,NSE_3_C1
6031,064272505,3,NSE_3_C1,1,5330,NSE_3_C1
6032,020490801,3,NSE_3_C1,1,5330,NSE_3_C1
6033,067562606,3,NSE_3_C1,1,5330,NSE_3_C1
6034,067561903,3,NSE_3_C1,1,5330,NSE_3_C1
6035,020491103,3,NSE_3_C1,1,5330,NSE_3_C1
6036,067560704,3,NSE_3_C1,1,5330,NSE_3_C1
6037,068402711,3,NSE_3_C1,1,5330,NSE_3_C1
6038,020630510,3,NSE_3_C1,1,5330,NSE_3_C1
6039,020350401,3,NSE_3_C1,1,5330,NSE_3_C1
6040,020982306,3,NSE_3_C1,1,5330,NSE_3_C1
6041,067560606,3,NSE_3_C1,1,5330,NSE_3_C1
6042,020842113,3,NSE_3_C1,1,5330,NSE_3_C1
6043,068610106,3,NSE_3_C1,1,5330,NSE_3_C1
6044,020351507,3,NSE_3_C1,1,5330,NSE_3_C1
6045,020981303,3,NSE_3_C1,1,5330,NSE_3_C1
6046,020071903,3,NSE_3_C1,1,5330,NSE_3_C1
6047,021050102,3,NSE_3_C1,1,5330,NSE_3_C1
6048,020420708,3,NSE_3_C1,1,5330,NSE_3_C1
6049,020631505,3,NSE_3_C1,1,5330,NSE_3_C1
6050,064273301,3,NSE_3_C1,1,5330,NSE_3_C1
6051,064271007,3,NSE_3_C1,1,5330,NSE_3_C1
6052,020770204,3,NSE_3_C1,1,5330,NSE_3_C1
6053,020350104,3,NSE_3_C1,1,5330,NSE_3_C1
6054,068612604,3,NSE_3_C1,1,5330,NSE_3_C1
6055,064271903,3,NSE_3_C1,1,5330,NSE_3_C1
6056,020840507,3,NSE_3_C1,1,5330,NSE_3_C1
6057,020492208,3,NSE_3_C1,1,5330,NSE_3_C1
6058,020771102,3,NSE_3_C1,1,5330,NSE_3_C1
6059,064277001,3,NSE_3_C1,1,5330,NSE_3_C1
6060,065681807,3,NSE_3_C1,1,5330,NSE_3_C1
6061,067561908,3,NSE_3_C1,1,5330,NSE_3_C1
6062,020912703,3,NSE_3_C1,1,5330,NSE_3_C1
6063,020701306,3,NSE_3_C1,1,5330,NSE_3_C1
6064,020070803,3,NSE_3_C1,1,5330,NSE_3_C1
6065,020420706,3,NSE_3_C1,1,5330,NSE_3_C1
6066,065683705,3,NSE_3_C1,1,5330,NSE_3_C1
6067,065683910,3,NSE_3_C1,1,5330,NSE_3_C1
6068,068401304,3,NSE_3_C1,1,5330,NSE_3_C1
6069,067560310,3,NSE_3_C1,1,5330,NSE_3_C1
6070,020211101,3,NSE_3_C1,1,5330,NSE_3_C1
6071,065683104,3,NSE_3_C1,1,5330,NSE_3_C1
6072,063711201,3,NSE_3_C1,1,5330,NSE_3_C1
6073,020631205,3,NSE_3_C1,1,5330,NSE_3_C1
6074,064273408,3,NSE_3_C1,1,5330,NSE_3_C1
6075,068400904,3,NSE_3_C1,1,5330,NSE_3_C1
6076,064273706,3,NSE_3_C1,1,5330,NSE_3_C1
6077,068401713,3,NSE_3_C1,1,5330,NSE_3_C1
6078,064271515,3,NSE_3_C1,1,5330,NSE_3_C1
6079,020210403,3,NSE_3_C1,1,5330,NSE_3_C1
6080,064274702,3,NSE_3_C1,1,5330,NSE_3_C1
6081,020072906,3,NSE_3_C1,1,5330,NSE_3_C1
6082,064275510,3,NSE_3_C1,1,5330,NSE_3_C1
6083,020910809,3,NSE_3_C1,1,5330,NSE_3_C1
6084,063711105,3,NSE_3_C1,1,5330,NSE_3_C1
6085,021051810,3,NSE_3_C1,1,5330,NSE_3_C1
6086,020211706,3,NSE_3_C1,1,5330,NSE_3_C1
6087,064271311,3,NSE_3_C1,1,5330,NSE_3_C1
6088,020351608,3,NSE_3_C1,1,5330,NSE_3_C1
6089,020210310,3,NSE_3_C1,1,5330,NSE_3_C1
6090,020072208,3,NSE_3_C1,1,5330,NSE_3_C1
6091,020422104,3,NSE_3_C1,1,5330,NSE_3_C1
6092,020770103,3,NSE_3_C1,1,5330,NSE_3_C1
6093,068613407,3,NSE_3_C1,1,5330,NSE_3_C1
6094,064273802,3,NSE_3_C1,1,5330,NSE_3_C1
6095,020771504,3,NSE_3_C1,1,5330,NSE_3_C1
6096,020281901,3,NSE_3_C1,1,5330,NSE_3_C1
6097,021050411,3,NSE_3_C1,1,5330,NSE_3_C1
6098,020910701,3,NSE_3_C1,1,5330,NSE_3_C1
6099,020282001,3,NSE_3_C1,1,5330,NSE_3_C1
6100,020911706,3,NSE_3_C1,1,5330,NSE_3_C1
6101,064271305,3,NSE_3_C1,1,5330,NSE_3_C1
6102,064270505,3,NSE_3_C1,1,5330,NSE_3_C1
6103,020070713,3,NSE_3_C1,1,5330,NSE_3_C1
6104,020280509,3,NSE_3_C1,1,5330,NSE_3_C1
6105,020700108,3,NSE_3_C1,1,5330,NSE_3_C1
6106,067563404,3,NSE_3_C1,1,5330,NSE_3_C1
6107,068401102,3,NSE_3_C1,1,5330,NSE_3_C1
6108,067563509,3,NSE_3_C1,1,5330,NSE_3_C1
6109,065680408,3,NSE_3_C1,1,5330,NSE_3_C1
6110,020840703,3,NSE_3_C1,1,5330,NSE_3_C1
6111,020212705,3,NSE_3_C1,1,5330,NSE_3_C1
6112,068610907,3,NSE_3_C1,1,5330,NSE_3_C1
6113,020982310,3,NSE_3_C1,1,5330,NSE_3_C1
6114,068402701,3,NSE_3_C1,1,5330,NSE_3_C1
6115,020072609,3,NSE_3_C1,1,5330,NSE_3_C1
6116,065681908,3,NSE_3_C1,1,5330,NSE_3_C1
6117,020210204,3,NSE_3_C1,1,5330,NSE_3_C1
6118,064272207,3,NSE_3_C1,1,5330,NSE_3_C1
6119,064270804,3,NSE_3_C1,1,5330,NSE_3_C1
6120,020700904,3,NSE_3_C1,1,5330,NSE_3_C1
6121,021050705,3,NSE_3_C1,1,5330,NSE_3_C1
6122,020770711,3,NSE_3_C1,1,5330,NSE_3_C1
6123,020701802,3,NSE_3_C1,1,5330,NSE_3_C1
6124,020490409,3,NSE_3_C1,1,5330,NSE_3_C1
6125,068404005,3,NSE_3_C1,1,5330,NSE_3_C1
6126,020910210,3,NSE_3_C1,1,5330,NSE_3_C1
6127,020280806,3,NSE_3_C1,1,5330,NSE_3_C1
6128,020350408,3,NSE_3_C1,1,5330,NSE_3_C1
6129,068400703,3,NSE_3_C1,1,5330,NSE_3_C1
6130,020981507,3,NSE_3_C1,1,5330,NSE_3_C1
6131,020211802,3,NSE_3_C1,1,5330,NSE_3_C1
6132,064272310,3,NSE_3_C1,1,5330,NSE_3_C1
6133,021051805,3,NSE_3_C1,1,5330,NSE_3_C1
6134,020211803,3,NSE_3_C1,1,5330,NSE_3_C1
6135,020210402,3,NSE_3_C1,1,5330,NSE_3_C1
6136,063711907,3,NSE_3_C1,1,5330,NSE_3_C1
6137,020421008,3,NSE_3_C1,1,5330,NSE_3_C1
6138,020700707,3,NSE_3_C1,1,5330,NSE_3_C1
6139,020212302,3,NSE_3_C1,1,5330,NSE_3_C1
6140,020772102,3,NSE_3_C1,1,5330,NSE_3_C1
6141,064271402,3,NSE_3_C1,1,5330,NSE_3_C1
6142,020770910,3,NSE_3_C1,1,5330,NSE_3_C1
6143,020282012,3,NSE_3_C1,1,5330,NSE_3_C1
6144,067562414,3,NSE_3_C1,1,5330,NSE_3_C1
6145,021050601,3,NSE_3_C1,1,5330,NSE_3_C1
6146,064271505,3,NSE_3_C1,1,5330,NSE_3_C1
6147,020280502,3,NSE_3_C1,1,5330,NSE_3_C1
6148,020491503,3,NSE_3_C1,1,5330,NSE_3_C1
6149,020770503,3,NSE_3_C1,1,5330,NSE_3_C1
6150,020210309,3,NSE_3_C1,1,5330,NSE_3_C1
6151,020980209,3,NSE_3_C1,1,5330,NSE_3_C1
6152,020492402,3,NSE_3_C1,1,5330,NSE_3_C1
6153,020070903,3,NSE_3_C1,1,5330,NSE_3_C1
6154,068611708,3,NSE_3_C1,1,5330,NSE_3_C1
6155,020700905,3,NSE_3_C1,1,5330,NSE_3_C1
6156,020351611,3,NSE_3_C1,1,5330,NSE_3_C1
6157,020351402,3,NSE_3_C1,1,5330,NSE_3_C1
6158,063712310,3,NSE_3_C1,1,5330,NSE_3_C1
6159,020282305,3,NSE_3_C1,1,5330,NSE_3_C1
6160,067562611,3,NSE_3_C1,1,5330,NSE_3_C1
6161,020912407,3,NSE_3_C1,1,5330,NSE_3_C1
6162,020841007,3,NSE_3_C1,1,5330,NSE_3_C1
6163,068403804,3,NSE_3_C1,1,5330,NSE_3_C1
6164,020491704,3,NSE_3_C1,1,5330,NSE_3_C1
6165,020280114,3,NSE_3_C1,1,5330,NSE_3_C1
6166,064270903,3,NSE_3_C1,1,5330,NSE_3_C1
6167,068403905,3,NSE_3_C1,1,5330,NSE_3_C1
6168,065681614,3,NSE_3_C1,1,5330,NSE_3_C1
6169,020211810,3,NSE_3_C1,1,5330,NSE_3_C1
6170,068403806,3,NSE_3_C1,1,5330,NSE_3_C1
6171,064271516,3,NSE_3_C1,1,5330,NSE_3_C1
6172,020492207,3,NSE_3_C1,1,5330,NSE_3_C1
6173,020352110,3,NSE_3_C1,1,5330,NSE_3_C1
6174,020982502,3,NSE_3_C1,1,5330,NSE_3_C1
6175,063712305,3,NSE_3_C1,1,5330,NSE_3_C1
6176,020070312,3,NSE_3_C1,1,5330,NSE_3_C1
6177,020280706,3,NSE_3_C1,1,5330,NSE_3_C1
6178,020490313,3,NSE_3_C1,1,5330,NSE_3_C1
6179,020840309,3,NSE_3_C1,1,5330,NSE_3_C1
6180,020701608,3,NSE_3_C1,1,5330,NSE_3_C1
6181,020700608,3,NSE_3_C1,1,5330,NSE_3_C1
6182,020070806,3,NSE_3_C1,1,5330,NSE_3_C1
6183,065681905,3,NSE_3_C1,1,5330,NSE_3_C1
6184,064273704,3,NSE_3_C1,1,5330,NSE_3_C1
6185,020631504,3,NSE_3_C1,1,5330,NSE_3_C1
6186,020212403,3,NSE_3_C1,1,5330,NSE_3_C1
6187,020490709,3,NSE_3_C1,1,5330,NSE_3_C1
6188,020701310,3,NSE_3_C1,1,5330,NSE_3_C1
6189,020841503,3,NSE_3_C1,1,5330,NSE_3_C1
6190,020630708,3,NSE_3_C1,1,5330,NSE_3_C1
6191,068610304,3,NSE_3_C1,1,5330,NSE_3_C1
6192,020351110,3,NSE_3_C1,1,5330,NSE_3_C1
6193,065680606,3,NSE_3_C1,1,5330,NSE_3_C1
6194,021052004,3,NSE_3_C1,1,5330,NSE_3_C1
6195,020071610,3,NSE_3_C1,1,5330,NSE_3_C1
6196,063710403,3,NSE_3_C1,1,5330,NSE_3_C1
6197,065681302,3,NSE_3_C1,1,5330,NSE_3_C1
6198,020770205,3,NSE_3_C1,1,5330,NSE_3_C1
6199,064272007,3,NSE_3_C1,1,5330,NSE_3_C1
6200,020210111,3,NSE_3_C1,1,5330,NSE_3_C1
6201,068401901,3,NSE_3_C1,1,5330,NSE_3_C1
6202,020701912,3,NSE_3_C1,1,5330,NSE_3_C1
6203,020911701,3,NSE_3_C1,1,5330,NSE_3_C1
6204,020282203,3,NSE_3_C1,1,5330,NSE_3_C1
6205,020981904,3,NSE_3_C1,1,5330,NSE_3_C1
6206,020841814,3,NSE_3_C1,1,5330,NSE_3_C1
6207,020911603,3,NSE_3_C1,1,5330,NSE_3_C1
6208,020280203,3,NSE_3_C1,1,5330,NSE_3_C1
6209,068403506,3,NSE_3_C1,1,5330,NSE_3_C1
6210,020350102,3,NSE_3_C1,1,5330,NSE_3_C1
6211,020210203,3,NSE_3_C1,1,5330,NSE_3_C1
6212,020421906,3,NSE_3_C1,1,5330,NSE_3_C1
6213,020492308,3,NSE_3_C1,1,5330,NSE_3_C1
6214,065682101,3,NSE_3_C1,1,5330,NSE_3_C1
6215,064273104,3,NSE_3_C1,1,5330,NSE_3_C1
6216,020072301,3,NSE_3_C1,1,5330,NSE_3_C1
6217,020351911,3,NSE_3_C1,1,5330,NSE_3_C1
6218,021050507,3,NSE_3_C1,1,5330,NSE_3_C1
6219,065682201,3,NSE_3_C1,1,5330,NSE_3_C1
6220,020071710,3,NSE_3_C1,1,5330,NSE_3_C1
6221,068402901,3,NSE_3_C1,1,5330,NSE_3_C1
6222,020842213,3,NSE_3_C1,1,5330,NSE_3_C1
6223,020630908,3,NSE_3_C1,1,5330,NSE_3_C1
6224,068401008,3,NSE_3_C1,1,5330,NSE_3_C1
6225,065681603,3,NSE_3_C1,1,5330,NSE_3_C1
6226,020421206,3,NSE_3_C1,1,5330,NSE_3_C1
6227,068404102,3,NSE_3_C1,1,5330,NSE_3_C1
6228,020982005,3,NSE_3_C1,1,5330,NSE_3_C1
6229,020350909,3,NSE_3_C1,1,5330,NSE_3_C1
6230,065682305,3,NSE_3_C1,1,5330,NSE_3_C1
6231,021051008,3,NSE_3_C1,1,5330,NSE_3_C1
6232,021051907,3,NSE_3_C1,1,5330,NSE_3_C1
6233,020490509,3,NSE_3_C1,1,5330,NSE_3_C1
6234,020701811,3,NSE_3_C1,1,5330,NSE_3_C1
6235,020421808,3,NSE_3_C1,1,5330,NSE_3_C1
6236,020631112,3,NSE_3_C1,1,5330,NSE_3_C1
6237,065682212,3,NSE_3_C1,1,5330,NSE_3_C1
6238,020701411,3,NSE_3_C1,1,5330,NSE_3_C1
6239,068610901,3,NSE_3_C1,1,5330,NSE_3_C1
6240,020211906,3,NSE_3_C1,1,5330,NSE_3_C1
6241,020842004,3,NSE_3_C1,1,5330,NSE_3_C1
6242,067563101,3,NSE_3_C1,1,5330,NSE_3_C1
6243,020211009,3,NSE_3_C1,1,5330,NSE_3_C1
6244,065681405,3,NSE_3_C1,1,5330,NSE_3_C1
6245,020350803,3,NSE_3_C1,1,5330,NSE_3_C1
6246,020982809,3,NSE_3_C1,1,5330,NSE_3_C1
6247,020701003,3,NSE_3_C1,1,5330,NSE_3_C1
6248,063711306,3,NSE_3_C1,1,5330,NSE_3_C1
6249,065680607,3,NSE_3_C1,1,5330,NSE_3_C1
6250,020560504,3,NSE_3_C1,1,5330,NSE_3_C1
6251,020491105,3,NSE_3_C1,1,5330,NSE_3_C1
6252,020282311,3,NSE_3_C1,1,5330,NSE_3_C1
6253,068612510,3,NSE_3_C1,1,5330,NSE_3_C1
6254,020072105,3,NSE_3_C1,1,5330,NSE_3_C1
6255,020560406,3,NSE_3_C1,1,5330,NSE_3_C1
6256,067560702,3,NSE_3_C1,1,5330,NSE_3_C1
6257,064273204,3,NSE_3_C1,1,5330,NSE_3_C1
6258,020212009,3,NSE_3_C1,1,5330,NSE_3_C1
6259,068612403,3,NSE_3_C1,1,5330,NSE_3_C1
6260,067560307,3,NSE_3_C1,1,5330,NSE_3_C1
6261,067561905,3,NSE_3_C1,1,5330,NSE_3_C1
6262,068403603,3,NSE_3_C1,1,5330,NSE_3_C1
6263,064271703,3,NSE_3_C1,1,5330,NSE_3_C1
6264,020351809,3,NSE_3_C1,1,5330,NSE_3_C1
6265,068400512,3,NSE_3_C1,1,5330,NSE_3_C1
6266,067562712,3,NSE_3_C1,1,5330,NSE_3_C1
6267,020281408,3,NSE_3_C1,1,5330,NSE_3_C1
6268,020841702,3,NSE_3_C1,1,5330,NSE_3_C1
6269,020770805,3,NSE_3_C1,1,5330,NSE_3_C1
6270,020281701,3,NSE_3_C1,1,5330,NSE_3_C1
6271,064274708,3,NSE_3_C1,1,5330,NSE_3_C1
6272,020212003,3,NSE_3_C1,1,5330,NSE_3_C1
6273,068401301,3,NSE_3_C1,1,5330,NSE_3_C1
6274,064271313,3,NSE_3_C1,1,5330,NSE_3_C1
6275,020352203,3,NSE_3_C1,1,5330,NSE_3_C1
6276,020281704,3,NSE_3_C1,1,5330,NSE_3_C1
6277,020211302,3,NSE_3_C1,1,5330,NSE_3_C1
6278,063712608,3,NSE_3_C1,1,5330,NSE_3_C1
6279,067561004,3,NSE_3_C1,1,5330,NSE_3_C1
6280,063714405,3,NSE_3_C1,1,5330,NSE_3_C1
6281,020351903,3,NSE_3_C1,1,5330,NSE_3_C1
6282,020491504,3,NSE_3_C1,1,5330,NSE_3_C1
6283,068402502,3,NSE_3_C1,1,5330,NSE_3_C1
6284,068610706,3,NSE_3_C1,1,5330,NSE_3_C1
6285,020420712,3,NSE_3_C1,1,5330,NSE_3_C1
6286,064273508,3,NSE_3_C1,1,5330,NSE_3_C1
6287,064271414,3,NSE_3_C1,1,5330,NSE_3_C1
6288,065682001,3,NSE_3_C1,1,5330,NSE_3_C1
6289,063713209,3,NSE_3_C1,1,5330,NSE_3_C1
6290,064273007,3,NSE_3_C1,1,5330,NSE_3_C1
6291,020840905,3,NSE_3_C1,1,5330,NSE_3_C1
6292,020491707,3,NSE_3_C1,1,5330,NSE_3_C1
6293,020070919,3,NSE_3_C1,1,5330,NSE_3_C1
6294,021050901,3,NSE_3_C1,1,5330,NSE_3_C1
6295,020491412,3,NSE_3_C1,1,5330,NSE_3_C1
6296,020841406,3,NSE_3_C1,1,5330,NSE_3_C1
6297,068612905,3,NSE_3_C1,1,5330,NSE_3_C1
6298,064274506,3,NSE_3_C1,1,5330,NSE_3_C1
6299,020212110,3,NSE_3_C1,1,5330,NSE_3_C1
6300,063712903,3,NSE_3_C1,1,5330,NSE_3_C1
6301,020630603,3,NSE_3_C1,1,5330,NSE_3_C1
6302,020280303,3,NSE_3_C1,1,5330,NSE_3_C1
6303,020631611,3,NSE_3_C1,1,5330,NSE_3_C1
6304,064270205,3,NSE_3_C1,1,5330,NSE_3_C1
6305,020491001,3,NSE_3_C1,1,5330,NSE_3_C1
6306,020841403,3,NSE_3_C1,1,5330,NSE_3_C1
6307,020421613,3,NSE_3_C1,1,5330,NSE_3_C1
6308,020560608,3,NSE_3_C1,1,5330,NSE_3_C1
6309,063710409,3,NSE_3_C1,1,5330,NSE_3_C1
6310,020770107,3,NSE_3_C1,1,5330,NSE_3_C1
6311,020491403,3,NSE_3_C1,1,5330,NSE_3_C1
6312,020981002,3,NSE_3_C1,1,5330,NSE_3_C1
6313,020492213,3,NSE_3_C1,1,5330,NSE_3_C1
6314,064274512,3,NSE_3_C1,1,5330,NSE_3_C1
6315,020840908,3,NSE_3_C1,1,5330,NSE_3_C1
6316,068613205,3,NSE_3_C1,1,5330,NSE_3_C1
6317,068610708,3,NSE_3_C1,1,5330,NSE_3_C1
6318,020490310,3,NSE_3_C1,1,5330,NSE_3_C1
6319,020841616,3,NSE_3_C1,1,5330,NSE_3_C1
6320,020420606,3,NSE_3_C1,1,5330,NSE_3_C1
6321,020701710,3,NSE_3_C1,1,5330,NSE_3_C1
6322,020982501,3,NSE_3_C1,1,5330,NSE_3_C1
6323,020281208,3,NSE_3_C1,1,5330,NSE_3_C1
6324,020210102,3,NSE_3_C1,1,5330,NSE_3_C1
6325,020211908,3,NSE_3_C1,1,5330,NSE_3_C1
6326,020210802,3,NSE_3_C1,1,5330,NSE_3_C1
6327,065683701,3,NSE_3_C1,1,5330,NSE_3_C1
6328,020210404,3,NSE_3_C1,1,5330,NSE_3_C1
6329,020351804,3,NSE_3_C1,1,5330,NSE_3_C1
6330,020352201,3,NSE_3_C1,1,5330,NSE_3_C1
6331,020350603,3,NSE_3_C1,1,5330,NSE_3_C1
6332,063710613,3,NSE_3_C1,1,5330,NSE_3_C1
6333,068400803,3,NSE_3_C1,1,5330,NSE_3_C1
6334,064271508,3,NSE_3_C1,1,5330,NSE_3_C1
6335,065681301,3,NSE_3_C1,1,5330,NSE_3_C1
6336,067561006,3,NSE_3_C1,1,5330,NSE_3_C1
6337,020071709,3,NSE_3_C1,1,5330,NSE_3_C1
6338,021051404,3,NSE_3_C1,1,5330,NSE_3_C1
6339,068611507,3,NSE_3_C1,1,5330,NSE_3_C1
6340,020350211,3,NSE_3_C1,1,5330,NSE_3_C1
6341,020700610,3,NSE_3_C1,1,5330,NSE_3_C1
6342,020561006,3,NSE_3_C1,1,5330,NSE_3_C1
6343,020350205,3,NSE_3_C1,1,5330,NSE_3_C1
6344,020071012,3,NSE_3_C1,1,5330,NSE_3_C1
6345,065682506,3,NSE_3_C1,1,5330,NSE_3_C1
6346,064271201,3,NSE_3_C1,1,5330,NSE_3_C1
6347,020351704,3,NSE_3_C1,1,5330,NSE_3_C1
6348,065681709,3,NSE_3_C1,1,5330,NSE_3_C1
6349,020770603,3,NSE_3_C1,1,5330,NSE_3_C1
6350,020350905,3,NSE_3_C1,1,5330,NSE_3_C1
6351,068610808,3,NSE_3_C1,1,5330,NSE_3_C1
6352,020840205,3,NSE_3_C1,1,5330,NSE_3_C1
6353,020840607,3,NSE_3_C1,1,5330,NSE_3_C1
6354,020771004,3,NSE_3_C1,1,5330,NSE_3_C1
6355,068611809,3,NSE_3_C1,1,5330,NSE_3_C1
6356,020700805,3,NSE_3_C1,1,5330,NSE_3_C1
6357,068401903,3,NSE_3_C1,1,5330,NSE_3_C1
6358,068403102,3,NSE_3_C1,1,5330,NSE_3_C1
6359,020352104,3,NSE_3_C1,1,5330,NSE_3_C1
6360,068610303,3,NSE_3_C1,1,5330,NSE_3_C1
6361,020492007,3,NSE_3_C1,1,5330,NSE_3_C1
6362,068401109,3,NSE_3_C1,1,5330,NSE_3_C1
6363,068611906,3,NSE_3_C1,1,5330,NSE_3_C1
6364,064274302,3,NSE_3_C1,1,5330,NSE_3_C1
6365,021051203,3,NSE_3_C1,1,5330,NSE_3_C1
6366,020911305,3,NSE_3_C1,1,5330,NSE_3_C1
6367,020842211,3,NSE_3_C1,1,5330,NSE_3_C1
6368,068610903,3,NSE_3_C1,1,5330,NSE_3_C1
6369,020561306,3,NSE_3_C1,1,5330,NSE_3_C1
6370,068403507,3,NSE_3_C1,1,5330,NSE_3_C1
6371,020770412,3,NSE_3_C1,1,5330,NSE_3_C1
6372,063714702,3,NSE_3_C1,1,5330,NSE_3_C1
6373,020071707,3,NSE_3_C1,1,5330,NSE_3_C1
6374,020421104,3,NSE_3_C1,1,5330,NSE_3_C1
6375,068401211,3,NSE_3_C1,1,5330,NSE_3_C1
6376,064273603,3,NSE_3_C1,1,5330,NSE_3_C1
6377,020211306,3,NSE_3_C1,1,5330,NSE_3_C1
6378,064270202,3,NSE_3_C1,1,5330,NSE_3_C1
6379,068613406,3,NSE_3_C1,1,5330,NSE_3_C1
6380,020842105,3,NSE_3_C1,1,5330,NSE_3_C1
6381,020071314,3,NSE_3_C1,1,5330,NSE_3_C1
6382,068612413,3,NSE_3_C1,1,5330,NSE_3_C1
6383,020630301,3,NSE_3_C1,1,5330,NSE_3_C1
6384,068613202,3,NSE_3_C1,1,5330,NSE_3_C1
6385,068403803,3,NSE_3_C1,1,5330,NSE_3_C1
6386,020490209,3,NSE_3_C1,1,5330,NSE_3_C1
6387,064270304,3,NSE_3_C1,1,5330,NSE_3_C1
6388,068402807,3,NSE_3_C1,1,5330,NSE_3_C1
6389,020841501,3,NSE_3_C1,1,5330,NSE_3_C1
6390,065682508,3,NSE_3_C1,1,5330,NSE_3_C1
6391,020981503,3,NSE_3_C1,1,5330,NSE_3_C1
6392,064270307,3,NSE_3_C1,1,5330,NSE_3_C1
6393,067561606,3,NSE_3_C1,1,5330,NSE_3_C1
6394,068402713,3,NSE_3_C1,1,5330,NSE_3_C1
6395,020910807,3,NSE_3_C1,1,5330,NSE_3_C1
6396,020352205,3,NSE_3_C1,1,5330,NSE_3_C1
6397,068612210,3,NSE_3_C1,1,5330,NSE_3_C1
6398,020211907,3,NSE_3_C1,1,5330,NSE_3_C1
6399,020070703,3,NSE_3_C1,1,5330,NSE_3_C1
6400,020280603,3,NSE_3_C1,1,5330,NSE_3_C1
6401,020911014,3,NSE_3_C1,1,5330,NSE_3_C1
6402,021050802,3,NSE_3_C1,1,5330,NSE_3_C1
6403,064270402,3,NSE_3_C1,1,5330,NSE_3_C1
6404,020770202,3,NSE_3_C1,1,5330,NSE_3_C1
6405,020840306,3,NSE_3_C1,1,5330,NSE_3_C1
6406,065683808,3,NSE_3_C1,1,5330,NSE_3_C1
6407,067562711,3,NSE_3_C1,1,5330,NSE_3_C1
6408,020142501,3,NSE_3_C1,1,5330,NSE_3_C1
6409,020492411,3,NSE_3_C1,1,5330,NSE_3_C1
6410,021050412,3,NSE_3_C1,1,5330,NSE_3_C1
6411,020351302,3,NSE_3_C1,1,5330,NSE_3_C1
6412,020211002,3,NSE_3_C1,1,5330,NSE_3_C1
6413,020421701,3,NSE_3_C1,1,5330,NSE_3_C1
6414,020072811,3,NSE_3_C1,1,5330,NSE_3_C1
6415,068401712,3,NSE_3_C1,1,5330,NSE_3_C1
6416,020070901,3,NSE_3_C1,1,5330,NSE_3_C1
6417,020072201,3,NSE_3_C1,1,5330,NSE_3_C1
6418,067563005,3,NSE_3_C1,1,5330,NSE_3_C1
6419,020630704,3,NSE_3_C1,1,5330,NSE_3_C1
6420,067561811,3,NSE_3_C1,1,5330,NSE_3_C1
6421,020840604,3,NSE_3_C1,1,5330,NSE_3_C1
6422,065683909,3,NSE_3_C1,1,5330,NSE_3_C1
6423,067560302,3,NSE_3_C1,1,5330,NSE_3_C1
6424,020282301,3,NSE_3_C1,1,5330,NSE_3_C1
6425,065681613,3,NSE_3_C1,1,5330,NSE_3_C1
6426,067561007,3,NSE_3_C1,1,5330,NSE_3_C1
6427,063712104,3,NSE_3_C1,1,5330,NSE_3_C1
6428,065682213,3,NSE_3_C1,1,5330,NSE_3_C1
6429,020631204,3,NSE_3_C1,1,5330,NSE_3_C1
6430,020421603,3,NSE_3_C1,1,5330,NSE_3_C1
6431,020911504,3,NSE_3_C1,1,5330,NSE_3_C1
6432,021051110,3,NSE_3_C1,1,5330,NSE_3_C1
6433,020630702,3,NSE_3_C1,1,5330,NSE_3_C1
6434,063710406,3,NSE_3_C1,1,5330,NSE_3_C1
6435,064273103,3,NSE_3_C1,1,5330,NSE_3_C1
6436,063714703,3,NSE_3_C1,1,5330,NSE_3_C1
6437,064273808,3,NSE_3_C1,1,5330,NSE_3_C1
6438,064274011,3,NSE_3_C1,1,5330,NSE_3_C1
6439,064271910,3,NSE_3_C1,1,5330,NSE_3_C1
6440,021050607,3,NSE_3_C1,1,5330,NSE_3_C1
6441,064271407,3,NSE_3_C1,1,5330,NSE_3_C1
6442,020982207,3,NSE_3_C1,1,5330,NSE_3_C1
6443,064271708,3,NSE_3_C1,1,5330,NSE_3_C1
6444,020770704,3,NSE_3_C1,1,5330,NSE_3_C1
6445,020561102,3,NSE_3_C1,1,5330,NSE_3_C1
6446,020770609,3,NSE_3_C1,1,5330,NSE_3_C1
6447,020350607,3,NSE_3_C1,1,5330,NSE_3_C1
6448,020491303,3,NSE_3_C1,1,5330,NSE_3_C1
6449,067561206,3,NSE_3_C1,1,5330,NSE_3_C1
6450,020351306,3,NSE_3_C1,1,5330,NSE_3_C1
6451,020281508,3,NSE_3_C1,1,5330,NSE_3_C1
6452,067562809,3,NSE_3_C1,1,5330,NSE_3_C1
6453,063715005,3,NSE_3_C1,1,5330,NSE_3_C1
6454,064273303,3,NSE_3_C1,1,5330,NSE_3_C1
6455,020841412,3,NSE_3_C1,1,5330,NSE_3_C1
6456,020701606,3,NSE_3_C1,1,5330,NSE_3_C1
6457,068402008,3,NSE_3_C1,1,5330,NSE_3_C1
6458,065682601,3,NSE_3_C1,1,5330,NSE_3_C1
6459,063710603,3,NSE_3_C1,1,5330,NSE_3_C1
6460,020982203,3,NSE_3_C1,1,5330,NSE_3_C1
6461,020910705,3,NSE_3_C1,1,5330,NSE_3_C1
6462,020980608,3,NSE_3_C1,1,5330,NSE_3_C1
6463,020841308,3,NSE_3_C1,1,5330,NSE_3_C1
6464,020912801,3,NSE_3_C1,1,5330,NSE_3_C1
6465,020561606,3,NSE_3_C1,1,5330,NSE_3_C1
6466,020071605,3,NSE_3_C1,1,5330,NSE_3_C1
6467,063710402,3,NSE_3_C1,1,5330,NSE_3_C1
6468,064272205,3,NSE_3_C1,1,5330,NSE_3_C1
6469,020351707,3,NSE_3_C1,1,5330,NSE_3_C1
6470,068402408,3,NSE_3_C1,1,5330,NSE_3_C1
6471,020771603,3,NSE_3_C1,1,5330,NSE_3_C1
6472,020770114,3,NSE_3_C1,1,5330,NSE_3_C1
6473,020911304,3,NSE_3_C1,1,5330,NSE_3_C1
6474,020350107,3,NSE_3_C1,1,5330,NSE_3_C1
6475,064275801,3,NSE_3_C1,1,5330,NSE_3_C1
6476,065683103,3,NSE_3_C1,1,5330,NSE_3_C1
6477,020772201,3,NSE_3_C1,1,5330,NSE_3_C1
6478,020072813,3,NSE_3_C1,1,5330,NSE_3_C1
6479,020491101,3,NSE_3_C1,1,5330,NSE_3_C1
6480,068612809,3,NSE_3_C1,1,5330,NSE_3_C1
6481,064272706,3,NSE_3_C1,1,5330,NSE_3_C1
6482,020420212,3,NSE_3_C1,1,5330,NSE_3_C1
6483,020840809,3,NSE_3_C1,1,5330,NSE_3_C1
6484,020701709,3,NSE_3_C1,1,5330,NSE_3_C1
6485,064272204,3,NSE_3_C1,1,5330,NSE_3_C1
6486,063711112,3,NSE_3_C1,1,5330,NSE_3_C1
6487,064274103,3,NSE_3_C1,1,5330,NSE_3_C1
6488,064270502,3,NSE_3_C1,1,5330,NSE_3_C1
6489,068612002,3,NSE_3_C1,1,5330,NSE_3_C1
6490,020210803,3,NSE_3_C1,1,5330,NSE_3_C1
6491,021051706,3,NSE_3_C1,1,5330,NSE_3_C1
6492,021051101,3,NSE_3_C1,1,5330,NSE_3_C1
6493,064273306,3,NSE_3_C1,1,5330,NSE_3_C1
6494,064276315,3,NSE_3_C1,1,5330,NSE_3_C1
6495,020071404,3,NSE_3_C1,1,5330,NSE_3_C1
6496,020560510,3,NSE_3_C1,1,5330,NSE_3_C1
6497,063710806,3,NSE_3_C1,1,5330,NSE_3_C1
6498,020700511,3,NSE_3_C1,1,5330,NSE_3_C1
6499,068611207,3,NSE_3_C1,1,5330,NSE_3_C1
6500,020141702,3,NSE_3_C1,1,5330,NSE_3_C1
6501,020350310,3,NSE_3_C1,1,5330,NSE_3_C1
6502,021050710,3,NSE_3_C1,1,5330,NSE_3_C1
6503,021050909,3,NSE_3_C1,1,5330,NSE_3_C1
6504,020980609,3,NSE_3_C1,1,5330,NSE_3_C1
6505,064270110,3,NSE_3_C1,1,5330,NSE_3_C1
6506,020282007,3,NSE_3_C1,1,5330,NSE_3_C1
6507,021052008,3,NSE_3_C1,1,5330,NSE_3_C1
6508,020701005,3,NSE_3_C1,1,5330,NSE_3_C1
6509,020282113,3,NSE_3_C1,1,5330,NSE_3_C1
6510,020072006,3,NSE_3_C1,1,5330,NSE_3_C1
6511,020560407,3,NSE_3_C1,1,5330,NSE_3_C1
6512,064271404,3,NSE_3_C1,1,5330,NSE_3_C1
6513,020910702,3,NSE_3_C1,1,5330,NSE_3_C1
6514,020141706,3,NSE_3_C1,1,5330,NSE_3_C1
6515,020560903,3,NSE_3_C1,1,5330,NSE_3_C1
6516,020981201,3,NSE_3_C1,1,5330,NSE_3_C1
6517,020771203,3,NSE_3_C1,1,5330,NSE_3_C1
6518,020980706,3,NSE_3_C1,1,5330,NSE_3_C1
6519,020490406,3,NSE_3_C1,1,5330,NSE_3_C1
6520,064273605,3,NSE_3_C1,1,5330,NSE_3_C1
6521,064273419,3,NSE_3_C1,1,5330,NSE_3_C1
6522,020700611,3,NSE_3_C1,1,5330,NSE_3_C1
6523,020351405,3,NSE_3_C1,1,5330,NSE_3_C1
6524,020700103,3,NSE_3_C1,1,5330,NSE_3_C1
6525,020700612,3,NSE_3_C1,1,5330,NSE_3_C1
6526,064271110,3,NSE_3_C1,1,5330,NSE_3_C1
6527,020630803,3,NSE_3_C1,1,5330,NSE_3_C1
6528,068402708,3,NSE_3_C1,1,5330,NSE_3_C1
6529,063712503,3,NSE_3_C1,1,5330,NSE_3_C1
6530,021051206,3,NSE_3_C1,1,5330,NSE_3_C1
6531,020072109,3,NSE_3_C1,1,5330,NSE_3_C1
6532,020701705,3,NSE_3_C1,1,5330,NSE_3_C1
6533,063711104,3,NSE_3_C1,1,5330,NSE_3_C1
6534,020491408,3,NSE_3_C1,1,5330,NSE_3_C1
6535,020212101,3,NSE_3_C1,1,5330,NSE_3_C1
6536,020350604,3,NSE_3_C1,1,5330,NSE_3_C1
6537,020911604,3,NSE_3_C1,1,5330,NSE_3_C1
6538,064272811,3,NSE_3_C1,1,5330,NSE_3_C1
6539,020700802,3,NSE_3_C1,1,5330,NSE_3_C1
6540,020840710,3,NSE_3_C1,1,5330,NSE_3_C1
6541,068403205,3,NSE_3_C1,1,5330,NSE_3_C1
6542,021050208,3,NSE_3_C1,1,5330,NSE_3_C1
6543,064271615,3,NSE_3_C1,1,5330,NSE_3_C1
6544,068402506,3,NSE_3_C1,1,5330,NSE_3_C1
6545,020280811,3,NSE_3_C1,1,5330,NSE_3_C1
6546,021050907,3,NSE_3_C1,1,5330,NSE_3_C1
6547,067563102,3,NSE_3_C1,1,5330,NSE_3_C1
6548,064275117,3,NSE_3_C1,1,5330,NSE_3_C1
6549,020070915,3,NSE_3_C1,1,5330,NSE_3_C1
6550,020281404,3,NSE_3_C1,1,5330,NSE_3_C1
6551,068613308,3,NSE_3_C1,1,5330,NSE_3_C1
6552,021051302,3,NSE_3_C1,1,5330,NSE_3_C1
6553,020211303,3,NSE_3_C1,1,5330,NSE_3_C1
6554,020210206,3,NSE_3_C1,1,5330,NSE_3_C1
6555,020910412,3,NSE_3_C1,1,5330,NSE_3_C1
6556,068613012,3,NSE_3_C1,1,5330,NSE_3_C1
6557,020072607,3,NSE_3_C1,1,5330,NSE_3_C1
6558,020071609,3,NSE_3_C1,1,5330,NSE_3_C1
6559,020071801,3,NSE_3_C1,1,5330,NSE_3_C1
6560,067562805,3,NSE_3_C1,1,5330,NSE_3_C1
6561,064272508,3,NSE_3_C1,1,5330,NSE_3_C1
6562,020841410,3,NSE_3_C1,1,5330,NSE_3_C1
6563,020211909,3,NSE_3_C1,1,5330,NSE_3_C1
6564,020212310,3,NSE_3_C1,1,5330,NSE_3_C1
6565,020631303,3,NSE_3_C1,1,5330,NSE_3_C1
6566,064270714,3,NSE_3_C1,1,5330,NSE_3_C1
6567,020771404,3,NSE_3_C1,1,5330,NSE_3_C1
6568,020911601,3,NSE_3_C1,1,5330,NSE_3_C1
6569,020630213,3,NSE_3_C1,1,5330,NSE_3_C1
6570,020910607,3,NSE_3_C1,1,5330,NSE_3_C1
6571,065683307,3,NSE_3_C1,1,5330,NSE_3_C1
6572,064273212,3,NSE_3_C1,1,5330,NSE_3_C1
6573,020631110,3,NSE_3_C1,1,5330,NSE_3_C1
6574,020771802,3,NSE_3_C1,1,5330,NSE_3_C1
6575,068400601,3,NSE_3_C1,1,5330,NSE_3_C1
6576,020281906,3,NSE_3_C1,1,5330,NSE_3_C1
6577,020350706,3,NSE_3_C1,1,5330,NSE_3_C1
6578,020071113,3,NSE_3_C1,1,5330,NSE_3_C1
6579,064270808,3,NSE_3_C1,1,5330,NSE_3_C1
6580,020490609,3,NSE_3_C1,1,5330,NSE_3_C1
6581,020770404,3,NSE_3_C1,1,5330,NSE_3_C1
6582,020701809,3,NSE_3_C1,1,5330,NSE_3_C1
6583,021050407,3,NSE_3_C1,1,5330,NSE_3_C1
6584,064270103,3,NSE_3_C1,1,5330,NSE_3_C1
6585,020420206,3,NSE_3_C1,1,5330,NSE_3_C1
6586,068403909,3,NSE_3_C1,1,5330,NSE_3_C1
6587,021051802,3,NSE_3_C1,1,5330,NSE_3_C1
6588,067560305,3,NSE_3_C1,1,5330,NSE_3_C1
6589,020770510,3,NSE_3_C1,1,5330,NSE_3_C1
6590,064272015,3,NSE_3_C1,1,5330,NSE_3_C1
6591,020700406,3,NSE_3_C1,1,5330,NSE_3_C1
6592,020492304,3,NSE_3_C1,1,5330,NSE_3_C1
6593,063711204,3,NSE_3_C1,1,5330,NSE_3_C1
6594,064270102,3,NSE_3_C1,1,5330,NSE_3_C1
6595,020492010,3,NSE_3_C1,1,5330,NSE_3_C1
6596,020770409,3,NSE_3_C1,1,5330,NSE_3_C1
6597,063712003,3,NSE_3_C1,1,5330,NSE_3_C1
6598,020840105,3,NSE_3_C1,1,5330,NSE_3_C1
6599,063710505,3,NSE_3_C1,1,5330,NSE_3_C1
6600,020210910,3,NSE_3_C1,1,5330,NSE_3_C1
6601,020071807,3,NSE_3_C1,1,5330,NSE_3_C1
6602,020211204,3,NSE_3_C1,1,5330,NSE_3_C1
6603,064272611,3,NSE_3_C1,1,5330,NSE_3_C1
6604,020841601,3,NSE_3_C1,1,5330,NSE_3_C1
6605,020981212,3,NSE_3_C1,1,5330,NSE_3_C1
6606,065682308,3,NSE_3_C1,1,5330,NSE_3_C1
6607,020560811,3,NSE_3_C1,1,5330,NSE_3_C1
6608,020421904,3,NSE_3_C1,1,5330,NSE_3_C1
6609,020842007,3,NSE_3_C1,1,5330,NSE_3_C1
6610,021051602,3,NSE_3_C1,1,5330,NSE_3_C1
6611,020491202,3,NSE_3_C1,1,5330,NSE_3_C1
6612,020842102,3,NSE_3_C1,1,5330,NSE_3_C1
6613,063711702,3,NSE_3_C1,1,5330,NSE_3_C1
6614,020421211,3,NSE_3_C1,1,5330,NSE_3_C1
6615,020350703,3,NSE_3_C1,1,5330,NSE_3_C1
6616,067563008,3,NSE_3_C1,1,5330,NSE_3_C1
6617,065683604,3,NSE_3_C1,1,5330,NSE_3_C1
6618,020281302,3,NSE_3_C1,1,5330,NSE_3_C1
6619,065681401,3,NSE_3_C1,1,5330,NSE_3_C1
6620,020701501,3,NSE_3_C1,1,5330,NSE_3_C1
6621,020841609,3,NSE_3_C1,1,5330,NSE_3_C1
6622,063711703,3,NSE_3_C1,1,5330,NSE_3_C1
6623,020421610,3,NSE_3_C1,1,5330,NSE_3_C1
6624,063713410,3,NSE_3_C1,1,5330,NSE_3_C1
6625,020351606,3,NSE_3_C1,1,5330,NSE_3_C1
6626,021050701,3,NSE_3_C1,1,5330,NSE_3_C1
6627,068612805,3,NSE_3_C1,1,5330,NSE_3_C1
6628,065683608,3,NSE_3_C1,1,5330,NSE_3_C1
6629,020350307,3,NSE_3_C1,1,5330,NSE_3_C1
6630,067561307,3,NSE_3_C1,1,5330,NSE_3_C1
6631,064270510,3,NSE_3_C1,1,5330,NSE_3_C1
6632,020280905,3,NSE_3_C1,1,5330,NSE_3_C1
6633,064272704,3,NSE_3_C1,1,5330,NSE_3_C1
6634,065680212,3,NSE_3_C1,1,5330,NSE_3_C1
6635,065680101,3,NSE_3_C1,1,5330,NSE_3_C1
6636,064272803,3,NSE_3_C1,1,5330,NSE_3_C1
6637,020070805,3,NSE_3_C1,1,5330,NSE_3_C1
6638,064270109,3,NSE_3_C1,1,5330,NSE_3_C1
6639,064274012,3,NSE_3_C1,1,5330,NSE_3_C1
6640,064276209,3,NSE_3_C1,1,5330,NSE_3_C1
6641,020282304,3,NSE_3_C1,1,5330,NSE_3_C1
6642,020840109,3,NSE_3_C1,1,5330,NSE_3_C1
6643,068404206,3,NSE_3_C1,1,5330,NSE_3_C1
6644,020420310,3,NSE_3_C1,1,5330,NSE_3_C1
6645,065682611,3,NSE_3_C1,1,5330,NSE_3_C1
6646,020701801,3,NSE_3_C1,1,5330,NSE_3_C1
6647,063714701,3,NSE_3_C1,1,5330,NSE_3_C1
6648,020491505,3,NSE_3_C1,1,5330,NSE_3_C1
6649,065683508,3,NSE_3_C1,1,5330,NSE_3_C1
6650,064272504,3,NSE_3_C1,1,5330,NSE_3_C1
6651,063712007,3,NSE_3_C1,1,5330,NSE_3_C1
6652,063713409,3,NSE_3_C1,1,5330,NSE_3_C1
6653,021051601,3,NSE_3_C1,1,5330,NSE_3_C1
6654,020351203,3,NSE_3_C1,1,5330,NSE_3_C1
6655,020352208,3,NSE_3_C1,1,5330,NSE_3_C1
6656,020210601,3,NSE_3_C1,1,5330,NSE_3_C1
6657,067562802,3,NSE_3_C1,1,5330,NSE_3_C1
6658,068400903,3,NSE_3_C1,1,5330,NSE_3_C1
6659,020420303,3,NSE_3_C1,1,5330,NSE_3_C1
6660,020071510,3,NSE_3_C1,1,5330,NSE_3_C1
6661,064272305,3,NSE_3_C1,1,5330,NSE_3_C1
6662,020420804,3,NSE_3_C1,1,5330,NSE_3_C1
6663,067563107,3,NSE_3_C1,1,5330,NSE_3_C1
6664,020351610,3,NSE_3_C1,1,5330,NSE_3_C1
6665,063715303,3,NSE_3_C1,1,5330,NSE_3_C1
6666,065680301,3,NSE_3_C1,1,5330,NSE_3_C1
6667,020492209,3,NSE_3_C1,1,5330,NSE_3_C1
6668,067562406,3,NSE_3_C1,1,5330,NSE_3_C1
6669,064271902,3,NSE_3_C1,1,5330,NSE_3_C1
6670,020070904,3,NSE_3_C1,1,5330,NSE_3_C1
6671,068401106,3,NSE_3_C1,1,5330,NSE_3_C1
6672,065681609,3,NSE_3_C1,1,5330,NSE_3_C1
6673,020631605,3,NSE_3_C1,1,5330,NSE_3_C1
6674,020910401,3,NSE_3_C1,1,5330,NSE_3_C1
6675,020420711,3,NSE_3_C1,1,5330,NSE_3_C1
6676,064270512,3,NSE_3_C1,1,5330,NSE_3_C1
6677,020211606,3,NSE_3_C1,1,5330,NSE_3_C1
6678,065683302,3,NSE_3_C1,1,5330,NSE_3_C1
6679,068611607,3,NSE_3_C1,1,5330,NSE_3_C1
6680,020071408,3,NSE_3_C1,1,5330,NSE_3_C1
6681,063714306,3,NSE_3_C1,1,5330,NSE_3_C1
6682,020142401,3,NSE_3_C1,1,5330,NSE_3_C1
6683,068613201,3,NSE_3_C1,1,5330,NSE_3_C1
6684,063715004,3,NSE_3_C1,1,5330,NSE_3_C1
6685,020770210,3,NSE_3_C1,1,5330,NSE_3_C1
6686,020701404,3,NSE_3_C1,1,5330,NSE_3_C1
6687,020982602,3,NSE_3_C1,1,5330,NSE_3_C1
6688,020840406,3,NSE_3_C1,1,5330,NSE_3_C1
6689,020490304,3,NSE_3_C1,1,5330,NSE_3_C1
6690,068610412,3,NSE_3_C1,1,5330,NSE_3_C1
6691,020350110,3,NSE_3_C1,1,5330,NSE_3_C1
6692,020071809,3,NSE_3_C1,1,5330,NSE_3_C1
6693,020630305,3,NSE_3_C1,1,5330,NSE_3_C1
6694,020071203,3,NSE_3_C1,1,5330,NSE_3_C1
6695,020420703,3,NSE_3_C1,1,5330,NSE_3_C1
6696,020701810,3,NSE_3_C1,1,5330,NSE_3_C1
6697,065683803,3,NSE_3_C1,1,5330,NSE_3_C1
6698,020700512,3,NSE_3_C1,1,5330,NSE_3_C1
6699,020841906,3,NSE_3_C1,1,5330,NSE_3_C1
6700,067563105,3,NSE_3_C1,1,5330,NSE_3_C1
6701,020141410,3,NSE_3_C1,1,5330,NSE_3_C1
6702,067561808,3,NSE_3_C1,1,5330,NSE_3_C1
6703,020630506,3,NSE_3_C1,1,5330,NSE_3_C1
6704,064275613,3,NSE_3_C1,1,5330,NSE_3_C1
6705,020700602,3,NSE_3_C1,1,5330,NSE_3_C1
6706,068613106,3,NSE_3_C1,1,5330,NSE_3_C1
6707,020911512,3,NSE_3_C1,1,5330,NSE_3_C1
6708,021050104,3,NSE_3_C1,1,5330,NSE_3_C1
6709,020491703,3,NSE_3_C1,1,5330,NSE_3_C1
6710,065683407,3,NSE_3_C1,1,5330,NSE_3_C1
6711,068403105,3,NSE_3_C1,1,5330,NSE_3_C1
6712,020210606,3,NSE_3_C1,1,5330,NSE_3_C1
6713,064273712,3,NSE_3_C1,1,5330,NSE_3_C1
6714,064270404,3,NSE_3_C1,1,5330,NSE_3_C1
6715,063714304,3,NSE_3_C1,1,5330,NSE_3_C1
6716,020771703,3,NSE_3_C1,1,5330,NSE_3_C1
6717,020560610,3,NSE_3_C1,1,5330,NSE_3_C1
6718,020560603,3,NSE_3_C1,1,5330,NSE_3_C1
6719,020142005,3,NSE_3_C1,1,5330,NSE_3_C1
6720,068612104,3,NSE_3_C1,1,5330,NSE_3_C1
6721,063712303,3,NSE_3_C1,1,5330,NSE_3_C1
6722,020701302,3,NSE_3_C1,1,5330,NSE_3_C1
6723,068612610,3,NSE_3_C1,1,5330,NSE_3_C1
6724,065680403,3,NSE_3_C1,1,5330,NSE_3_C1
6725,020490501,3,NSE_3_C1,1,5330,NSE_3_C1
6726,068403111,3,NSE_3_C1,1,5330,NSE_3_C1
6727,020421508,3,NSE_3_C1,1,5330,NSE_3_C1
6728,020280701,3,NSE_3_C1,1,5330,NSE_3_C1
6729,020072705,3,NSE_3_C1,1,5330,NSE_3_C1
6730,020770701,3,NSE_3_C1,1,5330,NSE_3_C1
6731,020420207,3,NSE_3_C1,1,5330,NSE_3_C1
6732,063714305,3,NSE_3_C1,1,5330,NSE_3_C1
6733,020491407,3,NSE_3_C1,1,5330,NSE_3_C1
6734,063711001,3,NSE_3_C1,1,5330,NSE_3_C1
6735,020211703,3,NSE_3_C1,1,5330,NSE_3_C1
6736,020630905,3,NSE_3_C1,1,5330,NSE_3_C1
6737,065680808,3,NSE_3_C1,1,5330,NSE_3_C1
6738,020490502,3,NSE_3_C1,1,5330,NSE_3_C1
6739,020350303,3,NSE_3_C1,1,5330,NSE_3_C1
6740,020700604,3,NSE_3_C1,1,5330,NSE_3_C1
6741,065681605,3,NSE_3_C1,1,5330,NSE_3_C1
6742,020350202,3,NSE_3_C1,1,5330,NSE_3_C1
6743,020841603,3,NSE_3_C1,1,5330,NSE_3_C1
6744,020211004,3,NSE_3_C1,1,5330,NSE_3_C1
6745,064270504,3,NSE_3_C1,1,5330,NSE_3_C1
6746,064273612,3,NSE_3_C1,1,5330,NSE_3_C1
6747,020771903,3,NSE_3_C1,1,5330,NSE_3_C1
6748,067562006,3,NSE_3_C1,1,5330,NSE_3_C1
6749,020072009,3,NSE_3_C1,1,5330,NSE_3_C1
6750,020561311,3,NSE_3_C1,1,5330,NSE_3_C1
6751,064272010,3,NSE_3_C1,1,5330,NSE_3_C1
6752,020282206,3,NSE_3_C1,1,5330,NSE_3_C1
6753,020841401,3,NSE_3_C1,1,5330,NSE_3_C1
6754,020981110,3,NSE_3_C1,1,5330,NSE_3_C1
6755,064275009,3,NSE_3_C1,1,5330,NSE_3_C1
6756,020981207,3,NSE_3_C1,1,5330,NSE_3_C1
6757,020491712,3,NSE_3_C1,1,5330,NSE_3_C1
6758,068611503,3,NSE_3_C1,1,5330,NSE_3_C1
6759,064274008,3,NSE_3_C1,1,5330,NSE_3_C1
6760,020840408,3,NSE_3_C1,1,5330,NSE_3_C1
6761,068403109,3,NSE_3_C1,1,5330,NSE_3_C1
6762,020630601,3,NSE_3_C1,1,5330,NSE_3_C1
6763,020421607,3,NSE_3_C1,1,5330,NSE_3_C1
6764,067562004,3,NSE_3_C1,1,5330,NSE_3_C1
6765,020141502,3,NSE_3_C1,1,5330,NSE_3_C1
6766,020840102,3,NSE_3_C1,1,5330,NSE_3_C1
6767,068611403,3,NSE_3_C1,1,5330,NSE_3_C1
6768,068403807,3,NSE_3_C1,1,5330,NSE_3_C1
6769,065682811,3,NSE_3_C1,1,5330,NSE_3_C1
6770,020351811,3,NSE_3_C1,1,5330,NSE_3_C1
6771,068613207,3,NSE_3_C1,1,5330,NSE_3_C1
6772,020491106,3,NSE_3_C1,1,5330,NSE_3_C1
6773,020422002,3,NSE_3_C1,1,5330,NSE_3_C1
6774,020351711,3,NSE_3_C1,1,5330,NSE_3_C1
6775,068404010,3,NSE_3_C1,1,5330,NSE_3_C1
6776,064273911,3,NSE_3_C1,1,5330,NSE_3_C1
6777,068403503,3,NSE_3_C1,1,5330,NSE_3_C1
6778,021051809,3,NSE_3_C1,1,5330,NSE_3_C1
6779,068400508,3,NSE_3_C1,1,5330,NSE_3_C1
6780,064271506,3,NSE_3_C1,1,5330,NSE_3_C1
6781,020350705,3,NSE_3_C1,1,5330,NSE_3_C1
6782,020352012,3,NSE_3_C1,1,5330,NSE_3_C1
6783,021052102,3,NSE_3_C1,1,5330,NSE_3_C1
6784,064274405,3,NSE_3_C1,1,5330,NSE_3_C1
6785,067562906,3,NSE_3_C1,1,5330,NSE_3_C1
6786,020841607,3,NSE_3_C1,1,5330,NSE_3_C1
6787,020491111,3,NSE_3_C1,1,5330,NSE_3_C1
6788,020491006,3,NSE_3_C1,1,5330,NSE_3_C1
6789,020420903,3,NSE_3_C1,1,5330,NSE_3_C1
6790,020490407,3,NSE_3_C1,1,5330,NSE_3_C1
6791,020492210,3,NSE_3_C1,1,5330,NSE_3_C1
6792,020631307,3,NSE_3_C1,1,5330,NSE_3_C1
6793,020630711,3,NSE_3_C1,1,5330,NSE_3_C1
6794,020280202,3,NSE_3_C1,1,5330,NSE_3_C1
6795,020281202,3,NSE_3_C1,1,5330,NSE_3_C1
6796,065682503,3,NSE_3_C1,1,5330,NSE_3_C1
6797,020141408,3,NSE_3_C1,1,5330,NSE_3_C1
6798,020071008,3,NSE_3_C1,1,5330,NSE_3_C1
6799,068612412,3,NSE_3_C1,1,5330,NSE_3_C1
6800,020072509,3,NSE_3_C1,1,5330,NSE_3_C1
6801,020351106,3,NSE_3_C1,1,5330,NSE_3_C1
6802,020910408,3,NSE_3_C1,1,5330,NSE_3_C1
6803,021050105,3,NSE_3_C1,1,5330,NSE_3_C1
6804,065681003,3,NSE_3_C1,1,5330,NSE_3_C1
6805,020140705,3,NSE_3_C1,1,5330,NSE_3_C1
6806,020701908,3,NSE_3_C1,1,5330,NSE_3_C1
6807,021050606,3,NSE_3_C1,1,5330,NSE_3_C1
6808,020841901,3,NSE_3_C1,1,5330,NSE_3_C1
6809,020492006,3,NSE_3_C1,1,5330,NSE_3_C1
6810,020210908,3,NSE_3_C1,1,5330,NSE_3_C1
6811,020770703,3,NSE_3_C1,1,5330,NSE_3_C1
6812,020142009,3,NSE_3_C1,1,5330,NSE_3_C1
6813,063714902,3,NSE_3_C1,1,5330,NSE_3_C1
6814,020771610,3,NSE_3_C1,1,5330,NSE_3_C1
6815,020211806,3,NSE_3_C1,1,5330,NSE_3_C1
6816,068611702,3,NSE_3_C1,1,5330,NSE_3_C1
6817,067563406,3,NSE_3_C1,1,5330,NSE_3_C1
6818,020630602,3,NSE_3_C1,1,5330,NSE_3_C1
6819,064277011,3,NSE_3_C1,1,5330,NSE_3_C1
6820,064273608,3,NSE_3_C1,1,5330,NSE_3_C1
6821,020210708,3,NSE_3_C1,1,5330,NSE_3_C1
6822,064273005,3,NSE_3_C1,1,5330,NSE_3_C1
6823,063712308,3,NSE_3_C1,1,5330,NSE_3_C1
6824,020070708,3,NSE_3_C1,1,5330,NSE_3_C1
6825,021051010,3,NSE_3_C1,1,5330,NSE_3_C1
6826,068403407,3,NSE_3_C1,1,5330,NSE_3_C1
6827,021052001,3,NSE_3_C1,1,5330,NSE_3_C1
6828,020070214,3,NSE_3_C1,1,5330,NSE_3_C1
6829,068402012,3,NSE_3_C1,1,5330,NSE_3_C1
6830,020212405,3,NSE_3_C1,1,5330,NSE_3_C1
6831,020560305,3,NSE_3_C1,1,5330,NSE_3_C1
6832,068611201,3,NSE_3_C1,1,5330,NSE_3_C1
6833,020561705,3,NSE_3_C1,1,5330,NSE_3_C1
6834,020071209,3,NSE_3_C1,1,5330,NSE_3_C1
6835,020981302,3,NSE_3_C1,1,5330,NSE_3_C1
6836,068401702,3,NSE_3_C1,1,5330,NSE_3_C1
6837,020840504,3,NSE_3_C1,1,5330,NSE_3_C1
6838,068612609,3,NSE_3_C1,1,5330,NSE_3_C1
6839,065680507,3,NSE_3_C1,1,5330,NSE_3_C1
6840,063711807,3,NSE_3_C1,1,5330,NSE_3_C1
6841,020140904,3,NSE_3_C1,1,5330,NSE_3_C1
6842,020560605,3,NSE_3_C1,1,5330,NSE_3_C1
6843,020421605,3,NSE_3_C1,1,5330,NSE_3_C1
6844,068400910,3,NSE_3_C1,1,5330,NSE_3_C1
6845,020350301,3,NSE_3_C1,1,5330,NSE_3_C1
6846,021051606,3,NSE_3_C1,1,5330,NSE_3_C1
6847,020491603,3,NSE_3_C1,1,5330,NSE_3_C1
6848,067561607,3,NSE_3_C1,1,5330,NSE_3_C1
6849,067561502,3,NSE_3_C1,1,5330,NSE_3_C1
6850,068402202,3,NSE_3_C1,1,5330,NSE_3_C1
6851,020210408,3,NSE_3_C1,1,5330,NSE_3_C1
6852,064272006,3,NSE_3_C1,1,5330,NSE_3_C1
6853,020841101,3,NSE_3_C1,1,5330,NSE_3_C1
6854,020210705,3,NSE_3_C1,1,5330,NSE_3_C1
6855,063713506,3,NSE_3_C1,1,5330,NSE_3_C1
6856,065683401,3,NSE_3_C1,1,5330,NSE_3_C1
6857,020701508,3,NSE_3_C1,1,5330,NSE_3_C1
6858,020351803,3,NSE_3_C1,1,5330,NSE_3_C1
6859,020982603,3,NSE_3_C1,1,5330,NSE_3_C1
6860,020211604,3,NSE_3_C1,1,5330,NSE_3_C1
6861,021050906,3,NSE_3_C1,1,5330,NSE_3_C1
6862,065683204,3,NSE_3_C1,1,5330,NSE_3_C1
6863,020280702,3,NSE_3_C1,1,5330,NSE_3_C1
6864,020910510,3,NSE_3_C1,1,5330,NSE_3_C1
6865,020211106,3,NSE_3_C1,1,5330,NSE_3_C1
6866,064271617,3,NSE_3_C1,1,5330,NSE_3_C1
6867,067560707,3,NSE_3_C1,1,5330,NSE_3_C1
6868,020210809,3,NSE_3_C1,1,5330,NSE_3_C1
6869,021051813,3,NSE_3_C1,1,5330,NSE_3_C1
6870,067560304,3,NSE_3_C1,1,5330,NSE_3_C1
6871,020072010,3,NSE_3_C1,1,5330,NSE_3_C1
6872,020280103,3,NSE_3_C1,1,5330,NSE_3_C1
6873,064276210,3,NSE_3_C1,1,5330,NSE_3_C1
6874,065680806,3,NSE_3_C1,1,5330,NSE_3_C1
6875,020841701,3,NSE_3_C1,1,5330,NSE_3_C1
6876,020282010,3,NSE_3_C1,1,5330,NSE_3_C1
6877,020842106,3,NSE_3_C1,1,5330,NSE_3_C1
6878,068612102,3,NSE_3_C1,1,5330,NSE_3_C1
6879,020841508,3,NSE_3_C1,1,5330,NSE_3_C1
6880,068613404,3,NSE_3_C1,1,5330,NSE_3_C1
6881,064272013,3,NSE_3_C1,1,5330,NSE_3_C1
6882,063710401,3,NSE_3_C1,1,5330,NSE_3_C1
6883,063713308,3,NSE_3_C1,1,5330,NSE_3_C1
6884,065682106,3,NSE_3_C1,1,5330,NSE_3_C1
6885,020910606,3,NSE_3_C1,1,5330,NSE_3_C1
6886,020981901,3,NSE_3_C1,1,5330,NSE_3_C1
6887,020841006,3,NSE_3_C1,1,5330,NSE_3_C1
6888,063710708,3,NSE_3_C1,1,5330,NSE_3_C1
6889,067561101,3,NSE_3_C1,1,5330,NSE_3_C1
6890,020142007,3,NSE_3_C1,1,5330,NSE_3_C1
6891,020910410,3,NSE_3_C1,1,5330,NSE_3_C1
6892,068611801,3,NSE_3_C1,1,5330,NSE_3_C1
6893,063714808,3,NSE_3_C1,1,5330,NSE_3_C1
6894,020842110,3,NSE_3_C1,1,5330,NSE_3_C1
6895,063714101,3,NSE_3_C1,1,5330,NSE_3_C1
6896,068403405,3,NSE_3_C1,1,5330,NSE_3_C1
6897,020561201,3,NSE_3_C1,1,5330,NSE_3_C1
6898,021051303,3,NSE_3_C1,1,5330,NSE_3_C1
6899,020141709,3,NSE_3_C1,1,5330,NSE_3_C1
6900,020071013,3,NSE_3_C1,1,5330,NSE_3_C1
6901,020490103,3,NSE_3_C1,1,5330,NSE_3_C1
6902,064275111,3,NSE_3_C1,1,5330,NSE_3_C1
6903,068401202,3,NSE_3_C1,1,5330,NSE_3_C1
6904,068400807,3,NSE_3_C1,1,5330,NSE_3_C1
6905,020701303,3,NSE_3_C1,1,5330,NSE_3_C1
6906,020282210,3,NSE_3_C1,1,5330,NSE_3_C1
6907,020073009,3,NSE_3_C1,1,5330,NSE_3_C1
6908,064274701,3,NSE_3_C1,1,5330,NSE_3_C1
6909,068403008,3,NSE_3_C1,1,5330,NSE_3_C1
6910,020210311,3,NSE_3_C1,1,5330,NSE_3_C1
6911,020281305,3,NSE_3_C1,1,5330,NSE_3_C1
6912,068610906,3,NSE_3_C1,1,5330,NSE_3_C1
6913,064274406,3,NSE_3_C1,1,5330,NSE_3_C1
6914,064272012,3,NSE_3_C1,1,5330,NSE_3_C1
6915,020982703,3,NSE_3_C1,1,5330,NSE_3_C1
6916,064273010,3,NSE_3_C1,1,5330,NSE_3_C1
6917,021052103,3,NSE_3_C1,1,5330,NSE_3_C1
6918,020420210,3,NSE_3_C1,1,5330,NSE_3_C1
6919,068400801,3,NSE_3_C1,1,5330,NSE_3_C1
6920,065683306,3,NSE_3_C1,1,5330,NSE_3_C1
6921,020490510,3,NSE_3_C1,1,5330,NSE_3_C1
6922,020351902,3,NSE_3_C1,1,5330,NSE_3_C1
6923,065681006,3,NSE_3_C1,1,5330,NSE_3_C1
6924,020841707,3,NSE_3_C1,1,5330,NSE_3_C1
6925,068613306,3,NSE_3_C1,1,5330,NSE_3_C1
6926,063712004,3,NSE_3_C1,1,5330,NSE_3_C1
6927,068401609,3,NSE_3_C1,1,5330,NSE_3_C1
6928,020212605,3,NSE_3_C1,1,5330,NSE_3_C1
6929,068401013,3,NSE_3_C1,1,5330,NSE_3_C1
6930,020841206,3,NSE_3_C1,1,5330,NSE_3_C1
6931,020072103,3,NSE_3_C1,1,5330,NSE_3_C1
6932,020420107,3,NSE_3_C1,1,5330,NSE_3_C1
6933,063710511,3,NSE_3_C1,1,5330,NSE_3_C1
6934,064272502,3,NSE_3_C1,1,5330,NSE_3_C1
6935,063714308,3,NSE_3_C1,1,5330,NSE_3_C1
6936,020630402,3,NSE_3_C1,1,5330,NSE_3_C1
6937,064270810,3,NSE_3_C1,1,5330,NSE_3_C1
6938,064273512,3,NSE_3_C1,1,5330,NSE_3_C1
6939,020630912,3,NSE_3_C1,1,5330,NSE_3_C1
6940,068610915,3,NSE_3_C1,1,5330,NSE_3_C1
6941,020771408,3,NSE_3_C1,1,5330,NSE_3_C1
6942,063710904,3,NSE_3_C1,1,5330,NSE_3_C1
6943,068401808,3,NSE_3_C1,1,5330,NSE_3_C1
6944,068402501,3,NSE_3_C1,1,5330,NSE_3_C1
6945,063710410,3,NSE_3_C1,1,5330,NSE_3_C1
6946,020421303,3,NSE_3_C1,1,5330,NSE_3_C1
6947,020841303,3,NSE_3_C1,1,5330,NSE_3_C1
6948,020700206,3,NSE_3_C1,1,5330,NSE_3_C1
6949,021050308,3,NSE_3_C1,1,5330,NSE_3_C1
6950,065681303,3,NSE_3_C1,1,5330,NSE_3_C1
6951,021052105,3,NSE_3_C1,1,5330,NSE_3_C1
6952,063711202,3,NSE_3_C1,1,5330,NSE_3_C1
6953,067563308,3,NSE_3_C1,1,5330,NSE_3_C1
6954,068403605,3,NSE_3_C1,1,5330,NSE_3_C1
6955,020420403,3,NSE_3_C1,1,5330,NSE_3_C1
6956,068401510,3,NSE_3_C1,1,5330,NSE_3_C1
6957,068612607,3,NSE_3_C1,1,5330,NSE_3_C1
6958,020141701,3,NSE_3_C1,1,5330,NSE_3_C1
6959,020491309,3,NSE_3_C1,1,5330,NSE_3_C1
6960,020912610,3,NSE_3_C1,1,5330,NSE_3_C1
6961,063710905,3,NSE_3_C1,1,5330,NSE_3_C1
6962,020071111,3,NSE_3_C1,1,5330,NSE_3_C1
6963,020840201,3,NSE_3_C1,1,5330,NSE_3_C1
6964,020840701,3,NSE_3_C1,1,5330,NSE_3_C1
6965,021050301,3,NSE_3_C1,1,5330,NSE_3_C1
6966,064275002,3,NSE_3_C1,1,5330,NSE_3_C1
6967,020142001,3,NSE_3_C1,1,5330,NSE_3_C1
6968,063715108,3,NSE_3_C1,1,5330,NSE_3_C1
6969,020211401,3,NSE_3_C1,1,5330,NSE_3_C1
6970,020072605,3,NSE_3_C1,1,5330,NSE_3_C1
6971,065682207,3,NSE_3_C1,1,5330,NSE_3_C1
6972,020771206,3,NSE_3_C1,1,5330,NSE_3_C1
6973,020981205,3,NSE_3_C1,1,5330,NSE_3_C1
6974,063713408,3,NSE_3_C1,1,5330,NSE_3_C1
6975,020631304,3,NSE_3_C1,1,5330,NSE_3_C1
6976,064275012,3,NSE_3_C1,1,5330,NSE_3_C1
6977,064273107,3,NSE_3_C1,1,5330,NSE_3_C1
6978,020421602,3,NSE_3_C1,1,5330,NSE_3_C1
6979,065682307,3,NSE_3_C1,1,5330,NSE_3_C1
6980,020211807,3,NSE_3_C1,1,5330,NSE_3_C1
6981,065681503,3,NSE_3_C1,1,5330,NSE_3_C1
6982,068612705,3,NSE_3_C1,1,5330,NSE_3_C1
6983,068613001,3,NSE_3_C1,1,5330,NSE_3_C1
6984,064270407,3,NSE_3_C1,1,5330,NSE_3_C1
6985,064275102,3,NSE_3_C1,1,5330,NSE_3_C1
6986,020350208,3,NSE_3_C1,1,5330,NSE_3_C1
6987,068401701,3,NSE_3_C1,1,5330,NSE_3_C1
6988,020350304,3,NSE_3_C1,1,5330,NSE_3_C1
6989,020210105,3,NSE_3_C1,1,5330,NSE_3_C1
6990,063711908,3,NSE_3_C1,1,5330,NSE_3_C1
6991,020491601,3,NSE_3_C1,1,5330,NSE_3_C1
6992,020140102,3,NSE_3_C1,1,5330,NSE_3_C1
6993,020772208,3,NSE_3_C1,1,5330,NSE_3_C1
6994,020770902,3,NSE_3_C1,1,5330,NSE_3_C1
6995,020631010,3,NSE_3_C1,1,5330,NSE_3_C1
6996,020561204,3,NSE_3_C1,1,5330,NSE_3_C1
6997,020280510,3,NSE_3_C1,1,5330,NSE_3_C1
6998,020070707,3,NSE_3_C1,1,5330,NSE_3_C1
6999,020841811,3,NSE_3_C1,1,5330,NSE_3_C1
7000,020350106,3,NSE_3_C1,1,5330,NSE_3_C1
7001,020350804,3,NSE_3_C1,1,5330,NSE_3_C1
7002,064272201,3,NSE_3_C1,1,5330,NSE_3_C1
7003,068402812,3,NSE_3_C1,1,5330,NSE_3_C1
7004,064270705,3,NSE_3_C1,1,5330,NSE_3_C1
7005,065682006,3,NSE_3_C1,1,5330,NSE_3_C1
7006,020420411,3,NSE_3_C1,1,5330,NSE_3_C1
7007,068400802,3,NSE_3_C1,1,5330,NSE_3_C1
7008,020142304,3,NSE_3_C1,1,5330,NSE_3_C1
7009,020140607,3,NSE_3_C1,1,5330,NSE_3_C1
7010,020561409,3,NSE_3_C1,1,5330,NSE_3_C1
7011,020281504,3,NSE_3_C1,1,5330,NSE_3_C1
7012,020841205,3,NSE_3_C1,1,5330,NSE_3_C1
7013,020980916,3,NSE_3_C1,1,5330,NSE_3_C1
7014,020841012,3,NSE_3_C1,1,5330,NSE_3_C1
7015,020771006,3,NSE_3_C1,1,5330,NSE_3_C1
7016,020352210,3,NSE_3_C1,1,5330,NSE_3_C1
7017,064273517,3,NSE_3_C1,1,5330,NSE_3_C1
7018,063712304,3,NSE_3_C1,1,5330,NSE_3_C1
7019,068612703,3,NSE_3_C1,1,5330,NSE_3_C1
7020,068612211,3,NSE_3_C1,1,5330,NSE_3_C1
7021,020912306,3,NSE_3_C1,1,5330,NSE_3_C1
7022,020981301,3,NSE_3_C1,1,5330,NSE_3_C1
7023,020840311,3,NSE_3_C1,1,5330,NSE_3_C1
7024,020772203,3,NSE_3_C1,1,5330,NSE_3_C1
7025,065682707,3,NSE_3_C1,1,5330,NSE_3_C1
7026,020280113,3,NSE_3_C1,1,5330,NSE_3_C1
7027,068613303,3,NSE_3_C1,1,5330,NSE_3_C1
7028,067562413,3,NSE_3_C1,1,5330,NSE_3_C1
7029,020072709,3,NSE_3_C1,1,5330,NSE_3_C1
7030,020982104,3,NSE_3_C1,1,5330,NSE_3_C1
7031,020351605,3,NSE_3_C1,1,5330,NSE_3_C1
7032,063711308,3,NSE_3_C1,1,5330,NSE_3_C1
7033,020072005,3,NSE_3_C1,1,5330,NSE_3_C1
7034,020910111,3,NSE_3_C1,1,5330,NSE_3_C1
7035,020841310,3,NSE_3_C1,1,5330,NSE_3_C1
7036,020140302,3,NSE_3_C1,1,5330,NSE_3_C1
7037,020980701,3,NSE_3_C1,1,5330,NSE_3_C1
7038,063711709,3,NSE_3_C1,1,5330,NSE_3_C1
7039,020770808,3,NSE_3_C1,1,5330,NSE_3_C1
7040,020630705,3,NSE_3_C1,1,5330,NSE_3_C1
7041,020351709,3,NSE_3_C1,1,5330,NSE_3_C1
7042,068611502,3,NSE_3_C1,1,5330,NSE_3_C1
7043,020421202,3,NSE_3_C1,1,5330,NSE_3_C1
7044,068401307,3,NSE_3_C1,1,5330,NSE_3_C1
7045,020630902,3,NSE_3_C1,1,5330,NSE_3_C1
7046,064272909,3,NSE_3_C1,1,5330,NSE_3_C1
7047,067561105,3,NSE_3_C1,1,5330,NSE_3_C1
7048,020071106,3,NSE_3_C1,1,5330,NSE_3_C1
7049,020351901,3,NSE_3_C1,1,5330,NSE_3_C1
7050,064341503,3,NSE_3_C2,2,1073,NSE_3_C2
7051,064341808,3,NSE_3_C2,2,1073,NSE_3_C2
7052,064342910,3,NSE_3_C2,2,1073,NSE_3_C2
7053,060352808,3,NSE_3_C2,2,1073,NSE_3_C2
7054,064906005,3,NSE_3_C2,2,1073,NSE_3_C2
7055,064904402,3,NSE_3_C2,2,1073,NSE_3_C2
7056,064342111,3,NSE_3_C2,2,1073,NSE_3_C2
7057,060352002,3,NSE_3_C2,2,1073,NSE_3_C2
7058,060351108,3,NSE_3_C2,2,1073,NSE_3_C2
7059,064904903,3,NSE_3_C2,2,1073,NSE_3_C2
7060,064340605,3,NSE_3_C2,2,1073,NSE_3_C2
7061,064906003,3,NSE_3_C2,2,1073,NSE_3_C2
7062,064901807,3,NSE_3_C2,2,1073,NSE_3_C2
7063,060352506,3,NSE_3_C2,2,1073,NSE_3_C2
7064,064342410,3,NSE_3_C2,2,1073,NSE_3_C2
7065,064343109,3,NSE_3_C2,2,1073,NSE_3_C2
7066,060352503,3,NSE_3_C2,2,1073,NSE_3_C2
7067,064902305,3,NSE_3_C2,2,1073,NSE_3_C2
7068,064343707,3,NSE_3_C2,2,1073,NSE_3_C2
7069,064901010,3,NSE_3_C2,2,1073,NSE_3_C2
7070,060353202,3,NSE_3_C2,2,1073,NSE_3_C2
7071,064902805,3,NSE_3_C2,2,1073,NSE_3_C2
7072,064901902,3,NSE_3_C2,2,1073,NSE_3_C2
7073,064904913,3,NSE_3_C2,2,1073,NSE_3_C2
7074,064342708,3,NSE_3_C2,2,1073,NSE_3_C2
7075,060352902,3,NSE_3_C2,2,1073,NSE_3_C2
7076,060353706,3,NSE_3_C2,2,1073,NSE_3_C2
7077,064901105,3,NSE_3_C2,2,1073,NSE_3_C2
7078,064901307,3,NSE_3_C2,2,1073,NSE_3_C2
7079,064902212,3,NSE_3_C2,2,1073,NSE_3_C2
7080,064904204,3,NSE_3_C2,2,1073,NSE_3_C2
7081,064340204,3,NSE_3_C2,2,1073,NSE_3_C2
7082,064341302,3,NSE_3_C2,2,1073,NSE_3_C2
7083,060351105,3,NSE_3_C2,2,1073,NSE_3_C2
7084,064341910,3,NSE_3_C2,2,1073,NSE_3_C2
7085,064341906,3,NSE_3_C2,2,1073,NSE_3_C2
7086,064905612,3,NSE_3_C2,2,1073,NSE_3_C2
7087,064904202,3,NSE_3_C2,2,1073,NSE_3_C2
7088,064904711,3,NSE_3_C2,2,1073,NSE_3_C2
7089,064344411,3,NSE_3_C2,2,1073,NSE_3_C2
7090,060352410,3,NSE_3_C2,2,1073,NSE_3_C2
7091,064340303,3,NSE_3_C2,2,1073,NSE_3_C2
7092,064340406,3,NSE_3_C2,2,1073,NSE_3_C2
7093,064906004,3,NSE_3_C2,2,1073,NSE_3_C2
7094,060350705,3,NSE_3_C2,2,1073,NSE_3_C2
7095,060351213,3,NSE_3_C2,2,1073,NSE_3_C2
7096,060352513,3,NSE_3_C2,2,1073,NSE_3_C2
7097,064901801,3,NSE_3_C2,2,1073,NSE_3_C2
7098,064342010,3,NSE_3_C2,2,1073,NSE_3_C2
7099,060352003,3,NSE_3_C2,2,1073,NSE_3_C2
7100,064342405,3,NSE_3_C2,2,1073,NSE_3_C2
7101,060353703,3,NSE_3_C2,2,1073,NSE_3_C2
7102,064340603,3,NSE_3_C2,2,1073,NSE_3_C2
7103,064341112,3,NSE_3_C2,2,1073,NSE_3_C2
7104,064340305,3,NSE_3_C2,2,1073,NSE_3_C2
7105,064900704,3,NSE_3_C2,2,1073,NSE_3_C2
7106,064905103,3,NSE_3_C2,2,1073,NSE_3_C2
7107,064904403,3,NSE_3_C2,2,1073,NSE_3_C2
7108,060351803,3,NSE_3_C2,2,1073,NSE_3_C2
7109,060350408,3,NSE_3_C2,2,1073,NSE_3_C2
7110,060350508,3,NSE_3_C2,2,1073,NSE_3_C2
7111,064900506,3,NSE_3_C2,2,1073,NSE_3_C2
7112,064340304,3,NSE_3_C2,2,1073,NSE_3_C2
7113,064904408,3,NSE_3_C2,2,1073,NSE_3_C2
7114,064901913,3,NSE_3_C2,2,1073,NSE_3_C2
7115,064904301,3,NSE_3_C2,2,1073,NSE_3_C2
7116,064343303,3,NSE_3_C2,2,1073,NSE_3_C2
7117,064341601,3,NSE_3_C2,2,1073,NSE_3_C2
7118,060351111,3,NSE_3_C2,2,1073,NSE_3_C2
7119,064904606,3,NSE_3_C2,2,1073,NSE_3_C2
7120,064342109,3,NSE_3_C2,2,1073,NSE_3_C2
7121,064341908,3,NSE_3_C2,2,1073,NSE_3_C2
7122,064901802,3,NSE_3_C2,2,1073,NSE_3_C2
7123,064904313,3,NSE_3_C2,2,1073,NSE_3_C2
7124,064341909,3,NSE_3_C2,2,1073,NSE_3_C2
7125,064343005,3,NSE_3_C2,2,1073,NSE_3_C2
7126,064344007,3,NSE_3_C2,2,1073,NSE_3_C2
7127,064344105,3,NSE_3_C2,2,1073,NSE_3_C2
7128,064901202,3,NSE_3_C2,2,1073,NSE_3_C2
7129,064902106,3,NSE_3_C2,2,1073,NSE_3_C2
7130,064340211,3,NSE_3_C2,2,1073,NSE_3_C2
7131,064900305,3,NSE_3_C2,2,1073,NSE_3_C2
7132,064345605,3,NSE_3_C2,2,1073,NSE_3_C2
7133,064900608,3,NSE_3_C2,2,1073,NSE_3_C2
7134,060352112,3,NSE_3_C2,2,1073,NSE_3_C2
7135,064905109,3,NSE_3_C2,2,1073,NSE_3_C2
7136,060352207,3,NSE_3_C2,2,1073,NSE_3_C2
7137,060351311,3,NSE_3_C2,2,1073,NSE_3_C2
7138,064341705,3,NSE_3_C2,2,1073,NSE_3_C2
7139,064343409,3,NSE_3_C2,2,1073,NSE_3_C2
7140,064906006,3,NSE_3_C2,2,1073,NSE_3_C2
7141,064902610,3,NSE_3_C2,2,1073,NSE_3_C2
7142,060351113,3,NSE_3_C2,2,1073,NSE_3_C2
7143,064344101,3,NSE_3_C2,2,1073,NSE_3_C2
7144,064902406,3,NSE_3_C2,2,1073,NSE_3_C2
7145,064340405,3,NSE_3_C2,2,1073,NSE_3_C2
7146,064905605,3,NSE_3_C2,2,1073,NSE_3_C2
7147,064902404,3,NSE_3_C2,2,1073,NSE_3_C2
7148,064342105,3,NSE_3_C2,2,1073,NSE_3_C2
7149,064901903,3,NSE_3_C2,2,1073,NSE_3_C2
7150,064902809,3,NSE_3_C2,2,1073,NSE_3_C2
7151,060353008,3,NSE_3_C2,2,1073,NSE_3_C2
7152,064341706,3,NSE_3_C2,2,1073,NSE_3_C2
7153,064902508,3,NSE_3_C2,2,1073,NSE_3_C2
7154,060353301,3,NSE_3_C2,2,1073,NSE_3_C2
7155,064340103,3,NSE_3_C2,2,1073,NSE_3_C2
7156,064902215,3,NSE_3_C2,2,1073,NSE_3_C2
7157,064901008,3,NSE_3_C2,2,1073,NSE_3_C2
7158,060353208,3,NSE_3_C2,2,1073,NSE_3_C2
7159,060353802,3,NSE_3_C2,2,1073,NSE_3_C2
7160,064902611,3,NSE_3_C2,2,1073,NSE_3_C2
7161,060351403,3,NSE_3_C2,2,1073,NSE_3_C2
7162,064906704,3,NSE_3_C2,2,1073,NSE_3_C2
7163,064341607,3,NSE_3_C2,2,1073,NSE_3_C2
7164,064341907,3,NSE_3_C2,2,1073,NSE_3_C2
7165,064342808,3,NSE_3_C2,2,1073,NSE_3_C2
7166,064901001,3,NSE_3_C2,2,1073,NSE_3_C2
7167,064902302,3,NSE_3_C2,2,1073,NSE_3_C2
7168,064902605,3,NSE_3_C2,2,1073,NSE_3_C2
7169,060353908,3,NSE_3_C2,2,1073,NSE_3_C2
7170,060352007,3,NSE_3_C2,2,1073,NSE_3_C2
7171,064904302,3,NSE_3_C2,2,1073,NSE_3_C2
7172,064902202,3,NSE_3_C2,2,1073,NSE_3_C2
7173,064345008,3,NSE_3_C2,2,1073,NSE_3_C2
7174,064341702,3,NSE_3_C2,2,1073,NSE_3_C2
7175,064342208,3,NSE_3_C2,2,1073,NSE_3_C2
7176,064902213,3,NSE_3_C2,2,1073,NSE_3_C2
7177,060352407,3,NSE_3_C2,2,1073,NSE_3_C2
7178,064340410,3,NSE_3_C2,2,1073,NSE_3_C2
7179,064343803,3,NSE_3_C2,2,1073,NSE_3_C2
7180,064342404,3,NSE_3_C2,2,1073,NSE_3_C2
7181,064900601,3,NSE_3_C2,2,1073,NSE_3_C2
7182,064340201,3,NSE_3_C2,2,1073,NSE_3_C2
7183,060350307,3,NSE_3_C2,2,1073,NSE_3_C2
7184,064902811,3,NSE_3_C2,2,1073,NSE_3_C2
7185,060352303,3,NSE_3_C2,2,1073,NSE_3_C2
7186,064343801,3,NSE_3_C2,2,1073,NSE_3_C2
7187,060351404,3,NSE_3_C2,2,1073,NSE_3_C2
7188,064902402,3,NSE_3_C2,2,1073,NSE_3_C2
7189,064344809,3,NSE_3_C2,2,1073,NSE_3_C2
7190,064902208,3,NSE_3_C2,2,1073,NSE_3_C2
7191,064904712,3,NSE_3_C2,2,1073,NSE_3_C2
7192,064904713,3,NSE_3_C2,2,1073,NSE_3_C2
7193,064902009,3,NSE_3_C2,2,1073,NSE_3_C2
7194,064343413,3,NSE_3_C2,2,1073,NSE_3_C2
7195,064904310,3,NSE_3_C2,2,1073,NSE_3_C2
7196,060350604,3,NSE_3_C2,2,1073,NSE_3_C2
7197,060352010,3,NSE_3_C2,2,1073,NSE_3_C2
7198,060352906,3,NSE_3_C2,2,1073,NSE_3_C2
7199,060350309,3,NSE_3_C2,2,1073,NSE_3_C2
7200,064344304,3,NSE_3_C2,2,1073,NSE_3_C2
7201,064342011,3,NSE_3_C2,2,1073,NSE_3_C2
7202,060351303,3,NSE_3_C2,2,1073,NSE_3_C2
7203,064901804,3,NSE_3_C2,2,1073,NSE_3_C2
7204,064904803,3,NSE_3_C2,2,1073,NSE_3_C2
7205,064901104,3,NSE_3_C2,2,1073,NSE_3_C2
7206,064340404,3,NSE_3_C2,2,1073,NSE_3_C2
7207,064343501,3,NSE_3_C2,2,1073,NSE_3_C2
7208,060350409,3,NSE_3_C2,2,1073,NSE_3_C2
7209,064343602,3,NSE_3_C2,2,1073,NSE_3_C2
7210,064341707,3,NSE_3_C2,2,1073,NSE_3_C2
7211,064905704,3,NSE_3_C2,2,1073,NSE_3_C2
7212,064341407,3,NSE_3_C2,2,1073,NSE_3_C2
7213,064340407,3,NSE_3_C2,2,1073,NSE_3_C2
7214,064902504,3,NSE_3_C2,2,1073,NSE_3_C2
7215,064340206,3,NSE_3_C2,2,1073,NSE_3_C2
7216,064904309,3,NSE_3_C2,2,1073,NSE_3_C2
7217,060353302,3,NSE_3_C2,2,1073,NSE_3_C2
7218,064342110,3,NSE_3_C2,2,1073,NSE_3_C2
7219,064904101,3,NSE_3_C2,2,1073,NSE_3_C2
7220,064901607,3,NSE_3_C2,2,1073,NSE_3_C2
7221,060350503,3,NSE_3_C2,2,1073,NSE_3_C2
7222,060351502,3,NSE_3_C2,2,1073,NSE_3_C2
7223,060351101,3,NSE_3_C2,2,1073,NSE_3_C2
7224,064340107,3,NSE_3_C2,2,1073,NSE_3_C2
7225,064905602,3,NSE_3_C2,2,1073,NSE_3_C2
7226,064902711,3,NSE_3_C2,2,1073,NSE_3_C2
7227,064904708,3,NSE_3_C2,2,1073,NSE_3_C2
7228,064341008,3,NSE_3_C2,2,1073,NSE_3_C2
7229,060353106,3,NSE_3_C2,2,1073,NSE_3_C2
7230,064900804,3,NSE_3_C2,2,1073,NSE_3_C2
7231,060352905,3,NSE_3_C2,2,1073,NSE_3_C2
7232,064341501,3,NSE_3_C2,2,1073,NSE_3_C2
7233,064902911,3,NSE_3_C2,2,1073,NSE_3_C2
7234,060351204,3,NSE_3_C2,2,1073,NSE_3_C2
7235,060353209,3,NSE_3_C2,2,1073,NSE_3_C2
7236,064905903,3,NSE_3_C2,2,1073,NSE_3_C2
7237,064902403,3,NSE_3_C2,2,1073,NSE_3_C2
7238,064902714,3,NSE_3_C2,2,1073,NSE_3_C2
7239,060351709,3,NSE_3_C2,2,1073,NSE_3_C2
7240,064343006,3,NSE_3_C2,2,1073,NSE_3_C2
7241,060351112,3,NSE_3_C2,2,1073,NSE_3_C2
7242,060351907,3,NSE_3_C2,2,1073,NSE_3_C2
7243,060350305,3,NSE_3_C2,2,1073,NSE_3_C2
7244,060351811,3,NSE_3_C2,2,1073,NSE_3_C2
7245,060352307,3,NSE_3_C2,2,1073,NSE_3_C2
7246,064905601,3,NSE_3_C2,2,1073,NSE_3_C2
7247,064900708,3,NSE_3_C2,2,1073,NSE_3_C2
7248,064901101,3,NSE_3_C2,2,1073,NSE_3_C2
7249,060350304,3,NSE_3_C2,2,1073,NSE_3_C2
7250,060351302,3,NSE_3_C2,2,1073,NSE_3_C2
7251,064345005,3,NSE_3_C2,2,1073,NSE_3_C2
7252,064344301,3,NSE_3_C2,2,1073,NSE_3_C2
7253,060351307,3,NSE_3_C2,2,1073,NSE_3_C2
7254,064340207,3,NSE_3_C2,2,1073,NSE_3_C2
7255,064902206,3,NSE_3_C2,2,1073,NSE_3_C2
7256,060353604,3,NSE_3_C2,2,1073,NSE_3_C2
7257,064904906,3,NSE_3_C2,2,1073,NSE_3_C2
7258,064904806,3,NSE_3_C2,2,1073,NSE_3_C2
7259,064902303,3,NSE_3_C2,2,1073,NSE_3_C2
7260,064904605,3,NSE_3_C2,2,1073,NSE_3_C2
7261,064902506,3,NSE_3_C2,2,1073,NSE_3_C2
7262,064342905,3,NSE_3_C2,2,1073,NSE_3_C2
7263,060352408,3,NSE_3_C2,2,1073,NSE_3_C2
7264,064344407,3,NSE_3_C2,2,1073,NSE_3_C2
7265,064904208,3,NSE_3_C2,2,1073,NSE_3_C2
7266,064902713,3,NSE_3_C2,2,1073,NSE_3_C2
7267,064342809,3,NSE_3_C2,2,1073,NSE_3_C2
7268,060353906,3,NSE_3_C2,2,1073,NSE_3_C2
7269,064340408,3,NSE_3_C2,2,1073,NSE_3_C2
7270,064340308,3,NSE_3_C2,2,1073,NSE_3_C2
7271,064342908,3,NSE_3_C2,2,1073,NSE_3_C2
7272,064901602,3,NSE_3_C2,2,1073,NSE_3_C2
7273,060353101,3,NSE_3_C2,2,1073,NSE_3_C2
7274,064343002,3,NSE_3_C2,2,1073,NSE_3_C2
7275,064342705,3,NSE_3_C2,2,1073,NSE_3_C2
7276,064341804,3,NSE_3_C2,2,1073,NSE_3_C2
7277,064904911,3,NSE_3_C2,2,1073,NSE_3_C2
7278,064901609,3,NSE_3_C2,2,1073,NSE_3_C2
7279,060351102,3,NSE_3_C2,2,1073,NSE_3_C2
7280,060351706,3,NSE_3_C2,2,1073,NSE_3_C2
7281,064342001,3,NSE_3_C2,2,1073,NSE_3_C2
7282,064341305,3,NSE_3_C2,2,1073,NSE_3_C2
7283,064902108,3,NSE_3_C2,2,1073,NSE_3_C2
7284,060352009,3,NSE_3_C2,2,1073,NSE_3_C2
7285,064343009,3,NSE_3_C2,2,1073,NSE_3_C2
7286,064901806,3,NSE_3_C2,2,1073,NSE_3_C2
7287,064340601,3,NSE_3_C2,2,1073,NSE_3_C2
7288,060351304,3,NSE_3_C2,2,1073,NSE_3_C2
7289,064902107,3,NSE_3_C2,2,1073,NSE_3_C2
7290,064903005,3,NSE_3_C2,2,1073,NSE_3_C2
7291,060353607,3,NSE_3_C2,2,1073,NSE_3_C2
7292,060352110,3,NSE_3_C2,2,1073,NSE_3_C2
7293,060352213,3,NSE_3_C2,2,1073,NSE_3_C2
7294,064340113,3,NSE_3_C2,2,1073,NSE_3_C2
7295,064344501,3,NSE_3_C2,2,1073,NSE_3_C2
7296,060352212,3,NSE_3_C2,2,1073,NSE_3_C2
7297,064902705,3,NSE_3_C2,2,1073,NSE_3_C2
7298,060352807,3,NSE_3_C2,2,1073,NSE_3_C2
7299,064902005,3,NSE_3_C2,2,1073,NSE_3_C2
7300,064902306,3,NSE_3_C2,2,1073,NSE_3_C2
7301,064344902,3,NSE_3_C2,2,1073,NSE_3_C2
7302,064904312,3,NSE_3_C2,2,1073,NSE_3_C2
7303,064341902,3,NSE_3_C2,2,1073,NSE_3_C2
7304,064905108,3,NSE_3_C2,2,1073,NSE_3_C2
7305,064344308,3,NSE_3_C2,2,1073,NSE_3_C2
7306,064902301,3,NSE_3_C2,2,1073,NSE_3_C2
7307,064343908,3,NSE_3_C2,2,1073,NSE_3_C2
7308,060350709,3,NSE_3_C2,2,1073,NSE_3_C2
7309,064340608,3,NSE_3_C2,2,1073,NSE_3_C2
7310,064343605,3,NSE_3_C2,2,1073,NSE_3_C2
7311,064340501,3,NSE_3_C2,2,1073,NSE_3_C2
7312,064905505,3,NSE_3_C2,2,1073,NSE_3_C2
7313,064902507,3,NSE_3_C2,2,1073,NSE_3_C2
7314,064904705,3,NSE_3_C2,2,1073,NSE_3_C2
7315,064905107,3,NSE_3_C2,2,1073,NSE_3_C2
7316,060351005,3,NSE_3_C2,2,1073,NSE_3_C2
7317,064344410,3,NSE_3_C2,2,1073,NSE_3_C2
7318,064900901,3,NSE_3_C2,2,1073,NSE_3_C2
7319,064904504,3,NSE_3_C2,2,1073,NSE_3_C2
7320,060351110,3,NSE_3_C2,2,1073,NSE_3_C2
7321,064341009,3,NSE_3_C2,2,1073,NSE_3_C2
7322,064904703,3,NSE_3_C2,2,1073,NSE_3_C2
7323,064345002,3,NSE_3_C2,2,1073,NSE_3_C2
7324,064343904,3,NSE_3_C2,2,1073,NSE_3_C2
7325,064900806,3,NSE_3_C2,2,1073,NSE_3_C2
7326,060351306,3,NSE_3_C2,2,1073,NSE_3_C2
7327,060351507,3,NSE_3_C2,2,1073,NSE_3_C2
7328,060350706,3,NSE_3_C2,2,1073,NSE_3_C2
7329,060352308,3,NSE_3_C2,2,1073,NSE_3_C2
7330,064905112,3,NSE_3_C2,2,1073,NSE_3_C2
7331,064341108,3,NSE_3_C2,2,1073,NSE_3_C2
7332,064904912,3,NSE_3_C2,2,1073,NSE_3_C2
7333,060353009,3,NSE_3_C2,2,1073,NSE_3_C2
7334,064904505,3,NSE_3_C2,2,1073,NSE_3_C2
7335,064343809,3,NSE_3_C2,2,1073,NSE_3_C2
7336,064901604,3,NSE_3_C2,2,1073,NSE_3_C2
7337,060353602,3,NSE_3_C2,2,1073,NSE_3_C2
7338,060351605,3,NSE_3_C2,2,1073,NSE_3_C2
7339,064344804,3,NSE_3_C2,2,1073,NSE_3_C2
7340,064905909,3,NSE_3_C2,2,1073,NSE_3_C2
7341,064344005,3,NSE_3_C2,2,1073,NSE_3_C2
7342,064340110,3,NSE_3_C2,2,1073,NSE_3_C2
7343,064905701,3,NSE_3_C2,2,1073,NSE_3_C2
7344,060353508,3,NSE_3_C2,2,1073,NSE_3_C2
7345,064341505,3,NSE_3_C2,2,1073,NSE_3_C2
7346,060352211,3,NSE_3_C2,2,1073,NSE_3_C2
7347,060353304,3,NSE_3_C2,2,1073,NSE_3_C2
7348,064344805,3,NSE_3_C2,2,1073,NSE_3_C2
7349,064902707,3,NSE_3_C2,2,1073,NSE_3_C2
7350,064904509,3,NSE_3_C2,2,1073,NSE_3_C2
7351,060351106,3,NSE_3_C2,2,1073,NSE_3_C2
7352,064903007,3,NSE_3_C2,2,1073,NSE_3_C2
7353,064341010,3,NSE_3_C2,2,1073,NSE_3_C2
7354,064904909,3,NSE_3_C2,2,1073,NSE_3_C2
7355,064344801,3,NSE_3_C2,2,1073,NSE_3_C2
7356,060351508,3,NSE_3_C2,2,1073,NSE_3_C2
7357,064905001,3,NSE_3_C2,2,1073,NSE_3_C2
7358,060350311,3,NSE_3_C2,2,1073,NSE_3_C2
7359,060351805,3,NSE_3_C2,2,1073,NSE_3_C2
7360,064904701,3,NSE_3_C2,2,1073,NSE_3_C2
7361,060351710,3,NSE_3_C2,2,1073,NSE_3_C2
7362,060353605,3,NSE_3_C2,2,1073,NSE_3_C2
7363,064345504,3,NSE_3_C2,2,1073,NSE_3_C2
7364,064343901,3,NSE_3_C2,2,1073,NSE_3_C2
7365,064902001,3,NSE_3_C2,2,1073,NSE_3_C2
7366,064343907,3,NSE_3_C2,2,1073,NSE_3_C2
7367,064343601,3,NSE_3_C2,2,1073,NSE_3_C2
7368,064904407,3,NSE_3_C2,2,1073,NSE_3_C2
7369,064902401,3,NSE_3_C2,2,1073,NSE_3_C2
7370,064342703,3,NSE_3_C2,2,1073,NSE_3_C2
7371,064344806,3,NSE_3_C2,2,1073,NSE_3_C2
7372,064906701,3,NSE_3_C2,2,1073,NSE_3_C2
7373,064904602,3,NSE_3_C2,2,1073,NSE_3_C2
7374,064344001,3,NSE_3_C2,2,1073,NSE_3_C2
7375,064345001,3,NSE_3_C2,2,1073,NSE_3_C2
7376,064345004,3,NSE_3_C2,2,1073,NSE_3_C2
7377,064341710,3,NSE_3_C2,2,1073,NSE_3_C2
7378,064341101,3,NSE_3_C2,2,1073,NSE_3_C2
7379,060353904,3,NSE_3_C2,2,1073,NSE_3_C2
7380,064340709,3,NSE_3_C2,2,1073,NSE_3_C2
7381,060353207,3,NSE_3_C2,2,1073,NSE_3_C2
7382,060351603,3,NSE_3_C2,2,1073,NSE_3_C2
7383,060353803,3,NSE_3_C2,2,1073,NSE_3_C2
7384,060351409,3,NSE_3_C2,2,1073,NSE_3_C2
7385,064343307,3,NSE_3_C2,2,1073,NSE_3_C2
7386,064901710,3,NSE_3_C2,2,1073,NSE_3_C2
7387,064904314,3,NSE_3_C2,2,1073,NSE_3_C2
7388,060350306,3,NSE_3_C2,2,1073,NSE_3_C2
7389,064341603,3,NSE_3_C2,2,1073,NSE_3_C2
7390,064904502,3,NSE_3_C2,2,1073,NSE_3_C2
7391,064340209,3,NSE_3_C2,2,1073,NSE_3_C2
7392,060352803,3,NSE_3_C2,2,1073,NSE_3_C2
7393,064343203,3,NSE_3_C2,2,1073,NSE_3_C2
7394,064904808,3,NSE_3_C2,2,1073,NSE_3_C2
7395,064904908,3,NSE_3_C2,2,1073,NSE_3_C2
7396,064341807,3,NSE_3_C2,2,1073,NSE_3_C2
7397,064903010,3,NSE_3_C2,2,1073,NSE_3_C2
7398,064343107,3,NSE_3_C2,2,1073,NSE_3_C2
7399,060351308,3,NSE_3_C2,2,1073,NSE_3_C2
7400,060350312,3,NSE_3_C2,2,1073,NSE_3_C2
7401,064340105,3,NSE_3_C2,2,1073,NSE_3_C2
7402,064344602,3,NSE_3_C2,2,1073,NSE_3_C2
7403,064342904,3,NSE_3_C2,2,1073,NSE_3_C2
7404,060352104,3,NSE_3_C2,2,1073,NSE_3_C2
7405,060352202,3,NSE_3_C2,2,1073,NSE_3_C2
7406,064342409,3,NSE_3_C2,2,1073,NSE_3_C2
7407,064900602,3,NSE_3_C2,2,1073,NSE_3_C2
7408,064342108,3,NSE_3_C2,2,1073,NSE_3_C2
7409,064343304,3,NSE_3_C2,2,1073,NSE_3_C2
7410,064902105,3,NSE_3_C2,2,1073,NSE_3_C2
7411,060353608,3,NSE_3_C2,2,1073,NSE_3_C2
7412,064906007,3,NSE_3_C2,2,1073,NSE_3_C2
7413,064902706,3,NSE_3_C2,2,1073,NSE_3_C2
7414,064340210,3,NSE_3_C2,2,1073,NSE_3_C2
7415,064900712,3,NSE_3_C2,2,1073,NSE_3_C2
7416,064905506,3,NSE_3_C2,2,1073,NSE_3_C2
7417,064905403,3,NSE_3_C2,2,1073,NSE_3_C2
7418,060350301,3,NSE_3_C2,2,1073,NSE_3_C2
7419,064904804,3,NSE_3_C2,2,1073,NSE_3_C2
7420,064903011,3,NSE_3_C2,2,1073,NSE_3_C2
7421,064345607,3,NSE_3_C2,2,1073,NSE_3_C2
7422,060353603,3,NSE_3_C2,2,1073,NSE_3_C2
7423,060351003,3,NSE_3_C2,2,1073,NSE_3_C2
7424,064340306,3,NSE_3_C2,2,1073,NSE_3_C2
7425,064341704,3,NSE_3_C2,2,1073,NSE_3_C2
7426,060352206,3,NSE_3_C2,2,1073,NSE_3_C2
7427,060353401,3,NSE_3_C2,2,1073,NSE_3_C2
7428,064342104,3,NSE_3_C2,2,1073,NSE_3_C2
7429,064902211,3,NSE_3_C2,2,1073,NSE_3_C2
7430,064341911,3,NSE_3_C2,2,1073,NSE_3_C2
7431,064341805,3,NSE_3_C2,2,1073,NSE_3_C2
7432,060352505,3,NSE_3_C2,2,1073,NSE_3_C2
7433,064345007,3,NSE_3_C2,2,1073,NSE_3_C2
7434,064901108,3,NSE_3_C2,2,1073,NSE_3_C2
7435,060352909,3,NSE_3_C2,2,1073,NSE_3_C2
7436,064344412,3,NSE_3_C2,2,1073,NSE_3_C2
7437,064904905,3,NSE_3_C2,2,1073,NSE_3_C2
7438,064341810,3,NSE_3_C2,2,1073,NSE_3_C2
7439,060352908,3,NSE_3_C2,2,1073,NSE_3_C2
7440,060353107,3,NSE_3_C2,2,1073,NSE_3_C2
7441,060351703,3,NSE_3_C2,2,1073,NSE_3_C2
7442,064340507,3,NSE_3_C2,2,1073,NSE_3_C2
7443,064343201,3,NSE_3_C2,2,1073,NSE_3_C2
7444,064342009,3,NSE_3_C2,2,1073,NSE_3_C2
7445,064342401,3,NSE_3_C2,2,1073,NSE_3_C2
7446,064902004,3,NSE_3_C2,2,1073,NSE_3_C2
7447,060351510,3,NSE_3_C2,2,1073,NSE_3_C2
7448,064345507,3,NSE_3_C2,2,1073,NSE_3_C2
7449,064900507,3,NSE_3_C2,2,1073,NSE_3_C2
7450,064905902,3,NSE_3_C2,2,1073,NSE_3_C2
7451,064343403,3,NSE_3_C2,2,1073,NSE_3_C2
7452,064342909,3,NSE_3_C2,2,1073,NSE_3_C2
7453,064905610,3,NSE_3_C2,2,1073,NSE_3_C2
7454,064340509,3,NSE_3_C2,2,1073,NSE_3_C2
7455,060351807,3,NSE_3_C2,2,1073,NSE_3_C2
7456,064343811,3,NSE_3_C2,2,1073,NSE_3_C2
7457,064342901,3,NSE_3_C2,2,1073,NSE_3_C2
7458,064905613,3,NSE_3_C2,2,1073,NSE_3_C2
7459,064340703,3,NSE_3_C2,2,1073,NSE_3_C2
7460,060351806,3,NSE_3_C2,2,1073,NSE_3_C2
7461,060352101,3,NSE_3_C2,2,1073,NSE_3_C2
7462,064341204,3,NSE_3_C2,2,1073,NSE_3_C2
7463,064902708,3,NSE_3_C2,2,1073,NSE_3_C2
7464,064904601,3,NSE_3_C2,2,1073,NSE_3_C2
7465,064901505,3,NSE_3_C2,2,1073,NSE_3_C2
7466,064343502,3,NSE_3_C2,2,1073,NSE_3_C2
7467,064901102,3,NSE_3_C2,2,1073,NSE_3_C2
7468,064905707,3,NSE_3_C2,2,1073,NSE_3_C2
7469,060353402,3,NSE_3_C2,2,1073,NSE_3_C2
7470,064901003,3,NSE_3_C2,2,1073,NSE_3_C2
7471,064901912,3,NSE_3_C2,2,1073,NSE_3_C2
7472,064905401,3,NSE_3_C2,2,1073,NSE_3_C2
7473,064341006,3,NSE_3_C2,2,1073,NSE_3_C2
7474,064905011,3,NSE_3_C2,2,1073,NSE_3_C2
7475,064344004,3,NSE_3_C2,2,1073,NSE_3_C2
7476,060351910,3,NSE_3_C2,2,1073,NSE_3_C2
7477,064341803,3,NSE_3_C2,2,1073,NSE_3_C2
7478,064343202,3,NSE_3_C2,2,1073,NSE_3_C2
7479,064340203,3,NSE_3_C2,2,1073,NSE_3_C2
7480,064902204,3,NSE_3_C2,2,1073,NSE_3_C2
7481,064902601,3,NSE_3_C2,2,1073,NSE_3_C2
7482,064906008,3,NSE_3_C2,2,1073,NSE_3_C2
7483,064341801,3,NSE_3_C2,2,1073,NSE_3_C2
7484,060351711,3,NSE_3_C2,2,1073,NSE_3_C2
7485,060352208,3,NSE_3_C2,2,1073,NSE_3_C2
7486,064904604,3,NSE_3_C2,2,1073,NSE_3_C2
7487,064344803,3,NSE_3_C2,2,1073,NSE_3_C2
7488,064902806,3,NSE_3_C2,2,1073,NSE_3_C2
7489,064902606,3,NSE_3_C2,2,1073,NSE_3_C2
7490,060352103,3,NSE_3_C2,2,1073,NSE_3_C2
7491,064902709,3,NSE_3_C2,2,1073,NSE_3_C2
7492,064901904,3,NSE_3_C2,2,1073,NSE_3_C2
7493,064902003,3,NSE_3_C2,2,1073,NSE_3_C2
7494,060351107,3,NSE_3_C2,2,1073,NSE_3_C2
7495,060350707,3,NSE_3_C2,2,1073,NSE_3_C2
7496,064343808,3,NSE_3_C2,2,1073,NSE_3_C2
7497,060352005,3,NSE_3_C2,2,1073,NSE_3_C2
7498,064902703,3,NSE_3_C2,2,1073,NSE_3_C2
7499,064342003,3,NSE_3_C2,2,1073,NSE_3_C2
7500,064900808,3,NSE_3_C2,2,1073,NSE_3_C2
7501,060352111,3,NSE_3_C2,2,1073,NSE_3_C2
7502,060352904,3,NSE_3_C2,2,1073,NSE_3_C2
7503,060351705,3,NSE_3_C2,2,1073,NSE_3_C2
7504,060351904,3,NSE_3_C2,2,1073,NSE_3_C2
7505,064900902,3,NSE_3_C2,2,1073,NSE_3_C2
7506,060351903,3,NSE_3_C2,2,1073,NSE_3_C2
7507,064904709,3,NSE_3_C2,2,1073,NSE_3_C2
7508,060351301,3,NSE_3_C2,2,1073,NSE_3_C2
7509,064900906,3,NSE_3_C2,2,1073,NSE_3_C2
7510,064902505,3,NSE_3_C2,2,1073,NSE_3_C2
7511,060352404,3,NSE_3_C2,2,1073,NSE_3_C2
7512,064344904,3,NSE_3_C2,2,1073,NSE_3_C2
7513,064905801,3,NSE_3_C2,2,1073,NSE_3_C2
7514,060350812,3,NSE_3_C2,2,1073,NSE_3_C2
7515,064340503,3,NSE_3_C2,2,1073,NSE_3_C2
7516,064344003,3,NSE_3_C2,2,1073,NSE_3_C2
7517,064906706,3,NSE_3_C2,2,1073,NSE_3_C2
7518,060353406,3,NSE_3_C2,2,1073,NSE_3_C2
7519,064901009,3,NSE_3_C2,2,1073,NSE_3_C2
7520,060351205,3,NSE_3_C2,2,1073,NSE_3_C2
7521,060350303,3,NSE_3_C2,2,1073,NSE_3_C2
7522,060351305,3,NSE_3_C2,2,1073,NSE_3_C2
7523,064342007,3,NSE_3_C2,2,1073,NSE_3_C2
7524,064343807,3,NSE_3_C2,2,1073,NSE_3_C2
7525,064900705,3,NSE_3_C2,2,1073,NSE_3_C2
7526,064902304,3,NSE_3_C2,2,1073,NSE_3_C2
7527,064902807,3,NSE_3_C2,2,1073,NSE_3_C2
7528,064341002,3,NSE_3_C2,2,1073,NSE_3_C2
7529,060353305,3,NSE_3_C2,2,1073,NSE_3_C2
7530,060352105,3,NSE_3_C2,2,1073,NSE_3_C2
7531,064341605,3,NSE_3_C2,2,1073,NSE_3_C2
7532,064904201,3,NSE_3_C2,2,1073,NSE_3_C2
7533,060352011,3,NSE_3_C2,2,1073,NSE_3_C2
7534,060353108,3,NSE_3_C2,2,1073,NSE_3_C2
7535,064902210,3,NSE_3_C2,2,1073,NSE_3_C2
7536,064903009,3,NSE_3_C2,2,1073,NSE_3_C2
7537,064341708,3,NSE_3_C2,2,1073,NSE_3_C2
7538,064904809,3,NSE_3_C2,2,1073,NSE_3_C2
7539,064904805,3,NSE_3_C2,2,1073,NSE_3_C2
7540,060352907,3,NSE_3_C2,2,1073,NSE_3_C2
7541,064341905,3,NSE_3_C2,2,1073,NSE_3_C2
7542,064904303,3,NSE_3_C2,2,1073,NSE_3_C2
7543,064342702,3,NSE_3_C2,2,1073,NSE_3_C2
7544,064904702,3,NSE_3_C2,2,1073,NSE_3_C2
7545,064343102,3,NSE_3_C2,2,1073,NSE_3_C2
7546,064341405,3,NSE_3_C2,2,1073,NSE_3_C2
7547,064343506,3,NSE_3_C2,2,1073,NSE_3_C2
7548,060353702,3,NSE_3_C2,2,1073,NSE_3_C2
7549,064344413,3,NSE_3_C2,2,1073,NSE_3_C2
7550,064341301,3,NSE_3_C2,2,1073,NSE_3_C2
7551,060353003,3,NSE_3_C2,2,1073,NSE_3_C2
7552,064340310,3,NSE_3_C2,2,1073,NSE_3_C2
7553,064905703,3,NSE_3_C2,2,1073,NSE_3_C2
7554,064904704,3,NSE_3_C2,2,1073,NSE_3_C2
7555,064343903,3,NSE_3_C2,2,1073,NSE_3_C2
7556,064345307,3,NSE_3_C2,2,1073,NSE_3_C2
7557,064905504,3,NSE_3_C2,2,1073,NSE_3_C2
7558,064343108,3,NSE_3_C2,2,1073,NSE_3_C2
7559,064344203,3,NSE_3_C2,2,1073,NSE_3_C2
7560,064902613,3,NSE_3_C2,2,1073,NSE_3_C2
7561,064343105,3,NSE_3_C2,2,1073,NSE_3_C2
7562,064904205,3,NSE_3_C2,2,1073,NSE_3_C2
7563,064905606,3,NSE_3_C2,2,1073,NSE_3_C2
7564,064902002,3,NSE_3_C2,2,1073,NSE_3_C2
7565,064344601,3,NSE_3_C2,2,1073,NSE_3_C2
7566,060352305,3,NSE_3_C2,2,1073,NSE_3_C2
7567,064340208,3,NSE_3_C2,2,1073,NSE_3_C2
7568,060350605,3,NSE_3_C2,2,1073,NSE_3_C2
7569,060350313,3,NSE_3_C2,2,1073,NSE_3_C2
7570,060351607,3,NSE_3_C2,2,1073,NSE_3_C2
7571,064902008,3,NSE_3_C2,2,1073,NSE_3_C2
7572,060351602,3,NSE_3_C2,2,1073,NSE_3_C2
7573,060351905,3,NSE_3_C2,2,1073,NSE_3_C2
7574,064901110,3,NSE_3_C2,2,1073,NSE_3_C2
7575,060352106,3,NSE_3_C2,2,1073,NSE_3_C2
7576,064345506,3,NSE_3_C2,2,1073,NSE_3_C2
7577,064343607,3,NSE_3_C2,2,1073,NSE_3_C2
7578,064341401,3,NSE_3_C2,2,1073,NSE_3_C2
7579,064901205,3,NSE_3_C2,2,1073,NSE_3_C2
7580,064345006,3,NSE_3_C2,2,1073,NSE_3_C2
7581,064905906,3,NSE_3_C2,2,1073,NSE_3_C2
7582,060354006,3,NSE_3_C2,2,1073,NSE_3_C2
7583,064341606,3,NSE_3_C2,2,1073,NSE_3_C2
7584,064904807,3,NSE_3_C2,2,1073,NSE_3_C2
7585,060350808,3,NSE_3_C2,2,1073,NSE_3_C2
7586,060351909,3,NSE_3_C2,2,1073,NSE_3_C2
7587,064343007,3,NSE_3_C2,2,1073,NSE_3_C2
7588,060353606,3,NSE_3_C2,2,1073,NSE_3_C2
7589,064341402,3,NSE_3_C2,2,1073,NSE_3_C2
7590,064341202,3,NSE_3_C2,2,1073,NSE_3_C2
7591,064905407,3,NSE_3_C2,2,1073,NSE_3_C2
7592,064905010,3,NSE_3_C2,2,1073,NSE_3_C2
7593,064906707,3,NSE_3_C2,2,1073,NSE_3_C2
7594,060351203,3,NSE_3_C2,2,1073,NSE_3_C2
7595,064901005,3,NSE_3_C2,2,1073,NSE_3_C2
7596,064341207,3,NSE_3_C2,2,1073,NSE_3_C2
7597,064343606,3,NSE_3_C2,2,1073,NSE_3_C2
7598,060350712,3,NSE_3_C2,2,1073,NSE_3_C2
7599,060352706,3,NSE_3_C2,2,1073,NSE_3_C2
7600,064345108,3,NSE_3_C2,2,1073,NSE_3_C2
7601,064341312,3,NSE_3_C2,2,1073,NSE_3_C2
7602,064904907,3,NSE_3_C2,2,1073,NSE_3_C2
7603,064904102,3,NSE_3_C2,2,1073,NSE_3_C2
7604,064343906,3,NSE_3_C2,2,1073,NSE_3_C2
7605,060353505,3,NSE_3_C2,2,1073,NSE_3_C2
7606,064340301,3,NSE_3_C2,2,1073,NSE_3_C2
7607,064341113,3,NSE_3_C2,2,1073,NSE_3_C2
7608,060352704,3,NSE_3_C2,2,1073,NSE_3_C2
7609,064343708,3,NSE_3_C2,2,1073,NSE_3_C2
7610,064904304,3,NSE_3_C2,2,1073,NSE_3_C2
7611,060353103,3,NSE_3_C2,2,1073,NSE_3_C2
7612,060353001,3,NSE_3_C2,2,1073,NSE_3_C2
7613,064341504,3,NSE_3_C2,2,1073,NSE_3_C2
7614,064343306,3,NSE_3_C2,2,1073,NSE_3_C2
7615,064900908,3,NSE_3_C2,2,1073,NSE_3_C2
7616,064343308,3,NSE_3_C2,2,1073,NSE_3_C2
7617,060351509,3,NSE_3_C2,2,1073,NSE_3_C2
7618,060351707,3,NSE_3_C2,2,1073,NSE_3_C2
7619,064340502,3,NSE_3_C2,2,1073,NSE_3_C2
7620,064344901,3,NSE_3_C2,2,1073,NSE_3_C2
7621,064902407,3,NSE_3_C2,2,1073,NSE_3_C2
7622,060353007,3,NSE_3_C2,2,1073,NSE_3_C2
7623,060351708,3,NSE_3_C2,2,1073,NSE_3_C2
7624,064343106,3,NSE_3_C2,2,1073,NSE_3_C2
7625,060353806,3,NSE_3_C2,2,1073,NSE_3_C2
7626,064904914,3,NSE_3_C2,2,1073,NSE_3_C2
7627,060351702,3,NSE_3_C2,2,1073,NSE_3_C2
7628,064904311,3,NSE_3_C2,2,1073,NSE_3_C2
7629,064340205,3,NSE_3_C2,2,1073,NSE_3_C2
7630,064905404,3,NSE_3_C2,2,1073,NSE_3_C2
7631,060354001,3,NSE_3_C2,2,1073,NSE_3_C2
7632,064902104,3,NSE_3_C2,2,1073,NSE_3_C2
7633,064902501,3,NSE_3_C2,2,1073,NSE_3_C2
7634,060351512,3,NSE_3_C2,2,1073,NSE_3_C2
7635,064341502,3,NSE_3_C2,2,1073,NSE_3_C2
7636,060352903,3,NSE_3_C2,2,1073,NSE_3_C2
7637,064340604,3,NSE_3_C2,2,1073,NSE_3_C2
7638,060351214,3,NSE_3_C2,2,1073,NSE_3_C2
7639,064343806,3,NSE_3_C2,2,1073,NSE_3_C2
7640,064901908,3,NSE_3_C2,2,1073,NSE_3_C2
7641,064902810,3,NSE_3_C2,2,1073,NSE_3_C2
7642,060351413,3,NSE_3_C2,2,1073,NSE_3_C2
7643,064345601,3,NSE_3_C2,2,1073,NSE_3_C2
7644,060353704,3,NSE_3_C2,2,1073,NSE_3_C2
7645,060353903,3,NSE_3_C2,2,1073,NSE_3_C2
7646,064343208,3,NSE_3_C2,2,1073,NSE_3_C2
7647,060351103,3,NSE_3_C2,2,1073,NSE_3_C2
7648,060352511,3,NSE_3_C2,2,1073,NSE_3_C2
7649,064341306,3,NSE_3_C2,2,1073,NSE_3_C2
7650,064900713,3,NSE_3_C2,2,1073,NSE_3_C2
7651,060353907,3,NSE_3_C2,2,1073,NSE_3_C2
7652,060353004,3,NSE_3_C2,2,1073,NSE_3_C2
7653,064902209,3,NSE_3_C2,2,1073,NSE_3_C2
7654,060352304,3,NSE_3_C2,2,1073,NSE_3_C2
7655,064342005,3,NSE_3_C2,2,1073,NSE_3_C2
7656,064902609,3,NSE_3_C2,2,1073,NSE_3_C2
7657,064905705,3,NSE_3_C2,2,1073,NSE_3_C2
7658,060353307,3,NSE_3_C2,2,1073,NSE_3_C2
7659,060353805,3,NSE_3_C2,2,1073,NSE_3_C2
7660,060352205,3,NSE_3_C2,2,1073,NSE_3_C2
7661,064904810,3,NSE_3_C2,2,1073,NSE_3_C2
7662,064340510,3,NSE_3_C2,2,1073,NSE_3_C2
7663,064343206,3,NSE_3_C2,2,1073,NSE_3_C2
7664,064900905,3,NSE_3_C2,2,1073,NSE_3_C2
7665,060352006,3,NSE_3_C2,2,1073,NSE_3_C2
7666,064901209,3,NSE_3_C2,2,1073,NSE_3_C2
7667,064341604,3,NSE_3_C2,2,1073,NSE_3_C2
7668,060353201,3,NSE_3_C2,2,1073,NSE_3_C2
7669,064344205,3,NSE_3_C2,2,1073,NSE_3_C2
7670,060353109,3,NSE_3_C2,2,1073,NSE_3_C2
7671,064902109,3,NSE_3_C2,2,1073,NSE_3_C2
7672,060351810,3,NSE_3_C2,2,1073,NSE_3_C2
7673,060352702,3,NSE_3_C2,2,1073,NSE_3_C2
7674,064905105,3,NSE_3_C2,2,1073,NSE_3_C2
7675,064341110,3,NSE_3_C2,2,1073,NSE_3_C2
7676,060353901,3,NSE_3_C2,2,1073,NSE_3_C2
7677,060351208,3,NSE_3_C2,2,1073,NSE_3_C2
7678,060351809,3,NSE_3_C2,2,1073,NSE_3_C2
7679,064343810,3,NSE_3_C2,2,1073,NSE_3_C2
7680,064901207,3,NSE_3_C2,2,1073,NSE_3_C2
7681,064905603,3,NSE_3_C2,2,1073,NSE_3_C2
7682,064344103,3,NSE_3_C2,2,1073,NSE_3_C2
7683,064341003,3,NSE_3_C2,2,1073,NSE_3_C2
7684,064904501,3,NSE_3_C2,2,1073,NSE_3_C2
7685,060353507,3,NSE_3_C2,2,1073,NSE_3_C2
7686,064342902,3,NSE_3_C2,2,1073,NSE_3_C2
7687,064905402,3,NSE_3_C2,2,1073,NSE_3_C2
7688,064342106,3,NSE_3_C2,2,1073,NSE_3_C2
7689,064900907,3,NSE_3_C2,2,1073,NSE_3_C2
7690,064900805,3,NSE_3_C2,2,1073,NSE_3_C2
7691,064343812,3,NSE_3_C2,2,1073,NSE_3_C2
7692,064904603,3,NSE_3_C2,2,1073,NSE_3_C2
7693,064341809,3,NSE_3_C2,2,1073,NSE_3_C2
7694,060352204,3,NSE_3_C2,2,1073,NSE_3_C2
7695,064905805,3,NSE_3_C2,2,1073,NSE_3_C2
7696,060352001,3,NSE_3_C2,2,1073,NSE_3_C2
7697,064340309,3,NSE_3_C2,2,1073,NSE_3_C2
7698,064340202,3,NSE_3_C2,2,1073,NSE_3_C2
7699,064901004,3,NSE_3_C2,2,1073,NSE_3_C2
7700,064341802,3,NSE_3_C2,2,1073,NSE_3_C2
7701,060352402,3,NSE_3_C2,2,1073,NSE_3_C2
7702,064901107,3,NSE_3_C2,2,1073,NSE_3_C2
7703,064343406,3,NSE_3_C2,2,1073,NSE_3_C2
7704,060351202,3,NSE_3_C2,2,1073,NSE_3_C2
7705,064345501,3,NSE_3_C2,2,1073,NSE_3_C2
7706,064340212,3,NSE_3_C2,2,1073,NSE_3_C2
7707,064341408,3,NSE_3_C2,2,1073,NSE_3_C2
7708,060351804,3,NSE_3_C2,2,1073,NSE_3_C2
7709,064343603,3,NSE_3_C2,2,1073,NSE_3_C2
7710,064905110,3,NSE_3_C2,2,1073,NSE_3_C2
7711,064344107,3,NSE_3_C2,2,1073,NSE_3_C2
7712,060352502,3,NSE_3_C2,2,1073,NSE_3_C2
7713,064340106,3,NSE_3_C2,2,1073,NSE_3_C2
7714,064341703,3,NSE_3_C2,2,1073,NSE_3_C2
7715,064341203,3,NSE_3_C2,2,1073,NSE_3_C2
7716,064342112,3,NSE_3_C2,2,1073,NSE_3_C2
7717,060353501,3,NSE_3_C2,2,1073,NSE_3_C2
7718,060351201,3,NSE_3_C2,2,1073,NSE_3_C2
7719,064901007,3,NSE_3_C2,2,1073,NSE_3_C2
7720,060351206,3,NSE_3_C2,2,1073,NSE_3_C2
7721,064902207,3,NSE_3_C2,2,1073,NSE_3_C2
7722,064902112,3,NSE_3_C2,2,1073,NSE_3_C2
7723,064900710,3,NSE_3_C2,2,1073,NSE_3_C2
7724,064902704,3,NSE_3_C2,2,1073,NSE_3_C2
7725,064904812,3,NSE_3_C2,2,1073,NSE_3_C2
7726,060351412,3,NSE_3_C2,2,1073,NSE_3_C2
7727,064345107,3,NSE_3_C2,2,1073,NSE_3_C2
7728,064900809,3,NSE_3_C2,2,1073,NSE_3_C2
7729,064904910,3,NSE_3_C2,2,1073,NSE_3_C2
7730,064902102,3,NSE_3_C2,2,1073,NSE_3_C2
7731,060353104,3,NSE_3_C2,2,1073,NSE_3_C2
7732,064904811,3,NSE_3_C2,2,1073,NSE_3_C2
7733,060351902,3,NSE_3_C2,2,1073,NSE_3_C2
7734,064341406,3,NSE_3_C2,2,1073,NSE_3_C2
7735,064904607,3,NSE_3_C2,2,1073,NSE_3_C2
7736,064344207,3,NSE_3_C2,2,1073,NSE_3_C2
7737,060352309,3,NSE_3_C2,2,1073,NSE_3_C2
7738,060351402,3,NSE_3_C2,2,1073,NSE_3_C2
7739,060351514,3,NSE_3_C2,2,1073,NSE_3_C2
7740,060350308,3,NSE_3_C2,2,1073,NSE_3_C2
7741,060351701,3,NSE_3_C2,2,1073,NSE_3_C2
7742,064901203,3,NSE_3_C2,2,1073,NSE_3_C2
7743,064345502,3,NSE_3_C2,2,1073,NSE_3_C2
7744,064902007,3,NSE_3_C2,2,1073,NSE_3_C2
7745,064343905,3,NSE_3_C2,2,1073,NSE_3_C2
7746,064340409,3,NSE_3_C2,2,1073,NSE_3_C2
7747,064905406,3,NSE_3_C2,2,1073,NSE_3_C2
7748,060353403,3,NSE_3_C2,2,1073,NSE_3_C2
7749,064344906,3,NSE_3_C2,2,1073,NSE_3_C2
7750,064900909,3,NSE_3_C2,2,1073,NSE_3_C2
7751,060353804,3,NSE_3_C2,2,1073,NSE_3_C2
7752,064905009,3,NSE_3_C2,2,1073,NSE_3_C2
7753,064902502,3,NSE_3_C2,2,1073,NSE_3_C2
7754,064904706,3,NSE_3_C2,2,1073,NSE_3_C2
7755,060352510,3,NSE_3_C2,2,1073,NSE_3_C2
7756,064902604,3,NSE_3_C2,2,1073,NSE_3_C2
7757,060351401,3,NSE_3_C2,2,1073,NSE_3_C2
7758,060352210,3,NSE_3_C2,2,1073,NSE_3_C2
7759,064341005,3,NSE_3_C2,2,1073,NSE_3_C2
7760,064343207,3,NSE_3_C2,2,1073,NSE_3_C2
7761,060351611,3,NSE_3_C2,2,1073,NSE_3_C2
7762,060351901,3,NSE_3_C2,2,1073,NSE_3_C2
7763,064902205,3,NSE_3_C2,2,1073,NSE_3_C2
7764,064902111,3,NSE_3_C2,2,1073,NSE_3_C2
7765,060350501,3,NSE_3_C2,2,1073,NSE_3_C2
7766,064343001,3,NSE_3_C2,2,1073,NSE_3_C2
7767,060354007,3,NSE_3_C2,2,1073,NSE_3_C2
7768,064900706,3,NSE_3_C2,2,1073,NSE_3_C2
7769,064904506,3,NSE_3_C2,2,1073,NSE_3_C2
7770,064341310,3,NSE_3_C2,2,1073,NSE_3_C2
7771,060351808,3,NSE_3_C2,2,1073,NSE_3_C2
7772,060354109,3,NSE_3_C2,2,1073,NSE_3_C2
7773,060353010,3,NSE_3_C2,2,1073,NSE_3_C2
7774,060352108,3,NSE_3_C2,2,1073,NSE_3_C2
7775,060352401,3,NSE_3_C2,2,1073,NSE_3_C2
7776,060353005,3,NSE_3_C2,2,1073,NSE_3_C2
7777,064905706,3,NSE_3_C2,2,1073,NSE_3_C2
7778,064902608,3,NSE_3_C2,2,1073,NSE_3_C2
7779,064901103,3,NSE_3_C2,2,1073,NSE_3_C2
7780,064905611,3,NSE_3_C2,2,1073,NSE_3_C2
7781,064905608,3,NSE_3_C2,2,1073,NSE_3_C2
7782,060351407,3,NSE_3_C2,2,1073,NSE_3_C2
7783,064904612,3,NSE_3_C2,2,1073,NSE_3_C2
7784,060351906,3,NSE_3_C2,2,1073,NSE_3_C2
7785,064340607,3,NSE_3_C2,2,1073,NSE_3_C2
7786,060351309,3,NSE_3_C2,2,1073,NSE_3_C2
7787,064343704,3,NSE_3_C2,2,1073,NSE_3_C2
7788,064341701,3,NSE_3_C2,2,1073,NSE_3_C2
7789,060352107,3,NSE_3_C2,2,1073,NSE_3_C2
7790,064340702,3,NSE_3_C2,2,1073,NSE_3_C2
7791,060352004,3,NSE_3_C2,2,1073,NSE_3_C2
7792,064342107,3,NSE_3_C2,2,1073,NSE_3_C2
7793,064905708,3,NSE_3_C2,2,1073,NSE_3_C2
7794,064344802,3,NSE_3_C2,2,1073,NSE_3_C2
7795,064341403,3,NSE_3_C2,2,1073,NSE_3_C2
7796,064340108,3,NSE_3_C2,2,1073,NSE_3_C2
7797,064342406,3,NSE_3_C2,2,1073,NSE_3_C2
7798,064901112,3,NSE_3_C2,2,1073,NSE_3_C2
7799,064341206,3,NSE_3_C2,2,1073,NSE_3_C2
7800,064340710,3,NSE_3_C2,2,1073,NSE_3_C2
7801,064344208,3,NSE_3_C2,2,1073,NSE_3_C2
7802,064344204,3,NSE_3_C2,2,1073,NSE_3_C2
7803,064902607,3,NSE_3_C2,2,1073,NSE_3_C2
7804,064904203,3,NSE_3_C2,2,1073,NSE_3_C2
7805,064901208,3,NSE_3_C2,2,1073,NSE_3_C2
7806,060350811,3,NSE_3_C2,2,1073,NSE_3_C2
7807,064343509,3,NSE_3_C2,2,1073,NSE_3_C2
7808,060352008,3,NSE_3_C2,2,1073,NSE_3_C2
7809,064904507,3,NSE_3_C2,2,1073,NSE_3_C2
7810,064343804,3,NSE_3_C2,2,1073,NSE_3_C2
7811,064905006,3,NSE_3_C2,2,1073,NSE_3_C2
7812,064343505,3,NSE_3_C2,2,1073,NSE_3_C2
7813,060353408,3,NSE_3_C2,2,1073,NSE_3_C2
7814,064900803,3,NSE_3_C2,2,1073,NSE_3_C2
7815,060351503,3,NSE_3_C2,2,1073,NSE_3_C2
7816,064902812,3,NSE_3_C2,2,1073,NSE_3_C2
7817,060352203,3,NSE_3_C2,2,1073,NSE_3_C2
7818,060353203,3,NSE_3_C2,2,1073,NSE_3_C2
7819,060353206,3,NSE_3_C2,2,1073,NSE_3_C2
7820,064900802,3,NSE_3_C2,2,1073,NSE_3_C2
7821,064904608,3,NSE_3_C2,2,1073,NSE_3_C2
7822,060351606,3,NSE_3_C2,2,1073,NSE_3_C2
7823,060350404,3,NSE_3_C2,2,1073,NSE_3_C2
7824,060353308,3,NSE_3_C2,2,1073,NSE_3_C2
7825,064345602,3,NSE_3_C2,2,1073,NSE_3_C2
7826,064343802,3,NSE_3_C2,2,1073,NSE_3_C2
7827,064902614,3,NSE_3_C2,2,1073,NSE_3_C2
7828,060351411,3,NSE_3_C2,2,1073,NSE_3_C2
7829,064904904,3,NSE_3_C2,2,1073,NSE_3_C2
7830,064906702,3,NSE_3_C2,2,1073,NSE_3_C2
7831,064340109,3,NSE_3_C2,2,1073,NSE_3_C2
7832,064340307,3,NSE_3_C2,2,1073,NSE_3_C2
7833,064901211,3,NSE_3_C2,2,1073,NSE_3_C2
7834,064341309,3,NSE_3_C2,2,1073,NSE_3_C2
7835,064342407,3,NSE_3_C2,2,1073,NSE_3_C2
7836,064343604,3,NSE_3_C2,2,1073,NSE_3_C2
7837,064900801,3,NSE_3_C2,2,1073,NSE_3_C2
7838,064905106,3,NSE_3_C2,2,1073,NSE_3_C2
7839,064901901,3,NSE_3_C2,2,1073,NSE_3_C2
7840,064905503,3,NSE_3_C2,2,1073,NSE_3_C2
7841,064905008,3,NSE_3_C2,2,1073,NSE_3_C2
7842,064343503,3,NSE_3_C2,2,1073,NSE_3_C2
7843,064900701,3,NSE_3_C2,2,1073,NSE_3_C2
7844,064902101,3,NSE_3_C2,2,1073,NSE_3_C2
7845,060350314,3,NSE_3_C2,2,1073,NSE_3_C2
7846,064341404,3,NSE_3_C2,2,1073,NSE_3_C2
7847,060353105,3,NSE_3_C2,2,1073,NSE_3_C2
7848,064341307,3,NSE_3_C2,2,1073,NSE_3_C2
7849,064902203,3,NSE_3_C2,2,1073,NSE_3_C2
7850,060351801,3,NSE_3_C2,2,1073,NSE_3_C2
7851,064902214,3,NSE_3_C2,2,1073,NSE_3_C2
7852,064340104,3,NSE_3_C2,2,1073,NSE_3_C2
7853,064341806,3,NSE_3_C2,2,1073,NSE_3_C2
7854,064901114,3,NSE_3_C2,2,1073,NSE_3_C2
7855,064906001,3,NSE_3_C2,2,1073,NSE_3_C2
7856,064340508,3,NSE_3_C2,2,1073,NSE_3_C2
7857,064341901,3,NSE_3_C2,2,1073,NSE_3_C2
7858,060350601,3,NSE_3_C2,2,1073,NSE_3_C2
7859,064905604,3,NSE_3_C2,2,1073,NSE_3_C2
7860,064902503,3,NSE_3_C2,2,1073,NSE_3_C2
7861,060352109,3,NSE_3_C2,2,1073,NSE_3_C2
7862,064344108,3,NSE_3_C2,2,1073,NSE_3_C2
7863,064342707,3,NSE_3_C2,2,1073,NSE_3_C2
7864,064343301,3,NSE_3_C2,2,1073,NSE_3_C2
7865,064904508,3,NSE_3_C2,2,1073,NSE_3_C2
7866,064345508,3,NSE_3_C2,2,1073,NSE_3_C2
7867,064343805,3,NSE_3_C2,2,1073,NSE_3_C2
7868,064342706,3,NSE_3_C2,2,1073,NSE_3_C2
7869,064905702,3,NSE_3_C2,2,1073,NSE_3_C2
7870,064340111,3,NSE_3_C2,2,1073,NSE_3_C2
7871,064905002,3,NSE_3_C2,2,1073,NSE_3_C2
7872,060351911,3,NSE_3_C2,2,1073,NSE_3_C2
7873,060353409,3,NSE_3_C2,2,1073,NSE_3_C2
7874,060352801,3,NSE_3_C2,2,1073,NSE_3_C2
7875,064902110,3,NSE_3_C2,2,1073,NSE_3_C2
7876,060352301,3,NSE_3_C2,2,1073,NSE_3_C2
7877,064341602,3,NSE_3_C2,2,1073,NSE_3_C2
7878,064902804,3,NSE_3_C2,2,1073,NSE_3_C2
7879,064902201,3,NSE_3_C2,2,1073,NSE_3_C2
7880,060351608,3,NSE_3_C2,2,1073,NSE_3_C2
7881,064901910,3,NSE_3_C2,2,1073,NSE_3_C2
7882,064340112,3,NSE_3_C2,2,1073,NSE_3_C2
7883,064902103,3,NSE_3_C2,2,1073,NSE_3_C2
7884,064904207,3,NSE_3_C2,2,1073,NSE_3_C2
7885,060352302,3,NSE_3_C2,2,1073,NSE_3_C2
7886,064900606,3,NSE_3_C2,2,1073,NSE_3_C2
7887,060351405,3,NSE_3_C2,2,1073,NSE_3_C2
7888,064902910,3,NSE_3_C2,2,1073,NSE_3_C2
7889,064901006,3,NSE_3_C2,2,1073,NSE_3_C2
7890,060353506,3,NSE_3_C2,2,1073,NSE_3_C2
7891,064343706,3,NSE_3_C2,2,1073,NSE_3_C2
7892,060350809,3,NSE_3_C2,2,1073,NSE_3_C2
7893,060351912,3,NSE_3_C2,2,1073,NSE_3_C2
7894,060351704,3,NSE_3_C2,2,1073,NSE_3_C2
7895,064342907,3,NSE_3_C2,2,1073,NSE_3_C2
7896,060350310,3,NSE_3_C2,2,1073,NSE_3_C2
7897,064341709,3,NSE_3_C2,2,1073,NSE_3_C2
7898,064343302,3,NSE_3_C2,2,1073,NSE_3_C2
7899,060350315,3,NSE_3_C2,2,1073,NSE_3_C2
7900,064342911,3,NSE_3_C2,2,1073,NSE_3_C2
7901,060351610,3,NSE_3_C2,2,1073,NSE_3_C2
7902,064341304,3,NSE_3_C2,2,1073,NSE_3_C2
7903,064904401,3,NSE_3_C2,2,1073,NSE_3_C2
7904,064343703,3,NSE_3_C2,2,1073,NSE_3_C2
7905,064341004,3,NSE_3_C2,2,1073,NSE_3_C2
7906,064905907,3,NSE_3_C2,2,1073,NSE_3_C2
7907,064901111,3,NSE_3_C2,2,1073,NSE_3_C2
7908,064905405,3,NSE_3_C2,2,1073,NSE_3_C2
7909,064905003,3,NSE_3_C2,2,1073,NSE_3_C2
7910,064341903,3,NSE_3_C2,2,1073,NSE_3_C2
7911,064343104,3,NSE_3_C2,2,1073,NSE_3_C2
7912,064342102,3,NSE_3_C2,2,1073,NSE_3_C2
7913,064904206,3,NSE_3_C2,2,1073,NSE_3_C2
7914,064342008,3,NSE_3_C2,2,1073,NSE_3_C2
7915,060351310,3,NSE_3_C2,2,1073,NSE_3_C2
7916,060352504,3,NSE_3_C2,2,1073,NSE_3_C2
7917,064342810,3,NSE_3_C2,2,1073,NSE_3_C2
7918,064343103,3,NSE_3_C2,2,1073,NSE_3_C2
7919,064341111,3,NSE_3_C2,2,1073,NSE_3_C2
7920,064343608,3,NSE_3_C2,2,1073,NSE_3_C2
7921,064342701,3,NSE_3_C2,2,1073,NSE_3_C2
7922,064905908,3,NSE_3_C2,2,1073,NSE_3_C2
7923,064344303,3,NSE_3_C2,2,1073,NSE_3_C2
7924,060352102,3,NSE_3_C2,2,1073,NSE_3_C2
7925,064340506,3,NSE_3_C2,2,1073,NSE_3_C2
7926,060351211,3,NSE_3_C2,2,1073,NSE_3_C2
7927,060350704,3,NSE_3_C2,2,1073,NSE_3_C2
7928,064905607,3,NSE_3_C2,2,1073,NSE_3_C2
7929,064341311,3,NSE_3_C2,2,1073,NSE_3_C2
7930,064342006,3,NSE_3_C2,2,1073,NSE_3_C2
7931,064904902,3,NSE_3_C2,2,1073,NSE_3_C2
7932,064904801,3,NSE_3_C2,2,1073,NSE_3_C2
7933,064902612,3,NSE_3_C2,2,1073,NSE_3_C2
7934,064904707,3,NSE_3_C2,2,1073,NSE_3_C2
7935,060351802,3,NSE_3_C2,2,1073,NSE_3_C2
7936,060353709,3,NSE_3_C2,2,1073,NSE_3_C2
7937,064344908,3,NSE_3_C2,2,1073,NSE_3_C2
7938,064343410,3,NSE_3_C2,2,1073,NSE_3_C2
7939,064343205,3,NSE_3_C2,2,1073,NSE_3_C2
7940,060352805,3,NSE_3_C2,2,1073,NSE_3_C2
7941,064342103,3,NSE_3_C2,2,1073,NSE_3_C2
7942,060352804,3,NSE_3_C2,2,1073,NSE_3_C2
7943,064343204,3,NSE_3_C2,2,1073,NSE_3_C2
7944,064342906,3,NSE_3_C2,2,1073,NSE_3_C2
7945,064340504,3,NSE_3_C2,2,1073,NSE_3_C2
7946,064344907,3,NSE_3_C2,2,1073,NSE_3_C2
7947,064344102,3,NSE_3_C2,2,1073,NSE_3_C2
7948,060350914,3,NSE_3_C2,2,1073,NSE_3_C2
7949,064340704,3,NSE_3_C2,2,1073,NSE_3_C2
7950,064344008,3,NSE_3_C2,2,1073,NSE_3_C2
7951,064901109,3,NSE_3_C2,2,1073,NSE_3_C2
7952,064906002,3,NSE_3_C2,2,1073,NSE_3_C2
7953,060353807,3,NSE_3_C2,2,1073,NSE_3_C2
7954,064905102,3,NSE_3_C2,2,1073,NSE_3_C2
7955,064344006,3,NSE_3_C2,2,1073,NSE_3_C2
7956,064900605,3,NSE_3_C2,2,1073,NSE_3_C2
7957,064902405,3,NSE_3_C2,2,1073,NSE_3_C2
7958,064902702,3,NSE_3_C2,2,1073,NSE_3_C2
7959,060352806,3,NSE_3_C2,2,1073,NSE_3_C2
7960,064901308,3,NSE_3_C2,2,1073,NSE_3_C2
7961,064905007,3,NSE_3_C2,2,1073,NSE_3_C2
7962,060351410,3,NSE_3_C2,2,1073,NSE_3_C2
7963,060353902,3,NSE_3_C2,2,1073,NSE_3_C2
7964,060353503,3,NSE_3_C2,2,1073,NSE_3_C2
7965,064900807,3,NSE_3_C2,2,1073,NSE_3_C2
7966,064344307,3,NSE_3_C2,2,1073,NSE_3_C2
7967,060353407,3,NSE_3_C2,2,1073,NSE_3_C2
7968,060350711,3,NSE_3_C2,2,1073,NSE_3_C2
7969,064341507,3,NSE_3_C2,2,1073,NSE_3_C2
7970,064345101,3,NSE_3_C2,2,1073,NSE_3_C2
7971,064344104,3,NSE_3_C2,2,1073,NSE_3_C2
7972,060352406,3,NSE_3_C2,2,1073,NSE_3_C2
7973,064343402,3,NSE_3_C2,2,1073,NSE_3_C2
7974,064901906,3,NSE_3_C2,2,1073,NSE_3_C2
7975,064344002,3,NSE_3_C2,2,1073,NSE_3_C2
7976,064343902,3,NSE_3_C2,2,1073,NSE_3_C2
7977,064340102,3,NSE_3_C2,2,1073,NSE_3_C2
7978,064343004,3,NSE_3_C2,2,1073,NSE_3_C2
7979,060351209,3,NSE_3_C2,2,1073,NSE_3_C2
7980,064344409,3,NSE_3_C2,2,1073,NSE_3_C2
7981,064901113,3,NSE_3_C2,2,1073,NSE_3_C2
7982,064905104,3,NSE_3_C2,2,1073,NSE_3_C2
7983,060351506,3,NSE_3_C2,2,1073,NSE_3_C2
7984,060350701,3,NSE_3_C2,2,1073,NSE_3_C2
7985,064341205,3,NSE_3_C2,2,1073,NSE_3_C2
7986,064342113,3,NSE_3_C2,2,1073,NSE_3_C2
7987,064345603,3,NSE_3_C2,2,1073,NSE_3_C2
7988,064905111,3,NSE_3_C2,2,1073,NSE_3_C2
7989,060353404,3,NSE_3_C2,2,1073,NSE_3_C2
7990,064344306,3,NSE_3_C2,2,1073,NSE_3_C2
7991,060351104,3,NSE_3_C2,2,1073,NSE_3_C2
7992,064905905,3,NSE_3_C2,2,1073,NSE_3_C2
7993,064343003,3,NSE_3_C2,2,1073,NSE_3_C2
7994,060353601,3,NSE_3_C2,2,1073,NSE_3_C2
7995,064344808,3,NSE_3_C2,2,1073,NSE_3_C2
7996,060353502,3,NSE_3_C2,2,1073,NSE_3_C2
7997,060353405,3,NSE_3_C2,2,1073,NSE_3_C2
7998,064344511,3,NSE_3_C2,2,1073,NSE_3_C2
7999,064900709,3,NSE_3_C2,2,1073,NSE_3_C2
8000,060352012,3,NSE_3_C2,2,1073,NSE_3_C2
8001,064345606,3,NSE_3_C2,2,1073,NSE_3_C2
8002,064340505,3,NSE_3_C2,2,1073,NSE_3_C2
8003,060351908,3,NSE_3_C2,2,1073,NSE_3_C2
8004,064343702,3,NSE_3_C2,2,1073,NSE_3_C2
8005,060350602,3,NSE_3_C2,2,1073,NSE_3_C2
8006,064904611,3,NSE_3_C2,2,1073,NSE_3_C2
8007,060353205,3,NSE_3_C2,2,1073,NSE_3_C2
8008,060353701,3,NSE_3_C2,2,1073,NSE_3_C2
8009,060352013,3,NSE_3_C2,2,1073,NSE_3_C2
8010,064901201,3,NSE_3_C2,2,1073,NSE_3_C2
8011,064905609,3,NSE_3_C2,2,1073,NSE_3_C2
8012,064904404,3,NSE_3_C2,2,1073,NSE_3_C2
8013,064901803,3,NSE_3_C2,2,1073,NSE_3_C2
8014,060352209,3,NSE_3_C2,2,1073,NSE_3_C2
8015,064902808,3,NSE_3_C2,2,1073,NSE_3_C2
8016,060351609,3,NSE_3_C2,2,1073,NSE_3_C2
8017,064901905,3,NSE_3_C2,2,1073,NSE_3_C2
8018,060353707,3,NSE_3_C2,2,1073,NSE_3_C2
8019,060351601,3,NSE_3_C2,2,1073,NSE_3_C2
8020,064340401,3,NSE_3_C2,2,1073,NSE_3_C2
8021,064905901,3,NSE_3_C2,2,1073,NSE_3_C2
8022,064345503,3,NSE_3_C2,2,1073,NSE_3_C2
8023,060350814,3,NSE_3_C2,2,1073,NSE_3_C2
8024,064343701,3,NSE_3_C2,2,1073,NSE_3_C2
8025,060353102,3,NSE_3_C2,2,1073,NSE_3_C2
8026,060352512,3,NSE_3_C2,2,1073,NSE_3_C2
8027,064341711,3,NSE_3_C2,2,1073,NSE_3_C2
8028,064900904,3,NSE_3_C2,2,1073,NSE_3_C2
8029,060350702,3,NSE_3_C2,2,1073,NSE_3_C2
8030,060350710,3,NSE_3_C2,2,1073,NSE_3_C2
8031,064905501,3,NSE_3_C2,2,1073,NSE_3_C2
8032,064904802,3,NSE_3_C2,2,1073,NSE_3_C2
8033,060353303,3,NSE_3_C2,2,1073,NSE_3_C2
8034,060351406,3,NSE_3_C2,2,1073,NSE_3_C2
8035,064340606,3,NSE_3_C2,2,1073,NSE_3_C2
8036,060353905,3,NSE_3_C2,2,1073,NSE_3_C2
8037,064902006,3,NSE_3_C2,2,1073,NSE_3_C2
8038,064340402,3,NSE_3_C2,2,1073,NSE_3_C2
8039,064901907,3,NSE_3_C2,2,1073,NSE_3_C2
8040,064901909,3,NSE_3_C2,2,1073,NSE_3_C2
8041,064343705,3,NSE_3_C2,2,1073,NSE_3_C2
8042,064904710,3,NSE_3_C2,2,1073,NSE_3_C2
8043,064345109,3,NSE_3_C2,2,1073,NSE_3_C2
8044,064345509,3,NSE_3_C2,2,1073,NSE_3_C2
8045,064905802,3,NSE_3_C2,2,1073,NSE_3_C2
8046,064900903,3,NSE_3_C2,2,1073,NSE_3_C2
8047,060351207,3,NSE_3_C2,2,1073,NSE_3_C2
8048,060350504,3,NSE_3_C2,2,1073,NSE_3_C2
8049,060351408,3,NSE_3_C2,2,1073,NSE_3_C2
8050,060351109,3,NSE_3_C2,2,1073,NSE_3_C2
8051,060353204,3,NSE_3_C2,2,1073,NSE_3_C2
8052,064345604,3,NSE_3_C2,2,1073,NSE_3_C2
8053,064905502,3,NSE_3_C2,2,1073,NSE_3_C2
8054,064904503,3,NSE_3_C2,2,1073,NSE_3_C2
8055,064345003,3,NSE_3_C2,2,1073,NSE_3_C2
8056,064905005,3,NSE_3_C2,2,1073,NSE_3_C2
8057,060351604,3,NSE_3_C2,2,1073,NSE_3_C2
8058,060351210,3,NSE_3_C2,2,1073,NSE_3_C2
8059,064341208,3,NSE_3_C2,2,1073,NSE_3_C2
8060,064900604,3,NSE_3_C2,2,1073,NSE_3_C2
8061,064901911,3,NSE_3_C2,2,1073,NSE_3_C2
8062,064343101,3,NSE_3_C2,2,1073,NSE_3_C2
8063,064342903,3,NSE_3_C2,2,1073,NSE_3_C2
8064,060353705,3,NSE_3_C2,2,1073,NSE_3_C2
8065,064342002,3,NSE_3_C2,2,1073,NSE_3_C2
8066,060352509,3,NSE_3_C2,2,1073,NSE_3_C2
8067,064340302,3,NSE_3_C2,2,1073,NSE_3_C2
8068,064902710,3,NSE_3_C2,2,1073,NSE_3_C2
8069,060352507,3,NSE_3_C2,2,1073,NSE_3_C2
8070,064343405,3,NSE_3_C2,2,1073,NSE_3_C2
8071,064341303,3,NSE_3_C2,2,1073,NSE_3_C2
8072,064901206,3,NSE_3_C2,2,1073,NSE_3_C2
8073,064341904,3,NSE_3_C2,2,1073,NSE_3_C2
8074,060353504,3,NSE_3_C2,2,1073,NSE_3_C2
8075,064904609,3,NSE_3_C2,2,1073,NSE_3_C2
8076,060352214,3,NSE_3_C2,2,1073,NSE_3_C2
8077,064901204,3,NSE_3_C2,2,1073,NSE_3_C2
8078,064343415,3,NSE_3_C2,2,1073,NSE_3_C2
8079,064344903,3,NSE_3_C2,2,1073,NSE_3_C2
8080,064905004,3,NSE_3_C2,2,1073,NSE_3_C2
8081,060350708,3,NSE_3_C2,2,1073,NSE_3_C2
8082,064340403,3,NSE_3_C2,2,1073,NSE_3_C2
8083,064341506,3,NSE_3_C2,2,1073,NSE_3_C2
8084,064901106,3,NSE_3_C2,2,1073,NSE_3_C2
8085,064904901,3,NSE_3_C2,2,1073,NSE_3_C2
8086,064341201,3,NSE_3_C2,2,1073,NSE_3_C2
8087,064341508,3,NSE_3_C2,2,1073,NSE_3_C2
8088,064902602,3,NSE_3_C2,2,1073,NSE_3_C2
8089,064342004,3,NSE_3_C2,2,1073,NSE_3_C2
8090,064341308,3,NSE_3_C2,2,1073,NSE_3_C2
8091,064901808,3,NSE_3_C2,2,1073,NSE_3_C2
8092,064905101,3,NSE_3_C2,2,1073,NSE_3_C2
8093,064900603,3,NSE_3_C2,2,1073,NSE_3_C2
8094,060352405,3,NSE_3_C2,2,1073,NSE_3_C2
8095,064901805,3,NSE_3_C2,2,1073,NSE_3_C2
8096,064902603,3,NSE_3_C2,2,1073,NSE_3_C2
8097,064905803,3,NSE_3_C2,2,1073,NSE_3_C2
8098,064905904,3,NSE_3_C2,2,1073,NSE_3_C2
8099,060353708,3,NSE_3_C2,2,1073,NSE_3_C2
8100,064340602,3,NSE_3_C2,2,1073,NSE_3_C2
8101,064343401,3,NSE_3_C2,2,1073,NSE_3_C2
8102,064901608,3,NSE_3_C2,2,1073,NSE_3_C2
8103,064344305,3,NSE_3_C2,2,1073,NSE_3_C2
8104,064342101,3,NSE_3_C2,2,1073,NSE_3_C2
8105,060351511,3,NSE_3_C2,2,1073,NSE_3_C2
8106,064344807,3,NSE_3_C2,2,1073,NSE_3_C2
8107,064345505,3,NSE_3_C2,2,1073,NSE_3_C2
8108,064343008,3,NSE_3_C2,2,1073,NSE_3_C2
8109,064901210,3,NSE_3_C2,2,1073,NSE_3_C2
8110,060350703,3,NSE_3_C2,2,1073,NSE_3_C2
8111,064344905,3,NSE_3_C2,2,1073,NSE_3_C2
8112,064344302,3,NSE_3_C2,2,1073,NSE_3_C2
8113,060353006,3,NSE_3_C2,2,1073,NSE_3_C2
8114,064902802,3,NSE_3_C2,2,1073,NSE_3_C2
8115,060351504,3,NSE_3_C2,2,1073,NSE_3_C2
8116,064343305,3,NSE_3_C2,2,1073,NSE_3_C2
8117,060351212,3,NSE_3_C2,2,1073,NSE_3_C2
8118,060352306,3,NSE_3_C2,2,1073,NSE_3_C2
8119,064343404,3,NSE_3_C2,2,1073,NSE_3_C2
8120,064902803,3,NSE_3_C2,2,1073,NSE_3_C2
8121,064905804,3,NSE_3_C2,2,1073,NSE_3_C2
8122,060353306,3,NSE_3_C2,2,1073,NSE_3_C2
8123,064276909,3,NSE_3_C3,3,21,Otras componentes
8124,064276803,3,NSE_3_C3,3,21,Otras componentes
8125,064276911,3,NSE_3_C3,3,21,Otras componentes
8126,064276907,3,NSE_3_C3,3,21,Otras componentes
8127,064276910,3,NSE_3_C3,3,21,Otras componentes
8128,064277718,3,NSE_3_C3,3,21,Otras componentes
8129,064276711,3,NSE_3_C3,3,21,Otras componentes
8130,064276809,3,NSE_3_C3,3,21,Otras componentes
8131,064276908,3,NSE_3_C3,3,21,Otras componentes
8132,064276805,3,NSE_3_C3,3,21,Otras componentes
8133,064276919,3,NSE_3_C3,3,21,Otras componentes
8134,064276708,3,NSE_3_C3,3,21,Otras componentes
8135,064276718,3,NSE_3_C3,3,21,Otras componentes
8136,064276806,3,NSE_3_C3,3,21,Otras componentes
8137,064276804,3,NSE_3_C3,3,21,Otras componentes
8138,064276912,3,NSE_3_C3,3,21,Otras componentes
8139,064276802,3,NSE_3_C3,3,21,Otras componentes
8140,064277704,3,NSE_3_C3,3,21,Otras componentes
8141,064276807,3,NSE_3_C3,3,21,Otras componentes
8142,064276811,3,NSE_3_C3,3,21,Otras componentes
8143,064276808,3,NSE_3_C3,3,21,Otras componentes
8144,064271827,3,NSE_3_C4,4,5,Otras componentes
8145,064271824,3,NSE_3_C4,4,5,Otras componentes
8146,064271825,3,NSE_3_C4,4,5,Otras componentes
8147,064271823,3,NSE_3_C4,4,5,Otras componentes
8148,064271826,3,NSE_3_C4,4,5,Otras componentes
8149,068610602,3,NSE_3_C5,5,5,Otras componentes
8150,068610605,3,NSE_3_C5,5,5,Otras componentes
8151,068610608,3,NSE_3_C5,5,5,Otras componentes
8152,068610607,3,NSE_3_C5,5,5,Otras componentes
8153,068610606,3,NSE_3_C5,5,5,Otras componentes
8154,020912807,3,NSE_3_C6,6,5,Otras componentes
8155,020912809,3,NSE_3_C6,6,5,Otras componentes
8156,020980505,3,NSE_3_C6,6,5,Otras componentes
8157,020980504,3,NSE_3_C6,6,5,Otras componentes
8158,020912810,3,NSE_3_C6,6,5,Otras componentes
8159,064271716,3,NSE_3_C7,7,4,Otras componentes
8160,064271809,3,NSE_3_C7,7,4,Otras componentes
8161,064271810,3,NSE_3_C7,7,4,Otras componentes
8162,064271711,3,NSE_3_C7,7,4,Otras componentes
8163,020141204,3,NSE_3_C8,8,4,Otras componentes
8164,020141205,3,NSE_3_C8,8,4,Otras componentes
8165,020141301,3,NSE_3_C8,8,4,Otras componentes
8166,020141203,3,NSE_3_C8,8,4,Otras componentes
8167,020141005,3,NSE_3_C9,9,4,Otras componentes
8168,020141106,3,NSE_3_C9,9,4,Otras componentes
8169,020141002,3,NSE_3_C9,9,4,Otras componentes
8170,020141001,3,NSE_3_C9,9,4,Otras componentes
8171,068400411,3,NSE_3_C10,10,4,Otras componentes
8172,068403305,3,NSE_3_C10,10,4,Otras componentes
8173,068400408,3,NSE_3_C10,10,4,Otras componentes
8174,068403403,3,NSE_3_C10,10,4,Otras componentes
8175,060350103,3,NSE_3_C11,11,3,Otras componentes
8176,060350106,3,NSE_3_C11,11,3,Otras componentes
8177,060350104,3,NSE_3_C11,11,3,Otras componentes
8178,064276014,3,NSE_3_C12,12,3,Otras componentes
8179,064276016,3,NSE_3_C12,12,3,Otras componentes
8180,064276017,3,NSE_3_C12,12,3,Otras componentes
8181,064277320,3,NSE_3_C13,13,3,Otras componentes
8182,064277310,3,NSE_3_C13,13,3,Otras componentes
8183,064277316,3,NSE_3_C13,13,3,Otras componentes
8184,064275405,3,NSE_3_C14,14,3,Otras componentes
8185,064274908,3,NSE_3_C14,14,3,Otras componentes
8186,064275404,3,NSE_3_C14,14,3,Otras componentes
8187,064345304,3,NSE_3_C15,15,3,Otras componentes
8188,064342507,3,NSE_3_C15,15,3,Otras componentes
8189,064345303,3,NSE_3_C15,15,3,Otras componentes
8190,020912008,3,NSE_3_C16,16,3,Otras componentes
8191,020912302,3,NSE_3_C16,16,3,Otras componentes
8192,020912009,3,NSE_3_C16,16,3,Otras componentes
8193,063713606,3,NSE_3_C17,17,3,Otras componentes
8194,063713607,3,NSE_3_C17,17,3,Otras componentes
8195,063713604,3,NSE_3_C17,17,3,Otras componentes
8196,064277623,3,NSE_3_C18,18,2,Otras componentes
8197,064277608,3,NSE_3_C18,18,2,Otras componentes
8198,064277709,3,NSE_3_C19,19,2,Otras componentes
8199,064277806,3,NSE_3_C19,19,2,Otras componentes
8200,064276904,3,NSE_3_C20,20,2,Otras componentes
8201,064277717,3,NSE_3_C20,20,2,Otras componentes
8202,064276605,3,NSE_3_C21,21,2,Otras componentes
8203,064277014,3,NSE_3_C21,21,2,Otras componentes
8204,064277016,3,NSE_3_C22,22,2,Otras componentes
8205,064276417,3,NSE_3_C22,22,2,Otras componentes
8206,064274211,3,NSE_3_C23,23,2,Otras componentes
8207,064274210,3,NSE_3_C23,23,2,Otras componentes
8208,064901402,3,NSE_3_C24,24,2,Otras componentes
8209,064901510,3,NSE_3_C24,24,2,Otras componentes
8210,064901406,3,NSE_3_C25,25,2,Otras componentes
8211,064901407,3,NSE_3_C25,25,2,Otras componentes
8212,020561509,3,NSE_3_C26,26,2,Otras componentes
8213,020561513,3,NSE_3_C26,26,2,Otras componentes
8214,064271706,3,NSE_3_C27,27,2,Otras componentes
8215,064271805,3,NSE_3_C27,27,2,Otras componentes
8216,064903808,3,NSE_3_C28,28,2,Otras componentes
8217,064903809,3,NSE_3_C28,28,2,Otras componentes
8218,020911808,3,NSE_3_C29,29,2,Otras componentes
8219,020911906,3,NSE_3_C29,29,2,Otras componentes
8220,020911911,3,NSE_3_C30,30,2,Otras componentes
8221,020911909,3,NSE_3_C30,30,2,Otras componentes
8222,020980205,3,NSE_3_C31,31,2,Otras componentes
8223,020980202,3,NSE_3_C31,31,2,Otras componentes
8224,067562203,3,NSE_3_C32,32,2,Otras componentes
8225,067562202,3,NSE_3_C32,32,2,Otras componentes
8226,064276004,3,NSE_3_C33,33,1,Otras componentes
8227,065682909,3,NSE_3_C34,34,1,Otras componentes
8228,065684103,3,NSE_3_C35,35,1,Otras componentes
8229,064275907,3,NSE_3_C36,36,1,Otras componentes
8230,064275711,3,NSE_3_C37,37,1,Otras componentes
8231,064277103,3,NSE_3_C38,38,1,Otras componentes
8232,064277525,3,NSE_3_C39,39,1,Otras componentes
8233,064277532,3,NSE_3_C40,40,1,Otras componentes
8234,064277613,3,NSE_3_C41,41,1,Otras componentes
8235,064277712,3,NSE_3_C42,42,1,Otras componentes
8236,064276519,3,NSE_3_C43,43,1,Otras componentes
8237,064275408,3,NSE_3_C44,44,1,Otras componentes
8238,064276215,3,NSE_3_C45,45,1,Otras componentes
8239,064277622,3,NSE_3_C46,46,1,Otras componentes
8240,064277109,3,NSE_3_C47,47,1,Otras componentes
8241,064274809,3,NSE_3_C48,48,1,Otras componentes
8242,064901706,3,NSE_3_C49,49,1,Otras componentes
8243,064901302,3,NSE_3_C50,50,1,Otras componentes
8244,064344706,3,NSE_3_C51,51,1,Otras componentes
8245,064344404,3,NSE_3_C52,52,1,Otras componentes
8246,064340707,3,NSE_3_C53,53,1,Otras componentes
8247,060351002,3,NSE_3_C54,54,1,Otras componentes
8248,020282508,3,NSE_3_C55,55,1,Otras componentes
8249,064342203,3,NSE_3_C56,56,1,Otras componentes
8250,064342502,3,NSE_3_C57,57,1,Otras componentes
8251,020631406,3,NSE_3_C58,58,1,Otras componentes
8252,064903510,3,NSE_3_C59,59,1,Otras componentes
8253,064906502,3,NSE_3_C60,60,1,Otras componentes
8254,020912102,3,NSE_3_C61,61,1,Otras componentes
8255,020910909,3,NSE_3_C62,62,1,Otras componentes
8256,020910907,3,NSE_3_C63,63,1,Otras componentes
8257,020980309,3,NSE_3_C64,64,1,Otras componentes
8258,020980814,3,NSE_3_C65,65,1,Otras componentes
8259,020142307,3,NSE_3_C66,66,1,Otras componentes
8260,020982907,3,NSE_3_C67,67,1,Otras componentes
8261,020141007,3,NSE_3_C68,68,1,Otras componentes
8262,020140702,3,NSE_3_C69,69,1,Otras componentes
8263,020070203,3,NSE_3_C70,70,1,Otras componentes
8264,020070309,3,NSE_3_C71,71,1,Otras componentes
8265,020071312,3,NSE_3_C72,72,1,Otras componentes
8266,020071305,3,NSE_3_C73,73,1,Otras componentes
8267,020071303,3,NSE_3_C74,74,1,Otras componentes
8268,020981705,3,NSE_3_C75,75,1,Otras componentes
8269,068610301,3,NSE_3_C76,76,1,Otras componentes
8270,067562101,3,NSE_3_C77,77,1,Otras componentes
8271,063711501,3,NSE_3_C78,78,1,Otras componentes
8272,065680306,3,NSE_3_C79,79,1,Otras componentes
8273,068400404,3,NSE_3_C80,80,1,Otras componentes
8274,020983105,4,NSE_4_C1,1,176,NSE_4_C1
8275,020982906,4,NSE_4_C1,1,176,NSE_4_C1
8276,020981112,4,NSE_4_C1,1,176,NSE_4_C1
8277,020981905,4,NSE_4_C1,1,176,NSE_4_C1
8278,020141605,4,NSE_4_C1,1,176,NSE_4_C1
8279,020070601,4,NSE_4_C1,1,176,NSE_4_C1
8280,020983008,4,NSE_4_C1,1,176,NSE_4_C1
8281,020981606,4,NSE_4_C1,1,176,NSE_4_C1
8282,020140601,4,NSE_4_C1,1,176,NSE_4_C1
8283,020981103,4,NSE_4_C1,1,176,NSE_4_C1
8284,020140703,4,NSE_4_C1,1,176,NSE_4_C1
8285,020983106,4,NSE_4_C1,1,176,NSE_4_C1
8286,020981106,4,NSE_4_C1,1,176,NSE_4_C1
8287,020140409,4,NSE_4_C1,1,176,NSE_4_C1
8288,020070502,4,NSE_4_C1,1,176,NSE_4_C1
8289,020070406,4,NSE_4_C1,1,176,NSE_4_C1
8290,020141102,4,NSE_4_C1,1,176,NSE_4_C1
8291,020982904,4,NSE_4_C1,1,176,NSE_4_C1
8292,020140402,4,NSE_4_C1,1,176,NSE_4_C1
8293,020983108,4,NSE_4_C1,1,176,NSE_4_C1
8294,020070702,4,NSE_4_C1,1,176,NSE_4_C1
8295,020983107,4,NSE_4_C1,1,176,NSE_4_C1
8296,020141703,4,NSE_4_C1,1,176,NSE_4_C1
8297,020142203,4,NSE_4_C1,1,176,NSE_4_C1
8298,020141202,4,NSE_4_C1,1,176,NSE_4_C1
8299,020140405,4,NSE_4_C1,1,176,NSE_4_C1
8300,020982911,4,NSE_4_C1,1,176,NSE_4_C1
8301,020983005,4,NSE_4_C1,1,176,NSE_4_C1
8302,020141602,4,NSE_4_C1,1,176,NSE_4_C1
8303,020981603,4,NSE_4_C1,1,176,NSE_4_C1
8304,020982803,4,NSE_4_C1,1,176,NSE_4_C1
8305,020140407,4,NSE_4_C1,1,176,NSE_4_C1
8306,020070505,4,NSE_4_C1,1,176,NSE_4_C1
8307,020141003,4,NSE_4_C1,1,176,NSE_4_C1
8308,020142302,4,NSE_4_C1,1,176,NSE_4_C1
8309,020983007,4,NSE_4_C1,1,176,NSE_4_C1
8310,020983003,4,NSE_4_C1,1,176,NSE_4_C1
8311,020981708,4,NSE_4_C1,1,176,NSE_4_C1
8312,020140704,4,NSE_4_C1,1,176,NSE_4_C1
8313,020981102,4,NSE_4_C1,1,176,NSE_4_C1
8314,020070609,4,NSE_4_C1,1,176,NSE_4_C1
8315,020983104,4,NSE_4_C1,1,176,NSE_4_C1
8316,020981804,4,NSE_4_C1,1,176,NSE_4_C1
8317,020981707,4,NSE_4_C1,1,176,NSE_4_C1
8318,020070503,4,NSE_4_C1,1,176,NSE_4_C1
8319,020982807,4,NSE_4_C1,1,176,NSE_4_C1
8320,020981115,4,NSE_4_C1,1,176,NSE_4_C1
8321,020981703,4,NSE_4_C1,1,176,NSE_4_C1
8322,020142306,4,NSE_4_C1,1,176,NSE_4_C1
8323,020142101,4,NSE_4_C1,1,176,NSE_4_C1
8324,020140408,4,NSE_4_C1,1,176,NSE_4_C1
8325,020981604,4,NSE_4_C1,1,176,NSE_4_C1
8326,020141604,4,NSE_4_C1,1,176,NSE_4_C1
8327,020983101,4,NSE_4_C1,1,176,NSE_4_C1
8328,020070605,4,NSE_4_C1,1,176,NSE_4_C1
8329,020141608,4,NSE_4_C1,1,176,NSE_4_C1
8330,020982806,4,NSE_4_C1,1,176,NSE_4_C1
8331,020141207,4,NSE_4_C1,1,176,NSE_4_C1
8332,020142301,4,NSE_4_C1,1,176,NSE_4_C1
8333,020981805,4,NSE_4_C1,1,176,NSE_4_C1
8334,020981803,4,NSE_4_C1,1,176,NSE_4_C1
8335,020140807,4,NSE_4_C1,1,176,NSE_4_C1
8336,020140401,4,NSE_4_C1,1,176,NSE_4_C1
8337,020141206,4,NSE_4_C1,1,176,NSE_4_C1
8338,020982805,4,NSE_4_C1,1,176,NSE_4_C1
8339,020070501,4,NSE_4_C1,1,176,NSE_4_C1
8340,020070404,4,NSE_4_C1,1,176,NSE_4_C1
8341,020141603,4,NSE_4_C1,1,176,NSE_4_C1
8342,020142403,4,NSE_4_C1,1,176,NSE_4_C1
8343,020140202,4,NSE_4_C1,1,176,NSE_4_C1
8344,020982812,4,NSE_4_C1,1,176,NSE_4_C1
8345,020141303,4,NSE_4_C1,1,176,NSE_4_C1
8346,020140207,4,NSE_4_C1,1,176,NSE_4_C1
8347,020983009,4,NSE_4_C1,1,176,NSE_4_C1
8348,020140308,4,NSE_4_C1,1,176,NSE_4_C1
8349,020070507,4,NSE_4_C1,1,176,NSE_4_C1
8350,020070607,4,NSE_4_C1,1,176,NSE_4_C1
8351,020141302,4,NSE_4_C1,1,176,NSE_4_C1
8352,020983110,4,NSE_4_C1,1,176,NSE_4_C1
8353,020982606,4,NSE_4_C1,1,176,NSE_4_C1
8354,020983111,4,NSE_4_C1,1,176,NSE_4_C1
8355,020983006,4,NSE_4_C1,1,176,NSE_4_C1
8356,020140410,4,NSE_4_C1,1,176,NSE_4_C1
8357,020140502,4,NSE_4_C1,1,176,NSE_4_C1
8358,020140506,4,NSE_4_C1,1,176,NSE_4_C1
8359,020140604,4,NSE_4_C1,1,176,NSE_4_C1
8360,020983109,4,NSE_4_C1,1,176,NSE_4_C1
8361,020983004,4,NSE_4_C1,1,176,NSE_4_C1
8362,020141104,4,NSE_4_C1,1,176,NSE_4_C1
8363,020981108,4,NSE_4_C1,1,176,NSE_4_C1
8364,020982909,4,NSE_4_C1,1,176,NSE_4_C1
8365,020981706,4,NSE_4_C1,1,176,NSE_4_C1
8366,020140205,4,NSE_4_C1,1,176,NSE_4_C1
8367,020070604,4,NSE_4_C1,1,176,NSE_4_C1
8368,020981116,4,NSE_4_C1,1,176,NSE_4_C1
8369,020140406,4,NSE_4_C1,1,176,NSE_4_C1
8370,020982811,4,NSE_4_C1,1,176,NSE_4_C1
8371,020141201,4,NSE_4_C1,1,176,NSE_4_C1
8372,020982903,4,NSE_4_C1,1,176,NSE_4_C1
8373,020070606,4,NSE_4_C1,1,176,NSE_4_C1
8374,020070405,4,NSE_4_C1,1,176,NSE_4_C1
8375,020140206,4,NSE_4_C1,1,176,NSE_4_C1
8376,020141101,4,NSE_4_C1,1,176,NSE_4_C1
8377,020142303,4,NSE_4_C1,1,176,NSE_4_C1
8378,020140509,4,NSE_4_C1,1,176,NSE_4_C1
8379,020140602,4,NSE_4_C1,1,176,NSE_4_C1
8380,020981802,4,NSE_4_C1,1,176,NSE_4_C1
8381,020981602,4,NSE_4_C1,1,176,NSE_4_C1
8382,020982804,4,NSE_4_C1,1,176,NSE_4_C1
8383,020981702,4,NSE_4_C1,1,176,NSE_4_C1
8384,020981117,4,NSE_4_C1,1,176,NSE_4_C1
8385,020140804,4,NSE_4_C1,1,176,NSE_4_C1
8386,020981605,4,NSE_4_C1,1,176,NSE_4_C1
8387,020141304,4,NSE_4_C1,1,176,NSE_4_C1
8388,020981107,4,NSE_4_C1,1,176,NSE_4_C1
8389,020982810,4,NSE_4_C1,1,176,NSE_4_C1
8390,020070602,4,NSE_4_C1,1,176,NSE_4_C1
8391,020140701,4,NSE_4_C1,1,176,NSE_4_C1
8392,020981601,4,NSE_4_C1,1,176,NSE_4_C1
8393,020070403,4,NSE_4_C1,1,176,NSE_4_C1
8394,020981113,4,NSE_4_C1,1,176,NSE_4_C1
8395,020981607,4,NSE_4_C1,1,176,NSE_4_C1
8396,020140508,4,NSE_4_C1,1,176,NSE_4_C1
8397,020140603,4,NSE_4_C1,1,176,NSE_4_C1
8398,020981801,4,NSE_4_C1,1,176,NSE_4_C1
8399,020982908,4,NSE_4_C1,1,176,NSE_4_C1
8400,020140403,4,NSE_4_C1,1,176,NSE_4_C1
8401,020140201,4,NSE_4_C1,1,176,NSE_4_C1
8402,020981807,4,NSE_4_C1,1,176,NSE_4_C1
8403,020982902,4,NSE_4_C1,1,176,NSE_4_C1
8404,020140204,4,NSE_4_C1,1,176,NSE_4_C1
8405,020070504,4,NSE_4_C1,1,176,NSE_4_C1
8406,020981704,4,NSE_4_C1,1,176,NSE_4_C1
8407,020140505,4,NSE_4_C1,1,176,NSE_4_C1
8408,020981806,4,NSE_4_C1,1,176,NSE_4_C1
8409,020070610,4,NSE_4_C1,1,176,NSE_4_C1
8410,020983112,4,NSE_4_C1,1,176,NSE_4_C1
8411,020140507,4,NSE_4_C1,1,176,NSE_4_C1
8412,020141103,4,NSE_4_C1,1,176,NSE_4_C1
8413,020983102,4,NSE_4_C1,1,176,NSE_4_C1
8414,020981105,4,NSE_4_C1,1,176,NSE_4_C1
8415,020982901,4,NSE_4_C1,1,176,NSE_4_C1
8416,020070408,4,NSE_4_C1,1,176,NSE_4_C1
8417,020983103,4,NSE_4_C1,1,176,NSE_4_C1
8418,020981114,4,NSE_4_C1,1,176,NSE_4_C1
8419,020140504,4,NSE_4_C1,1,176,NSE_4_C1
8420,020981101,4,NSE_4_C1,1,176,NSE_4_C1
8421,020070603,4,NSE_4_C1,1,176,NSE_4_C1
8422,020140501,4,NSE_4_C1,1,176,NSE_4_C1
8423,020141006,4,NSE_4_C1,1,176,NSE_4_C1
8424,020140707,4,NSE_4_C1,1,176,NSE_4_C1
8425,020981701,4,NSE_4_C1,1,176,NSE_4_C1
8426,020140605,4,NSE_4_C1,1,176,NSE_4_C1
8427,020142305,4,NSE_4_C1,1,176,NSE_4_C1
8428,020982910,4,NSE_4_C1,1,176,NSE_4_C1
8429,020140208,4,NSE_4_C1,1,176,NSE_4_C1
8430,020981104,4,NSE_4_C1,1,176,NSE_4_C1
8431,020982003,4,NSE_4_C1,1,176,NSE_4_C1
8432,020142402,4,NSE_4_C1,1,176,NSE_4_C1
8433,020140808,4,NSE_4_C1,1,176,NSE_4_C1
8434,020982905,4,NSE_4_C1,1,176,NSE_4_C1
8435,020142308,4,NSE_4_C1,1,176,NSE_4_C1
8436,020070608,4,NSE_4_C1,1,176,NSE_4_C1
8437,020140307,4,NSE_4_C1,1,176,NSE_4_C1
8438,020142406,4,NSE_4_C1,1,176,NSE_4_C1
8439,020142309,4,NSE_4_C1,1,176,NSE_4_C1
8440,020140305,4,NSE_4_C1,1,176,NSE_4_C1
8441,020141105,4,NSE_4_C1,1,176,NSE_4_C1
8442,020070407,4,NSE_4_C1,1,176,NSE_4_C1
8443,020982802,4,NSE_4_C1,1,176,NSE_4_C1
8444,020141306,4,NSE_4_C1,1,176,NSE_4_C1
8445,020141004,4,NSE_4_C1,1,176,NSE_4_C1
8446,020140503,4,NSE_4_C1,1,176,NSE_4_C1
8447,020983002,4,NSE_4_C1,1,176,NSE_4_C1
8448,020983001,4,NSE_4_C1,1,176,NSE_4_C1
8449,020140203,4,NSE_4_C1,1,176,NSE_4_C1
8450,020980204,4,NSE_4_C2,2,137,NSE_4_C2
8451,020911205,4,NSE_4_C2,2,137,NSE_4_C2
8452,020980403,4,NSE_4_C2,2,137,NSE_4_C2
8453,020911401,4,NSE_4_C2,2,137,NSE_4_C2
8454,020911308,4,NSE_4_C2,2,137,NSE_4_C2
8455,020910414,4,NSE_4_C2,2,137,NSE_4_C2
8456,020980908,4,NSE_4_C2,2,137,NSE_4_C2
8457,020911314,4,NSE_4_C2,2,137,NSE_4_C2
8458,020980603,4,NSE_4_C2,2,137,NSE_4_C2
8459,020980811,4,NSE_4_C2,2,137,NSE_4_C2
8460,020910811,4,NSE_4_C2,2,137,NSE_4_C2
8461,020980301,4,NSE_4_C2,2,137,NSE_4_C2
8462,020980812,4,NSE_4_C2,2,137,NSE_4_C2
8463,020912107,4,NSE_4_C2,2,137,NSE_4_C2
8464,020911301,4,NSE_4_C2,2,137,NSE_4_C2
8465,020911202,4,NSE_4_C2,2,137,NSE_4_C2
8466,020911204,4,NSE_4_C2,2,137,NSE_4_C2
8467,020912911,4,NSE_4_C2,2,137,NSE_4_C2
8468,020910906,4,NSE_4_C2,2,137,NSE_4_C2
8469,020912204,4,NSE_4_C2,2,137,NSE_4_C2
8470,020980815,4,NSE_4_C2,2,137,NSE_4_C2
8471,020912202,4,NSE_4_C2,2,137,NSE_4_C2
8472,020911405,4,NSE_4_C2,2,137,NSE_4_C2
8473,020912201,4,NSE_4_C2,2,137,NSE_4_C2
8474,020911404,4,NSE_4_C2,2,137,NSE_4_C2
8475,020912205,4,NSE_4_C2,2,137,NSE_4_C2
8476,020980704,4,NSE_4_C2,2,137,NSE_4_C2
8477,020980109,4,NSE_4_C2,2,137,NSE_4_C2
8478,020980915,4,NSE_4_C2,2,137,NSE_4_C2
8479,020910309,4,NSE_4_C2,2,137,NSE_4_C2
8480,020912803,4,NSE_4_C2,2,137,NSE_4_C2
8481,020910805,4,NSE_4_C2,2,137,NSE_4_C2
8482,020980308,4,NSE_4_C2,2,137,NSE_4_C2
8483,020980307,4,NSE_4_C2,2,137,NSE_4_C2
8484,020910911,4,NSE_4_C2,2,137,NSE_4_C2
8485,020912206,4,NSE_4_C2,2,137,NSE_4_C2
8486,020911004,4,NSE_4_C2,2,137,NSE_4_C2
8487,020980404,4,NSE_4_C2,2,137,NSE_4_C2
8488,020980310,4,NSE_4_C2,2,137,NSE_4_C2
8489,020911312,4,NSE_4_C2,2,137,NSE_4_C2
8490,020911406,4,NSE_4_C2,2,137,NSE_4_C2
8491,020911107,4,NSE_4_C2,2,137,NSE_4_C2
8492,020980402,4,NSE_4_C2,2,137,NSE_4_C2
8493,020980909,4,NSE_4_C2,2,137,NSE_4_C2
8494,020912203,4,NSE_4_C2,2,137,NSE_4_C2
8495,020980611,4,NSE_4_C2,2,137,NSE_4_C2
8496,020911210,4,NSE_4_C2,2,137,NSE_4_C2
8497,020980813,4,NSE_4_C2,2,137,NSE_4_C2
8498,020980901,4,NSE_4_C2,2,137,NSE_4_C2
8499,020980208,4,NSE_4_C2,2,137,NSE_4_C2
8500,020980401,4,NSE_4_C2,2,137,NSE_4_C2
8501,020911203,4,NSE_4_C2,2,137,NSE_4_C2
8502,020912808,4,NSE_4_C2,2,137,NSE_4_C2
8503,020980601,4,NSE_4_C2,2,137,NSE_4_C2
8504,020911101,4,NSE_4_C2,2,137,NSE_4_C2
8505,020911002,4,NSE_4_C2,2,137,NSE_4_C2
8506,020910804,4,NSE_4_C2,2,137,NSE_4_C2
8507,020911311,4,NSE_4_C2,2,137,NSE_4_C2
8508,020911007,4,NSE_4_C2,2,137,NSE_4_C2
8509,020980507,4,NSE_4_C2,2,137,NSE_4_C2
8510,020980604,4,NSE_4_C2,2,137,NSE_4_C2
8511,020912101,4,NSE_4_C2,2,137,NSE_4_C2
8512,020911403,4,NSE_4_C2,2,137,NSE_4_C2
8513,020980902,4,NSE_4_C2,2,137,NSE_4_C2
8514,020980302,4,NSE_4_C2,2,137,NSE_4_C2
8515,020910308,4,NSE_4_C2,2,137,NSE_4_C2
8516,020911309,4,NSE_4_C2,2,137,NSE_4_C2
8517,020980201,4,NSE_4_C2,2,137,NSE_4_C2
8518,020980108,4,NSE_4_C2,2,137,NSE_4_C2
8519,020980203,4,NSE_4_C2,2,137,NSE_4_C2
8520,020980106,4,NSE_4_C2,2,137,NSE_4_C2
8521,020980406,4,NSE_4_C2,2,137,NSE_4_C2
8522,020912104,4,NSE_4_C2,2,137,NSE_4_C2
8523,020912103,4,NSE_4_C2,2,137,NSE_4_C2
8524,020911411,4,NSE_4_C2,2,137,NSE_4_C2
8525,020910312,4,NSE_4_C2,2,137,NSE_4_C2
8526,020912207,4,NSE_4_C2,2,137,NSE_4_C2
8527,020980508,4,NSE_4_C2,2,137,NSE_4_C2
8528,020912106,4,NSE_4_C2,2,137,NSE_4_C2
8529,020912208,4,NSE_4_C2,2,137,NSE_4_C2
8530,020912806,4,NSE_4_C2,2,137,NSE_4_C2
8531,020911409,4,NSE_4_C2,2,137,NSE_4_C2
8532,020980907,4,NSE_4_C2,2,137,NSE_4_C2
8533,020911008,4,NSE_4_C2,2,137,NSE_4_C2
8534,020910910,4,NSE_4_C2,2,137,NSE_4_C2
8535,020911408,4,NSE_4_C2,2,137,NSE_4_C2
8536,020910905,4,NSE_4_C2,2,137,NSE_4_C2
8537,020980703,4,NSE_4_C2,2,137,NSE_4_C2
8538,020910413,4,NSE_4_C2,2,137,NSE_4_C2
8539,020980913,4,NSE_4_C2,2,137,NSE_4_C2
8540,020911209,4,NSE_4_C2,2,137,NSE_4_C2
8541,020912305,4,NSE_4_C2,2,137,NSE_4_C2
8542,020910416,4,NSE_4_C2,2,137,NSE_4_C2
8543,020980104,4,NSE_4_C2,2,137,NSE_4_C2
8544,020910801,4,NSE_4_C2,2,137,NSE_4_C2
8545,020911206,4,NSE_4_C2,2,137,NSE_4_C2
8546,020980207,4,NSE_4_C2,2,137,NSE_4_C2
8547,020980612,4,NSE_4_C2,2,137,NSE_4_C2
8548,020980802,4,NSE_4_C2,2,137,NSE_4_C2
8549,020980903,4,NSE_4_C2,2,137,NSE_4_C2
8550,020980206,4,NSE_4_C2,2,137,NSE_4_C2
8551,020911315,4,NSE_4_C2,2,137,NSE_4_C2
8552,020911102,4,NSE_4_C2,2,137,NSE_4_C2
8553,020980306,4,NSE_4_C2,2,137,NSE_4_C2
8554,020910908,4,NSE_4_C2,2,137,NSE_4_C2
8555,020980110,4,NSE_4_C2,2,137,NSE_4_C2
8556,020980105,4,NSE_4_C2,2,137,NSE_4_C2
8557,020912702,4,NSE_4_C2,2,137,NSE_4_C2
8558,020980510,4,NSE_4_C2,2,137,NSE_4_C2
8559,020910311,4,NSE_4_C2,2,137,NSE_4_C2
8560,020910901,4,NSE_4_C2,2,137,NSE_4_C2
8561,020980702,4,NSE_4_C2,2,137,NSE_4_C2
8562,020910313,4,NSE_4_C2,2,137,NSE_4_C2
8563,020911310,4,NSE_4_C2,2,137,NSE_4_C2
8564,020911410,4,NSE_4_C2,2,137,NSE_4_C2
8565,020912105,4,NSE_4_C2,2,137,NSE_4_C2
8566,020911013,4,NSE_4_C2,2,137,NSE_4_C2
8567,020980407,4,NSE_4_C2,2,137,NSE_4_C2
8568,020912110,4,NSE_4_C2,2,137,NSE_4_C2
8569,020980509,4,NSE_4_C2,2,137,NSE_4_C2
8570,020980107,4,NSE_4_C2,2,137,NSE_4_C2
8571,020980810,4,NSE_4_C2,2,137,NSE_4_C2
8572,020912108,4,NSE_4_C2,2,137,NSE_4_C2
8573,020980506,4,NSE_4_C2,2,137,NSE_4_C2
8574,020910415,4,NSE_4_C2,2,137,NSE_4_C2
8575,020980408,4,NSE_4_C2,2,137,NSE_4_C2
8576,020980713,4,NSE_4_C2,2,137,NSE_4_C2
8577,020980405,4,NSE_4_C2,2,137,NSE_4_C2
8578,020911407,4,NSE_4_C2,2,137,NSE_4_C2
8579,020912209,4,NSE_4_C2,2,137,NSE_4_C2
8580,020980910,4,NSE_4_C2,2,137,NSE_4_C2
8581,020912109,4,NSE_4_C2,2,137,NSE_4_C2
8582,020911402,4,NSE_4_C2,2,137,NSE_4_C2
8583,020980503,4,NSE_4_C2,2,137,NSE_4_C2
8584,020911313,4,NSE_4_C2,2,137,NSE_4_C2
8585,020980911,4,NSE_4_C2,2,137,NSE_4_C2
8586,020980914,4,NSE_4_C2,2,137,NSE_4_C2
8587,020911810,4,NSE_4_C3,3,51,NSE_4_C3
8588,020912705,4,NSE_4_C3,3,51,NSE_4_C3
8589,020912003,4,NSE_4_C3,3,51,NSE_4_C3
8590,020911910,4,NSE_4_C3,3,51,NSE_4_C3
8591,020911506,4,NSE_4_C3,3,51,NSE_4_C3
8592,020912405,4,NSE_4_C3,3,51,NSE_4_C3
8593,020912002,4,NSE_4_C3,3,51,NSE_4_C3
8594,021050307,4,NSE_4_C3,3,51,NSE_4_C3
8595,020912007,4,NSE_4_C3,3,51,NSE_4_C3
8596,020912501,4,NSE_4_C3,3,51,NSE_4_C3
8597,020912010,4,NSE_4_C3,3,51,NSE_4_C3
8598,020911907,4,NSE_4_C3,3,51,NSE_4_C3
8599,020911807,4,NSE_4_C3,3,51,NSE_4_C3
8600,020912001,4,NSE_4_C3,3,51,NSE_4_C3
8601,020911905,4,NSE_4_C3,3,51,NSE_4_C3
8602,020841105,4,NSE_4_C3,3,51,NSE_4_C3
8603,020911703,4,NSE_4_C3,3,51,NSE_4_C3
8604,020912312,4,NSE_4_C3,3,51,NSE_4_C3
8605,020912704,4,NSE_4_C3,3,51,NSE_4_C3
8606,020911709,4,NSE_4_C3,3,51,NSE_4_C3
8607,020912707,4,NSE_4_C3,3,51,NSE_4_C3
8608,020911901,4,NSE_4_C3,3,51,NSE_4_C3
8609,020912502,4,NSE_4_C3,3,51,NSE_4_C3
8610,020912301,4,NSE_4_C3,3,51,NSE_4_C3
8611,020911713,4,NSE_4_C3,3,51,NSE_4_C3
8612,020912401,4,NSE_4_C3,3,51,NSE_4_C3
8613,020911608,4,NSE_4_C3,3,51,NSE_4_C3
8614,020841110,4,NSE_4_C3,3,51,NSE_4_C3
8615,020841112,4,NSE_4_C3,3,51,NSE_4_C3
8616,020911806,4,NSE_4_C3,3,51,NSE_4_C3
8617,020911908,4,NSE_4_C3,3,51,NSE_4_C3
8618,020911710,4,NSE_4_C3,3,51,NSE_4_C3
8619,020911505,4,NSE_4_C3,3,51,NSE_4_C3
8620,020912402,4,NSE_4_C3,3,51,NSE_4_C3
8621,020911903,4,NSE_4_C3,3,51,NSE_4_C3
8622,020841111,4,NSE_4_C3,3,51,NSE_4_C3
8623,020912303,4,NSE_4_C3,3,51,NSE_4_C3
8624,020912603,4,NSE_4_C3,3,51,NSE_4_C3
8625,020912710,4,NSE_4_C3,3,51,NSE_4_C3
8626,020912309,4,NSE_4_C3,3,51,NSE_4_C3
8627,020912404,4,NSE_4_C3,3,51,NSE_4_C3
8628,020912409,4,NSE_4_C3,3,51,NSE_4_C3
8629,020911902,4,NSE_4_C3,3,51,NSE_4_C3
8630,020911805,4,NSE_4_C3,3,51,NSE_4_C3
8631,020911702,4,NSE_4_C3,3,51,NSE_4_C3
8632,020911809,4,NSE_4_C3,3,51,NSE_4_C3
8633,020912410,4,NSE_4_C3,3,51,NSE_4_C3
8634,020912708,4,NSE_4_C3,3,51,NSE_4_C3
8635,020911904,4,NSE_4_C3,3,51,NSE_4_C3
8636,020911707,4,NSE_4_C3,3,51,NSE_4_C3
8637,020911912,4,NSE_4_C3,3,51,NSE_4_C3
8638,067560312,4,NSE_4_C4,4,34,NSE_4_C4
8639,068610203,4,NSE_4_C4,4,34,NSE_4_C4
8640,067560504,4,NSE_4_C4,4,34,NSE_4_C4
8641,067560510,4,NSE_4_C4,4,34,NSE_4_C4
8642,067560505,4,NSE_4_C4,4,34,NSE_4_C4
8643,067560210,4,NSE_4_C4,4,34,NSE_4_C4
8644,067560503,4,NSE_4_C4,4,34,NSE_4_C4
8645,067560602,4,NSE_4_C4,4,34,NSE_4_C4
8646,067560508,4,NSE_4_C4,4,34,NSE_4_C4
8647,067560403,4,NSE_4_C4,4,34,NSE_4_C4
8648,067560106,4,NSE_4_C4,4,34,NSE_4_C4
8649,068610101,4,NSE_4_C4,4,34,NSE_4_C4
8650,067560506,4,NSE_4_C4,4,34,NSE_4_C4
8651,068610202,4,NSE_4_C4,4,34,NSE_4_C4
8652,067560501,4,NSE_4_C4,4,34,NSE_4_C4
8653,068610102,4,NSE_4_C4,4,34,NSE_4_C4
8654,068610206,4,NSE_4_C4,4,34,NSE_4_C4
8655,068610207,4,NSE_4_C4,4,34,NSE_4_C4
8656,067560207,4,NSE_4_C4,4,34,NSE_4_C4
8657,067560405,4,NSE_4_C4,4,34,NSE_4_C4
8658,067560402,4,NSE_4_C4,4,34,NSE_4_C4
8659,067560108,4,NSE_4_C4,4,34,NSE_4_C4
8660,067560404,4,NSE_4_C4,4,34,NSE_4_C4
8661,067560612,4,NSE_4_C4,4,34,NSE_4_C4
8662,067560408,4,NSE_4_C4,4,34,NSE_4_C4
8663,068610204,4,NSE_4_C4,4,34,NSE_4_C4
8664,067560509,4,NSE_4_C4,4,34,NSE_4_C4
8665,067560507,4,NSE_4_C4,4,34,NSE_4_C4
8666,067560406,4,NSE_4_C4,4,34,NSE_4_C4
8667,067560502,4,NSE_4_C4,4,34,NSE_4_C4
8668,067560206,4,NSE_4_C4,4,34,NSE_4_C4
8669,067560407,4,NSE_4_C4,4,34,NSE_4_C4
8670,067560107,4,NSE_4_C4,4,34,NSE_4_C4
8671,067560608,4,NSE_4_C4,4,34,NSE_4_C4
8672,068610508,4,NSE_4_C5,5,15,NSE_4_C5
8673,068610809,4,NSE_4_C5,5,15,NSE_4_C5
8674,068610704,4,NSE_4_C5,5,15,NSE_4_C5
8675,068610709,4,NSE_4_C5,5,15,NSE_4_C5
8676,068610601,4,NSE_4_C5,5,15,NSE_4_C5
8677,068610803,4,NSE_4_C5,5,15,NSE_4_C5
8678,068610609,4,NSE_4_C5,5,15,NSE_4_C5
8679,068610810,4,NSE_4_C5,5,15,NSE_4_C5
8680,068610911,4,NSE_4_C5,5,15,NSE_4_C5
8681,068610802,4,NSE_4_C5,5,15,NSE_4_C5
8682,068610604,4,NSE_4_C5,5,15,NSE_4_C5
8683,068610507,4,NSE_4_C5,5,15,NSE_4_C5
8684,068610701,4,NSE_4_C5,5,15,NSE_4_C5
8685,068610603,4,NSE_4_C5,5,15,NSE_4_C5
8686,068610705,4,NSE_4_C5,5,15,NSE_4_C5
8687,020910301,4,NSE_4_C6,6,14,NSE_4_C6
8688,020910204,4,NSE_4_C6,6,14,NSE_4_C6
8689,020910104,4,NSE_4_C6,6,14,NSE_4_C6
8690,020910205,4,NSE_4_C6,6,14,NSE_4_C6
8691,020910108,4,NSE_4_C6,6,14,NSE_4_C6
8692,020910202,4,NSE_4_C6,6,14,NSE_4_C6
8693,020910402,4,NSE_4_C6,6,14,NSE_4_C6
8694,020910406,4,NSE_4_C6,6,14,NSE_4_C6
8695,020910106,4,NSE_4_C6,6,14,NSE_4_C6
8696,020910211,4,NSE_4_C6,6,14,NSE_4_C6
8697,020910206,4,NSE_4_C6,6,14,NSE_4_C6
8698,020910209,4,NSE_4_C6,6,14,NSE_4_C6
8699,020910105,4,NSE_4_C6,6,14,NSE_4_C6
8700,020910107,4,NSE_4_C6,6,14,NSE_4_C6
8701,067561501,4,NSE_4_C7,7,12,Otras componentes
8702,067562104,4,NSE_4_C7,7,12,Otras componentes
8703,067562113,4,NSE_4_C7,7,12,Otras componentes
8704,067562107,4,NSE_4_C7,7,12,Otras componentes
8705,067562106,4,NSE_4_C7,7,12,Otras componentes
8706,067562105,4,NSE_4_C7,7,12,Otras componentes
8707,067562108,4,NSE_4_C7,7,12,Otras componentes
8708,067562103,4,NSE_4_C7,7,12,Otras componentes
8709,067561513,4,NSE_4_C7,7,12,Otras componentes
8710,067562112,4,NSE_4_C7,7,12,Otras componentes
8711,067561511,4,NSE_4_C7,7,12,Otras componentes
8712,067562109,4,NSE_4_C7,7,12,Otras componentes
8713,068610407,4,NSE_4_C8,8,12,Otras componentes
8714,068610410,4,NSE_4_C8,8,12,Otras componentes
8715,068610210,4,NSE_4_C8,8,12,Otras componentes
8716,068610108,4,NSE_4_C8,8,12,Otras componentes
8717,068610211,4,NSE_4_C8,8,12,Otras componentes
8718,068610408,4,NSE_4_C8,8,12,Otras componentes
8719,068610109,4,NSE_4_C8,8,12,Otras componentes
8720,068610405,4,NSE_4_C8,8,12,Otras componentes
8721,068610209,4,NSE_4_C8,8,12,Otras componentes
8722,068610302,4,NSE_4_C8,8,12,Otras componentes
8723,068610406,4,NSE_4_C8,8,12,Otras componentes
8724,068610411,4,NSE_4_C8,8,12,Otras componentes
8725,020071311,4,NSE_4_C9,9,11,Otras componentes
8726,020071301,4,NSE_4_C9,9,11,Otras componentes
8727,020071308,4,NSE_4_C9,9,11,Otras componentes
8728,020071307,4,NSE_4_C9,9,11,Otras componentes
8729,020071313,4,NSE_4_C9,9,11,Otras componentes
8730,020071310,4,NSE_4_C9,9,11,Otras componentes
8731,020070913,4,NSE_4_C9,9,11,Otras componentes
8732,020071309,4,NSE_4_C9,9,11,Otras componentes
8733,020071302,4,NSE_4_C9,9,11,Otras componentes
8734,020071306,4,NSE_4_C9,9,11,Otras componentes
8735,020071304,4,NSE_4_C9,9,11,Otras componentes
8736,020982313,4,NSE_4_C10,10,9,Otras componentes
8737,020982508,4,NSE_4_C10,10,9,Otras componentes
8738,020982304,4,NSE_4_C10,10,9,Otras componentes
8739,020982301,4,NSE_4_C10,10,9,Otras componentes
8740,020982409,4,NSE_4_C10,10,9,Otras componentes
8741,020982305,4,NSE_4_C10,10,9,Otras componentes
8742,020982303,4,NSE_4_C10,10,9,Otras componentes
8743,020982406,4,NSE_4_C10,10,9,Otras componentes
8744,020982401,4,NSE_4_C10,10,9,Otras componentes
8745,067561603,4,NSE_4_C11,11,8,Otras componentes
8746,067563306,4,NSE_4_C11,11,8,Otras componentes
8747,067563307,4,NSE_4_C11,11,8,Otras componentes
8748,067563302,4,NSE_4_C11,11,8,Otras componentes
8749,067563304,4,NSE_4_C11,11,8,Otras componentes
8750,067563305,4,NSE_4_C11,11,8,Otras componentes
8751,067561605,4,NSE_4_C11,11,8,Otras componentes
8752,067563301,4,NSE_4_C11,11,8,Otras componentes
8753,020981210,4,NSE_4_C12,12,6,Otras componentes
8754,020981404,4,NSE_4_C12,12,6,Otras componentes
8755,020981502,4,NSE_4_C12,12,6,Otras componentes
8756,020981501,4,NSE_4_C12,12,6,Otras componentes
8757,020981506,4,NSE_4_C12,12,6,Otras componentes
8758,020981403,4,NSE_4_C12,12,6,Otras componentes
8759,020910709,4,NSE_4_C13,13,5,Otras componentes
8760,020840711,4,NSE_4_C13,13,5,Otras componentes
8761,020910708,4,NSE_4_C13,13,5,Otras componentes
8762,020840709,4,NSE_4_C13,13,5,Otras componentes
8763,020840712,4,NSE_4_C13,13,5,Otras componentes
8764,020982705,4,NSE_4_C14,14,4,Otras componentes
8765,020982706,4,NSE_4_C14,14,4,Otras componentes
8766,020982707,4,NSE_4_C14,14,4,Otras componentes
8767,020982702,4,NSE_4_C14,14,4,Otras componentes
8768,068611309,4,NSE_4_C15,15,4,Otras componentes
8769,068611209,4,NSE_4_C15,15,4,Otras componentes
8770,068611202,4,NSE_4_C15,15,4,Otras componentes
8771,068611308,4,NSE_4_C15,15,4,Otras componentes
8772,020982503,4,NSE_4_C16,16,4,Otras componentes
8773,020982505,4,NSE_4_C16,16,4,Otras componentes
8774,020981411,4,NSE_4_C16,16,4,Otras componentes
8775,020982504,4,NSE_4_C16,16,4,Otras componentes
8776,020142205,4,NSE_4_C17,17,3,Otras componentes
8777,020141402,4,NSE_4_C17,17,3,Otras componentes
8778,020141407,4,NSE_4_C17,17,3,Otras componentes
8779,020420908,4,NSE_4_C18,18,3,Otras componentes
8780,020420904,4,NSE_4_C18,18,3,Otras componentes
8781,020421804,4,NSE_4_C18,18,3,Otras componentes
8782,020981903,4,NSE_4_C19,19,3,Otras componentes
8783,020982001,4,NSE_4_C19,19,3,Otras componentes
8784,020981409,4,NSE_4_C19,19,3,Otras componentes
8785,020980410,4,NSE_4_C20,20,2,Otras componentes
8786,020980606,4,NSE_4_C20,20,2,Otras componentes
8787,020840512,4,NSE_4_C21,21,2,Otras componentes
8788,020840503,4,NSE_4_C21,21,2,Otras componentes
8789,067560102,4,NSE_4_C22,22,2,Otras componentes
8790,067560103,4,NSE_4_C22,22,2,Otras componentes
8791,067563004,4,NSE_4_C23,23,2,Otras componentes
8792,067563009,4,NSE_4_C23,23,2,Otras componentes
8793,020421506,4,NSE_4_C24,24,2,Otras componentes
8794,020421504,4,NSE_4_C24,24,2,Otras componentes
8795,068610402,4,NSE_4_C25,25,2,Otras componentes
8796,068610413,4,NSE_4_C25,25,2,Otras componentes
8797,020421412,4,NSE_4_C26,26,2,Otras componentes
8798,020421510,4,NSE_4_C26,26,2,Otras componentes
8799,068611601,4,NSE_4_C27,27,2,Otras componentes
8800,068611602,4,NSE_4_C27,27,2,Otras componentes
8801,020140909,4,NSE_4_C28,28,2,Otras componentes
8802,020141501,4,NSE_4_C28,28,2,Otras componentes
8803,020141503,4,NSE_4_C29,29,2,Otras componentes
8804,020141508,4,NSE_4_C29,29,2,Otras componentes
8805,020841209,4,NSE_4_C30,30,1,Otras componentes
8806,020421604,4,NSE_4_C31,31,1,Otras componentes
8807,020210112,4,NSE_4_C32,32,1,Otras componentes
8808,020071315,4,NSE_4_C33,33,1,Otras componentes
8809,020981312,4,NSE_4_C34,34,1,Otras componentes
8810,020910511,4,NSE_4_C35,35,1,Otras componentes
8811,020421806,4,NSE_4_C36,36,1,Otras componentes
8812,067561509,4,NSE_4_C37,37,1,Otras componentes
8813,020980304,4,NSE_4_C38,38,1,Otras componentes
8814,068610504,4,NSE_4_C39,39,1,Otras componentes
8815,020350702,4,NSE_4_C40,40,1,Otras componentes
8816,020912607,4,NSE_4_C41,41,1,Otras componentes
8817,020840812,4,NSE_4_C42,42,1,Otras componentes
8818,020910604,4,NSE_4_C43,43,1,Otras componentes
8819,020140802,4,NSE_4_C44,44,1,Otras componentes
8820,068611608,4,NSE_4_C45,45,1,Otras componentes
8821,021050403,4,NSE_4_C46,46,1,Otras componentes
8822,020070811,4,NSE_4_C47,47,1,Otras componentes
8823,068613403,4,NSE_4_C48,48,1,Otras componentes
8824,020142508,4,NSE_4_C49,49,1,Otras componentes
8825,020910509,4,NSE_4_C50,50,1,Otras componentes
8826,020911003,4,NSE_4_C51,51,1,Otras componentes
8827,067561207,4,NSE_4_C52,52,1,Otras componentes
8828,020421406,4,NSE_4_C53,53,1,Otras componentes
8829,020841615,4,NSE_4_C54,54,1,Otras componentes
8830,020141506,4,NSE_4_C55,55,1,Otras componentes
8831,020981406,4,NSE_4_C56,56,1,Otras componentes
8832,021051407,4,NSE_4_C57,57,1,Otras componentes
8833,020141807,4,NSE_4_C58,58,1,Otras componentes
8834,067561012,4,NSE_4_C59,59,1,Otras componentes
8835,020982108,4,NSE_4_C60,60,1,Otras componentes
8836,067561504,4,NSE_4_C61,61,1,Otras componentes
8837,020840501,4,NSE_4_C62,62,1,Otras componentes
8838,020770303,4,NSE_4_C63,63,1,Otras componentes
8839,020141903,4,NSE_4_C64,64,1,Otras componentes
8840,067563104,4,NSE_4_C65,65,1,Otras componentes
8841,020140903,4,NSE_4_C66,66,1,Otras componentes
8842,020982105,4,NSE_4_C67,67,1,Otras componentes
8843,020141409,4,NSE_4_C68,68,1,Otras componentes
8844,020841408,4,NSE_4_C69,69,1,Otras componentes
8845,020141008,4,NSE_4_C70,70,1,Otras componentes
8846,068610811,4,NSE_4_C71,71,1,Otras componentes
