codigo,area_nombre,POB_TOT_P,VIV_TOT_P,grado,componente
060350203,Avellaneda,1181,331,5,0
060350101,Avellaneda,1584,501,6,0
060350201,Avellaneda,2228,689,11,0
060350202,Avellaneda,957,272,7,0
060350301,Avellaneda,1173,396,5,0
060350314,Avellaneda,792,296,8,0
060353603,Avellaneda,952,364,6,0
060353604,Avellaneda,640,288,3,0
060353605,Avellaneda,649,291,5,0
060353601,Avellaneda,1358,473,7,0
060353602,Avellaneda,1006,328,5,0
060353606,Avellaneda,921,371,5,0
060353607,Avellaneda,603,234,5,0
060350407,Avellaneda,807,284,4,0
060350406,Avellaneda,1118,314,4,0
060350403,Avellaneda,1615,501,6,0
060350402,Avellaneda,755,292,3,0
060350401,Avellaneda,1766,584,8,0
060350508,Avellaneda,1574,467,5,0
060350507,Avellaneda,1463,393,4,0
060350506,Avellaneda,1341,435,5,0
060350505,Avellaneda,1698,525,5,0
060350404,Avellaneda,1132,402,10,0
060352101,Avellaneda,556,239,4,0
060353709,Avellaneda,769,323,5,0
060351903,Avellaneda,580,307,5,0
060352111,Avellaneda,596,255,10,0
060350405,Avellaneda,1182,376,5,0
060350409,Avellaneda,1030,405,6,0
060350408,Avellaneda,1084,405,4,0
060353608,Avellaneda,769,295,5,0
060352102,Avellaneda,999,449,5,0
060352105,Avellaneda,327,261,3,0
060352106,Avellaneda,640,357,5,0
060352003,Avellaneda,636,398,5,0
060352013,Avellaneda,591,325,6,0
060352002,Avellaneda,867,444,5,0
060352001,Avellaneda,431,253,5,0
060352012,Avellaneda,692,323,5,0
060352104,Avellaneda,552,277,6,0
060352103,Avellaneda,593,300,4,0
060351904,Avellaneda,735,400,5,0
060351912,Avellaneda,432,232,4,0
060351902,Avellaneda,1102,408,6,0
060351906,Avellaneda,925,354,6,0
060351905,Avellaneda,966,468,5,0
060352005,Avellaneda,942,387,6,0
060352006,Avellaneda,909,396,5,0
060352007,Avellaneda,1062,438,6,0
060352008,Avellaneda,1116,423,7,0
060354007,Avellaneda,1040,451,5,0
060354001,Avellaneda,1211,477,5,0
060352004,Avellaneda,662,311,4,0
060352301,Avellaneda,836,391,8,0
060352303,Avellaneda,585,298,5,0
060352304,Avellaneda,783,304,4,0
060354002,Avellaneda,818,259,6,0
060352309,Avellaneda,608,249,4,0
060352308,Avellaneda,668,284,3,0
060352307,Avellaneda,546,297,4,0
060352306,Avellaneda,613,313,4,0
060352302,Avellaneda,548,304,4,0
060352305,Avellaneda,958,524,7,0
060352110,Avellaneda,587,307,6,0
060352112,Avellaneda,424,230,3,0
060352107,Avellaneda,642,265,5,0
060352109,Avellaneda,667,283,4,0
060352108,Avellaneda,607,367,5,0
060352206,Avellaneda,740,371,7,0
060352207,Avellaneda,714,487,5,0
060352214,Avellaneda,466,227,5,0
060352209,Avellaneda,473,315,5,0
060352208,Avellaneda,568,388,4,0
060352205,Avellaneda,552,326,6,0
060352204,Avellaneda,453,280,3,0
060352202,Avellaneda,620,319,5,0
060352203,Avellaneda,660,425,5,0
060352210,Avellaneda,759,390,4,0
060352211,Avellaneda,640,297,3,0
060352212,Avellaneda,555,313,4,0
060350311,Avellaneda,1057,397,5,0
060352201,Avellaneda,1104,333,3,0
060352213,Avellaneda,1129,497,3,0
060350315,Avellaneda,821,346,8,0
060350313,Avellaneda,1253,545,5,0
060350312,Avellaneda,715,316,6,0
060350303,Avellaneda,1989,716,6,0
060350302,Avellaneda,1087,372,5,0
060350306,Avellaneda,803,384,4,0
060350204,Avellaneda,2207,600,4,0
060350305,Avellaneda,662,301,6,0
060350304,Avellaneda,719,348,5,0
060350309,Avellaneda,401,184,3,0
060350310,Avellaneda,427,189,5,0
060350307,Avellaneda,651,305,6,0
060350308,Avellaneda,666,312,4,0
060350205,Avellaneda,1718,498,6,0
060354003,Avellaneda,921,277,4,0
060354004,Avellaneda,491,155,4,0
060354005,Avellaneda,1786,553,4,0
060352403,Avellaneda,1279,442,4,0
060352402,Avellaneda,818,335,4,0
060354006,Avellaneda,1043,379,5,0
060352401,Avellaneda,964,395,4,0
060352405,Avellaneda,772,286,6,0
060352407,Avellaneda,835,313,5,0
060352404,Avellaneda,929,343,5,0
060352408,Avellaneda,1080,363,4,0
060352409,Avellaneda,1233,423,4,0
065681908,Morón,1203,492,3,0
065682710,Morón,1025,365,3,0
065682709,Morón,990,386,3,0
065682711,Morón,1055,374,4,0
065682811,Morón,693,254,5,0
065682812,Morón,916,279,6,0
065682803,Morón,793,289,5,0
065682804,Morón,879,301,4,0
065682802,Morón,1263,442,4,0
065682801,Morón,803,259,3,0
065682914,Morón,1095,340,5,0
064277424,La Matanza,1250,334,3,0
064277416,La Matanza,2040,516,4,0
064277423,La Matanza,1851,488,4,0
064277417,La Matanza,2781,709,7,0
064277418,La Matanza,745,215,2,0
064277419,La Matanza,816,234,6,0
064277401,La Matanza,1500,382,5,0
065682910,Morón,1012,307,7,0
065682908,Morón,1118,349,9,0
065682911,Morón,1946,563,6,0
065682912,Morón,1186,356,3,0
065682913,Morón,1074,315,4,0
065682906,Morón,945,325,4,0
065682907,Morón,994,321,4,0
065682905,Morón,846,283,6,0
065682902,Morón,978,368,5,0
065682901,Morón,1052,351,4,0
065683011,Morón,1377,465,6,0
065683010,Morón,1452,456,3,0
065683002,Morón,1398,483,6,0
065683001,Morón,1184,391,3,0
065682701,Morón,798,314,30,0
065682703,Morón,1188,357,6,0
065682702,Morón,1507,446,3,0
065682810,Morón,1562,462,4,0
065682809,Morón,1748,522,5,0
065682808,Morón,1103,348,5,0
065682805,Morón,1654,521,5,0
065682806,Morón,1492,465,5,0
065682807,Morón,920,309,6,0
065682704,Morón,1192,374,5,0
065682705,Morón,978,327,6,0
065682706,Morón,1127,359,4,0
065682707,Morón,1168,399,5,0
065682708,Morón,947,342,8,0
065682712,Morón,896,311,3,0
065681911,Morón,1432,498,5,0
065681910,Morón,547,244,5,0
065681909,Morón,1205,466,7,0
065681907,Morón,1069,436,3,0
065681906,Morón,1257,504,7,0
065683602,Morón,887,366,3,0
065683601,Morón,911,368,4,0
065681802,Morón,645,295,4,0
065683604,Morón,946,402,5,0
065683603,Morón,910,405,7,0
065681803,Morón,940,428,6,0
065683605,Morón,624,275,5,0
065681901,Morón,727,340,7,0
065681902,Morón,1006,431,7,0
065681905,Morón,810,310,5,0
065681904,Morón,768,290,4,0
065681903,Morón,1051,451,5,0
065683706,Morón,741,293,4,0
065683705,Morón,718,321,7,0
065683702,Morón,720,433,5,0
065683701,Morón,827,445,5,0
065683607,Morón,534,344,5,0
065683606,Morón,389,261,4,0
065681804,Morón,429,337,5,0
065681805,Morón,386,367,5,0
065681806,Morón,248,164,5,0
065681710,Morón,792,374,6,0
065683609,Morón,263,199,4,0
065683608,Morón,341,273,5,0
065682002,Morón,346,258,5,0
065682001,Morón,572,362,9,0
065681808,Morón,321,321,5,0
065681807,Morón,247,164,4,0
065681809,Morón,696,461,5,0
065681711,Morón,817,361,5,0
065682003,Morón,566,354,5,0
065682004,Morón,990,426,5,0
065683704,Morón,721,383,6,0
065683703,Morón,707,432,3,0
065683707,Morón,1013,426,5,0
065683708,Morón,575,264,5,0
065683101,Morón,1268,413,4,0
065683105,Morón,645,220,6,0
065683104,Morón,753,337,7,0
065683106,Morón,769,251,4,0
065683107,Morón,1114,369,6,0
065682611,Morón,1025,418,5,0
065682508,Morón,1407,476,6,0
065682612,Morón,1245,538,7,0
065682609,Morón,714,259,5,0
065682608,Morón,606,269,6,0
065682605,Morón,579,260,4,0
065682607,Morón,1280,464,4,0
065683709,Morón,678,278,4,0
065682006,Morón,980,376,6,0
065682005,Morón,1166,473,6,0
065681712,Morón,779,340,6,0
065682007,Morón,1057,459,7,0
065683903,Morón,805,514,6,0
065683902,Morón,517,420,3,0
065683901,Morón,342,253,4,0
065681510,Morón,729,369,4,0
065682101,Morón,528,253,7,0
065682102,Morón,439,277,3,0
065683802,Morón,383,298,5,0
065683801,Morón,395,316,7,0
065683907,Morón,433,368,4,0
065683908,Morón,546,373,4,0
065683906,Morón,980,495,10,0
065683904,Morón,657,284,4,0
065683905,Morón,518,206,4,0
065682606,Morón,673,279,8,0
065682601,Morón,693,339,6,0
065682305,Morón,655,339,4,0
065682304,Morón,830,451,7,0
065682306,Morón,990,459,6,0
065682210,Morón,525,356,4,0
065682211,Morón,497,313,5,0
065683913,Morón,334,278,4,0
065683912,Morón,336,294,5,0
065683910,Morón,396,271,5,0
065683911,Morón,375,207,4,0
065683909,Morón,362,282,5,0
065683804,Morón,550,498,5,0
065682104,Morón,278,189,3,0
065682105,Morón,363,284,5,0
065682103,Morón,559,463,7,0
065682106,Morón,498,450,7,0
065683803,Morón,290,344,4,0
065682107,Morón,464,326,6,0
065683806,Morón,107,139,4,0
065683805,Morón,406,346,4,0
065683914,Morón,416,346,4,0
065682206,Morón,582,429,4,0
065682204,Morón,397,332,5,0
065682203,Morón,626,460,4,0
065683807,Morón,320,318,6,0
065683808,Morón,465,355,6,0
065682202,Morón,534,353,5,0
065682302,Morón,635,290,8,0
065682213,Morón,381,237,5,0
065682207,Morón,484,254,4,0
065682208,Morón,476,337,5,0
065682205,Morón,472,325,7,0
065682209,Morón,860,438,5,0
065682212,Morón,412,303,4,0
065682312,Morón,505,327,5,0
065682303,Morón,627,344,5,0
065682309,Morón,905,384,7,0
065682311,Morón,768,315,5,0
065682502,Morón,926,368,7,0
065682501,Morón,545,213,5,0
065682505,Morón,497,174,7,0
065682307,Morón,1037,422,4,0
065682602,Morón,998,426,8,0
065682604,Morón,601,270,6,0
065682610,Morón,1233,452,5,0
065682603,Morón,867,320,5,0
065682507,Morón,853,279,6,0
065682506,Morón,718,259,4,0
065684101,Morón,787,286,5,0
065684005,Morón,1327,474,6,0
065684006,Morón,786,255,4,0
065684004,Morón,1161,358,4,0
065684007,Morón,653,227,5,0
065682504,Morón,813,279,5,0
065682503,Morón,561,197,5,0
065684002,Morón,1182,389,8,0
064275808,La Matanza,1776,568,7,0
065684003,Morón,1216,386,6,0
064275809,La Matanza,883,295,5,0
064275810,La Matanza,1247,395,5,0
064275901,La Matanza,1675,532,8,0
064275812,La Matanza,987,301,4,0
064275811,La Matanza,923,271,5,0
064275902,La Matanza,860,268,5,0
064275903,La Matanza,1556,361,5,0
064275712,La Matanza,825,259,4,0
064275914,La Matanza,1394,364,5,0
064275912,La Matanza,1336,354,5,0
064275904,La Matanza,849,216,5,0
064275905,La Matanza,1029,272,6,0
064275915,La Matanza,1377,359,6,0
064275911,La Matanza,1106,363,6,0
064275910,La Matanza,1077,330,7,0
064275908,La Matanza,1586,393,6,0
064275907,La Matanza,954,293,6,0
064275906,La Matanza,1061,324,5,0
065684102,Morón,1012,288,7,0
065684103,Morón,1195,385,5,0
065684104,Morón,1180,378,6,0
065684106,Morón,1408,433,7,0
065683005,Morón,928,292,5,0
065683004,Morón,812,256,5,0
065684105,Morón,1258,445,6,0
065684107,Morón,1284,436,6,0
065683103,Morón,527,200,5,0
065683102,Morón,1127,358,6,0
065683003,Morón,684,223,5,0
065683009,Morón,1058,366,6,0
065683012,Morón,825,253,4,0
065683013,Morón,844,282,5,0
065683007,Morón,720,225,4,0
065683008,Morón,1316,432,5,0
065682903,Morón,988,336,7,0
065682904,Morón,1029,313,5,0
065683014,Morón,682,263,5,0
064276002,La Matanza,913,302,6,0
064276001,La Matanza,1400,438,4,0
065683006,Morón,905,306,8,0
064275909,La Matanza,994,306,5,0
064276006,La Matanza,838,276,5,0
064276005,La Matanza,1362,450,8,0
064276016,La Matanza,781,291,5,0
064276017,La Matanza,1093,372,5,0
064276018,La Matanza,1126,346,6,0
064276004,La Matanza,780,270,6,0
064276003,La Matanza,891,275,5,0
065682909,Morón,1091,330,5,0
064277402,La Matanza,1203,315,4,0
064277403,La Matanza,2252,556,5,0
064277420,La Matanza,2376,617,7,0
064277404,La Matanza,1276,372,5,0
064277421,La Matanza,795,222,5,0
064277415,La Matanza,1679,462,6,0
064277414,La Matanza,722,195,4,0
064277412,La Matanza,2359,621,6,0
064277413,La Matanza,1357,375,5,0
064277408,La Matanza,3282,809,5,0
064277405,La Matanza,1527,524,7,0
064276020,La Matanza,938,308,5,0
064277406,La Matanza,542,165,5,0
064277407,La Matanza,1804,519,7,0
064277303,La Matanza,1153,367,6,0
064277317,La Matanza,940,261,6,0
064277422,La Matanza,1066,311,8,0
064276012,La Matanza,912,280,7,0
064276013,La Matanza,898,270,4,0
064276015,La Matanza,1030,341,5,0
064276014,La Matanza,726,279,5,0
064276019,La Matanza,862,280,5,0
064276007,La Matanza,1498,499,4,0
064275913,La Matanza,1569,401,7,0
064276008,La Matanza,1750,499,6,0
064276011,La Matanza,1264,386,5,0
064275714,La Matanza,1012,299,7,0
064275713,La Matanza,821,274,4,0
064275717,La Matanza,718,221,5,0
064276009,La Matanza,1433,402,5,0
064276010,La Matanza,1216,373,6,0
064276114,La Matanza,900,262,4,0
064277301,La Matanza,1586,484,6,0
064277302,La Matanza,1292,369,5,0
064277117,La Matanza,620,191,6,0
064277101,La Matanza,975,298,5,0
064277306,La Matanza,1484,469,5,0
064277318,La Matanza,945,272,6,0
064277308,La Matanza,1329,376,5,0
064277309,La Matanza,778,231,5,0
064277305,La Matanza,1561,451,6,0
064277304,La Matanza,1652,477,6,0
064277320,La Matanza,2669,692,7,0
064277319,La Matanza,1667,418,4,0
064277322,La Matanza,1800,483,14,0
064277118,La Matanza,1015,303,5,0
064277212,La Matanza,854,245,4,0
064277209,La Matanza,1365,398,5,0
064277214,La Matanza,894,254,4,0
064277215,La Matanza,495,166,4,0
064277601,La Matanza,1931,469,6,0
064277602,La Matanza,864,243,5,0
064277603,La Matanza,1226,350,4,0
064277621,La Matanza,1350,401,4,0
064277604,La Matanza,2281,637,4,0
064277623,La Matanza,676,192,4,0
064277608,La Matanza,1083,325,5,0
064277624,La Matanza,1581,422,5,0
064277620,La Matanza,1023,298,7,0
064277609,La Matanza,1223,361,7,0
064277625,La Matanza,1146,346,6,0
064277616,La Matanza,1354,428,5,0
064277617,La Matanza,1417,389,6,0
064277610,La Matanza,1391,392,5,0
064277519,La Matanza,1368,382,5,0
064277619,La Matanza,840,238,5,0
064277503,La Matanza,1339,372,5,0
064277502,La Matanza,1271,325,5,0
064277518,La Matanza,955,291,7,0
064277517,La Matanza,685,215,5,0
064277506,La Matanza,2092,547,7,0
064277521,La Matanza,969,290,5,0
064277504,La Matanza,2024,518,6,0
064277520,La Matanza,1157,330,7,0
064277515,La Matanza,1346,399,6,0
064277618,La Matanza,1172,357,4,0
064277516,La Matanza,1492,472,4,0
064277514,La Matanza,1225,341,5,0
064277513,La Matanza,1460,416,5,0
064277512,La Matanza,751,235,4,0
064277532,La Matanza,1704,409,3,0
064277531,La Matanza,1880,453,4,0
064277530,La Matanza,1925,458,4,0
064277510,La Matanza,1513,412,5,0
064277511,La Matanza,752,215,5,0
064277505,La Matanza,1608,411,5,0
064277526,La Matanza,1057,339,6,0
064277522,La Matanza,1530,530,5,0
064277525,La Matanza,1424,420,6,0
064277524,La Matanza,2973,754,5,0
064277523,La Matanza,1644,531,6,0
064277321,La Matanza,2633,716,6,0
064277316,La Matanza,4299,1028,4,0
064277313,La Matanza,3660,961,6,0
064277310,La Matanza,4700,1187,6,0
064277311,La Matanza,2094,495,5,0
064277312,La Matanza,2395,610,5,0
064277409,La Matanza,2490,650,7,0
064277314,La Matanza,3338,780,5,0
064277315,La Matanza,3211,783,4,0
064277501,La Matanza,669,265,6,0
064277410,La Matanza,776,226,5,0
064277411,La Matanza,1216,341,4,0
064277507,La Matanza,1185,393,6,0
064277508,La Matanza,1817,505,4,0
064277529,La Matanza,1504,388,4,0
064277528,La Matanza,1341,350,3,0
064277527,La Matanza,1814,456,6,0
064277509,La Matanza,1971,512,6,0
064277615,La Matanza,1559,419,3,0
064277614,La Matanza,1380,406,3,0
064277627,La Matanza,641,217,4,0
064277613,La Matanza,906,294,4,0
064277611,La Matanza,1342,406,6,0
064277626,La Matanza,833,277,4,0
064277612,La Matanza,952,268,6,0
064277814,La Matanza,987,269,4,0
064277812,La Matanza,1959,360,3,0
064277715,La Matanza,975,295,3,0
064277716,La Matanza,1150,345,4,0
064277713,La Matanza,1321,423,7,0
064277712,La Matanza,1330,345,5,0
064277721,La Matanza,916,281,4,0
064277711,La Matanza,1543,413,6,0
064277706,La Matanza,1295,370,8,0
064277719,La Matanza,1270,366,4,0
064277710,La Matanza,919,267,5,0
064277709,La Matanza,1309,380,6,0
064277720,La Matanza,1212,362,4,0
064277714,La Matanza,1161,367,7,0
064277806,La Matanza,3431,890,7,0
064277813,La Matanza,1550,431,3,0
064277807,La Matanza,1572,398,7,0
064277805,La Matanza,4566,1089,4,0
064277804,La Matanza,1433,380,5,0
064277801,La Matanza,2647,554,5,0
064277908,La Matanza,1060,339,5,0
064277708,La Matanza,1158,405,6,0
064277707,La Matanza,1793,522,5,0
064277705,La Matanza,1099,322,5,0
064277702,La Matanza,1288,393,6,0
064277703,La Matanza,1957,592,7,0
064276908,La Matanza,936,289,5,0
064277718,La Matanza,1361,398,7,0
064277704,La Matanza,1066,327,4,0
064276919,La Matanza,699,209,5,0
064276909,La Matanza,615,212,5,0
064276806,La Matanza,772,291,6,0
064277907,La Matanza,1037,300,6,0
064277802,La Matanza,1608,401,6,0
064277909,La Matanza,1048,325,6,0
064277906,La Matanza,1219,399,6,0
064277913,La Matanza,1028,310,6,0
064277911,La Matanza,840,244,5,0
064278008,La Matanza,901,276,5,0
064278019,La Matanza,1022,278,5,0
064278009,La Matanza,1743,459,6,0
064277809,La Matanza,2213,462,5,0
064277803,La Matanza,3050,639,7,0
064277808,La Matanza,1214,334,6,0
064277811,La Matanza,2258,545,3,0
064277810,La Matanza,3644,760,5,0
064278015,La Matanza,1679,403,3,0
064278014,La Matanza,2034,500,5,0
064278016,La Matanza,1540,398,4,0
064278013,La Matanza,1021,239,5,0
064278010,La Matanza,872,212,5,0
064278012,La Matanza,1982,560,6,0
064278018,La Matanza,1356,352,5,0
064278011,La Matanza,765,215,4,0
064278007,La Matanza,1777,446,4,0
064277910,La Matanza,1868,554,7,0
064278004,La Matanza,1362,416,5,0
064278005,La Matanza,2080,551,6,0
064278006,La Matanza,1215,325,4,0
064277912,La Matanza,1064,309,5,0
064278001,La Matanza,1617,457,6,0
064278003,La Matanza,2290,619,6,0
064276722,La Matanza,1139,337,4,0
064276714,La Matanza,1250,358,6,0
064276715,La Matanza,858,248,6,0
064278017,La Matanza,1491,329,5,0
064278002,La Matanza,1363,370,4,0
064276716,La Matanza,1061,292,5,0
064276717,La Matanza,1592,471,7,0
064276712,La Matanza,1416,450,8,0
064276713,La Matanza,1322,365,4,0
064276705,La Matanza,1257,342,5,0
064276721,La Matanza,745,229,3,0
064276703,La Matanza,1994,516,5,0
064276720,La Matanza,1057,345,5,0
064276719,La Matanza,1122,360,3,0
064276707,La Matanza,1140,343,9,0
064276706,La Matanza,1311,385,7,0
064276710,La Matanza,633,212,5,0
064276708,La Matanza,928,260,8,0
064276709,La Matanza,729,249,4,0
064276608,La Matanza,1527,486,5,0
064276802,La Matanza,1271,443,5,0
064276803,La Matanza,576,208,5,0
064276711,La Matanza,976,303,6,0
064276810,La Matanza,817,286,4,0
064277904,La Matanza,1230,364,5,0
064276718,La Matanza,1248,373,6,0
064277903,La Matanza,1100,345,6,0
064276809,La Matanza,955,340,6,0
064276808,La Matanza,1091,364,5,0
064277902,La Matanza,1058,314,7,0
064277905,La Matanza,1008,294,6,0
064277901,La Matanza,854,225,6,0
064276805,La Matanza,784,292,6,0
064276811,La Matanza,280,149,6,0
064276807,La Matanza,1091,381,9,0
064276804,La Matanza,736,271,5,0
064276912,La Matanza,1087,304,6,0
064276801,La Matanza,755,241,6,0
064276916,La Matanza,901,251,5,0
064276917,La Matanza,1687,493,6,0
064276915,La Matanza,1480,428,4,0
064277012,La Matanza,1727,463,5,0
064277011,La Matanza,1010,314,5,0
064277008,La Matanza,1280,390,7,0
064277010,La Matanza,1079,332,5,0
064277013,La Matanza,1268,373,4,0
064277015,La Matanza,979,284,5,0
064277016,La Matanza,1212,352,5,0
064277009,La Matanza,1010,302,6,0
064276417,La Matanza,829,330,4,0
064276517,La Matanza,1801,531,5,0
064277018,La Matanza,1062,314,5,0
064277017,La Matanza,1168,320,5,0
064276605,La Matanza,817,252,5,0
064277014,La Matanza,1453,440,6,0
064276612,La Matanza,1161,370,5,0
064276606,La Matanza,1099,352,6,0
064276607,La Matanza,932,298,6,0
064276604,La Matanza,1333,411,8,0
064276609,La Matanza,1150,333,6,0
064276601,La Matanza,950,283,7,0
064276602,La Matanza,969,260,4,0
064276603,La Matanza,1683,489,6,0
064276610,La Matanza,1302,390,5,0
064276611,La Matanza,1362,398,5,0
064276701,La Matanza,727,212,6,0
064276519,La Matanza,1735,428,7,0
064276513,La Matanza,1190,327,5,0
064276510,La Matanza,615,167,6,0
064276506,La Matanza,1229,343,4,0
064276505,La Matanza,865,275,5,0
064276514,La Matanza,1144,342,6,0
064276512,La Matanza,1072,313,4,0
064276518,La Matanza,1208,328,6,0
064276511,La Matanza,904,263,5,0
064276516,La Matanza,1594,489,4,0
064276415,La Matanza,893,295,5,0
064276406,La Matanza,1296,374,4,0
064276405,La Matanza,1239,363,4,0
064276407,La Matanza,1461,391,5,0
064276404,La Matanza,1139,324,4,0
064276503,La Matanza,1894,557,4,0
064276515,La Matanza,2831,768,5,0
064276502,La Matanza,1076,323,5,0
064276504,La Matanza,1597,457,9,0
064276501,La Matanza,1047,290,5,0
064275309,La Matanza,810,246,4,0
064276403,La Matanza,1283,383,8,0
064275408,La Matanza,2699,841,5,0
064275308,La Matanza,1874,580,8,0
064275406,La Matanza,950,285,5,0
064275404,La Matanza,1769,502,5,0
064275402,La Matanza,1555,441,6,0
064275407,La Matanza,1281,399,6,0
064275411,La Matanza,1928,584,4,0
064275410,La Matanza,1281,400,4,0
064275409,La Matanza,1646,523,8,0
064276402,La Matanza,1122,332,4,0
064275413,La Matanza,1294,388,4,0
064276401,La Matanza,1001,286,5,0
064275412,La Matanza,2847,856,8,0
064276303,La Matanza,1391,418,5,0
064276304,La Matanza,1270,371,5,0
064276409,La Matanza,1827,591,8,0
064276305,La Matanza,1450,408,4,0
064276408,La Matanza,1114,326,6,0
064276416,La Matanza,1186,379,6,0
064276414,La Matanza,870,283,6,0
064276413,La Matanza,974,293,5,0
064276411,La Matanza,905,297,5,0
064276312,La Matanza,1178,327,6,0
064276410,La Matanza,1752,522,5,0
064276412,La Matanza,1109,335,6,0
064277005,La Matanza,1907,550,6,0
064276314,La Matanza,866,267,4,0
064276306,La Matanza,1760,534,8,0
064276307,La Matanza,1245,383,7,0
064276302,La Matanza,1331,417,4,0
064276308,La Matanza,1207,397,4,0
064276313,La Matanza,1257,460,6,0
064276310,La Matanza,1404,400,7,0
064276309,La Matanza,1896,530,5,0
064276209,La Matanza,922,344,5,0
064276210,La Matanza,1153,420,7,0
064276214,La Matanza,757,258,5,0
064276216,La Matanza,1417,521,6,0
064277001,La Matanza,1171,395,3,0
064277002,La Matanza,1471,457,8,0
064277003,La Matanza,1136,335,4,0
064276315,La Matanza,1546,476,6,0
064276311,La Matanza,1785,516,5,0
064277004,La Matanza,1944,573,6,0
064277007,La Matanza,1369,504,4,0
064277006,La Matanza,1183,393,5,0
064276914,La Matanza,1394,422,5,0
064276911,La Matanza,695,245,5,0
064276920,La Matanza,870,274,6,0
064276910,La Matanza,794,288,6,0
064276913,La Matanza,824,252,5,0
064276905,La Matanza,801,300,3,0
064276918,La Matanza,644,204,5,0
064276907,La Matanza,1174,379,7,0
064276906,La Matanza,952,291,5,0
064276904,La Matanza,1105,336,5,0
064276901,La Matanza,752,233,14,0
064277202,La Matanza,1112,321,6,0
064277203,La Matanza,805,276,6,0
064276902,La Matanza,1119,363,3,0
064276903,La Matanza,930,341,6,0
064277717,La Matanza,1084,327,6,0
064277701,La Matanza,819,241,6,0
064277213,La Matanza,762,227,6,0
064277606,La Matanza,1439,436,4,0
064277622,La Matanza,701,240,4,0
064277607,La Matanza,1519,444,11,0
064277605,La Matanza,2004,571,7,0
064277208,La Matanza,1291,365,4,0
064277204,La Matanza,712,208,4,0
064277205,La Matanza,1574,455,6,0
064277206,La Matanza,1037,325,4,0
064277207,La Matanza,1276,344,7,0
064277210,La Matanza,1176,334,4,0
064277211,La Matanza,1008,289,4,0
064277114,La Matanza,1758,526,5,0
064277119,La Matanza,1142,333,5,0
064277113,La Matanza,464,137,6,0
064277116,La Matanza,1950,564,7,0
064277115,La Matanza,1593,455,6,0
064277201,La Matanza,1138,347,4,0
064277108,La Matanza,924,288,7,0
064277107,La Matanza,1559,483,6,0
064277110,La Matanza,940,289,4,0
064277109,La Matanza,876,278,6,0
064277106,La Matanza,962,324,8,0
064276215,La Matanza,839,281,4,0
064276213,La Matanza,1004,357,5,0
064277105,La Matanza,991,300,6,0
064277104,La Matanza,1019,311,7,0
064277111,La Matanza,1043,305,6,0
064277112,La Matanza,688,222,6,0
064277307,La Matanza,1315,410,5,0
064277102,La Matanza,1546,500,7,0
064277103,La Matanza,928,298,8,0
064276113,La Matanza,1233,358,5,0
064276108,La Matanza,1600,483,4,0
064276107,La Matanza,1294,403,4,0
064276117,La Matanza,670,187,5,0
064276106,La Matanza,1127,371,5,0
064275715,La Matanza,876,266,6,0
064275711,La Matanza,1006,305,6,0
064275710,La Matanza,1160,320,4,0
064276102,La Matanza,1021,295,6,0
064276116,La Matanza,938,307,5,0
064275709,La Matanza,1315,415,6,0
064276101,La Matanza,1237,396,5,0
064276115,La Matanza,857,280,5,0
064276103,La Matanza,2176,718,5,0
064276105,La Matanza,1617,480,9,0
064276109,La Matanza,1601,469,5,0
064276112,La Matanza,1317,395,5,0
064276111,La Matanza,1011,318,6,0
064276110,La Matanza,1627,494,5,0
064276212,La Matanza,987,320,5,0
064276205,La Matanza,1909,592,5,0
064276204,La Matanza,887,308,5,0
064276206,La Matanza,866,306,5,0
064276211,La Matanza,1209,376,6,0
064276207,La Matanza,870,294,6,0
064276208,La Matanza,690,254,6,0
064276202,La Matanza,1174,364,5,0
064276201,La Matanza,863,300,4,0
064276203,La Matanza,761,280,6,0
064275608,La Matanza,1300,516,7,0
064275504,La Matanza,769,292,4,0
064275614,La Matanza,875,303,5,0
064275607,La Matanza,721,285,5,0
064275609,La Matanza,1086,378,5,0
064276104,La Matanza,1418,476,5,0
064275611,La Matanza,1110,463,7,0
064275612,La Matanza,1436,525,7,0
064275603,La Matanza,1578,512,7,0
064275601,La Matanza,1070,349,7,0
064275610,La Matanza,1334,460,8,0
064275604,La Matanza,908,285,4,0
064275605,La Matanza,823,276,4,0
064275606,La Matanza,831,254,6,0
064274711,La Matanza,991,335,7,0
064274710,La Matanza,1165,360,6,0
064275602,La Matanza,1865,611,6,0
064274701,La Matanza,1208,403,4,0
064274613,La Matanza,1806,597,5,0
064274612,La Matanza,1724,535,8,0
064275701,La Matanza,1272,416,5,0
064274611,La Matanza,1663,499,9,0
064274607,La Matanza,1084,352,5,0
064275803,La Matanza,1398,404,6,0
064275805,La Matanza,877,266,4,0
064275804,La Matanza,1642,498,5,0
064275703,La Matanza,1192,362,6,0
064275613,La Matanza,1146,379,6,0
064275704,La Matanza,842,272,4,0
064275705,La Matanza,1028,333,5,0
064275702,La Matanza,1094,331,7,0
064275706,La Matanza,1145,373,5,0
064275708,La Matanza,1626,409,5,0
064275707,La Matanza,1506,506,7,0
064275716,La Matanza,970,285,5,0
064275815,La Matanza,1375,403,6,0
064275813,La Matanza,1001,281,5,0
064275807,La Matanza,1479,434,6,0
064275814,La Matanza,828,274,5,0
064275806,La Matanza,793,236,6,0
064275802,La Matanza,1811,537,6,0
064275816,La Matanza,718,243,4,0
064275801,La Matanza,1015,330,5,0
065684001,Morón,1127,396,6,0
065682410,Morón,794,272,5,0
064274606,La Matanza,1273,414,6,0
064274605,La Matanza,899,291,4,0
064274608,La Matanza,804,257,5,0
064274602,La Matanza,623,185,4,0
064274603,La Matanza,971,349,6,0
064274604,La Matanza,1351,432,9,0
065682408,Morón,1326,462,5,0
065682404,Morón,1130,456,4,0
065682403,Morón,547,241,5,0
065682405,Morón,1080,459,6,0
065682407,Morón,727,305,4,0
065682409,Morón,774,277,5,0
065682310,Morón,748,281,5,0
065682406,Morón,743,304,5,0
065682308,Morón,1168,490,8,0
065681306,Morón,481,253,5,0
065681304,Morón,450,224,4,0
065681305,Morón,453,222,5,0
065682301,Morón,589,268,4,0
065682201,Morón,616,360,6,0
065681410,Morón,775,360,6,0
065681409,Morón,655,393,6,0
065681412,Morón,723,458,4,0
065681303,Morón,694,324,5,0
065681302,Morón,215,149,5,0
065681301,Morón,522,301,4,0
065681210,Morón,496,209,6,0
065681202,Morón,947,446,5,0
065681211,Morón,546,230,8,0
065681307,Morón,566,285,5,0
065682401,Morón,1093,485,5,0
065682402,Morón,1006,398,4,0
065681310,Morón,537,191,4,0
065681309,Morón,640,260,7,0
065681208,Morón,587,271,4,0
065681209,Morón,587,242,6,0
065681308,Morón,567,251,6,0
065681203,Morón,847,326,4,0
065681201,Morón,677,273,6,0
065683507,Morón,537,286,4,0
065683506,Morón,298,199,4,0
065683508,Morón,620,313,6,0
065681204,Morón,660,263,6,0
065681205,Morón,925,369,6,0
065683505,Morón,705,446,6,0
065683501,Morón,408,254,4,0
065681106,Morón,163,152,11,0
065683504,Morón,1023,410,7,0
065683509,Morón,863,387,4,0
065681206,Morón,1076,440,6,0
064273312,La Matanza,1177,500,7,0
065681207,Morón,1102,430,6,0
064273313,La Matanza,617,255,5,0
064274501,La Matanza,913,295,5,0
064273314,La Matanza,831,410,6,0
064274502,La Matanza,1114,399,5,0
064274503,La Matanza,759,300,6,0
064274510,La Matanza,1092,372,10,0
064274512,La Matanza,858,315,4,0
064274511,La Matanza,1297,490,5,0
064274601,La Matanza,1097,426,6,0
064274609,La Matanza,1405,412,5,0
064274610,La Matanza,1517,455,6,0
064274509,La Matanza,1186,443,6,0
064274508,La Matanza,807,267,4,0
064274515,La Matanza,1067,365,5,0
064274403,La Matanza,1161,435,4,0
064274401,La Matanza,1207,449,9,0
064274514,La Matanza,898,293,5,0
064274507,La Matanza,1036,330,5,0
064273414,La Matanza,830,316,6,0
064273418,La Matanza,780,311,6,0
064273413,La Matanza,807,376,6,0
064273417,La Matanza,479,257,6,0
064273415,La Matanza,747,307,6,0
064273309,La Matanza,682,308,6,0
064273419,La Matanza,585,222,5,0
064274506,La Matanza,921,324,6,0
064274505,La Matanza,874,307,4,0
064274513,La Matanza,683,260,5,0
064274504,La Matanza,665,262,5,0
064273315,La Matanza,687,369,5,0
064273311,La Matanza,767,331,4,0
064273310,La Matanza,712,340,5,0
064273307,La Matanza,637,304,6,0
064273306,La Matanza,667,298,4,0
064273305,La Matanza,598,263,5,0
064273304,La Matanza,889,480,6,0
065683502,Morón,819,326,5,0
065681104,Morón,792,391,8,0
065683503,Morón,883,344,5,0
064273302,La Matanza,1260,535,5,0
064273301,La Matanza,914,442,5,0
065681103,Morón,931,398,7,0
064273204,La Matanza,549,250,6,0
064273206,La Matanza,653,306,5,0
064273208,La Matanza,564,246,5,0
064273205,La Matanza,923,414,7,0
064273213,La Matanza,609,271,4,0
064273402,La Matanza,740,318,4,0
064273401,La Matanza,783,346,7,0
064273303,La Matanza,865,463,5,0
064273308,La Matanza,599,273,5,0
064273409,La Matanza,704,304,4,0
064273408,La Matanza,975,408,7,0
064273404,La Matanza,737,328,5,0
064273405,La Matanza,921,400,4,0
064273212,La Matanza,579,236,5,0
064273211,La Matanza,677,290,5,0
064273403,La Matanza,1328,530,7,0
064273210,La Matanza,529,251,7,0
064273209,La Matanza,626,274,5,0
064273207,La Matanza,985,482,6,0
064273106,La Matanza,995,459,7,0
064273105,La Matanza,1104,489,4,0
064273107,La Matanza,608,295,6,0
064273108,La Matanza,692,348,6,0
064273110,La Matanza,648,333,4,0
064273109,La Matanza,650,309,7,0
064273111,La Matanza,265,183,2,0
064273102,La Matanza,710,389,7,0
064273013,La Matanza,802,429,9,0
064272802,La Matanza,603,283,6,0
064272803,La Matanza,684,275,5,0
064272801,La Matanza,1008,445,6,0
064272804,La Matanza,726,296,5,0
064272809,La Matanza,656,256,8,0
064273406,La Matanza,777,305,5,0
064272805,La Matanza,619,270,4,0
064273501,La Matanza,490,208,9,0
064273504,La Matanza,832,363,4,0
064273416,La Matanza,623,246,5,0
064273407,La Matanza,833,345,6,0
064273411,La Matanza,724,339,5,0
064273410,La Matanza,581,232,5,0
064273506,La Matanza,600,263,7,0
064273412,La Matanza,625,259,5,0
064273505,La Matanza,983,388,7,0
064273507,La Matanza,591,315,4,0
064273509,La Matanza,644,280,6,0
064273510,La Matanza,867,383,6,0
064273516,La Matanza,750,343,5,0
064273508,La Matanza,1294,472,6,0
064273515,La Matanza,664,301,6,0
064274402,La Matanza,729,283,7,0
064274405,La Matanza,548,212,5,0
064273517,La Matanza,555,246,6,0
064274406,La Matanza,796,318,5,0
064273518,La Matanza,478,190,5,0
064273511,La Matanza,521,266,4,0
064273512,La Matanza,702,342,5,0
064273503,La Matanza,586,273,12,0
064273513,La Matanza,947,417,6,0
064273612,La Matanza,602,298,6,0
064273617,La Matanza,455,256,4,0
064274408,La Matanza,619,250,7,0
064274411,La Matanza,596,210,5,0
064274412,La Matanza,913,376,7,0
064274205,La Matanza,1101,360,5,0
064274206,La Matanza,897,335,7,0
064274207,La Matanza,918,324,4,0
064274304,La Matanza,1033,398,6,0
064274305,La Matanza,1084,413,7,0
064274804,La Matanza,689,275,5,0
064274803,La Matanza,793,271,5,0
064274306,La Matanza,1199,412,7,0
064274303,La Matanza,783,258,5,0
064274302,La Matanza,1032,400,8,0
064274407,La Matanza,757,271,5,0
064274404,La Matanza,988,424,5,0
064274301,La Matanza,974,379,6,0
064274308,La Matanza,961,364,6,0
064274309,La Matanza,788,312,5,0
064274312,La Matanza,527,214,7,0
064274310,La Matanza,1032,397,6,0
064274702,La Matanza,833,302,6,0
064274704,La Matanza,777,279,5,0
064274311,La Matanza,697,222,8,0
064274706,La Matanza,615,248,5,0
064274708,La Matanza,714,257,4,0
064274705,La Matanza,809,263,6,0
064274703,La Matanza,705,218,4,0
064274709,La Matanza,844,297,6,0
064274712,La Matanza,821,304,5,0
064274801,La Matanza,255,92,14,0
064274707,La Matanza,754,268,5,0
064274307,La Matanza,948,338,6,0
064274802,La Matanza,1189,450,5,0
064275507,La Matanza,1017,403,7,0
064275506,La Matanza,1291,454,6,0
064275501,La Matanza,861,292,6,0
064275502,La Matanza,1036,349,4,0
064275503,La Matanza,899,346,6,0
064275505,La Matanza,939,357,4,0
064275514,La Matanza,829,359,4,0
064275513,La Matanza,829,298,8,0
064276301,La Matanza,1907,669,6,0
064275515,La Matanza,891,294,4,0
064275511,La Matanza,1961,597,6,0
064275512,La Matanza,1802,561,7,0
064275510,La Matanza,1929,553,6,0
064275401,La Matanza,1432,430,6,0
064274813,La Matanza,1253,395,5,0
064275509,La Matanza,1130,365,4,0
064275508,La Matanza,1762,528,6,0
064274815,La Matanza,981,320,5,0
064274812,La Matanza,1042,386,4,0
064274811,La Matanza,921,321,5,0
064274810,La Matanza,803,275,5,0
064274806,La Matanza,1063,425,5,0
064274805,La Matanza,736,368,5,0
064274809,La Matanza,1432,470,7,0
064274208,La Matanza,753,294,4,0
064274807,La Matanza,1406,475,5,0
064274209,La Matanza,1602,538,7,0
064274808,La Matanza,2438,723,6,0
064274814,La Matanza,1104,330,4,0
064274816,La Matanza,854,268,4,0
064274912,La Matanza,1292,373,9,0
064275403,La Matanza,1205,330,6,0
064274911,La Matanza,943,353,4,0
064274910,La Matanza,1440,455,4,0
064274909,La Matanza,2017,589,6,0
064274907,La Matanza,1794,558,9,0
064274901,La Matanza,1928,609,13,0
064274211,La Matanza,933,325,4,0
064274210,La Matanza,815,278,5,0
064274203,La Matanza,1632,542,5,0
064274106,La Matanza,1804,494,7,0
064274903,La Matanza,1230,385,6,0
064274913,La Matanza,970,284,6,0
064274905,La Matanza,888,295,4,0
064274902,La Matanza,1262,379,4,0
064274906,La Matanza,1330,459,4,0
064274914,La Matanza,839,251,4,0
064274904,La Matanza,1240,390,5,0
064274008,La Matanza,1388,471,8,0
064274002,La Matanza,1527,468,5,0
064273712,La Matanza,2400,654,5,0
064274109,La Matanza,1629,480,4,0
064274108,La Matanza,1653,481,4,0
064274110,La Matanza,1422,438,11,0
064274107,La Matanza,1599,432,7,0
064273707,La Matanza,1100,400,5,0
064273708,La Matanza,997,436,5,0
064273710,La Matanza,802,277,6,0
064273709,La Matanza,1262,446,7,0
064273803,La Matanza,578,196,7,0
064273706,La Matanza,1363,439,6,0
064273802,La Matanza,762,266,5,0
064273703,La Matanza,562,220,5,0
064273702,La Matanza,531,190,3,0
064273701,La Matanza,562,207,5,0
064273704,La Matanza,927,326,5,0
064273711,La Matanza,1020,331,4,0
064273607,La Matanza,663,357,5,0
064273614,La Matanza,474,429,7,0
064273609,La Matanza,463,267,4,0
064273608,La Matanza,872,474,6,0
064273705,La Matanza,898,386,10,0
064274103,La Matanza,524,208,4,0
064274104,La Matanza,1260,445,6,0
064274105,La Matanza,1032,400,6,0
064274111,La Matanza,752,291,5,0
064274101,La Matanza,1174,438,5,0
064274102,La Matanza,1190,452,7,0
064274202,La Matanza,1046,403,6,0
064274204,La Matanza,848,293,5,0
064274212,La Matanza,644,245,6,0
064274201,La Matanza,953,380,6,0
064274410,La Matanza,820,321,7,0
064273615,La Matanza,725,356,5,0
064273610,La Matanza,518,299,6,0
064273616,La Matanza,553,274,4,0
064274409,La Matanza,647,274,6,0
064273611,La Matanza,419,283,4,0
064273502,La Matanza,706,316,3,0
064273514,La Matanza,586,324,8,0
064273613,La Matanza,422,350,4,0
064273604,La Matanza,516,339,10,0
064273605,La Matanza,327,183,4,0
064273606,La Matanza,466,320,5,0
064273602,La Matanza,892,475,3,0
064273603,La Matanza,857,432,5,0
064272706,La Matanza,959,433,5,0
064272501,La Matanza,670,290,5,0
064272707,La Matanza,1162,519,7,0
064272702,La Matanza,593,276,5,0
064272703,La Matanza,677,286,6,0
064272704,La Matanza,642,285,4,0
064272811,La Matanza,939,420,7,0
064272705,La Matanza,648,301,4,0
064272813,La Matanza,615,259,4,0
064272808,La Matanza,780,313,5,0
064272807,La Matanza,1020,461,4,0
064272810,La Matanza,600,250,4,0
064272806,La Matanza,1052,415,8,0
064272904,La Matanza,543,249,6,0
064272903,La Matanza,593,310,5,0
064273012,La Matanza,522,336,4,0
064273011,La Matanza,485,271,4,0
064272902,La Matanza,913,453,4,0
064270207,La Matanza,701,439,7,0
064272905,La Matanza,905,482,6,0
064272906,La Matanza,1033,398,5,0
064272907,La Matanza,1166,527,5,0
064272901,La Matanza,903,468,6,0
064270303,La Matanza,652,372,6,0
064272908,La Matanza,634,297,5,0
064272915,La Matanza,488,238,6,0
064270304,La Matanza,748,368,5,0
064272910,La Matanza,682,320,4,0
064272911,La Matanza,948,442,6,0
064272913,La Matanza,779,314,5,0
064272912,La Matanza,477,195,5,0
064272916,La Matanza,713,343,5,0
064272812,La Matanza,1125,464,10,0
064272701,La Matanza,1278,522,6,0
064272603,La Matanza,787,308,5,0
064272607,La Matanza,818,341,6,0
064272604,La Matanza,745,340,6,0
064272601,La Matanza,561,286,5,0
064272602,La Matanza,581,251,4,0
064272914,La Matanza,955,400,8,0
064272909,La Matanza,602,261,6,0
064270309,La Matanza,658,326,5,0
064270307,La Matanza,636,319,5,0
064270308,La Matanza,924,401,4,0
064270306,La Matanza,971,421,7,0
064270312,La Matanza,834,394,5,0
064270310,La Matanza,789,475,5,0
064270602,La Matanza,1494,673,5,0
064270311,La Matanza,1010,481,6,0
064270405,La Matanza,989,386,6,0
064270406,La Matanza,872,371,7,0
064270601,La Matanza,716,320,4,0
064270603,La Matanza,726,310,5,0
064270608,La Matanza,721,344,5,0
064270606,La Matanza,795,358,5,0
064270604,La Matanza,1368,667,6,0
064272605,La Matanza,628,263,6,0
064272606,La Matanza,669,267,5,0
064272610,La Matanza,979,489,6,0
064272611,La Matanza,630,295,6,0
064272515,La Matanza,1761,538,7,0
064272509,La Matanza,1068,381,6,0
064272508,La Matanza,672,300,6,0
064272506,La Matanza,685,281,5,0
064272609,La Matanza,929,458,5,0
064272608,La Matanza,1054,447,5,0
064272709,La Matanza,1429,602,7,0
064272708,La Matanza,1084,421,5,0
064272507,La Matanza,529,238,5,0
064272502,La Matanza,1008,461,7,0
064273601,La Matanza,746,325,10,0
064272503,La Matanza,1002,479,4,0
064272505,La Matanza,804,290,4,0
064272504,La Matanza,795,301,8,0
064272403,La Matanza,980,395,6,0
064272402,La Matanza,1033,427,5,0
064272511,La Matanza,1132,360,4,0
064272510,La Matanza,1720,466,5,0
064272516,La Matanza,1049,275,4,0
064272302,La Matanza,974,382,6,0
064272401,La Matanza,1005,429,5,0
064272306,La Matanza,1085,446,4,0
064272305,La Matanza,1053,447,5,0
064272303,La Matanza,920,385,6,0
064272301,La Matanza,382,180,4,0
064270809,La Matanza,573,318,6,0
064270708,La Matanza,1162,417,7,0
064270709,La Matanza,1368,534,7,0
064270710,La Matanza,1012,426,5,0
064270711,La Matanza,1058,439,6,0
064272512,La Matanza,1584,424,8,0
064270713,La Matanza,657,258,4,0
064272513,La Matanza,642,243,4,0
064272514,La Matanza,697,259,5,0
064270712,La Matanza,860,367,7,0
064272612,La Matanza,462,233,5,0
064270615,La Matanza,587,285,5,0
064270613,La Matanza,617,249,5,0
064270614,La Matanza,811,362,7,0
064270612,La Matanza,764,315,4,0
064270609,La Matanza,856,392,6,0
064270507,La Matanza,665,269,4,0
064270607,La Matanza,637,321,5,0
064270605,La Matanza,650,290,5,0
064270502,La Matanza,509,245,5,0
064270407,La Matanza,913,404,4,0
064270408,La Matanza,949,427,6,0
068403202,Tres de Febrero,984,455,7,0
064270409,La Matanza,1161,500,6,0
064270501,La Matanza,944,393,6,0
064270503,La Matanza,557,239,5,0
064270504,La Matanza,1061,453,6,0
068403203,Tres de Febrero,746,378,5,0
068403208,Tres de Febrero,1032,405,6,0
068403207,Tres de Febrero,871,399,5,0
064270505,La Matanza,646,299,5,0
064270512,La Matanza,570,279,4,0
064270508,La Matanza,633,341,5,0
064270506,La Matanza,1090,502,6,0
064270513,La Matanza,480,194,5,0
064270610,La Matanza,711,333,7,0
064270611,La Matanza,685,294,5,0
064270511,La Matanza,782,373,6,0
064270705,La Matanza,932,420,4,0
064270703,La Matanza,1106,432,4,0
064270704,La Matanza,1060,531,5,0
064270510,La Matanza,751,338,6,0
020630406,CABA,629,279,4,0
064270509,La Matanza,663,309,5,0
068403209,Tres de Febrero,823,379,9,0
068403206,Tres de Febrero,775,351,6,0
020630312,CABA,684,322,5,0
020630402,CABA,1010,517,4,0
020630401,CABA,909,422,5,0
020630405,CABA,916,395,8,0
020630407,CABA,839,390,6,0
020630408,CABA,766,407,4,0
020630403,CABA,938,432,6,0
020630404,CABA,891,462,6,0
020630309,CABA,636,308,6,0
020630410,CABA,690,287,4,0
020630409,CABA,821,405,7,0
020630703,CABA,549,301,5,0
020630701,CABA,799,342,6,0
064270702,La Matanza,598,219,4,0
064270701,La Matanza,1136,471,7,0
064270802,La Matanza,1053,441,6,0
064270804,La Matanza,1191,449,6,0
064270803,La Matanza,872,380,5,0
064270714,La Matanza,844,395,5,0
064270707,La Matanza,926,497,7,0
064270706,La Matanza,1201,470,4,0
064270807,La Matanza,1108,413,7,0
064270808,La Matanza,613,287,5,0
064270806,La Matanza,1474,576,7,0
064270811,La Matanza,1029,400,4,0
064270810,La Matanza,1086,444,7,0
064272304,La Matanza,1008,480,7,0
064272308,La Matanza,889,302,5,0
064272309,La Matanza,1186,395,6,0
064270912,La Matanza,1343,399,7,0
064270812,La Matanza,1311,483,8,0
064270805,La Matanza,1089,424,6,0
064270910,La Matanza,1099,326,5,0
064270909,La Matanza,1158,372,2,0
064270911,La Matanza,1009,296,3,0
064271012,La Matanza,1205,451,7,0
064272201,La Matanza,1130,381,5,0
064272310,La Matanza,1225,427,7,0
064272205,La Matanza,985,376,5,0
064272202,La Matanza,2541,697,6,0
064272204,La Matanza,1674,508,12,0
064272207,La Matanza,1325,472,4,0
064273901,La Matanza,616,261,5,0
064272209,La Matanza,1313,524,4,0
064272208,La Matanza,4765,1211,5,0
064272410,La Matanza,1063,440,5,0
064272206,La Matanza,2449,670,5,0
064272311,La Matanza,1229,431,6,0
064272312,La Matanza,585,224,4,0
064272307,La Matanza,1195,458,6,0
064272409,La Matanza,1315,525,6,0
064272408,La Matanza,1035,438,5,0
064272407,La Matanza,712,253,5,0
064272406,La Matanza,1176,418,6,0
064272405,La Matanza,1073,421,5,0
064272404,La Matanza,1303,466,7,0
064273801,La Matanza,758,258,6,0
064272411,La Matanza,852,307,4,0
064273811,La Matanza,854,256,8,0
064273804,La Matanza,970,291,5,0
064273805,La Matanza,759,243,5,0
064273808,La Matanza,603,256,5,0
064273812,La Matanza,822,319,6,0
064273806,La Matanza,708,241,4,0
064273807,La Matanza,1196,415,7,0
064273912,La Matanza,555,228,4,0
064273908,La Matanza,25,9,16,0
064273809,La Matanza,494,184,6,0
064273810,La Matanza,1297,463,5,0
064274001,La Matanza,815,250,4,0
064274013,La Matanza,443,153,6,0
064274003,La Matanza,1259,349,5,0
064274004,La Matanza,2397,659,6,0
064274005,La Matanza,1591,478,6,0
064274010,La Matanza,1552,527,4,0
064274006,La Matanza,1316,368,3,0
064274007,La Matanza,3348,837,8,0
064274009,La Matanza,1198,474,6,0
064274011,La Matanza,1801,505,4,0
064274012,La Matanza,2109,622,7,0
064273910,La Matanza,511,182,4,0
064273903,La Matanza,850,328,5,0
064273904,La Matanza,1319,423,5,0
064273913,La Matanza,718,208,5,0
064273905,La Matanza,710,257,3,0
064273902,La Matanza,1962,561,7,0
064273907,La Matanza,1039,334,6,0
064271905,La Matanza,764,313,5,0
064271904,La Matanza,770,298,5,0
064273909,La Matanza,1265,440,6,0
064273911,La Matanza,778,290,6,0
064271906,La Matanza,1118,404,6,0
064271910,La Matanza,1072,396,6,0
064275011,La Matanza,1287,531,7,0
064275012,La Matanza,1024,505,3,0
064275013,La Matanza,939,322,7,0
064275104,La Matanza,890,310,4,0
064275010,La Matanza,939,337,6,0
064275107,La Matanza,897,282,6,0
064275108,La Matanza,832,331,6,0
064275116,La Matanza,663,271,4,0
064275103,La Matanza,984,325,7,0
064275102,La Matanza,834,274,3,0
064275106,La Matanza,1167,395,7,0
064275110,La Matanza,977,399,4,0
064275109,La Matanza,1088,444,7,0
064275113,La Matanza,1155,415,3,0
064275114,La Matanza,508,199,5,0
064275112,La Matanza,840,370,5,0
064275111,La Matanza,1025,421,5,0
064275008,La Matanza,797,290,4,0
064275009,La Matanza,784,278,5,0
064275006,La Matanza,1429,529,8,0
064275005,La Matanza,781,337,5,0
064275014,La Matanza,941,350,5,0
064275007,La Matanza,584,213,5,0
064275004,La Matanza,1275,439,7,0
064275003,La Matanza,1057,386,5,0
064275216,La Matanza,1210,327,13,0
064275215,La Matanza,1255,371,3,0
064275208,La Matanza,1653,489,6,0
064275209,La Matanza,924,276,4,0
064275205,La Matanza,1079,317,8,0
064275002,La Matanza,1004,357,4,0
064275001,La Matanza,1202,431,8,0
064275204,La Matanza,668,244,4,0
064275201,La Matanza,874,293,5,0
064275206,La Matanza,1385,392,6,0
064275214,La Matanza,250,66,5,0
064275311,La Matanza,1314,361,3,0
064275302,La Matanza,1848,429,8,0
064275202,La Matanza,1271,412,6,0
064275203,La Matanza,779,280,6,0
064274908,La Matanza,5828,1481,5,0
064275405,La Matanza,1502,445,6,0
064275307,La Matanza,2259,779,6,0
064275301,La Matanza,2187,858,6,0
064275303,La Matanza,2113,556,8,0
064275313,La Matanza,899,308,4,0
064275306,La Matanza,793,240,4,0
064275310,La Matanza,2049,647,8,0
064275312,La Matanza,1105,346,5,0
064276507,La Matanza,1672,477,5,0
064275305,La Matanza,2663,772,8,0
064275212,La Matanza,1453,403,5,0
064275304,La Matanza,2207,746,5,0
064275207,La Matanza,1736,490,6,0
064275210,La Matanza,711,220,4,0
064275211,La Matanza,769,224,5,0
064275217,La Matanza,906,226,4,0
064276509,La Matanza,1127,337,8,0
064275213,La Matanza,1790,480,5,0
064276508,La Matanza,1143,360,6,0
064275118,La Matanza,730,278,6,0
064275115,La Matanza,268,70,7,0
064276702,La Matanza,1545,418,5,0
064276704,La Matanza,1155,381,7,0
064904102,Lomas de Zamora,126,42,7,0
064904204,Lomas de Zamora,991,395,5,0
064904201,Lomas de Zamora,842,332,4,0
064904202,Lomas de Zamora,1081,435,4,0
064902713,Lomas de Zamora,632,209,8,0
064902712,Lomas de Zamora,1243,447,7,0
064904501,Lomas de Zamora,974,348,9,0
064904503,Lomas de Zamora,1015,345,4,0
064904502,Lomas de Zamora,1036,404,6,0
064904203,Lomas de Zamora,809,322,6,0
064904206,Lomas de Zamora,891,390,6,0
064904205,Lomas de Zamora,812,296,3,0
064904301,Lomas de Zamora,88,56,14,0
064904303,Lomas de Zamora,825,320,5,0
064904302,Lomas de Zamora,794,323,3,0
064904304,Lomas de Zamora,1014,399,5,0
064904305,Lomas de Zamora,72,28,6,0
064904306,Lomas de Zamora,608,228,4,0
064904309,Lomas de Zamora,1336,473,8,0
064904312,Lomas de Zamora,830,344,4,0
064904311,Lomas de Zamora,544,217,3,0
064904314,Lomas de Zamora,738,261,2,0
064904310,Lomas de Zamora,1112,386,4,0
064905106,Lomas de Zamora,937,391,3,0
064905107,Lomas de Zamora,1080,396,5,0
064905011,Lomas de Zamora,627,253,5,0
064905009,Lomas de Zamora,630,241,5,0
064905010,Lomas de Zamora,1171,465,5,0
064905007,Lomas de Zamora,868,379,3,0
064905008,Lomas de Zamora,851,348,6,0
064905001,Lomas de Zamora,861,414,6,0
064905002,Lomas de Zamora,1035,509,6,0
064905006,Lomas de Zamora,986,461,5,0
064905003,Lomas de Zamora,656,337,6,0
064904809,Lomas de Zamora,618,345,5,0
064904808,Lomas de Zamora,848,393,6,0
064904810,Lomas de Zamora,718,300,12,0
064904708,Lomas de Zamora,872,329,5,0
064904710,Lomas de Zamora,724,287,4,0
064904709,Lomas de Zamora,672,270,4,0
064905004,Lomas de Zamora,341,114,4,0
064905005,Lomas de Zamora,925,403,3,0
064906706,Lomas de Zamora,1243,380,4,0
064904313,Lomas de Zamora,919,301,4,0
064904408,Lomas de Zamora,1234,410,6,0
064906707,Lomas de Zamora,915,293,5,0
064904407,Lomas de Zamora,950,328,6,0
064904308,Lomas de Zamora,736,222,3,0
064904307,Lomas de Zamora,1034,331,6,0
064904401,Lomas de Zamora,736,321,4,0
064904207,Lomas de Zamora,774,352,3,0
064904402,Lomas de Zamora,495,219,3,0
064904508,Lomas de Zamora,695,267,6,0
064904403,Lomas de Zamora,1124,440,8,0
064904405,Lomas de Zamora,862,272,5,0
064906703,Lomas de Zamora,1743,526,5,0
064904406,Lomas de Zamora,1482,475,6,0
064906704,Lomas de Zamora,912,290,5,0
064906705,Lomas de Zamora,801,268,3,0
064906702,Lomas de Zamora,956,364,4,0
064906701,Lomas de Zamora,1155,460,2,0
064904713,Lomas de Zamora,773,348,5,0
064904404,Lomas de Zamora,620,242,5,0
064904704,Lomas de Zamora,581,240,5,0
064904702,Lomas de Zamora,834,382,6,0
064904705,Lomas de Zamora,773,353,5,0
064904712,Lomas de Zamora,771,385,6,0
064904711,Lomas de Zamora,964,455,6,0
064904707,Lomas de Zamora,972,413,4,0
064904706,Lomas de Zamora,626,334,7,0
064904811,Lomas de Zamora,664,290,3,0
064904807,Lomas de Zamora,814,403,6,0
064904806,Lomas de Zamora,437,198,6,0
064904805,Lomas de Zamora,488,242,5,0
064904605,Lomas de Zamora,328,146,4,0
064904602,Lomas de Zamora,718,333,8,0
064904604,Lomas de Zamora,782,305,6,0
064904606,Lomas de Zamora,716,287,5,0
064904607,Lomas de Zamora,935,401,8,0
064904608,Lomas de Zamora,534,209,6,0
064904609,Lomas de Zamora,826,313,6,0
064902613,Lomas de Zamora,971,407,5,0
064904610,Lomas de Zamora,77,29,6,0
064904611,Lomas de Zamora,1011,375,4,0
064904612,Lomas de Zamora,828,312,6,0
064904703,Lomas de Zamora,573,240,5,0
064904507,Lomas de Zamora,552,223,4,0
064904506,Lomas de Zamora,1123,409,7,0
064904701,Lomas de Zamora,204,78,6,0
064904504,Lomas de Zamora,1268,475,5,0
064904208,Lomas de Zamora,800,319,7,0
064904509,Lomas de Zamora,620,251,5,0
064904505,Lomas de Zamora,502,185,5,0
064902612,Lomas de Zamora,852,328,6,0
064902607,Lomas de Zamora,1152,402,5,0
064902703,Lomas de Zamora,1047,396,5,0
064902601,Lomas de Zamora,876,366,4,0
064902606,Lomas de Zamora,1007,401,8,0
064902602,Lomas de Zamora,753,307,5,0
064902603,Lomas de Zamora,913,361,5,0
064902604,Lomas de Zamora,480,194,4,0
064902605,Lomas de Zamora,770,354,6,0
064902609,Lomas de Zamora,491,258,6,0
064902608,Lomas de Zamora,708,302,6,0
064902611,Lomas de Zamora,919,399,6,0
064902614,Lomas de Zamora,651,294,5,0
064902610,Lomas de Zamora,662,272,4,0
064905909,Lomas de Zamora,743,315,7,0
064904603,Lomas de Zamora,946,378,6,0
064904601,Lomas de Zamora,804,332,5,0
064904803,Lomas de Zamora,674,327,6,0
064904802,Lomas de Zamora,807,368,6,0
064905908,Lomas de Zamora,742,334,4,0
064902304,Lomas de Zamora,541,288,6,0
064905907,Lomas de Zamora,875,408,6,0
064905906,Lomas de Zamora,361,205,5,0
064902306,Lomas de Zamora,757,453,6,0
064902305,Lomas de Zamora,664,479,3,0
064906006,Lomas de Zamora,696,453,4,0
064906007,Lomas de Zamora,320,241,3,0
064906008,Lomas de Zamora,523,456,6,0
064906005,Lomas de Zamora,567,356,4,0
064906004,Lomas de Zamora,285,172,5,0
064906003,Lomas de Zamora,818,370,6,0
064902303,Lomas de Zamora,773,455,4,0
064902302,Lomas de Zamora,796,355,7,0
064902301,Lomas de Zamora,890,383,5,0
064902507,Lomas de Zamora,857,354,6,0
064902506,Lomas de Zamora,843,374,5,0
064902502,Lomas de Zamora,830,347,6,0
064902401,Lomas de Zamora,836,332,5,0
064906001,Lomas de Zamora,687,328,4,0
064906002,Lomas de Zamora,538,348,4,0
064902405,Lomas de Zamora,438,326,6,0
064902406,Lomas de Zamora,520,384,3,0
064902407,Lomas de Zamora,711,507,6,0
064902404,Lomas de Zamora,624,498,9,0
064900806,Lomas de Zamora,572,319,7,0
064900807,Lomas de Zamora,473,226,4,0
064902402,Lomas de Zamora,624,417,5,0
064902403,Lomas de Zamora,476,291,5,0
064900808,Lomas de Zamora,943,440,8,0
064900804,Lomas de Zamora,474,220,5,0
064900908,Lomas de Zamora,803,359,5,0
064900907,Lomas de Zamora,663,290,5,0
064900906,Lomas de Zamora,1030,413,6,0
064900905,Lomas de Zamora,1070,438,6,0
064900803,Lomas de Zamora,1190,473,6,0
064900809,Lomas de Zamora,1168,484,6,0
064900903,Lomas de Zamora,575,224,5,0
064900904,Lomas de Zamora,707,268,6,0
064900801,Lomas de Zamora,793,296,6,0
064900802,Lomas de Zamora,909,316,5,0
064902501,Lomas de Zamora,958,383,8,0
064902503,Lomas de Zamora,760,308,5,0
064902505,Lomas de Zamora,775,325,5,0
064902508,Lomas de Zamora,1030,444,6,0
064902504,Lomas de Zamora,675,298,6,0
064902805,Lomas de Zamora,1087,425,5,0
064902811,Lomas de Zamora,961,357,6,0
064902804,Lomas de Zamora,730,251,5,0
064902812,Lomas de Zamora,564,197,4,0
064900709,Lomas de Zamora,753,248,5,0
064900708,Lomas de Zamora,754,281,5,0
064900707,Lomas de Zamora,1213,357,5,0
064900710,Lomas de Zamora,1064,348,7,0
064900704,Lomas de Zamora,718,252,5,0
064900703,Lomas de Zamora,1236,422,5,0
064900702,Lomas de Zamora,870,321,5,0
064900706,Lomas de Zamora,1223,454,6,0
064900901,Lomas de Zamora,1140,466,6,0
064905501,Lomas de Zamora,1080,420,5,0
064900705,Lomas de Zamora,848,302,6,0
064900701,Lomas de Zamora,739,241,6,0
064901002,Lomas de Zamora,730,269,6,0
064901001,Lomas de Zamora,716,290,5,0
064900602,Lomas de Zamora,1320,451,5,0
064900601,Lomas de Zamora,954,366,5,0
064900603,Lomas de Zamora,807,329,6,0
064900604,Lomas de Zamora,1088,375,5,0
064900606,Lomas de Zamora,707,257,5,0
064900607,Lomas de Zamora,870,331,5,0
064900605,Lomas de Zamora,627,252,6,0
064900507,Lomas de Zamora,1035,332,6,0
064900505,Lomas de Zamora,1742,522,10,0
064900501,Lomas de Zamora,1018,316,5,0
064343411,Lanús,850,295,5,0
064343412,Lanús,722,256,6,0
064343410,Lanús,1031,374,7,0
064343415,Lanús,514,177,4,0
064343414,Lanús,1693,484,6,0
064343512,Lanús,340,112,3,0
064343413,Lanús,941,336,7,0
064343406,Lanús,622,217,5,0
064343407,Lanús,557,201,4,0
064343404,Lanús,562,200,5,0
064343405,Lanús,697,256,4,0
064343511,Lanús,1339,427,6,0
064343510,Lanús,915,277,4,0
064343601,Lanús,1108,438,4,0
064343513,Lanús,1665,443,7,0
064343602,Lanús,1086,413,5,0
064343606,Lanús,934,398,6,0
064343605,Lanús,916,338,5,0
064343603,Lanús,1022,384,6,0
064343506,Lanús,775,292,7,0
064343507,Lanús,924,291,5,0
064343508,Lanús,776,238,5,0
064343509,Lanús,764,271,7,0
064343403,Lanús,806,290,4,0
064343501,Lanús,1188,431,6,0
064343306,Lanús,955,400,7,0
064343502,Lanús,590,235,6,0
064343514,Lanús,577,176,6,0
064343504,Lanús,1653,513,7,0
064343503,Lanús,592,233,4,0
064343305,Lanús,917,391,4,0
064343307,Lanús,986,411,7,0
064345602,Lanús,874,416,5,0
064343308,Lanús,762,317,7,0
064343801,Lanús,499,235,6,0
064343505,Lanús,540,208,4,0
064343604,Lanús,934,373,6,0
064343705,Lanús,891,411,5,0
064343707,Lanús,901,384,5,0
064901006,Lomas de Zamora,858,351,6,0
064343702,Lanús,573,263,5,0
064343703,Lanús,606,261,5,0
064343704,Lanús,964,383,4,0
064343701,Lanús,622,272,6,0
064343607,Lanús,706,306,5,0
064343608,Lanús,729,284,4,0
064901004,Lomas de Zamora,1079,452,6,0
064901003,Lomas de Zamora,764,350,5,0
064905502,Lomas de Zamora,1096,468,4,0
064900902,Lomas de Zamora,961,391,5,0
064905503,Lomas de Zamora,900,393,6,0
064901005,Lomas de Zamora,605,250,5,0
064901007,Lomas de Zamora,515,232,4,0
064905504,Lomas de Zamora,895,391,5,0
064905505,Lomas de Zamora,718,351,5,0
064905506,Lomas de Zamora,765,306,7,0
064901008,Lomas de Zamora,506,238,4,0
064901010,Lomas de Zamora,558,324,5,0
064901108,Lomas de Zamora,449,334,4,0
064901109,Lomas de Zamora,479,356,5,0
064905607,Lomas de Zamora,254,216,4,0
064901111,Lomas de Zamora,522,331,6,0
064905608,Lomas de Zamora,546,338,6,0
064901112,Lomas de Zamora,409,246,5,0
064901110,Lomas de Zamora,99,92,4,0
064901102,Lomas de Zamora,748,399,6,0
064901106,Lomas de Zamora,532,259,5,0
064901107,Lomas de Zamora,452,244,4,0
064901101,Lomas de Zamora,656,319,5,0
064343809,Lanús,685,320,4,0
064343805,Lanús,772,417,6,0
064343806,Lanús,1009,481,5,0
064343807,Lanús,614,371,8,0
064343812,Lanús,449,240,4,0
064343808,Lanús,562,343,4,0
064343708,Lanús,746,358,5,0
064901009,Lomas de Zamora,1046,475,7,0
064343706,Lanús,979,426,5,0
064343802,Lanús,859,404,6,0
064343810,Lanús,586,407,5,0
064343804,Lanús,525,360,5,0
064343803,Lanús,586,390,5,0
064343903,Lanús,896,402,7,0
064343904,Lanús,946,310,6,0
064343909,Lanús,809,314,6,0
064343908,Lanús,509,193,4,0
064343907,Lanús,1014,307,6,0
064345603,Lanús,897,382,5,0
064345605,Lanús,639,301,4,0
064343906,Lanús,900,418,5,0
064343905,Lanús,1303,422,7,0
064343902,Lanús,721,284,4,0
064343901,Lanús,660,277,6,0
064345606,Lanús,779,398,5,0
064343206,Lanús,514,317,5,0
064345607,Lanús,768,434,6,0
064344809,Lanús,642,312,8,0
064343811,Lanús,422,265,4,0
064344008,Lanús,699,298,16,0
064344002,Lanús,1234,441,5,0
064344003,Lanús,612,254,5,0
064344001,Lanús,1163,391,5,0
064344808,Lanús,620,270,4,0
064344807,Lanús,477,230,4,0
064344806,Lanús,704,353,5,0
064344108,Lanús,962,374,11,0
064344101,Lanús,874,404,6,0
064344805,Lanús,399,253,6,0
064341507,Lanús,470,247,4,0
064341402,Lanús,656,271,6,0
064344102,Lanús,1010,417,6,0
064344105,Lanús,896,349,6,0
064344107,Lanús,515,200,3,0
064344106,Lanús,1014,327,7,0
064344303,Lanús,1271,446,6,0
064344301,Lanús,1254,478,6,0
064344208,Lanús,947,315,4,0
064344306,Lanús,636,225,6,0
064344305,Lanús,867,318,4,0
064344307,Lanús,829,294,6,0
064344304,Lanús,1024,392,6,0
064344005,Lanús,603,224,5,0
064344004,Lanús,543,221,4,0
064344007,Lanús,694,335,5,0
064344006,Lanús,730,272,4,0
064901104,Lomas de Zamora,639,345,4,0
064901103,Lomas de Zamora,802,380,5,0
064901105,Lomas de Zamora,279,185,6,0
064901113,Lomas de Zamora,382,245,4,0
064901114,Lomas de Zamora,374,198,6,0
064901206,Lomas de Zamora,450,207,5,0
064901201,Lomas de Zamora,825,349,5,0
064344308,Lanús,761,260,6,0
064901202,Lomas de Zamora,1054,443,5,0
064901203,Lomas de Zamora,935,413,6,0
064901208,Lomas de Zamora,1003,397,6,0
064901204,Lomas de Zamora,483,234,5,0
064901205,Lomas de Zamora,520,255,6,0
064901209,Lomas de Zamora,847,352,4,0
064902002,Lomas de Zamora,872,334,4,0
064902007,Lomas de Zamora,1137,425,6,0
064902003,Lomas de Zamora,950,396,5,0
064902004,Lomas de Zamora,583,231,4,0
064902005,Lomas de Zamora,870,343,6,0
064902006,Lomas de Zamora,941,371,5,0
064902105,Lomas de Zamora,861,378,6,0
064902104,Lomas de Zamora,742,303,5,0
064902102,Lomas de Zamora,1043,427,7,0
064905613,Lomas de Zamora,858,359,6,0
064901210,Lomas de Zamora,847,341,5,0
064901207,Lomas de Zamora,889,358,8,0
064901211,Lomas de Zamora,472,220,4,0
064905611,Lomas de Zamora,622,355,5,0
064905612,Lomas de Zamora,435,234,5,0
064905610,Lomas de Zamora,570,448,5,0
064905609,Lomas de Zamora,172,124,4,0
064905605,Lomas de Zamora,623,379,6,0
064905604,Lomas de Zamora,518,280,5,0
064902101,Lomas de Zamora,481,220,3,0
064905603,Lomas de Zamora,698,329,5,0
064902111,Lomas de Zamora,688,316,5,0
064905606,Lomas de Zamora,593,476,4,0
064905601,Lomas de Zamora,845,449,7,0
064905602,Lomas de Zamora,645,294,6,0
064900909,Lomas de Zamora,864,310,5,0
064900805,Lomas de Zamora,636,296,4,0
064902201,Lomas de Zamora,797,346,5,0
064902213,Lomas de Zamora,308,196,5,0
064902202,Lomas de Zamora,573,302,6,0
064902203,Lomas de Zamora,463,312,5,0
064902205,Lomas de Zamora,558,443,5,0
064902204,Lomas de Zamora,569,430,4,0
064902208,Lomas de Zamora,322,251,6,0
064902214,Lomas de Zamora,293,210,3,0
064902207,Lomas de Zamora,416,390,8,0
064902206,Lomas de Zamora,483,323,4,0
064902107,Lomas de Zamora,1010,550,5,0
064902103,Lomas de Zamora,1004,454,6,0
064902106,Lomas de Zamora,866,408,4,0
064902109,Lomas de Zamora,823,394,7,0
064904901,Lomas de Zamora,700,324,6,0
064904902,Lomas de Zamora,519,242,4,0
064902112,Lomas de Zamora,442,240,6,0
064904912,Lomas de Zamora,521,248,6,0
064902110,Lomas de Zamora,584,355,4,0
064902108,Lomas de Zamora,567,384,6,0
064902212,Lomas de Zamora,128,150,4,0
064902211,Lomas de Zamora,464,392,5,0
064902209,Lomas de Zamora,464,378,5,0
064902215,Lomas de Zamora,192,156,4,0
064905905,Lomas de Zamora,463,271,5,0
064905904,Lomas de Zamora,484,299,4,0
064902210,Lomas de Zamora,587,480,5,0
064905903,Lomas de Zamora,531,275,5,0
064905902,Lomas de Zamora,588,399,4,0
064905901,Lomas de Zamora,569,271,6,0
064904801,Lomas de Zamora,921,464,8,0
064904812,Lomas de Zamora,799,347,5,0
064904804,Lomas de Zamora,547,380,5,0
064904914,Lomas de Zamora,462,209,9,0
064904904,Lomas de Zamora,891,513,4,0
064904903,Lomas de Zamora,590,395,4,0
064904905,Lomas de Zamora,582,275,8,0
064904910,Lomas de Zamora,457,233,5,0
064904911,Lomas de Zamora,468,277,5,0
064904913,Lomas de Zamora,452,255,5,0
064905111,Lomas de Zamora,494,219,6,0
064905110,Lomas de Zamora,548,245,5,0
064904909,Lomas de Zamora,537,229,4,0
064904908,Lomas de Zamora,488,201,4,0
064904907,Lomas de Zamora,419,169,5,0
064904906,Lomas de Zamora,973,408,5,0
064901903,Lomas de Zamora,758,282,6,0
064901902,Lomas de Zamora,1242,452,5,0
064901904,Lomas de Zamora,585,232,5,0
064901909,Lomas de Zamora,496,202,5,0
064901908,Lomas de Zamora,758,294,6,0
064901905,Lomas de Zamora,777,315,6,0
064901901,Lomas de Zamora,1152,419,5,0
064901906,Lomas de Zamora,886,334,6,0
064901913,Lomas de Zamora,433,165,4,0
064901911,Lomas de Zamora,672,263,5,0
064905109,Lomas de Zamora,811,367,6,0
064901910,Lomas de Zamora,1007,416,6,0
064905108,Lomas de Zamora,1042,404,6,0
064905105,Lomas de Zamora,576,234,7,0
064905101,Lomas de Zamora,719,274,5,0
064905112,Lomas de Zamora,700,264,6,0
064905104,Lomas de Zamora,598,232,4,0
064905103,Lomas de Zamora,742,262,3,0
064905102,Lomas de Zamora,914,312,7,0
064905802,Lomas de Zamora,1000,367,7,0
064905803,Lomas de Zamora,1234,460,5,0
064905801,Lomas de Zamora,1083,371,5,0
064901808,Lomas de Zamora,1132,413,4,0
064901912,Lomas de Zamora,504,219,6,0
064901907,Lomas de Zamora,621,230,6,0
064901804,Lomas de Zamora,1176,472,6,0
064901803,Lomas de Zamora,1029,404,5,0
064901802,Lomas de Zamora,906,352,6,0
064902009,Lomas de Zamora,635,275,6,0
064902008,Lomas de Zamora,689,302,6,0
064902001,Lomas de Zamora,867,367,5,0
064905705,Lomas de Zamora,921,343,5,0
064905703,Lomas de Zamora,891,348,6,0
064905706,Lomas de Zamora,826,300,5,0
064905708,Lomas de Zamora,1007,365,5,0
064905707,Lomas de Zamora,590,240,7,0
064905702,Lomas de Zamora,680,252,6,0
064901307,Lomas de Zamora,1109,359,6,0
064901308,Lomas de Zamora,1318,429,7,0
064901801,Lomas de Zamora,1111,438,7,0
064901805,Lomas de Zamora,633,247,5,0
064901807,Lomas de Zamora,1212,408,7,0
064901806,Lomas de Zamora,931,309,4,0
064901711,Lomas de Zamora,569,182,5,0
064901709,Lomas de Zamora,1513,488,6,0
064901710,Lomas de Zamora,1272,427,6,0
064901306,Lomas de Zamora,1418,466,6,0
064901304,Lomas de Zamora,1077,374,7,0
064901707,Lomas de Zamora,687,254,4,0
064901706,Lomas de Zamora,777,239,5,0
064901305,Lomas de Zamora,910,300,4,0
064901701,Lomas de Zamora,975,289,6,0
064901703,Lomas de Zamora,1071,306,5,0
064901704,Lomas de Zamora,1169,345,5,0
064901605,Lomas de Zamora,993,315,5,0
064901705,Lomas de Zamora,809,234,5,0
064901708,Lomas de Zamora,889,292,4,0
064901712,Lomas de Zamora,1425,463,6,0
064901606,Lomas de Zamora,756,239,5,0
064901607,Lomas de Zamora,901,344,7,0
064901608,Lomas de Zamora,998,463,3,0
064901609,Lomas de Zamora,1222,438,5,0
064901713,Lomas de Zamora,1147,362,6,0
064905804,Lomas de Zamora,1189,425,5,0
064905805,Lomas de Zamora,1048,357,6,0
064905807,Lomas de Zamora,1565,511,4,0
064905808,Lomas de Zamora,1426,477,4,0
064905806,Lomas de Zamora,846,271,2,0
064901610,Lomas de Zamora,614,206,4,0
064901508,Lomas de Zamora,738,223,4,0
064901509,Lomas de Zamora,542,176,6,0
064901510,Lomas de Zamora,1020,331,5,0
064901511,Lomas de Zamora,1266,508,2,0
064901402,Lomas de Zamora,1151,437,5,0
064901405,Lomas de Zamora,702,250,7,0
064901502,Lomas de Zamora,1002,304,5,0
064901503,Lomas de Zamora,900,303,5,0
064901404,Lomas de Zamora,870,286,6,0
064901403,Lomas de Zamora,806,290,5,0
064901507,Lomas de Zamora,933,301,3,0
064901506,Lomas de Zamora,750,279,4,0
064901505,Lomas de Zamora,1320,488,8,0
064901504,Lomas de Zamora,1062,350,4,0
064901602,Lomas de Zamora,662,245,6,0
064901603,Lomas de Zamora,858,278,4,0
064901604,Lomas de Zamora,615,220,5,0
064901611,Lomas de Zamora,579,209,6,0
064901601,Lomas de Zamora,1387,452,8,0
064901702,Lomas de Zamora,1548,469,6,0
064901501,Lomas de Zamora,866,265,5,0
064901411,Lomas de Zamora,1020,396,4,0
064901410,Lomas de Zamora,1306,423,5,0
064901412,Lomas de Zamora,1450,434,7,0
064901408,Lomas de Zamora,842,267,6,0
064901409,Lomas de Zamora,666,225,4,0
064341012,Lanús,1128,334,5,0
064341007,Lanús,1086,357,6,0
064341008,Lanús,971,376,6,0
064341009,Lanús,1205,394,5,0
064341010,Lanús,1169,398,4,0
064344703,Lanús,1387,443,12,0
064344702,Lanús,1180,336,4,0
064344701,Lanús,1046,295,5,0
064344704,Lanús,1104,312,4,0
064344708,Lanús,915,283,4,0
064344709,Lanús,991,313,5,0
064341011,Lanús,1206,410,7,0
064901407,Lomas de Zamora,1021,349,7,0
064901406,Lomas de Zamora,619,222,4,0
064901401,Lomas de Zamora,1259,406,4,0
064340908,Lanús,1176,345,3,0
064340909,Lanús,996,314,4,0
064344706,Lanús,861,280,3,0
064344707,Lanús,816,250,5,0
064344705,Lanús,1024,280,7,0
064340907,Lanús,970,289,6,0
064340906,Lanús,1247,340,4,0
064340905,Lanús,1448,459,6,0
064340807,Lanús,1198,404,8,0
064340806,Lanús,745,251,5,0
064340808,Lanús,978,379,5,0
064340904,Lanús,838,247,4,0
064340903,Lanús,1832,556,3,0
064340901,Lanús,769,237,5,0
064340902,Lanús,1518,463,4,0
060352412,Avellaneda,920,255,3,0
060352411,Avellaneda,878,297,6,0
060352410,Avellaneda,1064,421,8,0
060352406,Avellaneda,850,326,5,0
060352009,Avellaneda,891,346,6,0
060352509,Avellaneda,1077,361,6,0
060352508,Avellaneda,989,341,6,0
060352512,Avellaneda,1218,435,6,0
060352511,Avellaneda,1046,361,4,0
060352507,Avellaneda,731,269,5,0
060352510,Avellaneda,1365,436,4,0
060352506,Avellaneda,1054,366,7,0
060352501,Avellaneda,886,280,4,0
064340801,Lanús,682,241,6,0
064340802,Lanús,973,349,7,0
064340803,Lanús,1723,555,7,0
064340805,Lanús,1126,331,7,0
064344608,Lanús,1975,555,4,0
064344607,Lanús,971,310,7,0
064344605,Lanús,1340,375,4,0
064340804,Lanús,784,247,4,0
064344604,Lanús,287,81,5,0
064344603,Lanús,1011,308,8,0
064344606,Lanús,1423,386,4,0
064341001,Lanús,959,304,9,0
064341002,Lanús,592,224,3,0
064344601,Lanús,1447,498,6,0
064344602,Lanús,727,233,5,0
064340709,Lanús,563,211,6,0
064340710,Lanús,594,245,5,0
064341101,Lanús,1121,376,7,0
064341312,Lanús,949,306,5,0
064340711,Lanús,604,210,9,0
064341311,Lanús,1349,450,5,0
064341310,Lanús,958,345,6,0
064341201,Lanús,993,358,5,0
064341202,Lanús,1130,435,5,0
064341203,Lanús,1086,443,5,0
064341206,Lanús,1092,420,5,0
064341112,Lanús,418,159,5,0
064341107,Lanús,634,216,5,0
064341106,Lanús,1075,313,6,0
064341108,Lanús,689,264,5,0
064341109,Lanús,784,283,5,0
064341105,Lanús,747,272,4,0
064341102,Lanús,1045,398,5,0
064341103,Lanús,1096,394,5,0
064341104,Lanús,596,227,7,0
064341003,Lanús,641,207,6,0
064341004,Lanús,731,258,4,0
064341005,Lanús,766,262,5,0
064341006,Lanús,1015,347,8,0
064344513,Lanús,979,283,5,0
064901302,Lomas de Zamora,759,272,5,0
064901301,Lomas de Zamora,826,253,5,0
064901303,Lomas de Zamora,1018,330,7,0
064344507,Lanús,1106,325,6,0
064344503,Lanús,1167,324,4,0
064344502,Lanús,1234,351,4,0
064344504,Lanús,981,335,4,0
064344506,Lanús,1015,299,5,0
064344508,Lanús,1579,487,5,0
064344512,Lanús,1248,463,5,0
064344509,Lanús,896,284,5,0
064344402,Lanús,790,274,7,0
064344505,Lanús,1231,392,7,0
064344501,Lanús,1158,427,7,0
064341110,Lanús,576,198,5,0
064341111,Lanús,455,164,4,0
064341114,Lanús,335,110,5,0
064341113,Lanús,452,160,6,0
064344401,Lanús,475,164,4,0
064344205,Lanús,826,292,7,0
064344405,Lanús,1171,340,7,0
064344406,Lanús,1632,508,3,0
064344404,Lanús,656,222,4,0
064344403,Lanús,784,288,5,0
064344510,Lanús,1045,297,5,0
064344511,Lanús,988,375,7,0
064905701,Lomas de Zamora,646,264,5,0
064344408,Lanús,698,233,5,0
064344409,Lanús,603,228,4,0
064344410,Lanús,861,336,5,0
064344411,Lanús,761,287,5,0
064905704,Lomas de Zamora,851,333,7,0
064344413,Lanús,560,210,7,0
064344412,Lanús,634,270,4,0
064344407,Lanús,1324,487,6,0
064344206,Lanús,815,282,5,0
064344302,Lanús,753,275,10,0
064344104,Lanús,1075,392,6,0
064344103,Lanús,769,327,6,0
064344201,Lanús,1118,349,5,0
064344207,Lanús,836,288,7,0
064344204,Lanús,854,333,5,0
064344203,Lanús,627,258,4,0
064344202,Lanús,1179,438,6,0
064341207,Lanús,1303,465,6,0
064341208,Lanús,802,291,6,0
064341407,Lanús,966,436,5,0
064341205,Lanús,904,367,5,0
064341204,Lanús,1006,404,4,0
064341309,Lanús,1075,398,5,0
064341408,Lanús,964,429,4,0
064341307,Lanús,893,320,6,0
064341406,Lanús,940,391,4,0
064341405,Lanús,746,310,5,0
064341403,Lanús,686,305,4,0
064341404,Lanús,861,342,6,0
064341401,Lanús,767,348,6,0
064341303,Lanús,818,334,4,0
064344906,Lanús,933,407,6,0
064341301,Lanús,1069,424,6,0
064341302,Lanús,752,291,6,0
064341306,Lanús,849,303,5,0
064341305,Lanús,994,395,6,0
064341308,Lanús,1041,397,5,0
064340609,Lanús,1066,388,4,0
064341304,Lanús,300,136,3,0
064340608,Lanús,973,380,6,0
064340604,Lanús,863,348,5,0
064340603,Lanús,1114,381,5,0
064340602,Lanús,892,366,8,0
064340601,Lanús,1093,454,6,0
064340605,Lanús,808,316,5,0
064340607,Lanús,1048,416,6,0
064340606,Lanús,1121,485,6,0
064340503,Lanús,848,380,5,0
064340510,Lanús,427,193,5,0
064340502,Lanús,668,331,5,0
060352907,Avellaneda,779,293,5,0
060352908,Avellaneda,716,289,4,0
064340509,Lanús,471,228,4,0
060353108,Avellaneda,723,312,5,0
060353004,Avellaneda,1092,412,5,0
060353106,Avellaneda,554,256,4,0
060353107,Avellaneda,436,208,6,0
060352905,Avellaneda,717,278,6,0
060353008,Avellaneda,1016,424,4,0
060353005,Avellaneda,813,340,7,0
060353006,Avellaneda,978,429,6,0
060353007,Avellaneda,990,397,5,0
060353009,Avellaneda,857,300,4,0
060352904,Avellaneda,891,369,7,0
060352906,Avellaneda,838,350,4,0
060352909,Avellaneda,660,270,4,0
060352806,Avellaneda,972,353,7,0
060352807,Avellaneda,765,295,5,0
060352805,Avellaneda,913,330,8,0
060352803,Avellaneda,820,362,4,0
060352804,Avellaneda,831,325,4,0
060352903,Avellaneda,1080,449,4,0
060352801,Avellaneda,1062,407,7,0
060352902,Avellaneda,923,319,5,0
060353010,Avellaneda,880,349,4,0
060351504,Avellaneda,939,342,14,0
060352901,Avellaneda,646,237,6,0
060351505,Avellaneda,515,177,3,0
060351513,Avellaneda,631,211,4,0
060351507,Avellaneda,899,363,8,0
060351608,Avellaneda,961,379,6,0
060351609,Avellaneda,919,404,4,0
060352702,Avellaneda,811,310,4,0
060352701,Avellaneda,353,113,7,0
060352802,Avellaneda,1037,414,8,0
060352704,Avellaneda,890,354,5,0
060352705,Avellaneda,427,156,4,0
060352709,Avellaneda,1174,349,4,0
060352708,Avellaneda,581,205,7,0
060352706,Avellaneda,1072,340,9,0
060352808,Avellaneda,899,353,4,0
064340701,Lanús,895,286,4,0
060352707,Avellaneda,1083,310,3,0
064340705,Lanús,977,344,5,0
064340704,Lanús,563,223,4,0
064340702,Lanús,948,325,5,0
064340703,Lanús,948,367,8,0
064340706,Lanús,627,215,7,0
060354104,Avellaneda,1068,294,6,0
064340712,Lanús,792,238,7,0
064340707,Lanús,2792,1196,4,0
064340708,Lanús,675,243,5,0
060352615,Avellaneda,1012,376,6,0
060352614,Avellaneda,864,273,4,0
060352613,Avellaneda,553,179,4,0
060354106,Avellaneda,714,249,7,0
060354105,Avellaneda,1309,417,7,0
060354107,Avellaneda,901,272,4,0
060354103,Avellaneda,1118,353,9,0
060354108,Avellaneda,1527,521,7,0
060352610,Avellaneda,1760,487,4,0
060354109,Avellaneda,967,352,5,0
060352601,Avellaneda,1495,534,18,0
060352604,Avellaneda,293,99,4,0
060352606,Avellaneda,691,233,5,0
060352607,Avellaneda,734,277,5,0
060352605,Avellaneda,1681,602,4,0
060352609,Avellaneda,901,265,4,0
060352611,Avellaneda,1544,475,9,0
060352608,Avellaneda,1286,379,6,0
060352612,Avellaneda,796,270,6,0
060352502,Avellaneda,824,277,5,0
060352513,Avellaneda,887,298,10,0
060352603,Avellaneda,808,266,4,0
060352503,Avellaneda,648,230,4,0
060352505,Avellaneda,1039,392,6,0
060352504,Avellaneda,858,345,6,0
060352011,Avellaneda,930,335,6,0
060352010,Avellaneda,929,343,5,0
060351909,Avellaneda,853,322,5,0
060351910,Avellaneda,1091,453,5,0
060351908,Avellaneda,805,307,4,0
060351907,Avellaneda,922,379,5,0
060351901,Avellaneda,823,345,7,0
060351810,Avellaneda,691,294,5,0
060351809,Avellaneda,777,307,5,0
060351806,Avellaneda,978,388,7,0
060351805,Avellaneda,1040,410,4,0
060351911,Avellaneda,972,377,7,0
060351811,Avellaneda,1021,439,5,0
060352602,Avellaneda,1200,384,3,0
060351802,Avellaneda,633,268,6,0
060351803,Avellaneda,766,305,4,0
060351707,Avellaneda,851,364,5,0
060351704,Avellaneda,862,373,5,0
060351703,Avellaneda,906,348,4,0
060351702,Avellaneda,758,310,6,0
060351804,Avellaneda,781,333,4,0
060351808,Avellaneda,643,285,4,0
060351807,Avellaneda,870,408,8,0
060353708,Avellaneda,816,317,7,0
060351801,Avellaneda,822,367,10,0
060353707,Avellaneda,825,362,5,0
060353705,Avellaneda,1008,341,5,0
060353706,Avellaneda,914,377,4,0
060350504,Avellaneda,1019,323,7,0
060350503,Avellaneda,973,308,3,0
060350502,Avellaneda,1147,335,4,0
060353702,Avellaneda,731,366,5,0
060353703,Avellaneda,683,339,3,0
060353704,Avellaneda,559,269,8,0
060351701,Avellaneda,826,378,8,0
060353701,Avellaneda,713,309,4,0
060351601,Avellaneda,419,255,4,0
060351602,Avellaneda,1018,484,6,0
060351603,Avellaneda,773,322,5,0
060351705,Avellaneda,898,370,6,0
060351706,Avellaneda,887,355,5,0
060351708,Avellaneda,795,303,4,0
060351709,Avellaneda,749,274,6,0
060351710,Avellaneda,1016,389,6,0
060351604,Avellaneda,382,157,4,0
060351711,Avellaneda,702,301,4,0
060354101,Avellaneda,719,235,7,0
060354102,Avellaneda,846,262,3,0
060352703,Avellaneda,783,294,8,0
060351611,Avellaneda,897,345,4,0
060351610,Avellaneda,871,367,5,0
060351605,Avellaneda,762,290,5,0
060351606,Avellaneda,675,254,7,0
060351509,Avellaneda,722,317,4,0
060351508,Avellaneda,984,377,4,0
060351607,Avellaneda,596,253,6,0
060351510,Avellaneda,657,302,7,0
060351511,Avellaneda,823,334,5,0
060351412,Avellaneda,644,262,5,0
060351411,Avellaneda,384,171,6,0
060351310,Avellaneda,550,286,5,0
060351309,Avellaneda,422,206,5,0
060351410,Avellaneda,952,527,6,0
060351409,Avellaneda,714,385,6,0
060351406,Avellaneda,676,355,5,0
060351306,Avellaneda,766,393,8,0
060351305,Avellaneda,698,316,10,0
060350707,Avellaneda,801,317,4,0
060350708,Avellaneda,792,308,4,0
060351308,Avellaneda,650,310,5,0
060351307,Avellaneda,589,230,8,0
060350711,Avellaneda,908,359,4,0
060350709,Avellaneda,719,298,7,0
060350710,Avellaneda,911,330,5,0
060350712,Avellaneda,674,262,4,0
060353802,Avellaneda,820,310,5,0
060353806,Avellaneda,834,369,5,0
060353804,Avellaneda,796,310,7,0
060353803,Avellaneda,1051,446,5,0
060351413,Avellaneda,707,282,6,0
060351512,Avellaneda,734,287,6,0
060353807,Avellaneda,544,279,5,0
060350606,Avellaneda,520,206,6,0
060350605,Avellaneda,739,282,6,0
060353805,Avellaneda,929,376,5,0
060350601,Avellaneda,1147,458,8,0
060350603,Avellaneda,1280,454,3,0
060350604,Avellaneda,1278,391,6,0
060350501,Avellaneda,1216,424,12,0
060350602,Avellaneda,1319,450,5,0
060350112,Avellaneda,1909,569,6,0
060353801,Avellaneda,1050,380,7,0
060350815,Avellaneda,1274,458,6,0
060350814,Avellaneda,904,321,5,0
060350813,Avellaneda,1370,448,6,0
060350104,Avellaneda,738,251,5,0
060350103,Avellaneda,656,239,7,0
060350113,Avellaneda,442,145,4,0
060350107,Avellaneda,972,327,6,0
060350106,Avellaneda,830,291,7,0
060350109,Avellaneda,1273,433,5,0
060350802,Avellaneda,448,163,5,0
060350108,Avellaneda,601,236,5,0
060350806,Avellaneda,667,244,5,0
060350805,Avellaneda,312,109,6,0
060350808,Avellaneda,746,249,5,0
060350105,Avellaneda,457,163,5,0
060350807,Avellaneda,570,216,6,0
060350812,Avellaneda,2442,1052,4,0
060350811,Avellaneda,1006,342,8,0
060350706,Avellaneda,1178,418,6,0
060350809,Avellaneda,841,307,5,0
060350810,Avellaneda,745,259,5,0
060350705,Avellaneda,965,351,5,0
060350704,Avellaneda,1000,343,4,0
060350703,Avellaneda,874,331,5,0
060350702,Avellaneda,1098,386,7,0
060350701,Avellaneda,796,279,6,0
060350906,Avellaneda,1059,316,7,0
060350804,Avellaneda,725,317,8,0
060350803,Avellaneda,1037,364,4,0
060350801,Avellaneda,252,98,6,0
060350111,Avellaneda,1110,347,8,0
060350915,Avellaneda,537,137,4,0
060350905,Avellaneda,428,211,6,0
060350907,Avellaneda,836,269,6,0
060350911,Avellaneda,1197,368,5,0
060350910,Avellaneda,1541,478,5,0
060350908,Avellaneda,1920,568,7,0
020282112,CABA,623,272,6,0
060351004,Avellaneda,636,281,4,0
060350909,Avellaneda,982,310,4,0
060351003,Avellaneda,882,378,7,0
060353903,Avellaneda,641,406,6,0
060351105,Avellaneda,1103,529,6,0
060353904,Avellaneda,650,346,4,0
060353906,Avellaneda,725,386,5,0
060353905,Avellaneda,308,175,5,0
060353902,Avellaneda,748,369,4,0
060353901,Avellaneda,560,270,6,0
060353907,Avellaneda,807,344,5,0
060351302,Avellaneda,563,235,6,0
060351301,Avellaneda,708,305,5,0
060351005,Avellaneda,691,253,7,0
060350914,Avellaneda,968,348,6,0
060350912,Avellaneda,753,237,5,0
060350913,Avellaneda,964,315,4,0
060351304,Avellaneda,843,422,6,0
060351303,Avellaneda,743,342,7,0
060351311,Avellaneda,344,152,4,0
060351210,Avellaneda,894,500,4,0
060351211,Avellaneda,730,422,4,0
060351212,Avellaneda,510,304,5,0
060351401,Avellaneda,735,406,7,0
060351404,Avellaneda,899,435,6,0
060351405,Avellaneda,700,360,4,0
060351407,Avellaneda,578,246,6,0
060351408,Avellaneda,923,357,9,0
060351514,Avellaneda,749,304,5,0
060351506,Avellaneda,993,303,4,0
060351403,Avellaneda,890,388,5,0
060351503,Avellaneda,717,364,4,0
060351502,Avellaneda,902,355,3,0
060351402,Avellaneda,542,280,9,0
060351214,Avellaneda,716,274,4,0
060351213,Avellaneda,419,221,5,0
060351206,Avellaneda,483,311,5,0
060351208,Avellaneda,1167,677,7,0
060351209,Avellaneda,263,152,3,0
060353908,Avellaneda,863,461,5,0
060351207,Avellaneda,347,187,4,0
060351113,Avellaneda,111,82,4,0
060351109,Avellaneda,487,294,5,0
060351110,Avellaneda,542,295,4,0
060351112,Avellaneda,417,289,6,0
060351108,Avellaneda,261,144,6,0
060351107,Avellaneda,414,161,4,0
060351201,Avellaneda,754,362,7,0
060351204,Avellaneda,352,171,4,0
060351205,Avellaneda,786,303,15,0
060351501,Avellaneda,763,249,8,0
060353003,Avellaneda,824,336,5,0
060353002,Avellaneda,933,296,2,0
060353001,Avellaneda,1128,413,10,0
060353406,Avellaneda,1073,419,6,0
060351203,Avellaneda,290,126,3,0
060351202,Avellaneda,942,425,6,0
060351102,Avellaneda,985,385,5,0
060353405,Avellaneda,850,335,7,0
020282312,CABA,709,254,3,0
060351101,Avellaneda,545,219,7,0
060351103,Avellaneda,486,188,6,0
060351111,Avellaneda,469,284,5,0
060351106,Avellaneda,721,344,4,0
060351104,Avellaneda,396,282,6,0
060351002,Avellaneda,2244,1168,1,0
020282311,CABA,570,306,4,0
060351001,Avellaneda,1058,358,7,0
020282212,CABA,621,274,4,0
020282211,CABA,738,330,5,0
020282210,CABA,557,292,5,0
020282306,CABA,786,463,8,0
020282310,CABA,999,393,6,0
020282307,CABA,586,264,6,0
020282304,CABA,734,314,6,0
020282303,CABA,583,264,5,0
020282302,CABA,966,475,4,0
020282308,CABA,890,383,7,0
020282301,CABA,1125,389,6,0
020281103,CABA,758,333,5,0
020282309,CABA,456,229,6,0
060353401,Avellaneda,846,399,6,0
060353402,Avellaneda,652,254,3,0
020281109,CABA,243,92,3,0
020281108,CABA,825,415,5,0
020281104,CABA,862,346,4,0
020281102,CABA,634,289,5,0
020281101,CABA,899,335,4,0
020281002,CABA,733,270,3,0
020281105,CABA,774,312,9,0
020281106,CABA,1016,427,5,0
020282801,CABA,428,162,4,0
020282401,CABA,833,287,5,0
020282802,CABA,766,277,7,0
020281008,CABA,1383,522,5,0
020281007,CABA,1121,411,6,0
020281006,CABA,858,367,4,0
020281001,CABA,808,271,11,0
020281003,CABA,401,156,4,0
020282701,CABA,514,372,6,0
020281005,CABA,1273,402,12,0
020282602,CABA,1096,312,4,0
020282601,CABA,1303,402,5,0
020282504,CABA,972,306,5,0
020282511,CABA,521,185,5,0
020282510,CABA,648,222,5,0
020282509,CABA,814,294,8,0
020282807,CABA,657,213,3,0
020282808,CABA,825,275,7,0
020282806,CABA,1034,374,6,0
020282805,CABA,561,200,5,0
020282804,CABA,754,237,5,0
020281009,CABA,554,212,5,0
020281004,CABA,591,246,5,0
020282803,CABA,428,193,5,0
020282403,CABA,356,122,4,0
020282404,CABA,495,176,6,0
020282402,CABA,638,240,7,0
020282405,CABA,523,165,6,0
020282811,CABA,421,148,5,0
020282409,CABA,277,107,7,0
020282407,CABA,378,132,6,0
020282902,CABA,751,264,6,0
020282901,CABA,800,261,5,0
020282809,CABA,588,217,7,0
020282810,CABA,483,161,5,0
020282508,CABA,952,311,4,0
020282503,CABA,684,236,5,0
020282502,CABA,1426,455,8,0
020282506,CABA,976,306,4,0
020282505,CABA,430,153,4,0
020282501,CABA,1063,322,4,0
020282507,CABA,394,141,4,0
020282908,CABA,677,236,3,0
020282906,CABA,544,169,4,0
020282907,CABA,694,251,4,0
020282905,CABA,543,198,6,0
020282904,CABA,366,122,5,0
020282903,CABA,316,120,5,0
020282406,CABA,449,186,5,0
020282408,CABA,305,102,4,0
020281107,CABA,1782,626,10,0
060353503,Avellaneda,764,293,6,0
060353508,Avellaneda,573,235,5,0
060353501,Avellaneda,915,367,8,0
060353504,Avellaneda,833,336,6,0
060353506,Avellaneda,726,278,5,0
064340202,Lanús,886,366,5,0
060353507,Avellaneda,722,275,5,0
064340201,Lanús,816,324,7,0
064340204,Lanús,782,332,4,0
064340205,Lanús,895,418,6,0
064340302,Lanús,1125,484,5,0
064340301,Lanús,1062,439,5,0
064340308,Lanús,803,360,4,0
060353202,Avellaneda,704,304,4,0
060353201,Avellaneda,1021,463,9,0
060353203,Avellaneda,951,440,8,0
060353204,Avellaneda,911,370,6,0
060353206,Avellaneda,521,274,4,0
060353308,Avellaneda,714,333,4,0
060353307,Avellaneda,887,458,5,0
060353306,Avellaneda,805,393,4,0
060353302,Avellaneda,719,337,5,0
060353502,Avellaneda,845,351,4,0
060353409,Avellaneda,660,310,5,0
060353301,Avellaneda,955,379,6,0
060353408,Avellaneda,814,337,6,0
060353403,Avellaneda,627,267,4,0
060353404,Avellaneda,689,314,4,0
060353407,Avellaneda,618,323,7,0
060353304,Avellaneda,808,373,5,0
060353303,Avellaneda,1266,501,5,0
060353305,Avellaneda,504,268,5,0
060353205,Avellaneda,711,332,8,0
060353101,Avellaneda,466,215,4,0
060353105,Avellaneda,1162,429,10,0
064340407,Lanús,628,284,4,0
060353103,Avellaneda,797,372,8,0
060353104,Avellaneda,885,479,1,0
060353102,Avellaneda,658,271,5,0
060353209,Avellaneda,465,240,5,0
060353207,Avellaneda,992,452,5,0
060353208,Avellaneda,825,404,6,0
064340406,Lanús,1025,440,6,0
064340408,Lanús,396,181,5,0
064340409,Lanús,612,271,4,0
064340404,Lanús,588,287,6,0
064341708,Lanús,807,342,6,0
064340410,Lanús,1023,475,5,0
064340506,Lanús,675,283,3,0
064340505,Lanús,1088,388,9,0
060353109,Avellaneda,694,279,4,0
064340501,Lanús,670,314,6,0
064340504,Lanús,862,408,5,0
064340507,Lanús,1131,460,4,0
064340508,Lanús,863,398,4,0
064341606,Lanús,436,182,5,0
064341601,Lanús,858,361,9,0
064341605,Lanús,833,411,5,0
064341604,Lanús,865,437,5,0
064341607,Lanús,1121,491,7,0
064344905,Lanús,1024,489,7,0
064344908,Lanús,540,235,4,0
064344907,Lanús,441,221,4,0
064341508,Lanús,744,391,7,0
064341504,Lanús,485,271,5,0
064344902,Lanús,694,459,5,0
064344903,Lanús,625,331,5,0
064344904,Lanús,478,229,5,0
064344901,Lanús,574,321,5,0
064341501,Lanús,466,253,5,0
064341503,Lanús,644,390,5,0
064341505,Lanús,467,311,4,0
064341506,Lanús,400,297,6,0
064344804,Lanús,348,247,4,0
064344802,Lanús,701,386,5,0
064344803,Lanús,529,301,5,0
064344801,Lanús,365,269,5,0
064345501,Lanús,311,171,8,0
064341502,Lanús,779,502,5,0
064345007,Lanús,533,294,5,0
064345006,Lanús,726,422,4,0
064341603,Lanús,884,482,8,0
064341602,Lanús,833,365,5,0
064341709,Lanús,870,391,4,0
064341710,Lanús,363,186,4,0
064341711,Lanús,686,326,5,0
064341707,Lanús,433,228,7,0
064345001,Lanús,805,363,5,0
064341705,Lanús,829,454,8,0
064341808,Lanús,475,301,5,0
064341807,Lanús,596,325,5,0
064341810,Lanús,569,330,5,0
064345004,Lanús,645,374,5,0
064345003,Lanús,579,334,5,0
064345002,Lanús,328,211,5,0
064345005,Lanús,465,275,6,0
064345008,Lanús,420,230,5,0
064345502,Lanús,611,425,4,0
064345503,Lanús,375,226,5,0
064345504,Lanús,468,272,4,0
064345507,Lanús,570,373,7,0
064345508,Lanús,615,392,3,0
064345509,Lanús,637,382,6,0
064343208,Lanús,582,386,8,0
064343207,Lanús,474,353,4,0
064343202,Lanús,432,310,5,0
064343203,Lanús,503,312,4,0
064343205,Lanús,605,329,5,0
064343201,Lanús,569,317,5,0
064343108,Lanús,496,296,4,0
064343109,Lanús,628,434,5,0
064345505,Lanús,622,449,4,0
064345506,Lanús,611,356,4,0
064343103,Lanús,696,438,6,0
064343107,Lanús,334,179,6,0
064343204,Lanús,429,273,5,0
064345604,Lanús,894,379,7,0
064343106,Lanús,639,319,7,0
064345601,Lanús,759,338,6,0
064343104,Lanús,791,392,7,0
064343102,Lanús,543,268,4,0
064341803,Lanús,402,194,4,0
064343101,Lanús,522,260,6,0
064341809,Lanús,673,356,6,0
064341806,Lanús,662,319,6,0
064341805,Lanús,422,211,6,0
064341804,Lanús,661,270,4,0
064341801,Lanús,543,243,4,0
064341909,Lanús,812,376,5,0
064342011,Lanús,615,292,4,0
064342005,Lanús,880,397,6,0
064341704,Lanús,882,464,6,0
064341703,Lanús,1105,512,6,0
064341706,Lanús,700,404,6,0
064341702,Lanús,779,364,4,0
064340403,Lanús,817,414,8,0
064341701,Lanús,697,342,5,0
064342004,Lanús,442,227,4,0
064340402,Lanús,839,333,7,0
064340405,Lanús,653,264,5,0
064340401,Lanús,1013,422,5,0
064340310,Lanús,951,405,4,0
064340309,Lanús,1063,427,4,0
064340306,Lanús,922,381,4,0
064340307,Lanús,988,446,5,0
064340305,Lanús,1038,462,6,0
064342003,Lanús,1099,487,6,0
064342002,Lanús,897,391,4,0
064340304,Lanús,1030,440,4,0
064340303,Lanús,976,439,5,0
064342001,Lanús,758,388,6,0
064342006,Lanús,392,158,6,0
064342007,Lanús,578,255,6,0
064342102,Lanús,675,283,6,0
064342103,Lanús,747,286,7,0
064342105,Lanús,670,288,4,0
064342106,Lanús,563,238,4,0
064342107,Lanús,581,222,5,0
064342110,Lanús,571,232,5,0
064342111,Lanús,589,232,6,0
064342104,Lanús,642,274,5,0
064342008,Lanús,920,381,6,0
064341904,Lanús,953,411,7,0
064341902,Lanús,646,299,4,0
064341901,Lanús,999,408,8,0
064341911,Lanús,511,190,4,0
064341903,Lanús,956,392,6,0
064342901,Lanús,1132,426,4,0
064341906,Lanús,996,456,5,0
064341910,Lanús,536,251,5,0
064341905,Lanús,460,207,5,0
064342009,Lanús,696,322,5,0
064342010,Lanús,764,351,5,0
064341908,Lanús,793,318,5,0
064341802,Lanús,746,305,6,0
064341907,Lanús,1051,442,5,0
064343005,Lanús,915,397,7,0
064343004,Lanús,1038,451,5,0
064343006,Lanús,1017,439,6,0
064343007,Lanús,976,446,6,0
064343008,Lanús,886,436,5,0
064343105,Lanús,724,350,5,0
064343304,Lanús,787,409,6,0
064343003,Lanús,808,346,4,0
064343009,Lanús,786,352,5,0
064343303,Lanús,914,386,4,0
064343302,Lanús,1088,461,7,0
064343402,Lanús,885,345,6,0
064343001,Lanús,633,264,8,0
064342905,Lanús,760,317,5,0
064343002,Lanús,628,283,5,0
064342902,Lanús,1136,470,4,0
064342903,Lanús,852,376,5,0
064342904,Lanús,855,356,6,0
064342908,Lanús,823,318,6,0
064342909,Lanús,989,397,6,0
064342906,Lanús,808,317,6,0
064342907,Lanús,990,368,4,0
064343301,Lanús,860,362,5,0
064343401,Lanús,750,272,5,0
064343408,Lanús,466,152,5,0
064343409,Lanús,462,210,5,0
064342809,Lanús,1143,446,7,0
064342810,Lanús,1234,427,4,0
064342811,Lanús,822,289,5,0
064342812,Lanús,864,297,4,0
064342806,Lanús,1064,373,6,0
064342911,Lanús,631,235,4,0
064342808,Lanús,1545,550,7,0
064342910,Lanús,595,229,5,0
064342707,Lanús,761,255,6,0
064342706,Lanús,931,328,5,0
064342705,Lanús,518,183,6,0
064342408,Lanús,645,206,7,0
064342409,Lanús,688,243,6,0
064342704,Lanús,1205,430,5,0
064342703,Lanús,1147,424,6,0
064342702,Lanús,968,401,5,0
064342701,Lanús,784,282,7,0
064342410,Lanús,596,236,5,0
064342112,Lanús,916,353,7,0
064342109,Lanús,528,208,5,0
064342108,Lanús,641,263,4,0
064345109,Lanús,968,346,5,0
064342113,Lanús,969,360,6,0
064342404,Lanús,557,194,6,0
064342405,Lanús,479,175,5,0
064342406,Lanús,537,180,4,0
064342407,Lanús,382,124,4,0
064342403,Lanús,664,212,7,0
064342401,Lanús,639,194,3,0
064345106,Lanús,1271,419,11,0
064345105,Lanús,427,142,4,0
064345104,Lanús,128,40,3,0
064345103,Lanús,773,256,5,0
064342205,Lanús,959,331,6,0
064342204,Lanús,700,245,7,0
064342203,Lanús,860,292,4,0
064342201,Lanús,1289,426,8,0
064342206,Lanús,669,268,5,0
064342207,Lanús,1135,385,3,0
064340108,Lanús,917,330,6,0
064340107,Lanús,900,373,6,0
064340109,Lanús,887,405,4,0
064342208,Lanús,806,288,11,0
064345102,Lanús,749,239,7,0
064345101,Lanús,937,308,4,0
064345107,Lanús,636,259,5,0
064345108,Lanús,1015,408,7,0
064340208,Lanús,480,207,4,0
064340209,Lanús,638,323,5,0
064342101,Lanús,991,387,8,0
064340211,Lanús,876,428,6,0
064340212,Lanús,857,383,5,0
064340206,Lanús,912,424,5,0
064340203,Lanús,851,401,6,0
064340210,Lanús,767,429,4,0
064340207,Lanús,727,394,6,0
064340104,Lanús,936,384,4,0
064340103,Lanús,761,315,5,0
060353509,Avellaneda,581,216,6,0
060353505,Avellaneda,951,294,4,0
064340102,Lanús,782,301,6,0
064340106,Lanús,1008,392,7,0
064340105,Lanús,949,385,5,0
064340111,Lanús,937,451,5,0
064340110,Lanús,923,439,4,0
064340112,Lanús,733,252,3,0
020280901,CABA,1149,442,5,0
020280902,CABA,957,432,7,0
020280903,CABA,755,319,4,0
064340113,Lanús,604,200,8,0
020280907,CABA,1569,563,6,0
020280905,CABA,685,275,6,0
020280906,CABA,692,285,3,0
020280209,CABA,831,281,4,0
020280904,CABA,646,238,6,0
020282512,CABA,964,316,6,0
020282603,CABA,903,279,7,0
020280210,CABA,1260,407,7,0
020280510,CABA,1020,402,6,0
020280511,CABA,1026,391,4,0
020280208,CABA,650,300,6,0
020280205,CABA,633,265,5,0
020280206,CABA,732,293,5,0
020280207,CABA,1191,432,6,0
020280410,CABA,677,308,5,0
020280411,CABA,1105,528,6,0
020280203,CABA,1154,523,9,0
020280204,CABA,835,306,4,0
064340101,Lanús,931,386,4,0
020280110,CABA,527,203,5,0
020280111,CABA,531,235,4,0
020280114,CABA,508,178,9,0
020280112,CABA,588,269,6,0
020280109,CABA,781,276,5,0
020280202,CABA,901,438,4,0
020280201,CABA,828,365,4,0
020280313,CABA,1046,727,9,0
020280312,CABA,977,391,4,0
020280103,CABA,614,214,9,0
020280108,CABA,765,248,7,0
020280104,CABA,781,248,9,0
020280102,CABA,900,303,3,0
020280101,CABA,804,298,6,0
020491810,CABA,184,57,4,0
020491809,CABA,193,60,7,0
020491808,CABA,204,61,3,0
020491807,CABA,603,165,7,0
020491813,CABA,407,108,5,0
020491805,CABA,311,96,4,0
020491811,CABA,70,23,4,0
020491806,CABA,416,111,11,0
020280105,CABA,746,221,4,0
020280106,CABA,399,125,3,0
020561410,CABA,958,359,4,0
020561409,CABA,1070,363,6,0
020561408,CABA,777,318,4,0
020561305,CABA,1022,354,3,0
020561306,CABA,685,268,3,0
020561307,CABA,837,271,7,0
020280107,CABA,515,180,5,0
020280113,CABA,341,167,5,0
020561308,CABA,845,367,6,0
064342202,Lanús,1060,337,4,0
064342301,Lanús,1200,379,7,0
064342304,Lanús,878,324,4,0
064342305,Lanús,1153,325,4,0
064345208,Lanús,964,334,4,0
064345207,Lanús,866,276,5,0
064345206,Lanús,914,276,4,0
064342306,Lanús,727,243,5,0
064342303,Lanús,1328,381,6,0
064342302,Lanús,1114,388,3,0
064342307,Lanús,1201,409,5,0
064345203,Lanús,701,208,8,0
064345204,Lanús,997,307,3,0
064345201,Lanús,1496,497,3,0
064345202,Lanús,479,436,7,0
020561302,CABA,452,138,4,0
020561303,CABA,1020,376,6,0
020561304,CABA,1481,526,8,0
020561610,CABA,1082,359,7,0
020561609,CABA,948,318,4,0
020561608,CABA,799,284,4,0
020561301,CABA,503,186,16,0
020561607,CABA,1040,299,3,0
020561606,CABA,785,270,5,0
020561605,CABA,1109,373,5,0
020561604,CABA,817,329,5,0
020561603,CABA,1102,320,5,0
020561602,CABA,710,245,4,0
020561601,CABA,1025,324,5,0
020561510,CABA,2082,736,9,0
020561406,CABA,856,293,5,0
020561407,CABA,1054,363,5,0
020561405,CABA,1217,462,5,0
020491801,CABA,235,71,9,0
020491812,CABA,39,13,4,0
020491803,CABA,249,71,7,0
020491804,CABA,279,90,5,0
020491906,CABA,1306,395,4,0
020491905,CABA,1000,297,6,0
020491802,CABA,208,60,5,0
020491707,CABA,237,68,5,0
020491709,CABA,198,61,4,0
020491708,CABA,105,36,5,0
020491713,CABA,68,20,5,0
020491706,CABA,256,89,5,0
020491705,CABA,86,35,5,0
020491702,CABA,256,72,6,0
020491703,CABA,108,32,4,0
020491712,CABA,115,28,4,0
020491710,CABA,267,78,7,0
020491704,CABA,178,83,5,0
020491711,CABA,87,24,3,0
020491701,CABA,1010,275,10,0
020491510,CABA,1075,382,9,0
020561411,CABA,1426,439,3,0
020561404,CABA,1997,610,11,0
020561509,CABA,1087,368,6,0
020561508,CABA,996,297,4,0
020561507,CABA,962,296,4,0
020561506,CABA,1025,320,5,0
020561504,CABA,874,251,4,0
020561503,CABA,1613,505,8,0
020561516,CABA,596,206,5,0
020561514,CABA,975,354,5,0
020561505,CABA,998,316,4,0
020561403,CABA,1151,352,6,0
020561402,CABA,892,258,2,0
020561401,CABA,1428,406,6,0
020561519,CABA,907,308,3,0
020561515,CABA,1505,412,7,0
020561517,CABA,624,197,5,0
020491511,CABA,1056,407,3,0
020491508,CABA,790,344,4,0
020491509,CABA,1048,414,4,0
020491501,CABA,906,309,7,0
020631301,CABA,904,478,4,0
020631304,CABA,963,351,6,0
020631303,CABA,1058,521,5,0
020631212,CABA,713,258,5,0
020631305,CABA,1403,448,5,0
020631306,CABA,1206,435,4,0
020631404,CABA,902,285,9,0
020631412,CABA,729,208,5,0
020631406,CABA,555,293,4,0
020631410,CABA,701,214,7,0
020561701,CABA,706,298,7,0
020561703,CABA,492,271,4,0
020561704,CABA,656,330,3,0
020561705,CABA,1465,659,6,0
020631307,CABA,1545,493,7,0
020560607,CABA,958,334,8,0
020561702,CABA,379,166,6,0
020560601,CABA,774,320,5,0
020560602,CABA,1036,436,4,0
020560606,CABA,1161,412,5,0
020560605,CABA,1082,429,5,0
020560703,CABA,846,254,4,0
020560702,CABA,1406,432,8,0
020560608,CABA,788,318,4,0
020560609,CABA,936,356,6,0
020560610,CABA,906,334,4,0
020560701,CABA,1424,407,6,0
020560611,CABA,777,258,4,0
020560711,CABA,954,299,4,0
020560710,CABA,1067,321,4,0
020560713,CABA,1623,491,5,0
020560712,CABA,1683,451,7,0
020561806,CABA,935,297,5,0
020561807,CABA,797,238,7,0
020560709,CABA,1275,386,5,0
020560714,CABA,1361,391,4,0
020560708,CABA,1766,513,6,0
020560704,CABA,1547,496,7,0
020560715,CABA,986,319,3,0
020560706,CABA,1399,406,4,0
020560707,CABA,1542,488,4,0
020561808,CABA,641,169,6,0
020560705,CABA,1178,373,5,0
020560716,CABA,748,279,5,0
020561809,CABA,1184,362,4,0
020561803,CABA,342,115,6,0
020561801,CABA,579,179,11,0
020561804,CABA,597,184,4,0
020561805,CABA,422,161,6,0
020561802,CABA,586,187,3,0
020561511,CABA,656,186,18,0
020561512,CABA,808,230,3,0
020561501,CABA,1008,305,4,0
020561518,CABA,915,294,5,0
020561502,CABA,1222,398,6,0
020561513,CABA,678,211,6,0
020561310,CABA,953,352,3,0
020561309,CABA,1095,393,2,0
020561311,CABA,893,301,2,0
020561207,CABA,1000,379,8,0
020561104,CABA,1764,715,2,0
020561105,CABA,1166,473,5,0
020561008,CABA,1208,393,10,0
020561103,CABA,2490,1017,5,0
020561007,CABA,1864,728,5,0
020561101,CABA,2779,1063,6,0
020561004,CABA,2321,868,5,0
020561005,CABA,1902,859,4,0
020561006,CABA,1681,665,5,0
020561003,CABA,1203,483,7,0
020560810,CABA,1022,379,6,0
020560809,CABA,844,322,5,0
020560811,CABA,773,312,5,0
020560909,CABA,1048,442,5,0
020561002,CABA,746,260,7,0
020561203,CABA,1049,402,5,0
020561202,CABA,1121,428,4,0
020561205,CABA,941,419,4,0
020561204,CABA,1975,686,5,0
020561001,CABA,779,295,5,0
020561102,CABA,2067,781,6,0
020561206,CABA,826,289,5,0
064271703,La Matanza,4533,1180,7,0
064271803,La Matanza,928,312,6,0
064271802,La Matanza,1075,344,3,0
064271705,La Matanza,1947,524,5,0
064271804,La Matanza,690,214,4,0
064271801,La Matanza,702,250,15,0
064903706,Lomas de Zamora,1490,431,5,0
064903701,Lomas de Zamora,1169,392,6,0
064903705,Lomas de Zamora,938,277,6,0
064903702,Lomas de Zamora,1187,372,6,0
064900115,Lomas de Zamora,351,85,10,0
064900101,Lomas de Zamora,1650,580,7,0
064900205,Lomas de Zamora,1320,403,6,0
064900114,Lomas de Zamora,793,241,4,0
064900207,Lomas de Zamora,1418,441,5,0
064900204,Lomas de Zamora,2030,579,7,0
064900113,Lomas de Zamora,933,276,5,0
064900203,Lomas de Zamora,1734,511,6,0
064900404,Lomas de Zamora,1306,398,5,0
064900208,Lomas de Zamora,2074,637,7,0
064900402,Lomas de Zamora,1269,409,6,0
064900401,Lomas de Zamora,1217,424,5,0
064900209,Lomas de Zamora,1493,441,5,0
064900202,Lomas de Zamora,2280,712,7,0
064900201,Lomas de Zamora,1625,468,4,0
064345411,Lanús,1027,279,5,0
064342609,Lanús,795,206,5,0
064900108,Lomas de Zamora,1179,341,6,0
064900107,Lomas de Zamora,1786,523,7,0
064900106,Lomas de Zamora,1132,338,6,0
064900105,Lomas de Zamora,892,221,4,0
064900110,Lomas de Zamora,310,81,5,0
064900109,Lomas de Zamora,1166,343,4,0
064900111,Lomas de Zamora,1317,389,5,0
064900112,Lomas de Zamora,1124,338,6,0
064900102,Lomas de Zamora,1064,318,4,0
064900104,Lomas de Zamora,419,125,6,0
064900103,Lomas de Zamora,1283,468,6,0
064342603,Lanús,592,162,5,0
064342602,Lanús,519,153,3,0
064342601,Lanús,592,184,8,0
064342605,Lanús,554,211,8,0
064342604,Lanús,923,302,5,0
064342606,Lanús,643,224,5,0
064342607,Lanús,1437,428,7,0
064342608,Lanús,272,97,5,0
064342610,Lanús,487,188,7,0
064342611,Lanús,988,268,4,0
064342612,Lanús,1594,450,8,0
064345406,Lanús,774,241,5,0
064345401,Lanús,917,266,6,0
064345305,Lanús,682,260,7,0
064345304,Lanús,664,226,3,0
064345303,Lanús,527,201,4,0
064345302,Lanús,657,289,5,0
064345301,Lanús,1273,461,5,0
064342504,Lanús,730,252,5,0
064342503,Lanús,802,282,5,0
064345205,Lanús,946,306,6,0
064342506,Lanús,812,297,4,0
064342505,Lanús,654,237,5,0
064342508,Lanús,803,272,7,0
064342509,Lanús,687,238,4,0
064342502,Lanús,700,250,5,0
064342501,Lanús,676,235,5,0
064342402,Lanús,443,150,5,0
064342507,Lanús,841,283,5,0
064345306,Lanús,699,251,6,0
064345308,Lanús,835,271,6,0
064345309,Lanús,884,301,4,0
064345307,Lanús,944,339,6,0
064342708,Lanús,905,333,6,0
064342801,Lanús,1334,449,5,0
064342709,Lanús,961,349,5,0
064345403,Lanús,549,187,7,0
064345402,Lanús,1081,299,6,0
064345405,Lanús,793,246,5,0
064345404,Lanús,773,220,6,0
064345407,Lanús,928,268,4,0
064345408,Lanús,889,279,6,0
064345409,Lanús,1423,430,5,0
064345410,Lanús,1335,393,6,0
064342710,Lanús,1570,499,7,0
064342803,Lanús,1444,467,5,0
064900210,Lomas de Zamora,1639,472,6,0
064900313,Lomas de Zamora,1073,370,5,0
064900301,Lomas de Zamora,1435,438,5,0
064900302,Lomas de Zamora,1237,403,6,0
064342804,Lanús,988,333,5,0
064342802,Lanús,1182,376,5,0
064342807,Lanús,812,276,5,0
064342805,Lanús,839,302,6,0
064342814,Lanús,835,288,6,0
064342813,Lanús,719,263,4,0
064900303,Lomas de Zamora,1617,537,8,0
064900306,Lomas de Zamora,1109,341,7,0
064900307,Lomas de Zamora,851,276,5,0
064900314,Lomas de Zamora,919,273,4,0
064900304,Lomas de Zamora,612,197,3,0
064900305,Lomas de Zamora,1434,506,6,0
064900502,Lomas de Zamora,924,298,5,0
064900504,Lomas de Zamora,950,304,6,0
064900506,Lomas de Zamora,1002,336,5,0
064905302,Lomas de Zamora,1159,339,6,0
064900503,Lomas de Zamora,803,255,5,0
064900308,Lomas de Zamora,840,295,6,0
064905301,Lomas de Zamora,1526,476,7,0
064905305,Lomas de Zamora,1109,335,5,0
064905306,Lomas de Zamora,1162,350,5,0
064905207,Lomas de Zamora,924,278,5,0
064905206,Lomas de Zamora,872,257,7,0
064900309,Lomas de Zamora,1171,388,8,0
064900310,Lomas de Zamora,900,354,6,0
064900312,Lomas de Zamora,1563,503,7,0
064900311,Lomas de Zamora,498,200,5,0
064900315,Lomas de Zamora,850,267,3,0
064900408,Lomas de Zamora,1483,410,7,0
064900407,Lomas de Zamora,1879,535,7,0
064905202,Lomas de Zamora,1367,414,4,0
064900406,Lomas de Zamora,1372,391,5,0
064900403,Lomas de Zamora,972,302,6,0
064900405,Lomas de Zamora,1343,395,8,0
064905201,Lomas de Zamora,3155,923,7,0
064903503,Lomas de Zamora,1936,552,6,0
064903504,Lomas de Zamora,1739,498,7,0
064906201,Lomas de Zamora,885,264,4,0
064906202,Lomas de Zamora,797,263,8,0
064905209,Lomas de Zamora,1082,336,4,0
064905204,Lomas de Zamora,859,285,5,0
064905203,Lomas de Zamora,1093,331,8,0
064905205,Lomas de Zamora,790,246,4,0
064905208,Lomas de Zamora,1006,334,5,0
064905307,Lomas de Zamora,1545,480,6,0
064903201,Lomas de Zamora,1654,465,5,0
064903302,Lomas de Zamora,1140,379,4,0
064903301,Lomas de Zamora,963,294,5,0
064906203,Lomas de Zamora,607,191,4,0
064906204,Lomas de Zamora,678,199,5,0
064906205,Lomas de Zamora,1125,451,7,0
064906206,Lomas de Zamora,659,270,6,0
064906210,Lomas de Zamora,887,283,4,0
064903305,Lomas de Zamora,1881,548,7,0
064903304,Lomas de Zamora,1053,311,5,0
064903303,Lomas de Zamora,2213,652,8,0
064903310,Lomas de Zamora,1806,560,5,0
064903311,Lomas de Zamora,1002,278,5,0
064903309,Lomas de Zamora,1706,478,5,0
064903206,Lomas de Zamora,1005,280,4,0
064903205,Lomas de Zamora,1226,368,4,0
064903204,Lomas de Zamora,1368,378,4,0
064903203,Lomas de Zamora,1629,490,5,0
064903202,Lomas de Zamora,942,304,4,0
064903211,Lomas de Zamora,1033,325,7,0
064903210,Lomas de Zamora,1488,443,6,0
064902901,Lomas de Zamora,1393,446,6,0
064900715,Lomas de Zamora,1102,336,6,0
064905405,Lomas de Zamora,836,406,6,0
064905402,Lomas de Zamora,1053,450,4,0
064905403,Lomas de Zamora,1100,403,6,0
064905404,Lomas de Zamora,1006,378,3,0
064905308,Lomas de Zamora,1653,503,7,0
064905304,Lomas de Zamora,1661,522,5,0
064905401,Lomas de Zamora,1129,391,6,0
064905303,Lomas de Zamora,918,290,5,0
064900508,Lomas de Zamora,1606,529,6,0
064905406,Lomas de Zamora,1194,423,7,0
064900608,Lomas de Zamora,838,279,5,0
064905407,Lomas de Zamora,789,306,5,0
064900714,Lomas de Zamora,880,315,4,0
064900713,Lomas de Zamora,543,196,8,0
064900712,Lomas de Zamora,1069,368,6,0
064900711,Lomas de Zamora,818,281,5,0
064902803,Lomas de Zamora,1185,439,6,0
064902801,Lomas de Zamora,976,330,6,0
064902902,Lomas de Zamora,1332,460,6,0
064902903,Lomas de Zamora,1061,326,5,0
064902802,Lomas de Zamora,686,230,5,0
064902808,Lomas de Zamora,675,241,5,0
064902908,Lomas de Zamora,1300,452,4,0
064902909,Lomas de Zamora,1330,446,6,0
064902910,Lomas de Zamora,970,383,5,0
064902911,Lomas de Zamora,1595,587,6,0
064902809,Lomas de Zamora,961,338,5,0
064902807,Lomas de Zamora,673,273,4,0
064902806,Lomas de Zamora,1286,471,5,0
064902810,Lomas de Zamora,1252,482,4,0
064902702,Lomas de Zamora,1529,536,6,0
064902704,Lomas de Zamora,810,361,6,0
064902705,Lomas de Zamora,1335,490,7,0
064902711,Lomas de Zamora,1606,535,5,0
064902714,Lomas de Zamora,781,294,5,0
064902707,Lomas de Zamora,1019,392,6,0
064902710,Lomas de Zamora,757,278,4,0
064902709,Lomas de Zamora,1474,494,5,0
064903010,Lomas de Zamora,1325,445,5,0
064902706,Lomas de Zamora,1190,449,7,0
064902701,Lomas de Zamora,4647,1456,8,0
064903011,Lomas de Zamora,612,241,7,0
064903006,Lomas de Zamora,1241,403,5,0
064903008,Lomas de Zamora,1124,382,5,0
064903009,Lomas de Zamora,1057,359,6,0
064902708,Lomas de Zamora,1291,447,5,0
064903007,Lomas de Zamora,1164,383,4,0
064903004,Lomas de Zamora,996,321,6,0
064903003,Lomas de Zamora,1220,399,5,0
064903002,Lomas de Zamora,1644,486,5,0
064903112,Lomas de Zamora,1415,411,5,0
064903108,Lomas de Zamora,608,190,4,0
064903109,Lomas de Zamora,1183,365,7,0
064903001,Lomas de Zamora,1066,336,4,0
064903110,Lomas de Zamora,916,341,6,0
064903005,Lomas de Zamora,918,311,5,0
064902907,Lomas de Zamora,1590,495,5,0
064902905,Lomas de Zamora,1396,394,6,0
064902906,Lomas de Zamora,2081,579,8,0
064902904,Lomas de Zamora,1381,449,6,0
064903209,Lomas de Zamora,1044,352,5,0
064903208,Lomas de Zamora,680,213,4,0
064903207,Lomas de Zamora,1271,388,7,0
064903213,Lomas de Zamora,1132,317,5,0
064903102,Lomas de Zamora,1068,320,5,0
064903101,Lomas de Zamora,1064,309,6,0
064903212,Lomas de Zamora,1242,355,5,0
064906102,Lomas de Zamora,1101,336,5,0
064903104,Lomas de Zamora,1600,446,6,0
064906103,Lomas de Zamora,2150,612,6,0
064906107,Lomas de Zamora,1304,340,6,0
064906106,Lomas de Zamora,1031,290,5,0
064906108,Lomas de Zamora,1611,430,5,0
064906611,Lomas de Zamora,1121,339,6,0
064903106,Lomas de Zamora,1217,346,3,0
064903111,Lomas de Zamora,1025,268,6,0
064903105,Lomas de Zamora,1543,451,6,0
064903103,Lomas de Zamora,1626,468,5,0
064903107,Lomas de Zamora,1905,554,6,0
064904101,Lomas de Zamora,29,9,11,0
064906604,Lomas de Zamora,1336,413,4,0
064906605,Lomas de Zamora,1490,447,5,0
064906610,Lomas de Zamora,787,261,6,0
064906608,Lomas de Zamora,1087,306,5,0
064906109,Lomas de Zamora,1367,376,4,0
064906609,Lomas de Zamora,1717,439,4,0
064904014,Lomas de Zamora,1494,459,7,0
064906606,Lomas de Zamora,1046,323,7,0
064906607,Lomas de Zamora,1586,486,4,0
064904013,Lomas de Zamora,1865,507,5,0
064906513,Lomas de Zamora,1928,552,5,0
064903404,Lomas de Zamora,1618,408,5,0
064906405,Lomas de Zamora,1524,414,8,0
064906404,Lomas de Zamora,1211,386,5,0
064906402,Lomas de Zamora,951,254,5,0
064906406,Lomas de Zamora,1943,517,5,0
064903402,Lomas de Zamora,1692,480,5,0
064903403,Lomas de Zamora,1416,408,5,0
064906407,Lomas de Zamora,1384,405,5,0
064906408,Lomas de Zamora,912,278,6,0
064903401,Lomas de Zamora,1608,490,7,0
064903405,Lomas de Zamora,1221,368,6,0
064903407,Lomas de Zamora,1543,452,6,0
064906104,Lomas de Zamora,1004,301,5,0
064903406,Lomas de Zamora,1320,385,4,0
064906101,Lomas de Zamora,1286,403,11,0
064906105,Lomas de Zamora,1277,372,4,0
064903308,Lomas de Zamora,1448,422,4,0
064903306,Lomas de Zamora,1432,435,6,0
064903307,Lomas de Zamora,1388,407,5,0
064906211,Lomas de Zamora,733,332,6,0
064906209,Lomas de Zamora,928,270,5,0
064906208,Lomas de Zamora,690,265,6,0
064906212,Lomas de Zamora,1311,354,4,0
064906213,Lomas de Zamora,1357,372,5,0
064906214,Lomas de Zamora,1164,339,7,0
064906216,Lomas de Zamora,1192,354,4,0
064906215,Lomas de Zamora,1018,290,5,0
064903512,Lomas de Zamora,1409,431,7,0
064903511,Lomas de Zamora,1377,413,6,0
064903610,Lomas de Zamora,1639,490,7,0
064903611,Lomas de Zamora,1202,382,5,0
064903510,Lomas de Zamora,1137,328,4,0
064903509,Lomas de Zamora,1444,447,9,0
064903508,Lomas de Zamora,1404,395,6,0
064906207,Lomas de Zamora,651,304,4,0
064903507,Lomas de Zamora,1182,338,5,0
064903506,Lomas de Zamora,1311,419,6,0
064903505,Lomas de Zamora,1284,404,3,0
064903612,Lomas de Zamora,1339,385,5,0
064903602,Lomas de Zamora,1741,545,4,0
064903502,Lomas de Zamora,987,295,5,0
064903501,Lomas de Zamora,1229,388,6,0
064900206,Lomas de Zamora,1419,433,6,0
064903601,Lomas de Zamora,1314,403,5,0
064903703,Lomas de Zamora,788,244,5,0
064903704,Lomas de Zamora,1234,353,5,0
064903603,Lomas de Zamora,868,263,4,0
064903604,Lomas de Zamora,1262,367,6,0
064903605,Lomas de Zamora,1143,363,5,0
064903708,Lomas de Zamora,881,283,5,0
064903709,Lomas de Zamora,742,233,5,0
064903707,Lomas de Zamora,1123,305,5,0
064906301,Lomas de Zamora,1697,490,5,0
064906302,Lomas de Zamora,1648,524,7,0
064906305,Lomas de Zamora,794,248,5,0
064906304,Lomas de Zamora,1161,336,6,0
064906303,Lomas de Zamora,963,272,5,0
064903606,Lomas de Zamora,965,286,6,0
064903513,Lomas de Zamora,1228,374,6,0
064903609,Lomas de Zamora,1208,327,5,0
064906401,Lomas de Zamora,1294,373,7,0
064903608,Lomas de Zamora,995,328,5,0
064903607,Lomas de Zamora,1191,359,5,0
064903802,Lomas de Zamora,1352,405,5,0
064903804,Lomas de Zamora,904,317,7,0
064903806,Lomas de Zamora,1506,457,5,0
064903803,Lomas de Zamora,564,175,5,0
064903801,Lomas de Zamora,517,169,4,0
064906308,Lomas de Zamora,1797,543,7,0
064906306,Lomas de Zamora,997,290,4,0
064906307,Lomas de Zamora,1389,425,5,0
064271817,La Matanza,777,221,5,0
064903805,Lomas de Zamora,1263,367,5,0
064903807,Lomas de Zamora,1160,329,5,0
064903809,Lomas de Zamora,758,228,6,0
064903810,Lomas de Zamora,887,261,8,0
064271823,La Matanza,965,312,9,0
064271829,La Matanza,657,182,7,0
064903811,Lomas de Zamora,1057,294,7,0
064271828,La Matanza,242,76,3,0
064271827,La Matanza,386,127,4,0
064271822,La Matanza,683,209,4,0
064271821,La Matanza,776,233,5,0
064271819,La Matanza,489,144,3,0
064271820,La Matanza,636,204,6,0
064903904,Lomas de Zamora,694,198,5,0
064271824,La Matanza,688,227,6,0
064271825,La Matanza,544,180,4,0
064271826,La Matanza,602,194,6,0
064271830,La Matanza,938,285,7,0
064906504,Lomas de Zamora,1773,514,6,0
064906501,Lomas de Zamora,1806,553,3,0
064903908,Lomas de Zamora,1623,476,4,0
064903909,Lomas de Zamora,622,356,7,0
064903907,Lomas de Zamora,1339,399,5,0
064903905,Lomas de Zamora,1249,319,4,0
064903906,Lomas de Zamora,1008,289,3,0
064906502,Lomas de Zamora,1222,411,4,0
064906503,Lomas de Zamora,1542,477,4,0
064904001,Lomas de Zamora,1054,337,5,0
064904004,Lomas de Zamora,522,177,6,0
064904010,Lomas de Zamora,776,209,5,0
064906506,Lomas de Zamora,1378,383,8,0
064906505,Lomas de Zamora,1166,373,6,0
064903911,Lomas de Zamora,1047,308,6,0
064903910,Lomas de Zamora,1364,437,5,0
064906509,Lomas de Zamora,1131,317,5,0
064906510,Lomas de Zamora,1058,321,5,0
064903912,Lomas de Zamora,1229,352,8,0
064903812,Lomas de Zamora,1259,362,6,0
064903808,Lomas de Zamora,835,274,4,0
064906403,Lomas de Zamora,1250,374,7,0
064906511,Lomas de Zamora,1173,323,6,0
064906512,Lomas de Zamora,1510,396,5,0
064906507,Lomas de Zamora,974,271,6,0
064906508,Lomas de Zamora,2003,548,5,0
064904011,Lomas de Zamora,993,282,6,0
064904012,Lomas de Zamora,840,216,5,0
064904009,Lomas de Zamora,1623,441,7,0
064906602,Lomas de Zamora,1494,425,8,0
064904007,Lomas de Zamora,751,221,4,0
064904008,Lomas de Zamora,810,319,5,0
064904005,Lomas de Zamora,396,141,5,0
064904003,Lomas de Zamora,567,169,5,0
064904002,Lomas de Zamora,1122,353,2,0
064904006,Lomas de Zamora,776,201,6,0
064906601,Lomas de Zamora,1555,470,6,0
064906603,Lomas de Zamora,1033,285,4,0
064275117,La Matanza,1204,407,3,0
064903903,Lomas de Zamora,714,240,3,0
064903902,Lomas de Zamora,655,206,4,0
064903901,Lomas de Zamora,755,225,2,0
064271831,La Matanza,238,77,17,0
064275105,La Matanza,1262,445,8,0
064275101,La Matanza,815,275,4,0
064271903,La Matanza,900,331,6,0
064271911,La Matanza,525,245,4,0
064271901,La Matanza,575,255,5,0
064271907,La Matanza,1050,412,5,0
064271908,La Matanza,1171,449,4,0
064271909,La Matanza,1324,470,6,0
064272004,La Matanza,1210,458,5,0
064272005,La Matanza,964,337,5,0
064271311,La Matanza,550,280,4,0
064271315,La Matanza,287,136,6,0
064271308,La Matanza,741,314,7,0
064271314,La Matanza,245,120,5,0
064272003,La Matanza,1039,403,6,0
064272002,La Matanza,791,262,4,0
064272001,La Matanza,979,292,12,0
064271902,La Matanza,793,277,4,0
064273906,La Matanza,890,306,7,0
064272113,La Matanza,1027,387,4,0
064272112,La Matanza,1233,434,7,0
064271310,La Matanza,602,222,7,0
064272109,La Matanza,451,266,4,0
064272108,La Matanza,503,242,6,0
064272107,La Matanza,980,333,6,0
064272203,La Matanza,2502,794,5,0
064271013,La Matanza,601,215,5,0
064271011,La Matanza,506,258,5,0
064271010,La Matanza,674,262,5,0
064271007,La Matanza,984,445,7,0
064272106,La Matanza,395,191,4,0
064272105,La Matanza,715,249,5,0
064272104,La Matanza,827,287,5,0
064271108,La Matanza,1196,406,9,0
064271107,La Matanza,881,376,6,0
064271106,La Matanza,542,233,4,0
064271109,La Matanza,960,373,5,0
064272101,La Matanza,767,258,4,0
064272103,La Matanza,801,301,4,0
064272110,La Matanza,711,265,7,0
064272111,La Matanza,716,280,4,0
064271309,La Matanza,665,274,4,0
064271305,La Matanza,688,303,4,0
064271313,La Matanza,677,281,5,0
064271306,La Matanza,633,298,7,0
064271418,La Matanza,713,402,6,0
064271312,La Matanza,426,233,4,0
064271303,La Matanza,225,143,5,0
064271304,La Matanza,1108,383,8,0
064271210,La Matanza,1195,424,5,0
064272102,La Matanza,739,273,5,0
064271110,La Matanza,656,252,5,0
064271105,La Matanza,752,290,6,0
064271112,La Matanza,562,212,5,0
064271111,La Matanza,689,285,6,0
064271209,La Matanza,858,298,6,0
064271208,La Matanza,1069,358,4,0
064271207,La Matanza,1055,372,4,0
064271206,La Matanza,960,415,4,0
064271211,La Matanza,1443,468,5,0
064271201,La Matanza,756,289,7,0
064271213,La Matanza,374,154,4,0
064271205,La Matanza,934,369,9,0
064271204,La Matanza,1302,381,3,0
064271423,La Matanza,710,311,7,0
064271301,La Matanza,1043,463,7,0
064271302,La Matanza,1021,411,5,0
064271417,La Matanza,747,308,6,0
064272015,La Matanza,770,327,12,0
064271613,La Matanza,530,166,6,0
064272013,La Matanza,211,79,3,0
064272014,La Matanza,151,81,3,0
064272012,La Matanza,216,100,9,0
064272016,La Matanza,370,146,2,0
064271419,La Matanza,837,354,6,0
064271420,La Matanza,361,171,6,0
064271307,La Matanza,257,173,4,0
064272011,La Matanza,1496,529,7,0
064272010,La Matanza,1262,420,4,0
064272008,La Matanza,636,296,4,0
064272006,La Matanza,1063,424,7,0
064272007,La Matanza,706,316,5,0
064272009,La Matanza,737,346,4,0
064271818,La Matanza,24,7,19,0
064271608,La Matanza,798,222,4,0
064271609,La Matanza,1464,449,6,0
064271612,La Matanza,1005,423,3,0
064271611,La Matanza,1065,469,5,0
064271614,La Matanza,564,295,5,0
064271602,La Matanza,690,333,4,0
064271601,La Matanza,435,207,6,0
064271603,La Matanza,828,313,5,0
064271615,La Matanza,534,234,6,0
064271610,La Matanza,825,268,4,0
064271617,La Matanza,882,251,6,0
064271616,La Matanza,632,184,6,0
064271513,La Matanza,764,298,6,0
064271604,La Matanza,567,220,7,0
064271511,La Matanza,700,233,4,0
064271606,La Matanza,863,413,5,0
064271605,La Matanza,950,304,5,0
064271724,La Matanza,1231,432,6,0
064271725,La Matanza,2262,573,7,0
064271715,La Matanza,1740,489,6,0
064271607,La Matanza,1339,373,5,0
064271618,La Matanza,791,250,5,0
064271619,La Matanza,684,220,7,0
064271813,La Matanza,611,198,4,0
064271814,La Matanza,884,272,5,0
064271815,La Matanza,730,253,6,0
064271812,La Matanza,796,267,5,0
064271811,La Matanza,1251,359,4,0
064271816,La Matanza,729,216,6,0
064271810,La Matanza,755,240,5,0
064271716,La Matanza,1730,461,9,0
064271711,La Matanza,1499,463,4,0
064271723,La Matanza,1690,500,8,0
064271710,La Matanza,819,258,7,0
064271714,La Matanza,710,212,4,0
064271809,La Matanza,799,290,7,0
064271709,La Matanza,729,231,5,0
064271807,La Matanza,887,271,5,0
064271808,La Matanza,358,136,5,0
064271805,La Matanza,570,199,7,0
064271706,La Matanza,4998,1205,5,0
064271806,La Matanza,1468,388,7,0
064271708,La Matanza,3246,889,5,0
064271713,La Matanza,1107,311,7,0
064271717,La Matanza,2063,519,6,0
064271704,La Matanza,813,210,6,0
064271712,La Matanza,1206,393,5,0
064271701,La Matanza,1029,427,8,0
064271726,La Matanza,680,296,4,0
064271707,La Matanza,4270,1080,8,0
064271702,La Matanza,1697,494,4,0
064271505,La Matanza,680,324,7,0
064271515,La Matanza,921,368,4,0
064271719,La Matanza,1321,405,5,0
064271718,La Matanza,983,259,7,0
064271720,La Matanza,850,256,7,0
064271722,La Matanza,1133,361,5,0
064271721,La Matanza,934,314,4,0
064271518,La Matanza,299,114,9,0
064271514,La Matanza,358,131,5,0
064271517,La Matanza,429,143,6,0
064271507,La Matanza,932,345,5,0
064271501,La Matanza,772,295,6,0
020560901,CABA,773,367,7,0
020560906,CABA,812,306,3,0
064271503,La Matanza,612,288,4,0
064271502,La Matanza,785,278,6,0
064271506,La Matanza,854,314,8,0
064271504,La Matanza,663,324,4,0
020561201,CABA,820,300,5,0
020560908,CABA,788,418,5,0
020560907,CABA,783,348,7,0
020560905,CABA,809,385,6,0
020560904,CABA,811,409,5,0
020560903,CABA,1086,578,7,0
020560808,CABA,504,185,5,0
020560807,CABA,788,375,6,0
020560804,CABA,896,396,5,0
020560803,CABA,845,341,6,0
020560306,CABA,740,258,8,0
020560802,CABA,984,389,5,0
020560902,CABA,939,382,6,0
020560801,CABA,857,419,6,0
020560307,CABA,606,248,4,0
020560308,CABA,1513,511,6,0
020560210,CABA,669,231,6,0
020560311,CABA,1822,519,4,0
020560312,CABA,466,153,3,0
064271402,La Matanza,734,289,5,0
064271404,La Matanza,272,131,4,0
064271403,La Matanza,261,131,6,0
064271405,La Matanza,242,127,4,0
064271409,La Matanza,910,244,7,0
064271410,La Matanza,868,293,8,0
020560310,CABA,1042,353,8,0
020560314,CABA,351,108,3,0
020560313,CABA,1114,353,3,0
020560309,CABA,883,279,8,0
064271508,La Matanza,833,342,5,0
064271509,La Matanza,797,357,4,0
064271510,La Matanza,853,281,6,0
064271516,La Matanza,627,231,4,0
064271512,La Matanza,627,268,7,0
064271411,La Matanza,564,149,6,0
064271421,La Matanza,328,166,3,0
064271422,La Matanza,1252,364,3,0
064271414,La Matanza,474,212,8,0
064271412,La Matanza,913,292,6,0
064271413,La Matanza,1975,788,3,0
064271416,La Matanza,487,195,4,0
064271415,La Matanza,952,375,5,0
064271203,La Matanza,1036,411,9,0
064271406,La Matanza,245,126,5,0
064271408,La Matanza,1117,400,7,0
064271407,La Matanza,446,214,4,0
064271401,La Matanza,394,148,4,0
064271212,La Matanza,683,262,9,0
020560209,CABA,875,311,3,0
064271202,La Matanza,947,342,6,0
020560201,CABA,1201,441,5,0
020560202,CABA,589,213,5,0
020560203,CABA,484,195,4,0
020560208,CABA,937,321,8,0
020560204,CABA,877,314,4,0
020560206,CABA,651,252,4,0
020560205,CABA,615,223,7,0
020560121,CABA,1593,537,4,0
020560112,CABA,884,288,6,0
020560111,CABA,684,252,5,0
020560103,CABA,1422,421,5,0
020560115,CABA,868,270,7,0
020560113,CABA,947,311,2,0
020560105,CABA,1103,346,5,0
020560116,CABA,1036,306,4,0
020631612,CABA,659,256,7,0
020631510,CABA,714,323,6,0
020560118,CABA,676,214,5,0
020560107,CABA,1172,371,5,0
020560106,CABA,790,238,4,0
020560104,CABA,818,278,6,0
020560120,CABA,791,258,6,0
020560117,CABA,968,303,7,0
020560119,CABA,1010,322,6,0
020560124,CABA,539,210,4,0
020560108,CABA,830,269,7,0
020560401,CABA,976,443,5,0
020560402,CABA,638,313,5,0
020560403,CABA,858,342,4,0
020560407,CABA,831,321,4,0
020560301,CABA,1108,416,5,0
020560109,CABA,1146,330,9,0
020560123,CABA,1306,435,3,0
020560110,CABA,703,221,5,0
020560122,CABA,1147,373,11,0
020560114,CABA,2219,654,4,0
020560207,CABA,1227,510,5,0
020560303,CABA,672,230,8,0
020560304,CABA,681,314,4,0
020560302,CABA,816,305,4,0
020560305,CABA,906,372,8,0
020560805,CABA,982,425,7,0
020560806,CABA,863,367,6,0
020560604,CABA,789,317,6,0
020560411,CABA,796,317,6,0
020560603,CABA,942,396,9,0
020560511,CABA,879,371,4,0
020560510,CABA,970,403,5,0
020560509,CABA,845,312,4,0
020560507,CABA,1031,385,8,0
020560506,CABA,890,323,5,0
020560505,CABA,608,263,7,0
020560504,CABA,805,307,6,0
020560405,CABA,929,366,5,0
020560410,CABA,996,417,4,0
020560409,CABA,811,320,5,0
020560408,CABA,902,408,5,0
020560406,CABA,1130,409,4,0
020560404,CABA,721,318,7,0
020631505,CABA,987,456,5,0
020631506,CABA,1000,389,6,0
020631401,CABA,1305,487,7,0
020560502,CABA,731,276,4,0
020560501,CABA,822,432,5,0
020560503,CABA,971,397,4,0
020560508,CABA,561,269,3,0
020631415,CABA,1085,324,4,0
020631407,CABA,1493,424,5,0
020631409,CABA,1335,407,8,0
020631414,CABA,963,267,4,0
020631408,CABA,671,204,5,0
020631411,CABA,808,231,5,0
020631413,CABA,531,163,4,0
020631405,CABA,1034,274,5,0
020631403,CABA,1095,368,6,0
020631402,CABA,1066,374,5,0
020631210,CABA,1363,534,6,0
020631211,CABA,795,372,4,0
020631208,CABA,952,393,7,0
020631207,CABA,744,323,4,0
020631209,CABA,843,338,5,0
020631206,CABA,800,396,6,0
020631203,CABA,732,294,6,0
020631204,CABA,813,377,4,0
020631201,CABA,1033,436,8,0
020631002,CABA,926,466,4,0
020630914,CABA,907,361,4,0
020630913,CABA,620,272,5,0
020631504,CABA,1060,375,6,0
020631205,CABA,817,347,5,0
020631507,CABA,1030,407,7,0
020631511,CABA,1048,463,6,0
020631508,CABA,921,349,4,0
020631503,CABA,1029,392,7,0
020630912,CABA,801,338,5,0
020631509,CABA,923,397,5,0
020631501,CABA,615,295,6,0
020631502,CABA,915,392,5,0
020630911,CABA,764,335,4,0
020630910,CABA,851,353,7,0
020630909,CABA,766,316,5,0
020630908,CABA,565,258,4,0
020631001,CABA,887,400,7,0
020630907,CABA,942,489,6,0
020630610,CABA,986,514,5,0
020630611,CABA,942,438,5,0
020630612,CABA,656,258,4,0
020630906,CABA,996,399,7,0
020630901,CABA,876,353,4,0
020630902,CABA,927,386,6,0
020630607,CABA,1187,620,5,0
020630606,CABA,734,344,6,0
020630604,CABA,1069,604,6,0
020630605,CABA,1183,642,7,0
020630602,CABA,759,302,5,0
020630714,CABA,852,448,5,0
020630603,CABA,1053,575,5,0
020630903,CABA,1147,596,4,0
020630808,CABA,1017,476,6,0
020630810,CABA,995,360,5,0
020630809,CABA,878,348,6,0
020630904,CABA,652,301,7,0
020630905,CABA,780,339,6,0
020631611,CABA,586,255,4,0
020631604,CABA,830,308,12,0
020631605,CABA,994,454,5,0
020631609,CABA,1155,573,5,0
020631610,CABA,785,318,6,0
020631613,CABA,758,350,5,0
020560102,CABA,982,344,14,0
020560101,CABA,1504,390,3,0
064271104,La Matanza,949,418,9,0
020631608,CABA,968,409,5,0
064271103,La Matanza,1088,429,4,0
064271102,La Matanza,1231,494,5,0
020631601,CABA,983,380,5,0
020631607,CABA,1021,414,4,0
020631606,CABA,1106,417,7,0
020631603,CABA,855,399,5,0
020631602,CABA,973,421,6,0
020630813,CABA,621,234,5,0
020630811,CABA,639,277,6,0
020630812,CABA,824,306,5,0
064270902,La Matanza,896,357,7,0
064271001,La Matanza,1306,500,8,0
064271101,La Matanza,1110,420,7,0
064271006,La Matanza,977,408,6,0
064271005,La Matanza,1106,397,6,0
064271002,La Matanza,680,264,5,0
064271003,La Matanza,707,326,5,0
064270913,La Matanza,637,260,5,0
064270905,La Matanza,1173,411,7,0
064271004,La Matanza,1132,450,6,0
064271008,La Matanza,1221,441,7,0
064271009,La Matanza,694,257,5,0
064270908,La Matanza,748,252,8,0
064270914,La Matanza,689,207,4,0
064270906,La Matanza,1109,391,6,0
064270907,La Matanza,581,181,5,0
064270904,La Matanza,1504,554,7,0
064270903,La Matanza,640,228,5,0
064270901,La Matanza,1057,503,6,0
020630804,CABA,831,391,7,0
064270801,La Matanza,1181,412,7,0
020630803,CABA,822,375,6,0
020630702,CABA,893,394,6,0
020630704,CABA,744,314,5,0
020630705,CABA,777,390,5,0
020630801,CABA,994,459,7,0
020630802,CABA,826,413,4,0
020630805,CABA,888,380,5,0
020630806,CABA,1088,461,7,0
020630807,CABA,725,287,6,0
020630713,CABA,813,399,6,0
020630712,CABA,1012,483,6,0
020630711,CABA,866,425,5,0
020630708,CABA,727,330,4,0
020630710,CABA,692,301,5,0
020630709,CABA,906,445,5,0
020630601,CABA,1192,521,5,0
020630507,CABA,961,462,5,0
020630506,CABA,955,441,5,0
020630505,CABA,1117,508,5,0
020630503,CABA,744,366,8,0
020630707,CABA,683,325,5,0
020630706,CABA,842,395,4,0
020630504,CABA,1047,423,6,0
020630411,CABA,968,472,4,0
020630502,CABA,1104,497,4,0
020630211,CABA,914,458,6,0
020630212,CABA,825,403,6,0
020630210,CABA,878,425,6,0
020630104,CABA,760,397,8,0
020630202,CABA,903,486,5,0
020630203,CABA,1119,682,5,0
020630209,CABA,1114,617,7,0
020630208,CABA,713,390,7,0
020630501,CABA,1004,424,4,0
020630207,CABA,910,407,5,0
020630508,CABA,882,427,5,0
020630509,CABA,1128,585,6,0
020630206,CABA,741,343,5,0
020701602,CABA,1069,560,8,0
020630103,CABA,652,425,5,0
020630213,CABA,489,300,4,0
020630205,CABA,1215,614,6,0
020630204,CABA,605,371,5,0
020630101,CABA,430,235,4,0
020700806,CABA,895,411,4,0
020700805,CABA,983,450,6,0
020700409,CABA,778,367,5,0
020700406,CABA,665,294,4,0
020700408,CABA,1017,395,6,0
020630102,CABA,473,193,14,0
020700407,CABA,1056,503,5,0
020700405,CABA,1039,456,6,0
020700514,CABA,768,382,7,0
020700512,CABA,790,326,4,0
020700510,CABA,874,368,4,0
020700511,CABA,818,345,4,0
020700502,CABA,729,370,5,0
020700513,CABA,761,353,6,0
020700501,CABA,703,368,5,0
020770607,CABA,1093,510,6,0
020770609,CABA,875,409,6,0
020770610,CABA,621,271,6,0
020770701,CABA,518,224,5,0
020770611,CABA,919,455,5,0
020700503,CABA,1042,536,5,0
020700508,CABA,1108,550,6,0
020700601,CABA,689,329,5,0
020700504,CABA,876,396,6,0
020770712,CABA,929,391,8,0
020700602,CABA,746,348,4,0
020700612,CABA,726,356,5,0
020700505,CABA,847,446,6,0
020700506,CABA,848,470,5,0
020700507,CABA,822,427,7,0
020700509,CABA,801,374,6,0
020700803,CABA,729,368,5,0
020700801,CABA,1012,459,5,0
020700802,CABA,1180,531,8,0
020700804,CABA,1197,587,4,0
020700701,CABA,1388,686,5,0
020700901,CABA,974,498,5,0
020700902,CABA,995,416,4,0
020700710,CABA,1110,558,4,0
020700702,CABA,1295,663,6,0
020700703,CABA,1164,629,5,0
020700613,CABA,1163,648,6,0
020700603,CABA,956,508,6,0
020700611,CABA,847,399,5,0
020700605,CABA,1028,525,5,0
020700610,CABA,1333,687,5,0
020700704,CABA,1238,659,6,0
020700709,CABA,1101,467,4,0
020700609,CABA,697,314,5,0
020700705,CABA,1181,675,8,0
020700614,CABA,549,387,3,0
020700608,CABA,1029,565,7,0
020700707,CABA,1181,534,3,0
020700708,CABA,1029,423,6,0
020701001,CABA,800,383,4,0
020700909,CABA,757,305,5,0
020700905,CABA,788,316,6,0
020700904,CABA,758,345,4,0
020700903,CABA,909,423,5,0
020700906,CABA,991,410,5,0
020700908,CABA,823,350,4,0
020700910,CABA,885,403,6,0
020701402,CABA,1083,490,6,0
020701403,CABA,987,541,6,0
020701401,CABA,917,430,6,0
020701404,CABA,906,389,5,0
020701509,CABA,1099,569,3,0
020701503,CABA,626,288,7,0
020701504,CABA,676,328,3,0
020701507,CABA,757,538,6,0
020701502,CABA,824,441,7,0
020700907,CABA,872,367,7,0
020701501,CABA,632,295,4,0
020700808,CABA,1173,522,6,0
020700807,CABA,1192,603,6,0
020700809,CABA,677,338,8,0
020701601,CABA,816,455,4,0
020701506,CABA,781,440,5,0
020701505,CABA,867,431,7,0
020701701,CABA,765,489,6,0
020701604,CABA,890,522,6,0
020701603,CABA,850,575,4,0
020701610,CABA,532,296,4,0
020701605,CABA,554,327,6,0
020630510,CABA,794,412,4,0
020630511,CABA,941,452,6,0
020701606,CABA,1166,601,6,0
020701608,CABA,1063,577,5,0
020701609,CABA,990,439,4,0
020701607,CABA,794,419,7,0
020701702,CABA,1037,583,4,0
020701703,CABA,1195,671,8,0
020701704,CABA,1137,492,3,0
020701709,CABA,663,309,6,0
020630608,CABA,946,501,7,0
020630609,CABA,936,470,3,0
020701710,CABA,907,488,6,0
020631004,CABA,739,359,5,0
020631005,CABA,894,425,3,0
020701707,CABA,963,417,8,0
020701706,CABA,1158,494,5,0
020701801,CABA,837,342,4,0
020701708,CABA,718,335,4,0
020701705,CABA,1092,520,7,0
020701508,CABA,986,499,7,0
020701408,CABA,644,350,4,0
020701407,CABA,865,372,5,0
020701405,CABA,686,339,6,0
020701306,CABA,737,354,5,0
020701307,CABA,639,335,5,0
020701406,CABA,573,257,6,0
020701410,CABA,1023,569,5,0
020701802,CABA,849,465,4,0
020701411,CABA,545,288,4,0
020701409,CABA,863,498,5,0
020701308,CABA,687,302,4,0
020701309,CABA,750,337,6,0
020701310,CABA,669,319,5,0
020701311,CABA,594,328,5,0
020701201,CABA,928,388,7,0
020701210,CABA,695,351,5,0
020701312,CABA,578,325,6,0
020701805,CABA,663,374,6,0
020701803,CABA,766,358,5,0
020701804,CABA,1015,469,6,0
020701811,CABA,516,242,6,0
020631008,CABA,884,399,5,0
020701812,CABA,769,349,7,0
020631006,CABA,754,305,6,0
020631003,CABA,943,392,5,0
020631007,CABA,700,387,5,0
020631012,CABA,498,256,5,0
020631011,CABA,558,275,4,0
020631009,CABA,511,272,4,0
020631010,CABA,756,357,4,0
020631101,CABA,1016,546,5,0
020631202,CABA,531,215,12,0
020631109,CABA,1060,407,5,0
020631107,CABA,969,460,7,0
020631104,CABA,1237,640,5,0
020631108,CABA,858,377,3,0
020631103,CABA,792,363,8,0
020631102,CABA,1076,597,5,0
020701909,CABA,755,437,5,0
020701911,CABA,1103,732,7,0
020701912,CABA,1158,575,5,0
020701910,CABA,652,402,4,0
020701913,CABA,555,297,4,0
020701904,CABA,872,481,5,0
020490109,CABA,699,360,6,0
020701903,CABA,835,366,6,0
020701905,CABA,938,451,4,0
020701207,CABA,619,302,5,0
020701203,CABA,739,341,5,0
020701208,CABA,777,383,6,0
020701902,CABA,1287,549,5,0
020701906,CABA,1045,576,5,0
020701908,CABA,556,298,6,0
020701810,CABA,557,234,7,0
020701907,CABA,902,528,4,0
020701809,CABA,723,335,6,0
020701808,CABA,712,331,4,0
020701807,CABA,710,403,5,0
020701806,CABA,565,302,5,0
020701901,CABA,559,312,5,0
020701209,CABA,820,417,5,0
020701202,CABA,847,455,5,0
020701109,CABA,918,408,6,0
020701110,CABA,693,381,4,0
020701107,CABA,788,392,6,0
020701108,CABA,825,405,5,0
020771708,CABA,672,350,7,0
020701104,CABA,740,366,5,0
020771809,CABA,630,258,5,0
020701105,CABA,680,255,5,0
020701204,CABA,576,325,4,0
020701111,CABA,624,316,5,0
020701205,CABA,345,135,4,0
020701106,CABA,414,208,7,0
020701206,CABA,331,154,5,0
020490105,CABA,434,208,4,0
020490106,CABA,352,144,6,0
020490104,CABA,469,197,6,0
020490103,CABA,804,337,4,0
020490102,CABA,906,469,5,0
020490101,CABA,725,261,6,0
020771804,CABA,1107,573,5,0
020771808,CABA,727,285,5,0
020771807,CABA,758,432,6,0
020771806,CABA,852,398,5,0
020771907,CABA,821,441,5,0
020771606,CABA,970,454,4,0
020771810,CABA,1166,516,4,0
020771805,CABA,1075,716,7,0
020771607,CABA,1084,577,6,0
020771608,CABA,1077,562,5,0
020771802,CABA,813,374,5,0
020771803,CABA,1119,450,4,0
020771801,CABA,763,359,8,0
020771707,CABA,755,397,4,0
020771705,CABA,750,344,6,0
020771610,CABA,720,359,6,0
020771609,CABA,762,425,4,0
020771602,CABA,545,272,4,0
020771601,CABA,1005,479,6,0
020771702,CABA,795,357,6,0
020771701,CABA,793,428,6,0
020771703,CABA,962,447,4,0
020771704,CABA,825,372,5,0
020771706,CABA,771,412,6,0
020701012,CABA,858,432,4,0
020701103,CABA,1031,514,6,0
020701102,CABA,933,441,6,0
020701101,CABA,908,440,7,0
020701009,CABA,960,478,5,0
020701010,CABA,750,337,6,0
020701011,CABA,814,438,5,0
020701006,CABA,928,354,5,0
020701007,CABA,758,356,4,0
020701008,CABA,937,467,5,0
020701304,CABA,590,306,3,0
020701305,CABA,866,393,5,0
020701303,CABA,590,347,7,0
020701302,CABA,976,543,3,0
020701301,CABA,609,313,7,0
020701004,CABA,738,348,4,0
020701003,CABA,894,399,5,0
020701005,CABA,908,461,9,0
020701002,CABA,1053,494,6,0
020771502,CABA,888,378,4,0
020771503,CABA,1049,492,6,0
020771501,CABA,1008,491,5,0
020700706,CABA,943,435,5,0
020771407,CABA,1445,775,5,0
020771404,CABA,698,367,5,0
020771403,CABA,977,463,5,0
020771408,CABA,794,487,5,0
020771406,CABA,618,396,5,0
020771405,CABA,944,415,6,0
020771307,CABA,758,343,3,0
020771306,CABA,999,497,8,0
020770809,CABA,956,504,5,0
020771402,CABA,880,452,5,0
020770808,CABA,1059,525,5,0
020771304,CABA,924,576,6,0
020771302,CABA,758,456,4,0
020771301,CABA,747,471,9,0
020770911,CABA,664,393,6,0
020770908,CABA,752,393,4,0
020771001,CABA,893,466,5,0
020770909,CABA,604,297,4,0
020770910,CABA,932,469,4,0
020771002,CABA,1179,599,5,0
020771004,CABA,1025,504,7,0
020771303,CABA,728,428,5,0
020771305,CABA,831,484,4,0
020771204,CABA,786,371,6,0
020771202,CABA,743,395,3,0
020771201,CABA,863,422,8,0
020771003,CABA,760,448,4,0
020771006,CABA,1355,730,6,0
020771005,CABA,1210,563,5,0
020771009,CABA,1166,625,7,0
020771007,CABA,1349,666,5,0
020771011,CABA,742,325,4,0
020771203,CABA,1163,506,7,0
020771206,CABA,836,414,6,0
020771207,CABA,713,300,5,0
020771210,CABA,907,444,5,0
020771309,CABA,980,509,6,0
020771205,CABA,658,305,6,0
020771308,CABA,748,362,5,0
020771310,CABA,914,437,6,0
020771505,CABA,819,438,4,0
020771311,CABA,867,473,6,0
020771504,CABA,999,460,6,0
020771506,CABA,665,290,6,0
020771510,CABA,917,404,5,0
020771511,CABA,1090,596,6,0
020771611,CABA,590,305,4,0
020771208,CABA,668,334,5,0
020771209,CABA,722,367,5,0
020771507,CABA,733,397,5,0
020771106,CABA,1019,427,4,0
020771107,CABA,920,417,6,0
020771604,CABA,743,480,5,0
020771508,CABA,864,521,4,0
020771509,CABA,990,558,6,0
020771603,CABA,838,422,6,0
020771605,CABA,1128,586,4,0
020771904,CABA,842,404,7,0
020771905,CABA,794,402,4,0
020771906,CABA,944,404,4,0
020772006,CABA,636,339,5,0
020771902,CABA,887,459,4,0
020772005,CABA,906,433,6,0
020772001,CABA,759,391,7,0
020771108,CABA,947,385,4,0
020771901,CABA,679,303,7,0
020771903,CABA,649,356,3,0
020771104,CABA,328,132,6,0
020771109,CABA,749,324,5,0
021050712,CABA,848,404,4,0
021050709,CABA,808,370,5,0
020771010,CABA,920,552,8,0
020771105,CABA,1073,412,7,0
020771103,CABA,1050,399,4,0
020771101,CABA,832,337,5,0
020771102,CABA,1147,439,5,0
020771008,CABA,660,316,5,0
021050514,CABA,480,218,4,0
021050112,CABA,756,312,10,0
021050513,CABA,960,459,5,0
021050704,CABA,584,270,6,0
021050510,CABA,751,344,5,0
021050511,CABA,764,372,5,0
021050507,CABA,1063,543,7,0
021050506,CABA,1118,703,3,0
021050508,CABA,1136,645,6,0
021050509,CABA,697,341,7,0
021050505,CABA,1075,633,6,0
021050504,CABA,727,479,5,0
021050502,CABA,1059,514,6,0
021050503,CABA,761,349,4,0
021050206,CABA,656,287,6,0
021050512,CABA,957,510,7,0
021050207,CABA,648,303,6,0
021050209,CABA,697,406,6,0
021050208,CABA,630,298,5,0
021050203,CABA,836,382,6,0
021050204,CABA,477,234,4,0
020841409,CABA,1489,837,5,0
021050202,CABA,785,424,5,0
020841512,CABA,782,350,5,0
020841511,CABA,828,367,5,0
021050111,CABA,602,348,4,0
021050110,CABA,955,470,4,0
021050201,CABA,619,309,5,0
021050210,CABA,713,318,5,0
021050606,CABA,504,207,8,0
021050607,CABA,647,332,4,0
021050109,CABA,848,396,6,0
021050106,CABA,714,306,5,0
021050105,CABA,771,379,5,0
021050605,CABA,572,288,5,0
021050604,CABA,599,326,7,0
021050104,CABA,598,321,6,0
021050107,CABA,731,379,6,0
020842106,CABA,895,380,5,0
020842109,CABA,731,354,5,0
021050108,CABA,742,326,4,0
020842110,CABA,881,423,7,0
020842105,CABA,890,384,4,0
020841510,CABA,1166,650,7,0
020842104,CABA,1286,729,6,0
020842103,CABA,653,341,4,0
020842008,CABA,1076,655,6,0
020842007,CABA,1209,568,5,0
020842113,CABA,848,412,5,0
020842107,CABA,1196,491,7,0
020842102,CABA,774,366,4,0
020842112,CABA,660,397,4,0
020842101,CABA,638,330,5,0
020842111,CABA,789,434,4,0
020842006,CABA,1369,706,6,0
020842005,CABA,1034,526,6,0
020842010,CABA,632,397,4,0
020842004,CABA,1381,731,7,0
020842001,CABA,854,397,7,0
020842009,CABA,877,482,5,0
020842212,CABA,814,304,5,0
020842206,CABA,915,479,5,0
020842002,CABA,765,376,4,0
020842003,CABA,729,347,6,0
020842215,CABA,617,338,5,0
020842209,CABA,674,342,5,0
020842211,CABA,1104,578,4,0
020842208,CABA,1081,481,5,0
020842214,CABA,482,237,4,0
020842207,CABA,804,366,5,0
020842213,CABA,499,273,5,0
020770110,CABA,676,448,4,0
020770114,CABA,502,380,3,0
020770111,CABA,1045,577,6,0
020770303,CABA,736,441,5,0
020770306,CABA,730,411,6,0
020770308,CABA,734,452,7,0
021050102,CABA,985,466,9,0
021050601,CABA,658,355,5,0
021050101,CABA,1100,581,5,0
020842210,CABA,1117,487,6,0
020842108,CABA,1185,477,5,0
021050103,CABA,792,375,5,0
021050602,CABA,575,387,4,0
021050603,CABA,601,361,4,0
020770907,CABA,713,388,5,0
020770912,CABA,753,493,4,0
020770906,CABA,691,472,5,0
020770309,CABA,820,465,5,0
020770903,CABA,1040,534,6,0
020770905,CABA,755,463,4,0
020770902,CABA,764,343,7,0
020770802,CABA,911,443,5,0
020770803,CABA,591,370,4,0
020770804,CABA,709,434,5,0
020770805,CABA,775,432,7,0
020770807,CABA,1102,479,5,0
020771401,CABA,914,500,6,0
020700607,CABA,768,431,7,0
020700606,CABA,1042,477,5,0
020770806,CABA,1096,520,5,0
020770801,CABA,873,411,5,0
020770707,CABA,922,358,7,0
020770709,CABA,1065,502,6,0
020770708,CABA,862,365,5,0
020700604,CABA,835,442,7,0
020770710,CABA,1027,462,5,0
020770711,CABA,1077,511,7,0
020770706,CABA,1064,460,6,0
020770412,CABA,936,515,6,0
020770413,CABA,780,405,4,0
020770311,CABA,895,429,5,0
020770312,CABA,716,386,5,0
020770901,CABA,969,427,5,0
020770310,CABA,686,359,5,0
020770904,CABA,620,368,6,0
020770307,CABA,874,441,4,0
020770304,CABA,572,299,5,0
020770305,CABA,867,550,6,0
020770301,CABA,707,391,6,0
020770211,CABA,722,354,8,0
020770405,CABA,733,401,7,0
020770409,CABA,1009,616,8,0
020770410,CABA,662,363,4,0
020770411,CABA,1021,541,5,0
020770705,CABA,1055,498,5,0
020770704,CABA,1041,461,4,0
020770703,CABA,881,351,5,0
020770702,CABA,987,411,4,0
020770602,CABA,1239,543,7,0
020770601,CABA,845,389,5,0
020770408,CABA,984,522,6,0
020770603,CABA,1203,591,4,0
020770604,CABA,1303,619,9,0
020770504,CABA,686,351,5,0
020770407,CABA,677,341,5,0
020770403,CABA,630,318,7,0
020770402,CABA,749,356,3,0
020770406,CABA,639,333,7,0
020770404,CABA,811,423,5,0
020770210,CABA,1021,434,6,0
020770207,CABA,988,416,4,0
020770206,CABA,989,458,6,0
020770202,CABA,1338,742,7,0
020770106,CABA,841,414,5,0
020770205,CABA,1056,451,7,0
020770204,CABA,705,374,3,0
020770302,CABA,766,419,6,0
020770112,CABA,779,495,8,0
020770109,CABA,515,287,4,0
020770113,CABA,434,311,5,0
020770108,CABA,997,617,5,0
020770107,CABA,896,496,5,0
020770203,CABA,873,495,4,0
020770105,CABA,643,295,5,0
020770104,CABA,952,413,6,0
020842205,CABA,1127,466,7,0
020842204,CABA,865,399,5,0
020842203,CABA,1034,406,6,0
020842202,CABA,1044,455,6,0
020842201,CABA,806,359,5,0
020770101,CABA,903,423,7,0
020770103,CABA,827,323,5,0
020770102,CABA,1059,465,5,0
063714106,General San Martín,898,341,15,0
063714102,General San Martín,884,369,3,0
063714103,General San Martín,886,381,5,0
063714104,General San Martín,1009,405,5,0
063714105,General San Martín,723,291,4,0
020841901,CABA,1043,442,7,0
020841902,CABA,602,266,4,0
020841903,CABA,685,316,6,0
020841904,CABA,907,411,7,0
020841905,CABA,1350,570,4,0
020841911,CABA,1111,440,8,0
020841910,CABA,947,396,5,0
020841906,CABA,1100,457,6,0
020841907,CABA,877,444,12,0
020841909,CABA,1026,511,4,0
020841912,CABA,889,484,7,0
020841908,CABA,961,417,7,0
020841913,CABA,770,358,9,0
020841814,CABA,540,276,4,0
020841810,CABA,1114,519,4,0
020841812,CABA,663,333,4,0
020841809,CABA,881,405,7,0
020841808,CABA,956,460,4,0
020841807,CABA,963,441,4,0
020841806,CABA,1143,469,11,0
020841702,CABA,961,508,5,0
020840902,CABA,981,419,5,0
020840901,CABA,1208,526,5,0
020841701,CABA,1146,522,6,0
020841802,CABA,1066,453,5,0
020841805,CABA,1079,431,4,0
020841804,CABA,1037,435,4,0
020841803,CABA,1080,514,6,0
020841801,CABA,772,351,4,0
020840101,CABA,560,229,6,0
020840102,CABA,733,298,4,0
020840103,CABA,597,242,17,0
020840110,CABA,1155,557,4,0
020840104,CABA,875,378,5,0
068611109,Vicente López,875,407,6,0
068612807,Vicente López,738,336,6,0
068612912,Vicente López,530,225,7,0
068612910,Vicente López,854,413,4,0
068612911,Vicente López,804,299,5,0
068612810,Vicente López,745,347,4,0
068612809,Vicente López,739,336,6,0
068612901,Vicente López,750,364,6,0
068612903,Vicente López,883,340,6,0
068612904,Vicente López,808,304,4,0
068612902,Vicente López,889,336,5,0
068612909,Vicente López,949,317,13,0
063710807,General San Martín,655,348,5,0
063710803,General San Martín,811,302,5,0
068612913,Vicente López,1040,316,5,0
068612905,Vicente López,995,371,7,0
068613010,Vicente López,659,278,7,0
068612906,Vicente López,655,232,5,0
068613009,Vicente López,871,311,6,0
068613008,Vicente López,1052,356,6,0
068612705,Vicente López,722,318,6,0
068613012,Vicente López,986,408,7,0
068613011,Vicente López,823,338,5,0
068612710,Vicente López,794,349,7,0
068612803,Vicente López,761,339,5,0
068612709,Vicente López,774,335,4,0
068612708,Vicente López,853,360,8,0
068612702,Vicente López,852,387,4,0
068612706,Vicente López,806,362,4,0
068612707,Vicente López,1082,526,7,0
068611807,Vicente López,863,417,8,0
068612701,Vicente López,845,420,5,0
068612603,Vicente López,750,316,5,0
068612602,Vicente López,945,448,6,0
068612703,Vicente López,805,346,8,0
068612704,Vicente López,725,293,5,0
068612610,Vicente López,907,381,5,0
068612604,Vicente López,854,356,8,0
068612605,Vicente López,852,351,6,0
068612601,Vicente López,1115,524,5,0
068611804,Vicente López,625,285,6,0
068611805,Vicente López,628,313,5,0
068613408,Vicente López,579,282,8,0
068612309,Vicente López,700,292,5,0
068612305,Vicente López,1175,431,6,0
068613407,Vicente López,657,280,7,0
068613406,Vicente López,635,295,6,0
068612304,Vicente López,1159,389,4,0
068613404,Vicente López,961,428,4,0
068613405,Vicente López,893,381,6,0
068611709,Vicente López,872,379,5,0
068611803,Vicente López,828,352,4,0
068611801,Vicente López,1163,498,4,0
068611806,Vicente López,1065,469,7,0
068611802,Vicente López,962,373,6,0
068611810,Vicente López,1049,458,5,0
068611205,Vicente López,927,431,5,0
068611706,Vicente López,818,333,6,0
068611704,Vicente López,619,274,6,0
068611707,Vicente López,987,388,4,0
068611708,Vicente López,964,404,5,0
068613401,Vicente López,739,310,9,0
068613403,Vicente López,789,329,6,0
068611703,Vicente López,746,311,7,0
068611701,Vicente López,920,411,5,0
068611605,Vicente López,836,322,5,0
068611604,Vicente López,1017,490,5,0
068613402,Vicente López,730,317,5,0
068611907,Vicente López,852,406,6,0
068611603,Vicente López,769,335,6,0
068611606,Vicente López,916,393,4,0
068611702,Vicente López,790,312,7,0
068611705,Vicente López,737,309,7,0
068611201,Vicente López,679,372,5,0
068611306,Vicente López,880,409,5,0
068611203,Vicente López,474,232,5,0
068611202,Vicente López,729,330,8,0
068611209,Vicente López,924,385,6,0
068611204,Vicente López,612,293,5,0
068611206,Vicente López,634,321,6,0
068611809,Vicente López,859,460,5,0
068611808,Vicente López,883,379,5,0
068611208,Vicente López,868,375,9,0
068611207,Vicente López,891,414,4,0
068612801,Vicente López,497,257,7,0
068612805,Vicente López,718,344,5,0
068612802,Vicente López,906,434,6,0
068612804,Vicente López,880,390,5,0
068612808,Vicente López,456,217,5,0
068612806,Vicente López,724,371,7,0
068611108,Vicente López,701,314,6,0
068611107,Vicente López,1116,444,3,0
068611106,Vicente López,903,383,4,0
068611105,Vicente López,538,230,5,0
068611101,Vicente López,918,372,7,0
068611110,Vicente López,564,302,8,0
068611104,Vicente López,675,271,4,0
068611103,Vicente López,741,305,4,0
020840301,CABA,439,208,4,0
020840302,CABA,711,328,4,0
068611010,Vicente López,850,358,13,0
068611009,Vicente López,864,366,5,0
068611008,Vicente López,986,410,6,0
068611005,Vicente López,964,381,6,0
068611003,Vicente López,1158,435,6,0
068611004,Vicente López,1066,436,5,0
068611002,Vicente López,751,318,6,0
068610905,Vicente López,532,254,5,0
068611011,Vicente López,594,263,4,0
068611307,Vicente López,1001,306,6,0
068611309,Vicente López,977,348,10,0
068611006,Vicente López,922,367,4,0
068611007,Vicente López,952,378,6,0
068611102,Vicente López,664,262,3,0
068611305,Vicente López,992,419,6,0
068611308,Vicente López,825,314,5,0
068611405,Vicente López,515,245,6,0
068611303,Vicente López,757,371,6,0
068611302,Vicente López,632,293,4,0
068611301,Vicente López,423,220,4,0
068611610,Vicente López,892,432,6,0
068611304,Vicente López,830,303,5,0
068611611,Vicente López,811,333,7,0
068611607,Vicente López,857,365,7,0
068611601,Vicente López,586,273,7,0
068611602,Vicente López,560,256,3,0
068611503,Vicente López,469,253,5,0
068611511,Vicente López,503,250,5,0
068611608,Vicente López,732,323,4,0
068611609,Vicente López,1048,435,5,0
068611510,Vicente López,847,405,8,0
068611507,Vicente López,894,397,7,0
068611506,Vicente López,733,360,4,0
068611504,Vicente López,248,114,6,0
068611505,Vicente López,391,261,4,0
068610509,Vicente López,750,437,5,0
068611508,Vicente López,1121,662,4,0
068611401,Vicente López,465,345,5,0
068611509,Vicente López,510,334,4,0
068611403,Vicente López,658,309,6,0
068611404,Vicente López,836,384,8,0
068611406,Vicente López,468,261,4,0
068611407,Vicente López,943,379,7,0
068611408,Vicente López,843,377,5,0
068611409,Vicente López,950,431,7,0
068611410,Vicente López,676,289,7,0
068611412,Vicente López,460,310,4,0
068611411,Vicente López,316,178,5,0
068610901,Vicente López,524,245,6,0
068610805,Vicente López,395,296,4,0
068610708,Vicente López,689,341,6,0
068610706,Vicente López,479,206,6,0
068610707,Vicente López,785,360,5,0
068610704,Vicente López,729,264,7,0
068610703,Vicente López,507,383,4,0
068611402,Vicente López,692,409,6,0
068610702,Vicente López,549,305,4,0
068610701,Vicente López,888,319,6,0
068610506,Vicente López,10,3,6,0
068610508,Vicente López,934,371,7,0
068610605,Vicente López,264,173,4,0
068610604,Vicente López,634,414,4,0
068610603,Vicente López,918,413,6,0
068610507,Vicente López,604,377,4,0
068610602,Vicente López,570,379,5,0
068610607,Vicente López,537,368,5,0
068610606,Vicente López,567,299,5,0
068610705,Vicente López,799,388,5,0
068610709,Vicente López,828,322,8,0
068610803,Vicente López,536,252,6,0
068610806,Vicente López,546,288,7,0
068610804,Vicente López,781,323,6,0
068610802,Vicente López,892,394,5,0
068610810,Vicente López,825,304,6,0
068610910,Vicente López,711,322,5,0
068610911,Vicente López,710,265,6,0
020910101,CABA,1176,734,6,0
068610909,Vicente López,335,161,6,0
068610808,Vicente López,595,335,4,0
068610809,Vicente López,395,190,4,0
068610807,Vicente López,402,222,4,0
068610908,Vicente López,783,367,5,0
068610902,Vicente López,491,274,5,0
068610903,Vicente López,500,267,6,0
068610913,Vicente López,324,226,4,0
068611001,Vicente López,1030,442,8,0
068610904,Vicente López,589,238,5,0
068610914,Vicente López,508,254,5,0
068610906,Vicente López,911,418,5,0
068610907,Vicente López,1048,458,6,0
020840404,CABA,912,455,6,0
068610912,Vicente López,732,298,8,0
020840303,CABA,981,441,5,0
020840305,CABA,887,422,5,0
020840304,CABA,832,370,4,0
020840401,CABA,961,581,4,0
020840402,CABA,1143,670,6,0
020840410,CABA,740,376,5,0
020840403,CABA,1374,715,5,0
020840405,CABA,690,364,5,0
020840406,CABA,839,432,5,0
020910111,CABA,643,348,5,0
020840407,CABA,930,526,10,0
020840408,CABA,503,225,5,0
020840409,CABA,610,313,4,0
020840504,CABA,574,291,5,0
020840502,CABA,687,394,5,0
020840509,CABA,715,382,4,0
020840511,CABA,690,405,5,0
020840510,CABA,699,361,5,0
020840501,CABA,813,389,4,0
020840604,CABA,912,494,5,0
020840607,CABA,693,423,4,0
020840702,CABA,822,396,5,0
020840606,CABA,807,386,6,0
020910501,CABA,810,449,6,0
020840705,CABA,837,390,3,0
020840706,CABA,991,513,8,0
020840807,CABA,807,446,6,0
020840806,CABA,1002,502,4,0
020840805,CABA,609,431,4,0
020840803,CABA,918,421,6,0
020840701,CABA,1002,522,6,0
020840608,CABA,1059,568,5,0
020840801,CABA,1075,628,6,0
020840802,CABA,804,449,5,0
020840804,CABA,859,380,7,0
020841004,CABA,773,381,7,0
020840812,CABA,884,443,6,0
020841003,CABA,886,433,6,0
020840609,CABA,967,641,5,0
020840610,CABA,860,461,5,0
020840602,CABA,1115,588,5,0
020840603,CABA,739,465,5,0
020840605,CABA,1041,593,6,0
020840309,CABA,582,284,6,0
020840308,CABA,667,301,6,0
020840310,CABA,1052,489,5,0
020840306,CABA,1394,441,4,0
020840307,CABA,935,396,5,0
020840311,CABA,791,448,5,0
020840203,CABA,961,489,5,0
020840601,CABA,950,463,4,0
020840202,CABA,848,465,4,0
020840201,CABA,750,406,7,0
020840107,CABA,1213,505,6,0
020840108,CABA,677,319,7,0
020840105,CABA,650,274,4,0
020840106,CABA,817,405,7,0
020840109,CABA,988,438,4,0
020840209,CABA,633,363,4,0
020840111,CABA,1076,504,6,0
020840205,CABA,1046,497,3,0
020840908,CABA,691,338,5,0
020840903,CABA,820,431,5,0
020840905,CABA,1256,645,7,0
020840906,CABA,1072,542,3,0
020840207,CABA,1117,538,6,0
020840206,CABA,1054,491,4,0
020840204,CABA,1262,702,5,0
020840208,CABA,1122,460,8,0
020840907,CABA,996,448,7,0
020841002,CABA,850,420,4,0
020841012,CABA,717,448,4,0
020841007,CABA,1039,549,9,0
020841013,CABA,629,366,5,0
020841606,CABA,919,461,4,0
020841621,CABA,679,362,4,0
020841618,CABA,628,372,4,0
020841619,CABA,540,328,5,0
020841620,CABA,629,382,6,0
020841616,CABA,618,397,4,0
020841617,CABA,922,604,4,0
020841609,CABA,879,499,5,0
020841605,CABA,588,313,4,0
020841604,CABA,515,308,4,0
020841603,CABA,1177,652,8,0
020841615,CABA,671,439,4,0
020841709,CABA,623,416,4,0
020841710,CABA,952,554,6,0
020841001,CABA,1212,591,6,0
020841705,CABA,1387,725,6,0
020841704,CABA,1022,473,5,0
020840904,CABA,1341,621,6,0
020841706,CABA,1119,606,4,0
020841703,CABA,1040,478,5,0
020841707,CABA,1245,588,7,0
020841602,CABA,967,567,4,0
020841708,CABA,440,238,6,0
020841612,CABA,740,449,3,0
020841613,CABA,588,341,4,0
020841611,CABA,896,480,5,0
020841601,CABA,1202,551,5,0
020841811,CABA,678,325,7,0
020841813,CABA,821,424,6,0
020841815,CABA,434,224,3,0
020841514,CABA,632,377,6,0
020841501,CABA,634,378,4,0
020841502,CABA,624,401,5,0
020841503,CABA,410,255,4,0
020841516,CABA,890,494,5,0
020841515,CABA,501,362,4,0
020841509,CABA,1461,798,5,0
020841508,CABA,1205,559,6,0
020841506,CABA,916,466,4,0
020841507,CABA,1002,535,4,0
020841505,CABA,1108,608,7,0
020841504,CABA,1055,568,12,0
020841610,CABA,1010,613,6,0
020841614,CABA,337,199,3,0
020841401,CABA,835,489,4,0
020841402,CABA,997,559,6,0
020841607,CABA,976,549,8,0
020841608,CABA,914,660,2,0
020841307,CABA,835,490,6,0
020841403,CABA,983,464,3,0
020841405,CABA,1032,534,4,0
020841404,CABA,1141,568,4,0
020841513,CABA,571,294,5,0
020841406,CABA,943,488,5,0
020841408,CABA,926,575,4,0
020841407,CABA,1625,816,7,0
020841206,CABA,662,331,4,0
020841411,CABA,797,466,5,0
020841410,CABA,968,525,6,0
020841412,CABA,466,320,4,0
021050205,CABA,487,244,6,0
020841207,CABA,907,550,6,0
020841202,CABA,1417,792,5,0
020841205,CABA,1074,521,5,0
020841209,CABA,603,341,4,0
020841309,CABA,1161,642,5,0
020841305,CABA,807,422,4,0
020841311,CABA,703,389,4,0
020841201,CABA,827,429,4,0
020841306,CABA,1161,591,4,0
020841304,CABA,1100,626,5,0
020841301,CABA,1117,602,5,0
020841302,CABA,1146,617,6,0
020841009,CABA,995,494,5,0
020841008,CABA,899,491,6,0
020841006,CABA,1123,670,5,0
020841011,CABA,1242,649,5,0
020841102,CABA,655,316,6,0
020841010,CABA,788,385,6,0
020841303,CABA,540,354,4,0
020841310,CABA,607,395,4,0
020841308,CABA,714,453,4,0
020841101,CABA,882,455,6,0
020841103,CABA,833,508,5,0
020840810,CABA,726,350,5,0
020841005,CABA,773,395,8,0
020840811,CABA,621,315,3,0
020840809,CABA,1062,502,9,0
020841108,CABA,786,433,5,0
020841106,CABA,834,445,7,0
020841107,CABA,755,431,3,0
020841105,CABA,699,341,4,0
020841112,CABA,616,369,5,0
020841113,CABA,355,184,4,0
020841104,CABA,837,405,7,0
020841203,CABA,1087,578,5,0
020841204,CABA,1005,424,8,0
020841208,CABA,709,318,4,0
021050301,CABA,769,498,5,0
021050501,CABA,659,391,4,0
021050302,CABA,916,516,6,0
021050313,CABA,701,382,5,0
021050303,CABA,580,290,6,0
021050304,CABA,837,483,4,0
021050403,CABA,851,442,7,0
021050306,CABA,642,321,6,0
020841111,CABA,1232,589,8,0
021050305,CABA,735,355,4,0
020841110,CABA,898,353,8,0
020841109,CABA,894,510,6,0
020911801,CABA,1002,617,5,0
020840808,CABA,1143,655,5,0
020911802,CABA,804,519,5,0
020911804,CABA,832,348,4,0
020911803,CABA,1082,509,7,0
020911706,CABA,829,452,4,0
020911805,CABA,797,338,4,0
020911806,CABA,704,302,6,0
020911809,CABA,465,222,6,0
020911807,CABA,850,443,8,0
020911707,CABA,955,590,6,0
020911708,CABA,716,411,4,0
020911711,CABA,717,387,4,0
020911901,CABA,821,406,5,0
020911905,CABA,815,504,6,0
020911710,CABA,1046,541,5,0
020911903,CABA,740,434,4,0
020911902,CABA,973,533,4,0
020911908,CABA,704,384,6,0
020911906,CABA,509,252,4,0
020911808,CABA,793,335,7,0
020911907,CABA,615,321,4,0
020912501,CABA,569,316,4,0
020911810,CABA,784,336,5,0
021050307,CABA,707,323,7,0
021050309,CABA,889,459,6,0
021050312,CABA,1113,469,5,0
021050308,CABA,848,463,4,0
021050310,CABA,822,499,6,0
020912502,CABA,656,363,7,0
021050311,CABA,676,405,4,0
021051001,CABA,863,592,5,0
020912503,CABA,833,480,3,0
020912401,CABA,546,254,5,0
020912402,CABA,620,348,3,0
020912403,CABA,724,397,6,0
020912406,CABA,821,491,6,0
020912407,CABA,783,407,4,0
020912408,CABA,888,454,5,0
020912505,CABA,517,257,5,0
020912504,CABA,759,418,6,0
021051003,CABA,1044,516,5,0
021051005,CABA,907,395,4,0
020912506,CABA,721,377,5,0
020912507,CABA,1344,728,4,0
020912508,CABA,1104,551,8,0
020912902,CABA,677,344,4,0
020912607,CABA,563,344,4,0
020912608,CABA,524,243,4,0
020912606,CABA,511,276,6,0
020912605,CABA,682,324,5,0
020912609,CABA,572,313,6,0
020912610,CABA,941,513,5,0
020912603,CABA,776,338,5,0
020912604,CABA,906,458,4,0
020912602,CABA,917,448,6,0
020912601,CABA,1022,468,6,0
020912409,CABA,972,438,6,0
020912303,CABA,1289,704,5,0
020912308,CABA,1180,696,4,0
020912307,CABA,552,379,4,0
020912410,CABA,774,324,6,0
020912312,CABA,507,224,15,0
020912704,CABA,773,414,5,0
020912701,CABA,490,246,4,0
020912710,CABA,436,287,4,0
020912702,CABA,835,547,4,0
020912309,CABA,1132,672,5,0
020912310,CABA,524,279,4,0
020912306,CABA,916,522,4,0
020912311,CABA,923,560,4,0
020912201,CABA,1021,518,11,0
020912202,CABA,576,306,4,0
020912203,CABA,585,349,3,0
020912109,CABA,1212,651,6,0
020912101,CABA,664,380,7,0
020912305,CABA,599,338,4,0
020912012,CABA,784,426,5,0
020912304,CABA,656,366,4,0
020912011,CABA,669,321,4,0
020912006,CABA,1059,659,5,0
020912005,CABA,625,366,5,0
020911510,CABA,855,587,3,0
020911511,CABA,931,462,4,0
020912004,CABA,767,381,4,0
020912007,CABA,858,482,6,0
020912003,CABA,585,267,4,0
020912008,CABA,963,618,5,0
020912009,CABA,683,432,4,0
020912010,CABA,655,341,4,0
020912302,CABA,599,399,4,0
020912301,CABA,798,506,6,0
020912405,CABA,672,358,6,0
020912404,CABA,811,514,4,0
020911910,CABA,1002,597,5,0
020911912,CABA,672,365,8,0
020911911,CABA,341,235,4,0
020911904,CABA,655,417,4,0
020911909,CABA,657,432,5,0
020912002,CABA,983,449,4,0
020911512,CABA,628,390,4,0
020911507,CABA,891,459,4,0
020912001,CABA,702,377,4,0
020911506,CABA,703,360,4,0
020911504,CABA,497,291,4,0
020911508,CABA,716,495,4,0
020911503,CABA,842,425,6,0
020911501,CABA,796,475,4,0
020911611,CABA,851,488,4,0
020911610,CABA,853,579,6,0
020911604,CABA,816,557,4,0
020911603,CABA,716,521,8,0
020910810,CABA,663,450,5,0
020910809,CABA,928,511,4,0
020910808,CABA,1055,683,7,0
020910903,CABA,550,358,4,0
020910904,CABA,713,456,4,0
020910911,CABA,587,327,4,0
020910902,CABA,944,616,6,0
020910807,CABA,733,444,4,0
020910806,CABA,663,370,4,0
020910901,CABA,725,388,4,0
020910905,CABA,740,412,4,0
020910909,CABA,902,474,4,0
020911406,CABA,917,473,8,0
020910910,CABA,700,502,5,0
020911502,CABA,812,473,6,0
020911509,CABA,972,657,7,0
020911407,CABA,399,214,4,0
020911408,CABA,665,363,4,0
020911401,CABA,821,424,3,0
020911405,CABA,515,349,4,0
020912103,CABA,634,317,4,0
020911409,CABA,634,389,4,0
020912102,CABA,387,215,3,0
020912104,CABA,812,327,4,0
020912108,CABA,818,459,4,0
020912107,CABA,1319,549,4,0
020912106,CABA,946,369,4,0
020912105,CABA,842,381,4,0
020911411,CABA,770,341,4,0
020911410,CABA,769,360,4,0
020911404,CABA,763,366,4,0
020911008,CABA,994,638,4,0
020911301,CABA,932,455,6,0
020911010,CABA,937,562,5,0
020911009,CABA,763,442,6,0
020911403,CABA,707,558,4,0
020910907,CABA,739,399,4,0
020911402,CABA,351,206,4,0
020910908,CABA,821,479,4,0
020910906,CABA,786,463,6,0
020911007,CABA,709,410,7,0
020911002,CABA,529,352,6,0
020911003,CABA,523,351,4,0
020911005,CABA,861,499,8,0
020911006,CABA,882,448,5,0
020911004,CABA,553,361,5,0
020911015,CABA,582,411,5,0
020911104,CABA,570,332,5,0
020911105,CABA,509,275,5,0
020911103,CABA,616,315,6,0
020910310,CABA,755,324,4,0
020911014,CABA,926,583,6,0
020910313,CABA,489,400,4,0
020910311,CABA,751,286,4,0
020910312,CABA,505,275,4,0
020910309,CABA,1091,548,7,0
020911013,CABA,502,318,6,0
020910805,CABA,1340,830,7,0
020911001,CABA,874,506,7,0
020911012,CABA,551,283,4,0
020910308,CABA,1113,643,4,0
020910416,CABA,594,337,3,0
020910804,CABA,1041,608,7,0
020910811,CABA,724,407,4,0
020910803,CABA,659,420,4,0
020910802,CABA,613,426,4,0
020910415,CABA,645,384,4,0
020910412,CABA,225,124,7,0
020910306,CABA,1037,461,8,0
020910307,CABA,806,477,6,0
020910305,CABA,1101,551,4,0
020910408,CABA,785,439,6,0
020910407,CABA,845,426,4,0
020910406,CABA,1093,598,6,0
020910301,CABA,1149,598,9,0
020910402,CABA,957,492,5,0
020910403,CABA,863,507,5,0
020910405,CABA,1085,497,6,0
020910404,CABA,1215,589,7,0
020910409,CABA,843,441,6,0
020910507,CABA,1067,565,5,0
020910605,CABA,1084,674,5,0
020910606,CABA,947,567,4,0
020910410,CABA,578,416,4,0
020910411,CABA,918,515,7,0
020910413,CABA,737,465,4,0
020910414,CABA,774,408,5,0
020910801,CABA,734,442,5,0
020910704,CABA,863,486,5,0
020910705,CABA,978,582,6,0
020910703,CABA,1286,772,6,0
020910706,CABA,884,514,5,0
020911602,CABA,911,547,6,0
020911605,CABA,568,365,4,0
020911609,CABA,839,467,4,0
020911612,CABA,810,489,4,0
020911505,CABA,1008,575,4,0
020911613,CABA,551,250,4,0
020911608,CABA,766,378,4,0
020911709,CABA,1162,689,5,0
020911607,CABA,984,522,4,0
020911606,CABA,657,390,4,0
020911601,CABA,1105,699,6,0
020911712,CABA,621,368,4,0
020911713,CABA,1101,518,5,0
020911702,CABA,496,328,4,0
020911703,CABA,1151,775,5,0
020911704,CABA,589,335,4,0
020911701,CABA,844,513,5,0
020910709,CABA,1218,671,5,0
020910708,CABA,898,429,5,0
020910707,CABA,976,482,4,0
020910702,CABA,565,278,6,0
020910607,CABA,1140,625,6,0
020910608,CABA,810,433,6,0
020910603,CABA,1012,516,5,0
020910701,CABA,626,293,5,0
020840711,CABA,568,397,4,0
020911705,CABA,994,666,6,0
020840712,CABA,366,272,4,0
020840709,CABA,648,372,6,0
020840708,CABA,907,450,6,0
020840713,CABA,815,401,5,0
020840710,CABA,577,367,4,0
020840707,CABA,925,403,5,0
020840704,CABA,957,446,5,0
020910602,CABA,1133,559,6,0
020840703,CABA,878,474,5,0
020910502,CABA,1237,642,4,0
020910505,CABA,1050,538,6,0
020910601,CABA,744,474,6,0
020910604,CABA,1047,648,5,0
020910508,CABA,1322,751,5,0
020910506,CABA,957,548,5,0
020910509,CABA,731,404,4,0
020910510,CABA,647,361,5,0
020910504,CABA,981,564,5,0
020910511,CABA,667,461,5,0
020910512,CABA,427,258,5,0
020910401,CABA,956,565,4,0
020840503,CABA,700,510,4,0
020840507,CABA,719,461,7,0
020910503,CABA,525,311,4,0
020840508,CABA,785,473,3,0
020840512,CABA,765,468,4,0
020840505,CABA,641,448,4,0
020840506,CABA,627,506,7,0
020910201,CABA,640,345,4,0
020910114,CABA,535,336,4,0
020910112,CABA,529,353,4,0
020910109,CABA,600,309,4,0
020910113,CABA,605,317,6,0
020910108,CABA,683,333,4,0
020910107,CABA,723,318,8,0
020910202,CABA,860,481,6,0
020910212,CABA,742,502,4,0
020910203,CABA,819,418,4,0
020910208,CABA,786,409,5,0
020910209,CABA,1126,550,9,0
020910204,CABA,756,374,7,0
020910210,CABA,1281,656,6,0
020910213,CABA,601,398,3,0
020910207,CABA,785,402,7,0
020910211,CABA,706,454,4,0
020910206,CABA,886,593,5,0
020910106,CABA,1348,686,4,0
020910205,CABA,996,556,5,0
020910104,CABA,652,379,5,0
020910105,CABA,1221,688,3,0
068610812,Vicente López,727,415,4,0
020910115,CABA,459,347,5,0
020910103,CABA,835,443,6,0
020910110,CABA,812,397,5,0
020910102,CABA,835,467,4,0
068610915,Vicente López,510,173,9,0
068610801,Vicente López,715,442,6,0
068610611,Vicente López,350,207,4,0
068610609,Vicente López,801,498,5,0
068610610,Vicente López,695,384,2,0
068610608,Vicente López,368,273,3,0
068610601,Vicente López,1236,660,4,0
068610811,Vicente López,569,468,5,0
020910302,CABA,680,394,16,0
020910303,CABA,820,513,4,0
020910304,CABA,571,326,5,0
020911101,CABA,431,192,5,0
020911205,CABA,1460,639,8,0
020911206,CABA,580,341,4,0
020911207,CABA,928,482,5,0
020911204,CABA,892,425,6,0
020911102,CABA,787,382,5,0
020911106,CABA,1009,568,5,0
020911201,CABA,804,427,6,0
020911107,CABA,886,689,6,0
020911202,CABA,779,381,4,0
020911203,CABA,578,317,4,0
020911208,CABA,687,409,6,0
020911315,CABA,734,333,4,0
020911306,CABA,368,239,4,0
020911305,CABA,891,500,4,0
020911303,CABA,790,544,6,0
020911011,CABA,621,410,4,0
020911302,CABA,365,225,6,0
020911304,CABA,877,546,4,0
020911307,CABA,851,531,5,0
020911309,CABA,686,340,3,0
020911308,CABA,638,372,7,0
020911310,CABA,890,417,4,0
020911311,CABA,592,286,6,0
020911312,CABA,776,389,5,0
020911313,CABA,501,274,6,0
020912209,CABA,861,346,3,0
020912206,CABA,1166,478,4,0
020912207,CABA,1126,568,5,0
020912208,CABA,1100,521,7,0
020980202,CABA,605,421,4,0
020980203,CABA,1127,674,5,0
020911314,CABA,881,535,3,0
020911209,CABA,1175,695,4,0
020911210,CABA,708,415,9,0
020980204,CABA,678,355,4,0
020980208,CABA,870,521,5,0
020980207,CABA,664,450,4,0
020980205,CABA,880,511,4,0
020980206,CABA,647,437,4,0
020980110,CABA,1162,530,5,0
020980402,CABA,542,304,6,0
020980301,CABA,1469,935,5,0
020980405,CABA,649,375,6,0
020980403,CABA,597,349,4,0
020912810,CABA,664,359,5,0
020980404,CABA,664,431,4,0
020912809,CABA,886,602,5,0
020980401,CABA,652,404,5,0
020980108,CABA,749,373,10,0
020980109,CABA,745,381,4,0
020980201,CABA,1041,551,4,0
020912205,CABA,1160,467,7,0
020912204,CABA,821,430,6,0
020912110,CABA,887,375,5,0
020980101,CABA,479,297,4,0
020980104,CABA,916,358,6,0
020980103,CABA,786,447,4,0
020912709,CABA,883,553,4,0
020912711,CABA,567,338,4,0
020980102,CABA,359,260,3,0
020912703,CABA,997,574,4,0
020912706,CABA,1138,620,4,0
020912707,CABA,381,221,5,0
020912705,CABA,636,358,4,0
020912708,CABA,724,380,4,0
020912801,CABA,737,338,5,0
020912802,CABA,492,261,4,0
020980105,CABA,1098,637,5,0
020980106,CABA,940,498,4,0
020980107,CABA,774,458,5,0
020912803,CABA,711,323,6,0
020912808,CABA,1079,657,4,0
020912806,CABA,909,539,5,0
020912906,CABA,786,431,7,0
020912905,CABA,562,352,4,0
020912805,CABA,706,351,9,0
020912804,CABA,607,259,4,0
020912611,CABA,656,442,5,0
020912904,CABA,743,430,6,0
020912903,CABA,558,376,5,0
020912901,CABA,532,280,6,0
020912907,CABA,937,563,6,0
020912908,CABA,1155,565,6,0
020912911,CABA,720,455,12,0
020980714,CABA,372,218,4,0
020980501,CABA,532,368,5,0
020980502,CABA,771,411,4,0
020912807,CABA,923,399,4,0
020980504,CABA,489,340,4,0
020980503,CABA,958,701,8,0
020980506,CABA,616,451,3,0
020980505,CABA,916,660,5,0
020980510,CABA,1175,627,4,0
020980507,CABA,625,377,6,0
020980613,CABA,692,464,4,0
020980508,CABA,660,519,9,0
020980715,CABA,345,274,3,0
020980602,CABA,539,453,4,0
020980603,CABA,1109,679,6,0
020980612,CABA,520,322,4,0
020980611,CABA,423,247,4,0
020980604,CABA,963,660,6,0
020980813,CABA,370,261,4,0
020980802,CABA,490,451,6,0
020980803,CABA,365,303,4,0
020980608,CABA,565,330,4,0
020980609,CABA,698,434,4,0
020980606,CABA,1209,701,5,0
020980607,CABA,829,512,3,0
020980409,CABA,906,555,8,0
020980605,CABA,813,525,4,0
020980408,CABA,1270,697,3,0
020980911,CABA,600,369,5,0
020980601,CABA,457,320,5,0
020980509,CABA,1216,565,4,0
020980407,CABA,984,586,4,0
020980406,CABA,962,644,13,0
020980901,CABA,1080,498,4,0
020980309,CABA,918,595,3,0
020980308,CABA,946,692,6,0
020980302,CABA,558,329,6,0
020980210,CABA,1168,634,4,0
020980209,CABA,971,525,4,0
020980303,CABA,718,407,4,0
020980304,CABA,821,465,4,0
020980306,CABA,626,363,4,0
020980307,CABA,675,372,4,0
020980310,CABA,718,610,4,0
020980311,CABA,771,459,4,0
020980305,CABA,1050,619,4,0
020980906,CABA,776,488,4,0
020980312,CABA,651,410,4,0
020980905,CABA,445,242,4,0
020980904,CABA,1400,750,5,0
020980903,CABA,642,332,4,0
020980915,CABA,702,489,4,0
020980902,CABA,796,309,7,0
020980914,CABA,646,341,4,0
020980910,CABA,887,519,4,0
020980916,CABA,338,229,3,0
020980909,CABA,969,676,7,0
020980908,CABA,760,453,6,0
020980907,CABA,670,411,4,0
020980913,CABA,785,519,4,0
020980912,CABA,996,577,12,0
020980410,CABA,1902,1143,6,0
020980805,CABA,1227,820,4,0
020980610,CABA,580,393,4,0
020980804,CABA,601,355,4,0
020980808,CABA,834,646,5,0
020980807,CABA,620,501,4,0
020980806,CABA,1137,754,6,0
020981201,CABA,646,381,8,0
020981202,CABA,785,484,3,0
020981212,CABA,340,203,4,0
020981203,CABA,748,469,4,0
020981303,CABA,1073,648,5,0
020981401,CABA,791,461,4,0
020981405,CABA,447,311,4,0
020981406,CABA,405,212,4,0
020981304,CABA,550,314,6,0
020981305,CABA,688,407,5,0
020981306,CABA,586,430,5,0
020981302,CABA,701,451,11,0
020980809,CABA,661,500,4,0
020980815,CABA,466,383,5,0
020980814,CABA,358,355,4,0
020980811,CABA,560,324,5,0
020980810,CABA,363,277,4,0
020980812,CABA,316,234,4,0
020980801,CABA,332,251,5,0
020980706,CABA,728,446,5,0
020980709,CABA,636,508,7,0
020981301,CABA,703,390,6,0
020981308,CABA,573,279,7,0
020981311,CABA,554,337,5,0
020981312,CABA,557,281,6,0
020981310,CABA,616,338,5,0
020981309,CABA,607,337,5,0
021051202,CABA,723,548,6,0
021051301,CABA,805,389,6,0
021052005,CABA,647,385,4,0
021052008,CABA,503,261,6,0
021052010,CABA,729,374,5,0
021052009,CABA,421,269,4,0
021051302,CABA,435,226,7,0
021052011,CABA,750,459,5,0
021052103,CABA,678,403,5,0
020982111,CABA,894,657,5,0
021052012,CABA,643,447,5,0
020982101,CABA,971,536,5,0
020981307,CABA,168,81,5,0
020982102,CABA,472,241,5,0
020982103,CABA,353,193,5,0
020982105,CABA,332,165,5,0
020982110,CABA,665,414,6,0
020982201,CABA,787,451,6,0
021052104,CABA,790,466,6,0
020982208,CABA,811,486,5,0
020350102,CABA,1102,607,3,0
020350506,CABA,653,367,4,0
020350101,CABA,986,562,6,0
021052112,CABA,611,282,4,0
021052111,CABA,868,496,4,0
021052105,CABA,624,394,4,0
021052109,CABA,1199,594,5,0
020350501,CABA,836,491,4,0
021052110,CABA,981,483,4,0
020350503,CABA,742,457,3,0
020350502,CABA,1254,758,7,0
021052108,CABA,732,425,4,0
020350602,CABA,979,528,4,0
020350603,CABA,908,510,4,0
020350608,CABA,869,553,6,0
020350604,CABA,1537,790,4,0
020350606,CABA,769,483,5,0
020350605,CABA,1275,836,5,0
020350504,CABA,756,458,6,0
020350505,CABA,684,373,4,0
020350703,CABA,594,297,4,0
020350702,CABA,517,263,4,0
020350704,CABA,1542,856,5,0
020351111,CABA,762,507,4,0
020351101,CABA,871,465,4,0
020350708,CABA,1071,578,4,0
020351106,CABA,667,336,5,0
020351108,CABA,850,499,6,0
020351201,CABA,899,556,9,0
020351109,CABA,916,571,6,0
020351105,CABA,832,542,4,0
020351104,CABA,680,422,5,0
020351110,CABA,733,485,4,0
020420809,CABA,720,348,4,0
020420810,CABA,984,494,4,0
020420713,CABA,598,346,4,0
020420712,CABA,939,463,5,0
020351103,CABA,809,431,4,0
020351102,CABA,831,497,4,0
020350607,CABA,992,608,5,0
020420702,CABA,1261,580,4,0
020420704,CABA,1265,666,5,0
020420705,CABA,1118,592,6,0
020420711,CABA,820,405,3,0
020420710,CABA,843,403,8,0
020420808,CABA,716,387,5,0
020420801,CABA,874,412,4,0
020420802,CABA,1025,523,7,0
020420709,CABA,1003,399,5,0
020420708,CABA,796,412,5,0
020420803,CABA,780,349,4,0
020420707,CABA,1267,641,6,0
020420706,CABA,804,425,8,0
021051812,CABA,690,423,4,0
021051809,CABA,632,319,4,0
021051906,CABA,904,574,4,0
021051905,CABA,1040,576,6,0
021051908,CABA,680,435,4,0
021051907,CABA,842,538,4,0
021051813,CABA,595,332,4,0
020420703,CABA,671,362,6,0
020420701,CABA,800,378,4,0
020350601,CABA,660,333,5,0
021051910,CABA,877,487,4,0
021051909,CABA,766,412,5,0
021051904,CABA,847,474,4,0
021051911,CABA,628,355,4,0
021052107,CABA,577,296,4,0
021052106,CABA,1529,701,6,0
021052102,CABA,1036,577,6,0
021052101,CABA,1002,469,4,0
021052007,CABA,789,457,5,0
021052006,CABA,686,526,4,0
021051903,CABA,700,391,4,0
021051902,CABA,881,502,5,0
021051901,CABA,574,346,4,0
021052003,CABA,828,495,4,0
021052004,CABA,712,396,4,0
021052002,CABA,920,557,6,0
021051804,CABA,561,356,4,0
021051803,CABA,976,570,6,0
021052001,CABA,1159,628,4,0
021051308,CABA,513,308,4,0
021051404,CABA,937,468,4,0
021051403,CABA,653,433,4,0
021051405,CABA,1132,580,6,0
021051701,CABA,716,353,3,0
021051801,CABA,539,276,4,0
021051802,CABA,471,225,4,0
021051806,CABA,595,294,7,0
021051702,CABA,707,391,5,0
021051707,CABA,744,400,5,0
021051709,CABA,628,346,5,0
021051708,CABA,581,364,4,0
021051711,CABA,784,406,6,0
021051805,CABA,632,316,4,0
021051807,CABA,719,351,4,0
021051810,CABA,521,264,6,0
021051808,CABA,541,295,4,0
021051811,CABA,689,381,5,0
021051712,CABA,672,377,5,0
020420505,CABA,1029,576,5,0
020420506,CABA,740,418,4,0
020420603,CABA,1178,584,5,0
020420602,CABA,2217,982,5,0
020420512,CABA,420,255,4,0
020420511,CABA,943,531,4,0
020420510,CABA,1127,688,5,0
020420601,CABA,1484,729,4,0
020420412,CABA,502,284,6,0
020420509,CABA,721,449,3,0
020420502,CABA,832,494,5,0
020420503,CABA,943,655,5,0
020420507,CABA,1115,643,7,0
020420504,CABA,813,479,3,0
021051710,CABA,891,431,7,0
021051705,CABA,843,436,6,0
021051611,CABA,570,288,4,0
020420310,CABA,937,503,6,0
020420501,CABA,714,439,4,0
020420513,CABA,380,295,4,0
020420508,CABA,552,321,4,0
020420406,CABA,1305,690,4,0
020420405,CABA,808,405,4,0
020420404,CABA,1147,511,5,0
020420403,CABA,1160,463,4,0
020420402,CABA,1074,385,6,0
020420305,CABA,778,384,4,0
020420308,CABA,720,396,5,0
020420311,CABA,610,298,5,0
020420309,CABA,650,384,4,0
021051609,CABA,650,349,2,0
021051610,CABA,1091,542,9,0
021051411,CABA,992,537,8,0
021051608,CABA,871,526,7,0
021051704,CABA,751,392,5,0
021051706,CABA,626,352,5,0
021051703,CABA,810,394,5,0
021051410,CABA,691,437,7,0
021051406,CABA,573,367,4,0
021051407,CABA,869,487,4,0
021051408,CABA,1108,608,7,0
021051409,CABA,798,440,5,0
021051504,CABA,1177,496,4,0
021051503,CABA,907,441,3,0
021051502,CABA,677,294,8,0
021050903,CABA,700,356,6,0
021051116,CABA,662,476,5,0
021051112,CABA,929,570,4,0
021051206,CABA,748,530,5,0
021051113,CABA,895,435,6,0
021051107,CABA,695,344,4,0
021051210,CABA,567,368,4,0
021051208,CABA,507,377,4,0
021051207,CABA,536,330,3,0
021051501,CABA,665,380,4,0
021051401,CABA,887,511,5,0
021051209,CABA,604,345,4,0
021051402,CABA,924,480,4,0
021051310,CABA,869,516,5,0
021051204,CABA,1145,833,7,0
021051305,CABA,653,458,4,0
021051309,CABA,1129,645,4,0
021051306,CABA,862,652,5,0
021051307,CABA,732,381,4,0
021051303,CABA,692,371,6,0
021051304,CABA,552,323,6,0
021051203,CABA,723,429,5,0
021051201,CABA,799,421,6,0
021051205,CABA,856,555,5,0
021051105,CABA,790,374,5,0
020980711,CABA,465,451,5,0
021051106,CABA,722,302,5,0
020980701,CABA,494,462,7,0
020980708,CABA,621,423,5,0
020980716,CABA,313,204,3,0
020980707,CABA,694,469,7,0
020980705,CABA,755,456,8,0
020980704,CABA,983,601,4,0
020980703,CABA,924,509,7,0
020980712,CABA,513,306,4,0
020980713,CABA,453,285,4,0
020980702,CABA,515,371,4,0
020912910,CABA,478,215,3,0
020912909,CABA,661,319,4,0
021051115,CABA,407,238,4,0
020980710,CABA,496,316,5,0
021051108,CABA,745,395,5,0
021051104,CABA,1140,617,6,0
021051110,CABA,628,347,5,0
021051109,CABA,999,533,7,0
021051103,CABA,745,375,5,0
021051101,CABA,527,294,4,0
021051102,CABA,634,454,6,0
021051114,CABA,454,366,5,0
021051010,CABA,717,470,7,0
021051011,CABA,595,290,6,0
021051009,CABA,1086,539,5,0
021051007,CABA,882,465,5,0
021051006,CABA,594,312,5,0
021051008,CABA,772,463,5,0
021051012,CABA,733,366,5,0
021050901,CABA,670,337,2,0
021051013,CABA,835,467,6,0
021051111,CABA,891,499,5,0
021050904,CABA,744,283,5,0
021050907,CABA,612,239,8,0
021050905,CABA,701,283,4,0
021050902,CABA,504,235,9,0
021050906,CABA,487,198,4,0
021050909,CABA,1306,543,15,0
021050908,CABA,990,366,3,0
021050911,CABA,772,296,4,0
021051004,CABA,903,429,8,0
021051002,CABA,882,580,7,0
021050910,CABA,1159,392,5,0
021050408,CABA,741,416,4,0
021050409,CABA,786,482,5,0
021050410,CABA,780,365,4,0
021050414,CABA,780,331,5,0
021050407,CABA,925,488,4,0
021050406,CABA,1169,577,6,0
021050405,CABA,735,367,4,0
021050404,CABA,789,337,4,0
021050402,CABA,960,612,5,0
021050401,CABA,1055,557,5,0
021050412,CABA,934,556,6,0
021050413,CABA,775,557,5,0
021050411,CABA,955,460,8,0
021050701,CABA,840,341,9,0
021050703,CABA,659,337,4,0
021050705,CABA,915,401,5,0
021050702,CABA,659,253,4,0
021050801,CABA,912,385,6,0
021050803,CABA,1094,500,5,0
021050807,CABA,816,386,5,0
021050806,CABA,819,438,5,0
020772105,CABA,412,269,4,0
021050809,CABA,1422,701,5,0
020772104,CABA,927,502,7,0
020772103,CABA,1056,532,4,0
021050810,CABA,1061,581,6,0
021050808,CABA,720,304,6,0
021050706,CABA,458,192,6,0
021050707,CABA,966,527,5,0
021050713,CABA,2505,834,6,0
021050708,CABA,1001,388,5,0
021050710,CABA,1098,509,5,0
021050711,CABA,944,411,4,0
020772002,CABA,847,447,5,0
020772101,CABA,764,407,6,0
020772102,CABA,803,395,6,0
020772009,CABA,829,296,4,0
020772003,CABA,1340,683,6,0
020772004,CABA,986,334,4,0
020772011,CABA,644,290,4,0
020772008,CABA,542,249,4,0
020772007,CABA,804,344,5,0
020772010,CABA,786,382,5,0
020772202,CABA,757,462,4,0
020772109,CABA,606,269,3,0
020772108,CABA,673,352,5,0
020772107,CABA,737,318,4,0
020772110,CABA,857,321,5,0
020772111,CABA,822,418,7,0
020772106,CABA,902,437,5,0
020420101,CABA,732,334,8,0
020772201,CABA,785,360,4,0
020772209,CABA,736,362,5,0
020772210,CABA,774,467,4,0
020420110,CABA,461,200,7,0
020420112,CABA,622,357,3,0
020420111,CABA,1057,447,6,0
020420301,CABA,934,489,5,0
020420107,CABA,621,325,6,0
020420104,CABA,849,485,6,0
020420103,CABA,948,618,4,0
020420109,CABA,689,301,5,0
020420108,CABA,789,365,4,0
020420102,CABA,891,421,5,0
020772112,CABA,516,342,7,0
021050805,CABA,685,358,5,0
021050802,CABA,462,187,5,0
021050804,CABA,816,374,7,0
021051507,CABA,829,458,5,0
021051510,CABA,973,552,5,0
021051509,CABA,1289,704,5,0
021051601,CABA,983,530,5,0
021051605,CABA,527,280,4,0
021051604,CABA,706,332,5,0
021051508,CABA,743,333,5,0
021051506,CABA,1004,412,6,0
021051505,CABA,827,367,5,0
021051603,CABA,960,435,5,0
021051602,CABA,848,352,5,0
021051607,CABA,814,382,4,0
020420306,CABA,969,537,5,0
020420307,CABA,922,470,5,0
021051606,CABA,891,431,5,0
020420105,CABA,1174,581,6,0
020420106,CABA,1078,485,4,0
020420302,CABA,839,397,5,0
020420303,CABA,855,429,5,0
020420203,CABA,766,308,7,0
020420202,CABA,967,398,4,0
020420304,CABA,685,340,6,0
020420401,CABA,626,252,4,0
020420201,CABA,1481,499,8,0
020421101,CABA,1303,647,6,0
020420204,CABA,764,298,6,0
020420209,CABA,530,240,7,0
020420211,CABA,840,326,6,0
020421202,CABA,893,474,4,0
020420210,CABA,1017,466,4,0
020421203,CABA,938,491,17,0
020421210,CABA,543,299,5,0
020421211,CABA,680,358,5,0
020421302,CABA,1230,750,5,0
020421303,CABA,735,428,5,0
020421306,CABA,684,416,4,0
020421308,CABA,493,305,4,0
020421309,CABA,478,329,4,0
020421313,CABA,678,388,4,0
020421305,CABA,983,642,5,0
020421304,CABA,1371,678,4,0
020421301,CABA,836,551,5,0
020491106,CABA,1073,530,4,0
020491105,CABA,749,373,6,0
020491108,CABA,656,296,5,0
020491101,CABA,911,481,5,0
020421212,CABA,354,169,4,0
020490511,CABA,860,453,5,0
020490503,CABA,424,264,4,0
020490505,CABA,788,408,8,0
020490504,CABA,1102,682,3,0
020491102,CABA,948,471,4,0
020491104,CABA,1223,574,7,0
020491004,CABA,724,358,4,0
020491003,CABA,585,285,4,0
020491103,CABA,995,471,4,0
020490510,CABA,707,403,5,0
020490502,CABA,709,409,6,0
020491002,CABA,593,281,4,0
020490609,CABA,661,356,4,0
020490501,CABA,835,491,6,0
020490508,CABA,735,367,6,0
020490506,CABA,740,390,4,0
020490507,CABA,922,527,5,0
020490308,CABA,865,349,5,0
020490407,CABA,693,358,6,0
020490411,CABA,867,443,5,0
020490408,CABA,651,294,4,0
020490409,CABA,619,278,4,0
020490410,CABA,1366,680,4,0
020420212,CABA,923,407,4,0
020420208,CABA,1030,427,7,0
020420207,CABA,912,459,4,0
020420206,CABA,945,457,4,0
020420205,CABA,612,273,10,0
020490405,CABA,910,493,5,0
020490404,CABA,1102,544,3,0
020490403,CABA,1019,494,5,0
020772211,CABA,909,458,5,0
020490401,CABA,892,427,4,0
020490402,CABA,769,370,4,0
020490406,CABA,907,434,6,0
020490307,CABA,650,292,5,0
020490312,CABA,649,293,4,0
020490311,CABA,686,319,5,0
020490306,CABA,1030,482,5,0
020490304,CABA,990,391,5,0
020490302,CABA,1048,522,5,0
020772207,CABA,800,381,6,0
020490303,CABA,969,465,7,0
020772208,CABA,779,366,5,0
020772203,CABA,844,364,7,0
020772206,CABA,979,597,7,0
020772205,CABA,852,389,4,0
020772204,CABA,687,322,6,0
020771908,CABA,758,364,5,0
020771909,CABA,820,474,4,0
020490201,CABA,930,404,6,0
020490203,CABA,821,359,6,0
020490202,CABA,1245,642,5,0
020490301,CABA,979,463,6,0
020490208,CABA,781,362,5,0
020490207,CABA,788,312,6,0
020490204,CABA,1106,449,4,0
020490205,CABA,851,411,6,0
020490701,CABA,601,279,6,0
020490206,CABA,1139,463,6,0
020490107,CABA,322,182,6,0
020490709,CABA,1147,606,7,0
020490702,CABA,497,226,4,0
020490706,CABA,1319,489,5,0
020490703,CABA,1143,507,4,0
020490707,CABA,654,352,8,0
020490710,CABA,1091,495,5,0
020490708,CABA,741,358,5,0
020490711,CABA,751,324,4,0
020490604,CABA,772,375,4,0
020490705,CABA,638,358,4,0
020490704,CABA,675,297,4,0
020490313,CABA,827,334,5,0
020490209,CABA,932,414,4,0
020490305,CABA,804,385,7,0
020490310,CABA,598,296,4,0
020490603,CABA,832,306,4,0
020490602,CABA,838,342,5,0
020490309,CABA,776,362,5,0
020490601,CABA,1099,537,4,0
020490509,CABA,1177,587,6,0
020490606,CABA,801,404,6,0
020490605,CABA,1153,495,4,0
020490607,CABA,921,448,6,0
020490608,CABA,447,211,5,0
020491001,CABA,1055,519,6,0
020491008,CABA,1231,564,4,0
020490908,CABA,1423,764,7,0
020490903,CABA,676,350,4,0
020490907,CABA,819,410,4,0
020490902,CABA,643,372,4,0
020491302,CABA,953,483,5,0
020491301,CABA,964,532,5,0
020490904,CABA,848,522,5,0
020491402,CABA,1027,455,5,0
020491403,CABA,736,321,4,0
020491404,CABA,687,290,3,0
020490905,CABA,666,360,4,0
020490906,CABA,1239,650,6,0
020490909,CABA,886,461,3,0
020490910,CABA,998,493,4,0
020490911,CABA,748,451,4,0
020490802,CABA,1211,619,7,0
020490807,CABA,676,385,4,0
020490803,CABA,638,381,4,0
020490801,CABA,747,538,4,0
020490111,CABA,453,265,4,0
020490108,CABA,748,419,4,0
020490110,CABA,753,392,5,0
020490804,CABA,997,567,5,0
020490805,CABA,1183,682,8,0
020491401,CABA,912,394,7,0
020490806,CABA,1058,676,4,0
020490808,CABA,1175,746,6,0
020491408,CABA,839,324,6,0
020491407,CABA,937,374,4,0
020631105,CABA,882,387,4,0
020631106,CABA,821,408,4,0
020631110,CABA,862,396,5,0
020631112,CABA,1060,467,5,0
020631111,CABA,830,378,6,0
020631302,CABA,1359,584,6,0
020491409,CABA,731,305,5,0
020491406,CABA,1038,409,7,0
020491410,CABA,662,266,7,0
020491405,CABA,891,362,4,0
020491411,CABA,1063,442,5,0
020491502,CABA,790,320,8,0
020491503,CABA,958,400,4,0
020491505,CABA,746,302,6,0
020491506,CABA,833,392,6,0
020491504,CABA,683,380,4,0
020491312,CABA,694,277,4,0
020491308,CABA,861,445,8,0
020491413,CABA,693,265,6,0
020491412,CABA,916,390,4,0
020491307,CABA,848,359,6,0
020491309,CABA,511,202,5,0
020491306,CABA,789,321,6,0
020490901,CABA,759,343,4,0
020491009,CABA,813,432,4,0
020491007,CABA,883,523,4,0
020491010,CABA,1038,473,6,0
020491006,CABA,1074,543,6,0
020491303,CABA,1117,596,5,0
020491110,CABA,726,317,4,0
020491005,CABA,739,375,5,0
020491109,CABA,1121,521,4,0
020491304,CABA,705,324,5,0
020491305,CABA,784,331,6,0
020491310,CABA,602,246,5,0
020491311,CABA,885,356,6,0
020491314,CABA,676,268,6,0
020491315,CABA,430,186,4,0
020491111,CABA,859,405,4,0
020491107,CABA,1240,652,4,0
020491201,CABA,1140,640,7,0
020421311,CABA,500,319,4,0
020421312,CABA,812,402,5,0
020492101,CABA,1219,663,6,0
020491205,CABA,732,338,3,0
020491203,CABA,809,338,7,0
020491202,CABA,641,263,4,0
020491604,CABA,767,289,7,0
020491313,CABA,595,243,5,0
020491602,CABA,748,299,5,0
020491603,CABA,766,297,4,0
020491601,CABA,702,297,7,0
020491507,CABA,762,356,5,0
020491606,CABA,832,336,6,0
020491607,CABA,1111,417,6,0
020491608,CABA,1033,403,4,0
020491609,CABA,1399,461,5,0
020491605,CABA,736,283,6,0
020491207,CABA,670,302,6,0
020491208,CABA,905,349,5,0
020491209,CABA,885,365,6,0
020491901,CABA,897,278,6,0
020491902,CABA,899,279,4,0
020491903,CABA,1038,316,3,0
020491904,CABA,1314,425,7,0
020492010,CABA,1548,522,7,0
020492005,CABA,867,353,6,0
020492002,CABA,622,299,6,0
020492009,CABA,961,395,5,0
020492004,CABA,722,295,5,0
020492003,CABA,753,341,4,0
020492112,CABA,805,354,6,0
020492108,CABA,460,221,11,0
020492110,CABA,1011,503,4,0
020492111,CABA,904,433,5,0
020492213,CABA,760,353,4,0
020492212,CABA,583,296,4,0
020492204,CABA,997,437,5,0
020492211,CABA,799,350,5,0
020492202,CABA,708,435,4,0
020492203,CABA,1060,556,5,0
020492201,CABA,925,512,5,0
020492113,CABA,450,296,4,0
020492103,CABA,1231,700,5,0
020492104,CABA,572,301,3,0
020492102,CABA,909,540,7,0
020492106,CABA,724,365,5,0
020492109,CABA,945,501,4,0
020492107,CABA,896,470,6,0
020491206,CABA,917,383,7,0
020491204,CABA,768,349,4,0
020492114,CABA,543,308,3,0
020492105,CABA,682,335,7,0
020421307,CABA,579,316,6,0
020421310,CABA,658,357,5,0
020421407,CABA,532,316,4,0
020421408,CABA,594,317,4,0
020421409,CABA,996,526,6,0
020421410,CABA,784,418,4,0
020421412,CABA,648,310,4,0
020421510,CABA,786,439,5,0
020421509,CABA,586,327,5,0
020421508,CABA,790,489,4,0
020421406,CABA,732,432,5,0
020421404,CABA,1140,754,5,0
020421405,CABA,1238,683,7,0
020421505,CABA,965,480,4,0
020421501,CABA,814,420,7,0
020421206,CABA,573,292,4,0
020421207,CABA,897,555,4,0
020421208,CABA,771,407,5,0
020421411,CABA,577,331,5,0
020421403,CABA,736,520,5,0
020421402,CABA,770,365,5,0
020421401,CABA,922,507,5,0
020421209,CABA,644,341,4,0
020421201,CABA,489,284,3,0
020421102,CABA,624,319,5,0
020421103,CABA,994,482,5,0
020420407,CABA,742,336,6,0
020421104,CABA,826,488,4,0
020420408,CABA,1281,548,5,0
020420409,CABA,951,420,6,0
020420410,CABA,1172,573,5,0
020421106,CABA,918,509,4,0
020421107,CABA,805,464,4,0
020421001,CABA,763,423,9,0
020421110,CABA,605,352,3,0
020421105,CABA,1668,947,11,0
020421204,CABA,404,282,4,0
020421205,CABA,740,438,4,0
020421010,CABA,1030,599,4,0
020421009,CABA,744,376,4,0
020421008,CABA,1360,723,4,0
020421007,CABA,613,392,4,0
020421702,CABA,974,581,7,0
020421002,CABA,676,473,4,0
020421109,CABA,889,539,5,0
020420411,CABA,959,464,6,0
020421108,CABA,1014,565,6,0
020421003,CABA,917,515,9,0
020420607,CABA,1008,513,4,0
020420606,CABA,1090,636,6,0
020420608,CABA,1211,593,5,0
020420605,CABA,578,260,4,0
020420901,CABA,717,379,4,0
020420902,CABA,636,300,6,0
020421005,CABA,895,496,4,0
020421004,CABA,692,502,5,0
020421006,CABA,1007,509,4,0
020421705,CABA,1764,996,5,0
020421703,CABA,784,398,5,0
020421704,CABA,808,448,4,0
020421707,CABA,633,431,6,0
020421604,CABA,809,439,8,0
020421603,CABA,749,370,4,0
020421612,CABA,655,420,4,0
020421706,CABA,1485,781,5,0
020421601,CABA,670,358,4,0
020421701,CABA,811,536,5,0
020421502,CABA,1740,1038,6,0
020421503,CABA,830,451,4,0
020421504,CABA,826,421,4,0
020421602,CABA,970,584,6,0
020421506,CABA,865,369,6,0
020421507,CABA,966,606,7,0
020492214,CABA,645,328,3,0
020421608,CABA,1052,543,5,0
020421613,CABA,887,498,4,0
020421609,CABA,1381,654,6,0
020421614,CABA,1080,607,4,0
020421607,CABA,1144,579,6,0
020421611,CABA,978,560,5,0
020421610,CABA,286,135,3,0
020492207,CABA,697,365,4,0
020492208,CABA,717,389,4,0
020492301,CABA,799,438,7,0
020422109,CABA,973,486,7,0
020422103,CABA,843,466,6,0
020422007,CABA,592,300,4,0
020422006,CABA,846,448,4,0
020422003,CABA,1453,802,5,0
020422102,CABA,1078,591,4,0
020422101,CABA,861,527,4,0
020421606,CABA,1113,559,4,0
020421605,CABA,1208,572,5,0
020422002,CABA,653,358,4,0
020422001,CABA,556,279,6,0
020421802,CABA,861,451,6,0
020422004,CABA,599,303,4,0
020421803,CABA,730,422,4,0
020421801,CABA,720,364,4,0
020420903,CABA,603,314,4,0
020420904,CABA,1159,516,5,0
020420905,CABA,331,214,5,0
020420609,CABA,859,502,4,0
020420604,CABA,742,313,6,0
020420805,CABA,679,377,4,0
020420804,CABA,710,364,5,0
020420806,CABA,1300,646,3,0
020420906,CABA,959,517,5,0
020420807,CABA,926,483,7,0
020420907,CABA,686,296,4,0
020420908,CABA,569,277,5,0
020421902,CABA,1399,821,4,0
020421804,CABA,758,382,10,0
020421901,CABA,804,417,4,0
020422005,CABA,887,517,4,0
020421908,CABA,873,500,4,0
020421907,CABA,951,526,4,0
020421906,CABA,1036,572,4,0
020421904,CABA,938,526,4,0
020421808,CABA,1034,585,5,0
020421809,CABA,889,504,5,0
020421903,CABA,1296,762,5,0
020421805,CABA,920,504,5,0
020421806,CABA,1088,535,6,0
020420909,CABA,858,475,4,0
020420910,CABA,838,435,8,0
020420811,CABA,783,352,4,0
020421807,CABA,1066,583,5,0
020351308,CABA,776,473,4,0
020351202,CABA,1837,1171,5,0
020351301,CABA,846,540,5,0
020351203,CABA,926,576,4,0
020351307,CABA,823,474,4,0
020351705,CABA,783,450,4,0
020351309,CABA,1014,575,6,0
020421905,CABA,655,322,4,0
020422010,CABA,949,441,4,0
020351706,CABA,839,454,4,0
020351711,CABA,1058,620,5,0
020351801,CABA,1025,652,4,0
020422107,CABA,1025,542,5,0
020422106,CABA,533,296,4,0
020422105,CABA,938,501,4,0
020422009,CABA,1063,482,4,0
020422008,CABA,1297,649,4,0
020422104,CABA,708,476,4,0
020422108,CABA,831,478,5,0
020422112,CABA,525,245,4,0
020422110,CABA,939,543,5,0
020492302,CABA,784,529,4,0
020492310,CABA,599,476,4,0
020492303,CABA,715,424,4,0
020422111,CABA,1155,684,7,0
020492304,CABA,553,346,4,0
020492305,CABA,764,421,4,0
020492307,CABA,968,545,7,0
020492405,CABA,1035,475,5,0
020492406,CABA,1101,486,5,0
020492402,CABA,873,383,5,0
020492309,CABA,924,459,4,0
020492403,CABA,939,436,5,0
020492308,CABA,923,508,5,0
020492306,CABA,810,387,7,0
020492209,CABA,531,225,7,0
020492206,CABA,1082,611,5,0
020492205,CABA,1020,591,6,0
020492210,CABA,779,353,5,0
020492001,CABA,1080,475,6,0
020492006,CABA,791,359,5,0
020492407,CABA,973,437,6,0
020492401,CABA,997,460,6,0
020492409,CABA,1117,504,6,0
020492007,CABA,747,303,6,0
020492008,CABA,1446,871,5,0
020492011,CABA,1078,423,4,0
020492013,CABA,1361,583,4,0
020492012,CABA,760,288,7,0
020280302,CABA,871,386,7,0
020280301,CABA,838,492,5,0
020492408,CABA,866,427,4,0
020492410,CABA,1144,441,5,0
020280305,CABA,957,439,4,0
020280304,CABA,827,398,5,0
020280303,CABA,547,238,4,0
020280311,CABA,869,356,8,0
020280306,CABA,783,356,6,0
020280307,CABA,671,346,5,0
020280310,CABA,896,397,6,0
020280309,CABA,489,237,6,0
020280308,CABA,745,341,5,0
020352213,CABA,582,264,5,0
020492411,CABA,966,387,6,0
020492404,CABA,1115,521,8,0
020352207,CABA,1556,809,5,0
020352111,CABA,719,319,5,0
020352201,CABA,747,350,6,0
020352206,CABA,860,334,5,0
020352108,CABA,558,265,4,0
020352202,CABA,904,386,5,0
020352208,CABA,630,277,5,0
020352209,CABA,939,386,6,0
020352211,CABA,798,396,5,0
020352210,CABA,773,314,6,0
020352203,CABA,802,473,4,0
020352205,CABA,717,312,6,0
020352204,CABA,1022,551,7,0
020352004,CABA,793,377,6,0
020352005,CABA,830,387,4,0
020352010,CABA,1109,535,7,0
020352011,CABA,724,377,5,0
020280402,CABA,639,274,5,0
020352212,CABA,902,393,4,0
020280405,CABA,905,390,5,0
020280401,CABA,730,355,5,0
020280406,CABA,1153,542,3,0
020280407,CABA,877,408,6,0
020280408,CABA,917,554,5,0
020280409,CABA,572,250,5,0
020280404,CABA,930,444,7,0
020280403,CABA,891,361,5,0
020280508,CABA,534,224,7,0
020280509,CABA,890,383,6,0
020280512,CABA,996,363,3,0
020280811,CABA,1004,367,9,0
020280801,CABA,729,439,3,0
020280507,CABA,747,318,6,0
020280506,CABA,903,449,4,0
020280502,CABA,659,308,5,0
020280503,CABA,907,503,4,0
020280505,CABA,475,254,4,0
020280802,CABA,1083,479,6,0
020280504,CABA,717,337,6,0
020280609,CABA,693,302,5,0
020280608,CABA,824,401,5,0
020280607,CABA,805,376,6,0
020280606,CABA,960,449,4,0
020280605,CABA,717,312,5,0
020280603,CABA,918,481,6,0
020280612,CABA,567,326,4,0
020280602,CABA,669,371,4,0
020280601,CABA,1133,506,6,0
020280604,CABA,1042,493,8,0
020280501,CABA,956,432,6,0
020352012,CABA,966,468,6,0
020352009,CABA,842,409,4,0
020352008,CABA,1031,436,5,0
020352007,CABA,635,288,5,0
020352006,CABA,926,409,6,0
020352003,CABA,1138,464,6,0
020352002,CABA,1245,703,5,0
020351906,CABA,1000,511,8,0
020212510,CABA,666,363,4,0
020351907,CABA,490,296,4,0
020212602,CABA,949,525,5,0
020212505,CABA,1450,696,6,0
020212601,CABA,798,519,4,0
020212604,CABA,735,405,4,0
020212606,CABA,464,247,6,0
020212603,CABA,806,466,4,0
020212607,CABA,742,434,6,0
020212609,CABA,617,341,5,0
020212608,CABA,570,323,5,0
020212605,CABA,800,466,6,0
020212706,CABA,946,464,5,0
020212705,CABA,647,327,6,0
020212702,CABA,1067,549,6,0
020212407,CABA,964,443,4,0
020212406,CABA,1053,532,5,0
020212507,CABA,682,361,4,0
020212506,CABA,1019,476,5,0
020212701,CABA,955,542,4,0
020212508,CABA,1487,864,4,0
020212509,CABA,772,480,4,0
020211708,CABA,765,379,6,0
020211709,CABA,809,478,4,0
020212503,CABA,440,251,5,0
020212504,CABA,717,382,4,0
020212402,CABA,1058,523,6,0
020212401,CABA,664,426,3,0
020211809,CABA,990,528,4,0
020211808,CABA,581,404,4,0
020211803,CABA,552,316,4,0
020211807,CABA,648,362,4,0
020211804,CABA,917,486,5,0
020211407,CABA,582,334,4,0
020211408,CABA,868,442,4,0
020211409,CABA,710,445,7,0
020211801,CABA,651,344,4,0
020211802,CABA,764,385,4,0
020211703,CABA,595,298,4,0
020211704,CABA,737,320,4,0
020211401,CABA,1001,624,6,0
020211609,CABA,1313,683,5,0
020211702,CABA,752,360,5,0
020211705,CABA,685,411,5,0
020212502,CABA,647,359,5,0
020211707,CABA,775,440,6,0
020211706,CABA,699,456,5,0
020212501,CABA,388,224,4,0
020351610,CABA,1244,638,7,0
020351604,CABA,1109,501,6,0
020211701,CABA,520,347,4,0
020211608,CABA,596,264,5,0
020351509,CABA,524,260,4,0
020351506,CABA,861,434,7,0
020351508,CABA,650,387,6,0
020351603,CABA,520,249,4,0
020351602,CABA,681,345,5,0
020351507,CABA,696,394,5,0
020351409,CABA,924,573,5,0
020351405,CABA,1640,1034,4,0
020351406,CABA,1215,758,4,0
020351408,CABA,807,489,4,0
020351601,CABA,1091,608,5,0
020351606,CABA,792,460,4,0
020351607,CABA,724,383,5,0
020351608,CABA,1080,523,6,0
020351612,CABA,451,240,4,0
020351609,CABA,954,494,6,0
020351605,CABA,1046,551,6,0
020351611,CABA,769,437,4,0
020351904,CABA,905,470,4,0
020351905,CABA,793,442,4,0
020351903,CABA,985,619,7,0
020351909,CABA,607,367,5,0
020351908,CABA,961,630,5,0
020352001,CABA,852,435,6,0
020352106,CABA,836,464,5,0
020352105,CABA,705,350,4,0
020352107,CABA,839,409,6,0
020352104,CABA,1117,663,5,0
020351911,CABA,1105,570,6,0
020351910,CABA,921,517,7,0
020351902,CABA,740,388,4,0
020351901,CABA,833,430,6,0
020351806,CABA,587,242,6,0
020351805,CABA,923,548,5,0
020351804,CABA,741,358,5,0
020351808,CABA,445,219,4,0
020351807,CABA,731,355,5,0
020352103,CABA,761,354,5,0
020352109,CABA,587,243,6,0
020352102,CABA,851,435,5,0
020351809,CABA,777,370,5,0
020352110,CABA,597,309,5,0
020352101,CABA,597,335,4,0
020352112,CABA,688,369,4,0
020351811,CABA,867,553,5,0
020351810,CABA,779,435,4,0
020351802,CABA,1008,553,4,0
020351803,CABA,1279,680,6,0
020351704,CABA,845,425,6,0
020351707,CABA,845,375,5,0
020351710,CABA,903,446,5,0
020351709,CABA,678,383,4,0
020351708,CABA,1010,558,6,0
020351702,CABA,809,473,4,0
020351703,CABA,663,307,4,0
020351701,CABA,821,390,5,0
020351407,CABA,468,248,6,0
020351304,CABA,667,401,5,0
020351305,CABA,811,467,4,0
020351306,CABA,975,522,6,0
020351302,CABA,761,458,5,0
020351204,CABA,730,430,4,0
020351205,CABA,480,318,4,0
020351303,CABA,737,447,4,0
020351001,CABA,1458,785,4,0
020351107,CABA,1312,819,4,0
020350707,CABA,492,270,8,0
020350705,CABA,1384,941,4,0
020350706,CABA,761,445,4,0
020350809,CABA,783,408,4,0
020350805,CABA,503,201,4,0
020350806,CABA,1028,541,4,0
020350804,CABA,869,509,4,0
020350807,CABA,1085,548,4,0
020350808,CABA,991,526,4,0
020351010,CABA,688,361,5,0
020351002,CABA,1298,712,4,0
020351207,CABA,643,336,7,0
020351206,CABA,1686,1080,6,0
020351401,CABA,603,328,4,0
020351402,CABA,954,636,4,0
020351404,CABA,959,614,4,0
020351403,CABA,1251,789,4,0
020351003,CABA,841,408,7,0
020351009,CABA,860,495,4,0
020351008,CABA,490,252,4,0
020351503,CABA,666,351,6,0
020351502,CABA,1084,658,4,0
020351504,CABA,1153,713,5,0
020351505,CABA,1082,610,4,0
020351501,CABA,935,584,4,0
020351006,CABA,826,413,5,0
020351007,CABA,1394,649,4,0
020350908,CABA,1052,553,4,0
020350311,CABA,856,529,4,0
020350310,CABA,661,323,4,0
020350307,CABA,883,421,4,0
020350907,CABA,577,326,4,0
020350906,CABA,793,426,4,0
020351005,CABA,288,180,7,0
020350909,CABA,899,485,5,0
020350910,CABA,932,440,4,0
020351004,CABA,575,297,3,0
020350905,CABA,640,355,6,0
020350904,CABA,561,287,4,0
020350901,CABA,1073,587,4,0
020350407,CABA,674,390,4,0
020350402,CABA,772,423,4,0
020350406,CABA,1134,715,4,0
020350403,CABA,765,451,4,0
020350903,CABA,634,340,4,0
020350902,CABA,731,477,4,0
020350306,CABA,922,441,6,0
020350305,CABA,760,461,4,0
020350313,CABA,715,362,4,0
020350302,CABA,550,297,4,0
020350301,CABA,853,382,6,0
020350405,CABA,871,535,4,0
020350404,CABA,947,623,4,0
020350202,CABA,624,391,5,0
020350210,CABA,683,395,5,0
020350209,CABA,819,391,6,0
020350203,CABA,806,503,5,0
020142510,CABA,487,401,4,0
020982311,CABA,1104,742,4,0
020982314,CABA,508,305,4,0
020350201,CABA,837,493,6,0
020350211,CABA,852,502,6,0
020350110,CABA,704,467,4,0
020350109,CABA,788,422,5,0
020982310,CABA,671,468,4,0
020982312,CABA,789,581,4,0
020350106,CABA,634,388,7,0
020350107,CABA,650,413,4,0
020982212,CABA,709,448,4,0
020350105,CABA,784,439,4,0
020350112,CABA,568,271,4,0
020350108,CABA,891,458,5,0
020350803,CABA,1402,774,5,0
020350802,CABA,826,369,4,0
020350408,CABA,1112,594,4,0
020350401,CABA,1188,698,6,0
020350409,CABA,717,405,4,0
020350801,CABA,1257,636,4,0
020350701,CABA,1255,696,5,0
020350508,CABA,723,463,4,0
020350103,CABA,927,584,6,0
020350507,CABA,909,618,4,0
020350104,CABA,539,282,4,0
020350111,CABA,534,295,4,0
020982209,CABA,399,307,4,0
021052113,CABA,794,428,6,0
020982207,CABA,657,423,5,0
020982206,CABA,802,405,4,0
020982211,CABA,730,473,4,0
020982205,CABA,967,517,5,0
020982210,CABA,377,316,4,0
020982204,CABA,616,341,4,0
020982506,CABA,817,469,4,0
020982107,CABA,657,421,5,0
020982203,CABA,556,317,5,0
020982108,CABA,808,521,4,0
020982202,CABA,952,565,6,0
020982109,CABA,713,472,6,0
020982104,CABA,639,399,4,0
020981407,CABA,277,140,6,0
020982106,CABA,808,522,7,0
020981408,CABA,952,549,4,0
020981403,CABA,1085,629,4,0
020981402,CABA,688,424,4,0
020981404,CABA,380,250,5,0
020981209,CABA,529,366,4,0
020981208,CABA,446,297,4,0
020981204,CABA,848,568,4,0
020981207,CABA,387,272,4,0
020981210,CABA,897,546,4,0
020981206,CABA,754,363,4,0
020981501,CABA,885,573,4,0
020981506,CABA,1043,648,5,0
020981505,CABA,1005,598,4,0
020981502,CABA,1113,747,4,0
020981211,CABA,569,329,5,0
020981503,CABA,799,543,4,0
020981504,CABA,938,567,4,0
020981507,CABA,703,486,5,0
020981901,CABA,575,355,4,0
020981903,CABA,1365,862,4,0
020981902,CABA,1016,677,5,0
020981409,CABA,932,555,4,0
020981410,CABA,678,405,4,0
020981411,CABA,849,546,4,0
020982001,CABA,1250,732,5,0
020982007,CABA,524,264,4,0
020982502,CABA,681,350,4,0
020982005,CABA,743,531,4,0
020982006,CABA,673,462,4,0
020982002,CABA,1662,1044,4,0
020981904,CABA,1349,986,4,0
020981508,CABA,1608,958,5,0
020981801,CABA,736,507,13,0
020981905,CABA,1284,731,4,0
020981701,CABA,974,521,4,0
020981803,CABA,1026,571,5,0
020981802,CABA,803,380,3,0
020981808,CABA,848,543,4,0
020982601,CABA,1083,645,5,0
020982003,CABA,1052,675,4,0
020982004,CABA,854,484,4,0
020982501,CABA,1064,567,4,0
020982604,CABA,1642,939,4,0
020982603,CABA,365,207,4,0
020982605,CABA,845,485,4,0
020982403,CABA,676,386,6,0
020982407,CABA,721,501,4,0
020982406,CABA,720,420,4,0
020982404,CABA,580,334,4,0
020982405,CABA,904,681,4,0
020982302,CABA,636,354,4,0
020982401,CABA,663,466,5,0
020982402,CABA,503,354,5,0
020982503,CABA,805,508,5,0
020982504,CABA,605,379,7,0
020982509,CABA,879,461,4,0
020982505,CABA,778,422,3,0
020982507,CABA,944,532,5,0
020982301,CABA,984,525,6,0
020982508,CABA,1064,576,4,0
020982303,CABA,753,388,5,0
020982306,CABA,426,266,4,0
020982307,CABA,690,405,5,0
020982308,CABA,704,401,5,0
020982309,CABA,670,347,4,0
020982313,CABA,808,614,4,0
020982305,CABA,1346,750,4,0
020982304,CABA,923,590,4,0
020982409,CABA,750,446,4,0
020142509,CABA,901,656,4,0
020142508,CABA,662,498,4,0
020142507,CABA,712,562,6,0
020142505,CABA,692,552,4,0
020142504,CABA,725,585,4,0
020142503,CABA,317,223,6,0
020142506,CABA,600,561,5,0
020142512,CABA,646,475,5,0
020142006,CABA,823,484,5,0
020142005,CABA,812,506,4,0
020142002,CABA,947,662,4,0
020142001,CABA,847,527,4,0
020142104,CABA,1069,813,5,0
020142502,CABA,837,571,5,0
020142401,CABA,959,523,5,0
020142404,CABA,946,673,5,0
020142405,CABA,1087,703,4,0
020142103,CABA,802,454,4,0
020142406,CABA,1048,683,5,0
020142403,CABA,839,487,5,0
020142308,CABA,340,230,4,0
020142307,CABA,424,361,4,0
020142402,CABA,604,430,4,0
020982704,CABA,1134,756,5,0
020982703,CABA,614,438,4,0
020982705,CABA,1138,737,4,0
020142501,CABA,656,398,4,0
020982706,CABA,532,342,5,0
020982408,CABA,682,466,4,0
020982707,CABA,297,198,4,0
020982702,CABA,1111,755,5,0
020982701,CABA,1373,966,4,0
020982602,CABA,709,387,4,0
020982606,CABA,849,431,5,0
020982607,CABA,1065,616,5,0
020982808,CABA,574,488,4,0
020982807,CABA,812,579,5,0
020982805,CABA,630,293,4,0
020982804,CABA,672,409,4,0
020982803,CABA,616,380,4,0
020982802,CABA,624,354,4,0
020982806,CABA,1089,627,4,0
020982801,CABA,723,440,4,0
020981807,CABA,616,376,4,0
020981806,CABA,838,431,4,0
020981804,CABA,852,552,4,0
020981703,CABA,902,689,5,0
020981708,CABA,1469,963,4,0
020981805,CABA,1262,707,5,0
020982911,CABA,801,395,4,0
020982910,CABA,853,510,3,0
020982908,CABA,698,366,4,0
020982907,CABA,762,459,5,0
020982901,CABA,673,372,5,0
020982909,CABA,939,512,13,0
020982811,CABA,1248,674,5,0
020982809,CABA,620,420,5,0
020982810,CABA,983,593,4,0
020982812,CABA,652,351,7,0
020142306,CABA,249,231,4,0
020142301,CABA,652,514,4,0
020142302,CABA,775,606,4,0
020141204,CABA,1231,1061,4,0
020141101,CABA,1254,933,4,0
020141202,CABA,657,425,4,0
020141201,CABA,715,552,5,0
020982906,CABA,962,676,4,0
020982902,CABA,599,376,6,0
020982905,CABA,634,467,4,0
020982903,CABA,693,457,4,0
020982904,CABA,839,487,4,0
020141102,CABA,456,325,5,0
020983007,CABA,551,333,4,0
020983005,CABA,866,479,5,0
020983006,CABA,493,310,4,0
020983008,CABA,1713,776,6,0
020983009,CABA,1015,570,4,0
020141103,CABA,1359,965,4,0
020141105,CABA,533,425,3,0
020141104,CABA,1303,903,4,0
020141203,CABA,795,612,4,0
020141206,CABA,735,533,4,0
020141205,CABA,1125,890,5,0
020141207,CABA,476,343,4,0
020141302,CABA,856,572,4,0
020141304,CABA,963,694,4,0
020141301,CABA,1203,904,4,0
020141403,CABA,447,286,4,0
020141402,CABA,501,343,4,0
020141407,CABA,880,444,4,0
020142205,CABA,1061,759,4,0
020142204,CABA,854,632,4,0
020142203,CABA,683,463,4,0
020142303,CABA,901,707,4,0
020142202,CABA,689,464,4,0
020142304,CABA,759,629,4,0
020142305,CABA,551,411,4,0
020142309,CABA,866,615,5,0
020142101,CABA,1016,609,4,0
020142102,CABA,1100,774,5,0
020142201,CABA,697,554,4,0
020142206,CABA,1018,922,4,0
020141408,CABA,841,478,4,0
020142106,CABA,824,590,4,0
020142105,CABA,915,711,4,0
020142003,CABA,944,732,4,0
020142004,CABA,591,368,4,0
020141906,CABA,683,574,4,0
020141901,CABA,833,553,5,0
020141905,CABA,686,467,5,0
020141902,CABA,855,498,4,0
020141409,CABA,1240,882,5,0
020141406,CABA,1210,794,4,0
020141405,CABA,857,458,4,0
020141410,CABA,1111,777,4,0
020141904,CABA,1126,602,4,0
020141903,CABA,704,415,4,0
020141807,CABA,631,305,5,0
020141908,CABA,836,613,5,0
020210202,CABA,628,358,4,0
020210301,CABA,1154,624,4,0
020210306,CABA,823,418,4,0
020210305,CABA,789,433,4,0
020210302,CABA,1019,593,4,0
020210303,CABA,934,480,4,0
020210304,CABA,659,301,4,0
020210309,CABA,504,242,4,0
020210310,CABA,676,357,6,0
020210311,CABA,823,449,5,0
020210801,CABA,815,470,4,0
020210308,CABA,933,468,6,0
020210307,CABA,889,501,4,0
020210205,CABA,1016,539,6,0
020210207,CABA,938,511,6,0
020210208,CABA,1087,499,6,0
020210209,CABA,891,449,4,0
020210212,CABA,857,468,4,0
020210210,CABA,425,219,4,0
020210206,CABA,690,334,5,0
020210104,CABA,445,299,5,0
020210204,CABA,673,325,4,0
020210203,CABA,417,234,4,0
020210201,CABA,875,460,4,0
020141907,CABA,713,492,7,0
020210103,CABA,861,590,4,0
020142009,CABA,510,254,4,0
020142008,CABA,708,435,4,0
020210102,CABA,876,549,5,0
020210101,CABA,634,435,6,0
020210112,CABA,466,317,4,0
020142007,CABA,952,593,5,0
020350205,CABA,562,344,4,0
020142513,CABA,516,338,4,0
020142511,CABA,451,363,4,0
020350204,CABA,1003,635,4,0
020350206,CABA,585,345,6,0
020350207,CABA,764,360,4,0
020210106,CABA,641,303,7,0
020350208,CABA,1124,568,4,0
020350312,CABA,739,363,4,0
020350303,CABA,589,319,4,0
020350304,CABA,720,345,4,0
020210109,CABA,772,393,7,0
020210110,CABA,329,174,3,0
020210107,CABA,592,383,5,0
020210105,CABA,843,415,5,0
020210108,CABA,416,289,4,0
020210111,CABA,569,351,4,0
020210211,CABA,605,322,4,0
020210903,CABA,1121,603,4,0
020210906,CABA,630,374,7,0
020210907,CABA,669,335,4,0
020210902,CABA,674,302,4,0
020210901,CABA,838,465,5,0
020350308,CABA,405,235,4,0
020350309,CABA,593,419,4,0
020210908,CABA,714,322,7,0
020210909,CABA,1054,525,3,0
020211601,CABA,775,411,5,0
020211607,CABA,780,406,5,0
020211602,CABA,931,479,4,0
020211606,CABA,686,365,4,0
020211603,CABA,853,449,4,0
020211604,CABA,486,275,4,0
020210910,CABA,928,383,7,0
020211605,CABA,542,299,4,0
020211502,CABA,962,522,4,0
020211402,CABA,1015,601,4,0
020211403,CABA,1051,532,4,0
020211503,CABA,599,345,4,0
020211504,CABA,707,472,5,0
020211501,CABA,701,406,4,0
020210904,CABA,1085,461,4,0
020210905,CABA,688,265,4,0
020211001,CABA,872,550,6,0
020210810,CABA,512,286,4,0
020210802,CABA,581,268,4,0
020210809,CABA,737,376,4,0
020210803,CABA,908,469,7,0
020210808,CABA,569,312,4,0
020211002,CABA,827,515,4,0
020211008,CABA,779,441,4,0
020211505,CABA,654,435,6,0
020211404,CABA,796,447,5,0
020211405,CABA,735,475,4,0
020211507,CABA,1084,609,4,0
020211302,CABA,778,463,8,0
020211508,CABA,1176,748,4,0
020211509,CABA,331,221,5,0
020211006,CABA,743,397,5,0
020211009,CABA,148,111,3,0
020211506,CABA,766,450,4,0
020211007,CABA,736,424,4,0
020211003,CABA,582,323,4,0
020210804,CABA,563,324,4,0
020210807,CABA,567,302,4,0
020210805,CABA,516,272,4,0
020210806,CABA,482,262,4,0
020211004,CABA,709,428,6,0
020211005,CABA,590,376,5,0
020211108,CABA,799,489,4,0
020211101,CABA,781,424,4,0
020210701,CABA,361,205,4,0
020210709,CABA,987,609,4,0
020210702,CABA,948,645,4,0
020210708,CABA,441,270,4,0
020211102,CABA,864,607,4,0
020211107,CABA,637,444,4,0
020211203,CABA,564,454,4,0
020211202,CABA,1134,612,4,0
020211201,CABA,856,494,4,0
020211210,CABA,804,432,6,0
020211303,CABA,908,508,4,0
020211304,CABA,560,327,4,0
020211305,CABA,717,448,4,0
020211209,CABA,472,307,4,0
020211204,CABA,523,348,4,0
020211208,CABA,866,433,4,0
020211205,CABA,1065,689,4,0
020211207,CABA,989,684,4,0
020211306,CABA,727,387,4,0
020211307,CABA,488,285,4,0
020071801,CABA,1102,684,4,0
020071610,CABA,549,352,4,0
020211206,CABA,286,175,5,0
020211104,CABA,814,550,7,0
020071114,CABA,658,493,4,0
020071108,CABA,729,502,4,0
020071107,CABA,623,560,4,0
020210705,CABA,651,508,4,0
020210704,CABA,962,589,6,0
020210706,CABA,638,440,4,0
020211105,CABA,746,410,3,0
020211103,CABA,663,438,4,0
020211106,CABA,1094,647,4,0
020210707,CABA,1162,744,4,0
020210703,CABA,1061,596,4,0
020210606,CABA,588,378,4,0
020210602,CABA,686,511,4,0
020210504,CABA,541,399,4,0
020210605,CABA,810,622,4,0
020210604,CABA,697,600,4,0
020071101,CABA,503,376,4,0
020071012,CABA,681,472,5,0
020071011,CABA,873,482,4,0
020071005,CABA,590,303,6,0
020210603,CABA,765,605,5,0
020210507,CABA,850,701,3,0
020071004,CABA,610,456,4,0
020140708,CABA,455,263,10,0
020141705,CABA,788,468,4,0
020141706,CABA,1120,774,4,0
020141709,CABA,659,499,6,0
020210506,CABA,423,311,6,0
020210505,CABA,772,508,4,0
020141708,CABA,869,733,4,0
020141707,CABA,1080,866,4,0
020141804,CABA,532,393,10,0
020210501,CABA,833,523,5,0
020210503,CABA,1088,714,4,0
020210601,CABA,1022,658,4,0
020210607,CABA,699,503,4,0
020210407,CABA,694,473,4,0
020210406,CABA,868,494,4,0
020210502,CABA,710,404,4,0
020210404,CABA,893,557,5,0
020210405,CABA,657,426,4,0
020210408,CABA,486,346,5,0
020210401,CABA,822,589,4,0
020210402,CABA,625,409,4,0
020210403,CABA,704,489,5,0
020141808,CABA,529,294,3,0
020141806,CABA,813,528,4,0
020141805,CABA,603,420,4,0
020141801,CABA,971,645,4,0
020141506,CABA,702,431,4,0
020141505,CABA,423,257,4,0
020141504,CABA,711,505,4,0
020141507,CABA,577,333,4,0
020141802,CABA,1377,732,5,0
020141803,CABA,927,685,4,0
020141701,CABA,1116,829,4,0
020141607,CABA,1006,663,4,0
020141601,CABA,648,477,5,0
020141503,CABA,1459,887,5,0
020141508,CABA,815,375,5,0
020141502,CABA,759,462,4,0
020140908,CABA,1452,859,4,0
020140907,CABA,856,479,4,0
020140906,CABA,994,605,4,0
020140905,CABA,1109,583,4,0
020140902,CABA,761,422,9,0
020140903,CABA,880,570,3,0
020140904,CABA,1038,563,5,0
020141306,CABA,714,464,5,0
020140909,CABA,1236,854,4,0
020141501,CABA,607,358,4,0
020141404,CABA,738,554,4,0
020141401,CABA,545,401,7,0
020141305,CABA,1016,568,4,0
020141307,CABA,1278,1016,4,0
020141001,CABA,1000,846,4,0
020141303,CABA,1013,829,4,0
020141006,CABA,620,404,4,0
020141007,CABA,1082,883,4,0
020141005,CABA,770,696,4,0
020141002,CABA,607,513,4,0
020141003,CABA,585,401,4,0
020141106,CABA,688,557,9,0
020983110,CABA,528,318,8,0
020983112,CABA,559,425,5,0
020983111,CABA,418,358,4,0
020140201,CABA,691,505,4,0
020140202,CABA,945,621,4,0
020140204,CABA,600,318,3,0
020140205,CABA,664,328,5,0
020141004,CABA,915,581,5,0
020141008,CABA,865,695,4,0
020141009,CABA,623,458,5,0
020140301,CABA,932,625,4,0
020140207,CABA,312,218,5,0
020140304,CABA,383,281,4,0
020140302,CABA,836,695,3,0
020140208,CABA,731,445,3,0
020140206,CABA,473,310,4,0
020140203,CABA,606,299,18,0
020140303,CABA,343,144,8,0
020140306,CABA,908,745,4,0
020140308,CABA,687,360,4,0
020140808,CABA,954,654,4,0
020140804,CABA,1209,687,4,0
020140305,CABA,742,533,6,0
020140803,CABA,1060,762,4,0
020140901,CABA,659,427,3,0
020140802,CABA,856,430,4,0
020140801,CABA,647,483,5,0
020140806,CABA,1225,782,5,0
020140805,CABA,1083,703,4,0
020140807,CABA,2251,1261,7,0
020141603,CABA,765,489,4,0
020141602,CABA,704,482,5,0
020141606,CABA,719,456,4,0
020141702,CABA,860,605,4,0
020141703,CABA,1069,743,4,0
020141605,CABA,793,571,4,0
020141704,CABA,402,357,4,0
020140705,CABA,597,440,4,0
020141608,CABA,650,511,4,0
020141604,CABA,632,662,4,0
020140704,CABA,771,510,4,0
020140701,CABA,1407,846,5,0
020140702,CABA,966,762,4,0
020140703,CABA,1002,648,4,0
020140707,CABA,1070,790,4,0
020140706,CABA,716,535,4,0
020140601,CABA,581,298,6,0
020140604,CABA,834,424,5,0
020140605,CABA,523,280,4,0
020140606,CABA,750,486,4,0
020140603,CABA,562,289,4,0
020070801,CABA,498,383,4,0
020070505,CABA,535,298,4,0
020070503,CABA,1001,710,4,0
020070504,CABA,1014,650,4,0
020140602,CABA,1281,696,3,0
020140505,CABA,922,514,4,0
020070408,CABA,708,414,5,0
020070407,CABA,678,413,3,0
020070405,CABA,364,299,4,0
020140502,CABA,851,432,4,0
020140503,CABA,662,317,4,0
020140504,CABA,658,391,4,0
020140506,CABA,864,573,4,0
020140507,CABA,920,459,4,0
020140509,CABA,463,310,4,0
020140508,CABA,629,388,4,0
020140307,CABA,850,514,4,0
020140405,CABA,771,376,4,0
020140404,CABA,550,277,4,0
020140403,CABA,427,184,6,0
020140406,CABA,518,236,4,0
020140407,CABA,607,310,4,0
020140402,CABA,293,160,3,0
020140401,CABA,880,418,4,0
020070317,CABA,547,181,6,0
020070316,CABA,374,148,6,0
020070315,CABA,781,263,5,0
020070314,CABA,585,215,6,0
020140408,CABA,890,506,4,0
020140501,CABA,685,402,6,0
020140409,CABA,714,376,4,0
020140410,CABA,1020,545,4,0
020070401,CABA,866,798,4,0
020070304,CABA,443,177,6,0
020070313,CABA,528,184,6,0
020070205,CABA,673,226,6,0
020070305,CABA,975,344,5,0
020070312,CABA,683,237,6,0
020070311,CABA,658,232,7,0
020070310,CABA,1374,479,6,0
020070309,CABA,560,215,3,0
020070308,CABA,903,325,8,0
020070307,CABA,960,314,5,0
020070306,CABA,376,144,5,0
020070207,CABA,862,312,7,0
020070222,CABA,936,321,5,0
020070208,CABA,645,260,5,0
020070209,CABA,464,190,8,0
020073004,CABA,518,207,6,0
020073005,CABA,292,101,4,0
020073011,CABA,814,328,18,0
020070601,CABA,863,648,7,0
020070402,CABA,1093,805,4,0
020070403,CABA,551,356,5,0
020070404,CABA,714,471,5,0
020070406,CABA,695,480,5,0
020070501,CABA,755,441,4,0
020070502,CABA,541,361,4,0
020070506,CABA,876,643,4,0
020070802,CABA,1106,870,4,0
020070507,CABA,673,452,4,0
020070803,CABA,746,568,4,0
020070610,CABA,597,407,4,0
020070609,CABA,1182,622,4,0
020070804,CABA,555,358,4,0
020070810,CABA,331,287,4,0
020070805,CABA,440,400,4,0
020070905,CABA,592,259,4,0
020070904,CABA,517,409,4,0
020070916,CABA,554,294,6,0
020071212,CABA,412,471,4,0
020070921,CABA,369,200,4,0
020070903,CABA,520,264,10,0
020071203,CABA,296,286,4,0
020071202,CABA,430,248,4,0
020070902,CABA,631,372,6,0
020070811,CABA,301,208,6,0
020070809,CABA,463,319,4,0
020070806,CABA,1104,919,4,0
020070807,CABA,1222,853,4,0
020070808,CABA,589,420,5,0
020070901,CABA,529,354,4,0
020071001,CABA,409,315,5,0
020140610,CABA,483,348,4,0
020140607,CABA,415,280,4,0
020140609,CABA,526,504,4,0
020140608,CABA,549,396,4,0
020140709,CABA,647,507,3,0
020071003,CABA,893,606,5,0
020071015,CABA,296,197,4,0
020071002,CABA,696,343,4,0
020071007,CABA,451,226,4,0
020071009,CABA,635,391,4,0
020071006,CABA,949,592,5,0
020071010,CABA,893,550,6,0
020071016,CABA,328,208,4,0
020071102,CABA,713,631,4,0
020071013,CABA,624,509,4,0
020071103,CABA,425,393,4,0
020071014,CABA,399,260,4,0
020071008,CABA,528,284,5,0
020071201,CABA,337,278,4,0
020071205,CABA,499,314,6,0
020071112,CABA,424,380,4,0
020071111,CABA,370,269,4,0
020071104,CABA,755,547,6,0
020071105,CABA,575,305,4,0
020071106,CABA,474,454,4,0
020071109,CABA,469,335,4,0
020071113,CABA,531,343,4,0
020071110,CABA,541,422,4,0
020071115,CABA,616,426,4,0
020071607,CABA,1010,635,6,0
020071609,CABA,319,194,6,0
020071608,CABA,485,326,3,0
020071611,CABA,381,203,4,0
020071802,CABA,832,513,4,0
020071612,CABA,334,144,4,0
020071707,CABA,668,457,4,0
020071606,CABA,495,311,4,0
020071603,CABA,738,499,7,0
020071604,CABA,588,476,2,0
020071605,CABA,330,191,4,0
020071701,CABA,1005,580,8,0
020071706,CABA,956,633,4,0
020071704,CABA,578,351,4,0
020071703,CABA,657,428,6,0
020071702,CABA,448,326,4,0
020071601,CABA,558,342,5,0
020071602,CABA,368,204,4,0
020071207,CABA,1020,666,5,0
020071204,CABA,473,444,4,0
020071206,CABA,601,361,6,0
020071213,CABA,379,288,4,0
020071208,CABA,300,326,4,0
020071209,CABA,586,460,7,0
020071501,CABA,774,389,4,0
020071503,CABA,586,419,6,0
020071505,CABA,554,291,4,0
020071506,CABA,609,421,4,0
020071509,CABA,992,552,5,0
020071510,CABA,739,382,4,0
020071905,CABA,442,280,6,0
020071711,CABA,451,277,4,0
020071705,CABA,615,393,5,0
020071710,CABA,627,339,5,0
020071904,CABA,780,439,4,0
020071903,CABA,353,176,4,0
020071907,CABA,738,538,4,0
020071906,CABA,601,426,4,0
020072102,CABA,762,474,8,0
020072105,CABA,777,392,4,0
020072108,CABA,503,321,5,0
020072104,CABA,1114,632,6,0
020072110,CABA,841,550,5,0
020072103,CABA,680,421,4,0
020072201,CABA,806,466,6,0
020072205,CABA,473,268,5,0
020072209,CABA,979,506,6,0
020072808,CABA,230,157,4,0
020072809,CABA,942,574,4,0
020072701,CABA,388,300,3,0
020072706,CABA,675,360,5,0
020072702,CABA,705,397,6,0
020072806,CABA,761,335,4,0
020072807,CABA,550,332,6,0
020072109,CABA,676,418,4,0
020072805,CABA,776,472,5,0
020072009,CABA,656,358,4,0
020072812,CABA,541,261,3,0
020072811,CABA,788,371,3,0
020072804,CABA,553,338,6,0
020072810,CABA,974,528,5,0
020072703,CABA,636,335,5,0
020072903,CABA,760,360,4,0
020072813,CABA,667,354,7,0
020072902,CABA,703,436,5,0
020072901,CABA,1148,559,4,0
020072802,CABA,626,356,4,0
020072803,CABA,543,261,5,0
020072801,CABA,353,251,6,0
020072010,CABA,884,397,5,0
020072006,CABA,585,364,4,0
020072005,CABA,776,503,4,0
020072001,CABA,557,347,4,0
020071809,CABA,846,468,4,0
020071808,CABA,696,316,4,0
020072002,CABA,783,473,6,0
020072004,CABA,724,383,4,0
020072007,CABA,503,339,4,0
020072008,CABA,657,467,4,0
020072107,CABA,772,415,5,0
020072106,CABA,631,348,4,0
020072101,CABA,472,304,4,0
020072003,CABA,736,434,4,0
020071902,CABA,1003,638,4,0
020071908,CABA,424,204,4,0
020071708,CABA,691,374,4,0
020071709,CABA,446,309,4,0
020071803,CABA,708,334,7,0
020071901,CABA,990,541,4,0
020071909,CABA,569,329,4,0
020071807,CABA,636,307,4,0
020071806,CABA,985,459,4,0
020071805,CABA,767,364,5,0
020071804,CABA,1181,596,4,0
020212003,CABA,684,433,4,0
020211308,CABA,636,332,4,0
020212002,CABA,771,567,4,0
020212005,CABA,571,318,4,0
020212004,CABA,582,408,4,0
020212008,CABA,828,508,4,0
020212009,CABA,1054,654,4,0
020212104,CABA,904,538,4,0
020212103,CABA,766,443,4,0
020212102,CABA,892,503,7,0
020212101,CABA,837,533,6,0
020212010,CABA,672,408,4,0
020212011,CABA,668,450,4,0
020212202,CABA,608,335,4,0
020212204,CABA,584,377,4,0
020212203,CABA,364,184,4,0
020212201,CABA,961,539,6,0
020211908,CABA,1275,553,4,0
020212007,CABA,1042,557,6,0
020212006,CABA,572,267,4,0
020212001,CABA,741,520,4,0
020211309,CABA,776,478,4,0
020211310,CABA,543,446,4,0
020211311,CABA,663,388,6,0
020211903,CABA,769,398,6,0
020211907,CABA,1006,556,8,0
020211904,CABA,744,389,4,0
020211902,CABA,388,229,5,0
020211901,CABA,1357,667,5,0
020211301,CABA,805,411,3,0
020211406,CABA,948,504,4,0
020211805,CABA,473,245,4,0
020211806,CABA,711,324,4,0
020211905,CABA,857,431,5,0
020212403,CABA,815,452,5,0
020211906,CABA,803,449,6,0
020211811,CABA,693,366,3,0
020211810,CABA,634,292,6,0
020212404,CABA,930,448,4,0
020212304,CABA,406,239,4,0
020212301,CABA,940,547,6,0
020211910,CABA,550,340,4,0
020212302,CABA,661,347,4,0
020211909,CABA,738,396,4,0
020212303,CABA,842,487,6,0
020212306,CABA,602,305,4,0
020212307,CABA,640,364,3,0
020212308,CABA,854,380,6,0
020212305,CABA,655,387,4,0
020212409,CABA,480,248,4,0
020212405,CABA,611,345,5,0
020212408,CABA,809,443,5,0
020212703,CABA,990,502,5,0
020212704,CABA,995,546,6,0
020212707,CABA,809,390,7,0
020280702,CABA,768,383,3,0
020212309,CABA,882,370,5,0
020280703,CABA,841,419,5,0
020212209,CABA,903,411,6,0
020212310,CABA,824,385,5,0
020212205,CABA,920,572,6,0
020212206,CABA,543,283,6,0
020212207,CABA,835,448,5,0
020212208,CABA,917,466,7,0
020212106,CABA,716,411,6,0
020212107,CABA,516,297,4,0
020212105,CABA,463,239,4,0
020212108,CABA,752,475,6,0
020212110,CABA,1023,515,6,0
020212109,CABA,526,281,3,0
020280712,CABA,662,433,7,0
020280806,CABA,821,334,5,0
020280807,CABA,481,213,5,0
020280812,CABA,1646,673,3,0
020280805,CABA,683,335,7,0
020280710,CABA,693,363,3,0
020280711,CABA,669,329,8,0
020280705,CABA,752,440,5,0
020280704,CABA,2039,969,3,0
020280701,CABA,1104,514,8,0
020280706,CABA,1003,509,6,0
020280707,CABA,723,395,5,0
020280610,CABA,538,269,7,0
020280611,CABA,673,281,3,0
020280803,CABA,850,356,4,0
020280708,CABA,753,403,4,0
020280709,CABA,839,439,4,0
020280804,CABA,794,323,5,0
020280810,CABA,722,279,5,0
020282702,CABA,619,353,3,0
020282703,CABA,410,251,6,0
020282704,CABA,415,392,4,0
020280808,CABA,602,237,12,0
020280809,CABA,1027,393,3,0
020282705,CABA,268,342,4,0
020282707,CABA,1143,451,6,0
020281206,CABA,1095,409,9,0
020281205,CABA,643,350,4,0
020282706,CABA,267,130,4,0
020281204,CABA,678,312,4,0
020281203,CABA,678,317,5,0
020072905,CABA,951,596,4,0
020072904,CABA,730,392,5,0
020072906,CABA,866,399,5,0
020072907,CABA,630,435,5,0
020072908,CABA,658,377,6,0
020072909,CABA,930,486,4,0
020281202,CABA,704,324,10,0
020072704,CABA,556,382,5,0
020072705,CABA,552,284,5,0
020072707,CABA,647,342,4,0
020281201,CABA,595,315,6,0
020281210,CABA,876,378,8,0
020281207,CABA,861,345,5,0
020281208,CABA,471,239,4,0
020281209,CABA,765,407,5,0
020282203,CABA,853,447,6,0
020281211,CABA,590,280,5,0
020281212,CABA,779,367,5,0
020282305,CABA,895,389,4,0
020282207,CABA,866,527,4,0
020282206,CABA,590,293,4,0
020282208,CABA,1061,533,5,0
020282209,CABA,682,307,4,0
020282113,CABA,419,358,3,0
020282202,CABA,779,436,8,0
020282205,CABA,832,385,6,0
020282204,CABA,1178,577,4,0
020282201,CABA,586,357,6,0
020281509,CABA,829,387,6,0
020281508,CABA,700,368,4,0
020281507,CABA,639,337,4,0
020281505,CABA,718,305,5,0
020281506,CABA,962,484,8,0
020281510,CABA,556,254,4,0
020282002,CABA,609,321,5,0
020282001,CABA,825,375,7,0
020281606,CABA,690,372,5,0
020281607,CABA,425,201,5,0
020281603,CABA,851,355,2,0
020281604,CABA,592,273,6,0
020281605,CABA,643,349,4,0
020281405,CABA,692,374,5,0
020281501,CABA,779,464,5,0
020281504,CABA,660,373,6,0
020281502,CABA,1280,793,4,0
020281503,CABA,1243,634,6,0
020281406,CABA,664,349,5,0
020281407,CABA,972,484,7,0
020281409,CABA,674,374,5,0
020281304,CABA,502,284,3,0
020281303,CABA,632,324,6,0
020281308,CABA,405,225,6,0
020281309,CABA,417,214,5,0
020281310,CABA,526,323,5,0
020281311,CABA,1052,563,5,0
020281307,CABA,1093,544,5,0
020281305,CABA,969,523,5,0
020281306,CABA,638,260,8,0
020281302,CABA,693,422,4,0
020281301,CABA,1069,528,5,0
020072708,CABA,951,547,11,0
020072709,CABA,686,371,3,0
020072710,CABA,468,302,4,0
020281401,CABA,651,490,5,0
020281408,CABA,525,327,4,0
020281402,CABA,429,250,4,0
020072609,CABA,799,446,4,0
020072605,CABA,1047,712,6,0
020072608,CABA,552,369,5,0
020072607,CABA,620,379,4,0
020072606,CABA,378,205,4,0
020072210,CABA,1514,816,4,0
020072208,CABA,698,347,5,0
020072206,CABA,588,288,3,0
020072204,CABA,474,266,4,0
020072207,CABA,621,412,4,0
020072601,CABA,339,180,4,0
020072310,CABA,256,189,4,0
020072202,CABA,819,446,4,0
020072203,CABA,833,439,4,0
020071511,CABA,594,367,4,0
020071507,CABA,587,383,4,0
020071508,CABA,838,476,4,0
020072301,CABA,705,487,6,0
020072303,CABA,761,527,4,0
020071412,CABA,428,326,4,0
020071406,CABA,664,444,5,0
020071411,CABA,350,292,4,0
020072304,CABA,298,160,4,0
020072307,CABA,495,230,4,0
020072302,CABA,516,311,4,0
020072309,CABA,838,479,4,0
020072604,CABA,548,347,4,0
020072603,CABA,499,327,4,0
020072602,CABA,627,435,4,0
020072501,CABA,446,256,4,0
020072502,CABA,458,333,5,0
020072404,CABA,392,305,4,0
020072306,CABA,506,272,4,0
020072308,CABA,589,301,6,0
020072305,CABA,513,271,5,0
020071409,CABA,502,417,4,0
020071410,CABA,474,400,5,0
020072401,CABA,268,164,4,0
020071408,CABA,449,354,6,0
020072402,CABA,608,632,5,0
020072403,CABA,515,369,8,0
020072405,CABA,349,247,3,0
020072503,CABA,454,328,6,0
020072406,CABA,865,600,4,0
020072408,CABA,493,244,4,0
020072508,CABA,668,468,4,0
020072507,CABA,421,298,4,0
020072504,CABA,830,574,4,0
020072505,CABA,605,372,6,0
020072506,CABA,582,319,6,0
020072510,CABA,484,232,6,0
020072509,CABA,442,292,4,0
020281403,CABA,595,451,5,0
020281404,CABA,854,454,4,0
020072511,CABA,488,343,10,0
020281601,CABA,397,177,5,0
020281702,CABA,686,325,6,0
020281703,CABA,716,338,3,0
020281707,CABA,601,329,8,0
020281704,CABA,601,350,4,0
020281705,CABA,776,360,4,0
020072407,CABA,941,549,7,0
020071313,CABA,291,236,9,0
020071312,CABA,539,526,4,0
020071315,CABA,659,548,2,0
020071311,CABA,439,366,4,0
020071310,CABA,1122,600,6,0
020281701,CABA,828,409,11,0
020281709,CABA,955,418,5,0
020281706,CABA,582,310,4,0
020281710,CABA,855,427,4,0
020281904,CABA,1091,455,7,0
020281907,CABA,613,248,4,0
020281909,CABA,1140,397,5,0
020281910,CABA,712,406,4,0
020281906,CABA,1191,458,5,0
020281905,CABA,679,328,6,0
020282009,CABA,953,403,5,0
020281901,CABA,656,334,4,0
020281902,CABA,656,307,4,0
020281903,CABA,847,408,6,0
020281708,CABA,977,419,7,0
020281610,CABA,755,304,4,0
020281609,CABA,915,529,3,0
020282007,CABA,632,270,5,0
020281608,CABA,1336,584,10,0
020281602,CABA,1714,883,9,0
020282004,CABA,630,295,6,0
020282005,CABA,509,222,4,0
020282006,CABA,840,354,4,0
020282008,CABA,756,293,5,0
020282010,CABA,1044,403,5,0
020282104,CABA,642,278,7,0
020282102,CABA,668,252,5,0
020282103,CABA,657,254,6,0
020282003,CABA,910,368,6,0
020282101,CABA,710,323,6,0
020282106,CABA,668,270,5,0
020282105,CABA,620,289,4,0
020282107,CABA,805,343,5,0
020282111,CABA,791,347,4,0
020282108,CABA,887,384,5,0
020282110,CABA,803,301,4,0
020282109,CABA,658,245,3,0
020282011,CABA,1047,484,6,0
020282012,CABA,1265,570,2,0
060350903,Avellaneda,620,189,5,0
060350904,Avellaneda,1943,543,5,0
060350902,Avellaneda,798,242,4,0
060350901,Avellaneda,805,249,3,0
020281911,CABA,1077,339,2,0
020281908,CABA,653,226,5,0
060350102,Avellaneda,1178,351,8,0
060350110,Avellaneda,1035,343,5,0
020281801,CABA,24,12,4,0
020071317,CABA,720,284,4,0
020071318,CABA,677,248,3,0
020071316,CABA,998,428,3,0
020071314,CABA,650,486,13,0
020070101,CABA,244,105,11,0
020071307,CABA,1068,584,2,0
020071306,CABA,422,209,7,0
020071304,CABA,621,421,9,0
020071308,CABA,493,368,4,0
020071309,CABA,562,389,5,0
020071305,CABA,558,372,3,0
020071301,CABA,567,438,9,0
020071303,CABA,323,438,2,0
020071302,CABA,226,180,1,0
020070913,CABA,791,283,5,0
020070712,CABA,481,281,4,0
020070912,CABA,304,170,4,0
020070911,CABA,402,298,4,0
020070914,CABA,519,318,6,0
020071407,CABA,657,401,6,0
020071402,CABA,821,378,5,0
020071403,CABA,369,310,4,0
020071211,CABA,516,255,7,0
020071401,CABA,629,390,6,0
020071404,CABA,344,296,4,0
020071405,CABA,737,393,7,0
020071502,CABA,781,401,6,0
020071504,CABA,1007,537,5,0
020071214,CABA,519,367,7,0
020070917,CABA,245,255,4,0
020070918,CABA,444,402,4,0
020070920,CABA,637,315,6,0
020071210,CABA,392,245,5,0
020070919,CABA,260,151,5,0
020070915,CABA,380,252,4,0
020070909,CABA,1003,643,5,0
020070910,CABA,521,332,6,0
020070711,CABA,347,211,6,0
020070706,CABA,343,247,4,0
020070707,CABA,733,448,4,0
020070710,CABA,627,407,4,0
020070908,CABA,607,403,4,0
020070906,CABA,711,426,6,0
020070907,CABA,864,525,4,0
020070709,CABA,492,381,4,0
020070708,CABA,567,348,4,0
020070701,CABA,779,523,4,0
020070606,CABA,550,389,5,0
020070607,CABA,533,362,4,0
020070608,CABA,538,407,4,0
020070602,CABA,667,447,4,0
020070603,CABA,1002,710,4,0
020070604,CABA,837,599,5,0
020070605,CABA,421,297,3,0
020070702,CABA,280,154,9,0
020070705,CABA,404,263,4,0
020070703,CABA,262,156,3,0
020070704,CABA,353,218,4,0
020070713,CABA,282,205,7,0
020073010,CABA,683,289,6,0
020073012,CABA,1012,393,3,0
020070220,CABA,325,140,7,0
020070216,CABA,358,162,4,0
020073009,CABA,564,218,7,0
020073013,CABA,727,273,5,0
020073006,CABA,718,271,5,0
020073007,CABA,755,290,7,0
020073008,CABA,731,253,4,0
020073001,CABA,799,314,5,0
020070219,CABA,343,121,6,0
020073002,CABA,805,329,7,0
020073003,CABA,474,190,5,0
020070211,CABA,627,246,7,0
020070210,CABA,375,121,5,0
020070213,CABA,461,171,4,0
020070218,CABA,545,204,5,0
020070217,CABA,670,264,5,0
020070215,CABA,712,276,5,0
020070214,CABA,556,244,4,0
020070212,CABA,1136,422,6,0
020140101,CABA,57,23,8,0
020070221,CABA,1136,361,6,0
020070223,CABA,965,315,4,0
020070204,CABA,577,200,6,0
020070203,CABA,290,100,6,0
020070201,CABA,620,255,5,0
020070303,CABA,405,147,3,0
020070302,CABA,1463,562,9,0
020070202,CABA,483,167,4,0
020070318,CABA,293,119,3,0
020070319,CABA,364,127,6,0
020070301,CABA,451,131,2,0
020140102,CABA,497,168,11,0
020983109,CABA,559,308,4,0
020983108,CABA,627,445,7,0
020983107,CABA,820,421,6,0
020983106,CABA,1008,629,5,0
020983103,CABA,768,475,4,0
020983104,CABA,733,349,4,0
020983105,CABA,661,369,5,0
020983004,CABA,751,520,5,0
020983003,CABA,866,576,6,0
020983001,CABA,866,450,5,0
020983102,CABA,742,392,3,0
020983101,CABA,693,385,7,0
020983002,CABA,988,600,4,0
020981707,CABA,804,481,6,0
020981706,CABA,966,590,6,0
020981606,CABA,390,158,4,0
020981605,CABA,933,426,4,0
020981607,CABA,381,204,4,0
020981705,CABA,878,554,4,0
020981704,CABA,447,430,4,0
020981702,CABA,791,550,6,0
020981603,CABA,1371,691,4,0
020981604,CABA,1413,725,4,0
020981602,CABA,966,484,3,0
020981601,CABA,1319,639,9,0
020981114,CABA,541,322,3,0
020981113,CABA,293,201,6,0
020981104,CABA,827,403,4,0
020981105,CABA,975,505,5,0
020981103,CABA,882,486,4,0
020981116,CABA,364,269,3,0
020981106,CABA,910,503,5,0
020981117,CABA,396,250,4,0
020981112,CABA,883,553,9,0
020981108,CABA,1262,661,4,0
020981109,CABA,827,714,4,0
020981111,CABA,585,488,3,0
020981205,CABA,1013,559,4,0
020981110,CABA,470,328,4,0
020981101,CABA,1167,650,9,0
020981107,CABA,719,384,3,0
020981115,CABA,539,315,4,0
020981102,CABA,411,190,6,0
020981001,CABA,145,68,25,0
020981002,CABA,45,21,6,0
067560402,San Isidro,852,389,3,0
067560403,San Isidro,836,394,5,0
067560506,San Isidro,741,317,5,0
067560501,San Isidro,826,356,4,0
068610202,Vicente López,989,433,5,0
068610207,Vicente López,576,273,6,0
068610201,Vicente López,1154,371,7,0
068610401,Vicente López,559,333,4,0
068610402,Vicente López,347,201,4,0
068610501,Vicente López,737,451,11,0
068610502,Vicente López,704,463,2,0
068610413,Vicente López,834,654,4,0
068610403,Vicente López,473,374,5,0
068610412,Vicente López,463,288,5,0
068610408,Vicente López,384,241,4,0
068610504,Vicente López,812,350,4,0
068610503,Vicente López,399,232,7,0
068610407,Vicente López,774,472,4,0
068610409,Vicente López,563,288,7,0
068610405,Vicente López,479,237,6,0
068610406,Vicente López,634,355,3,0
068610404,Vicente López,294,209,4,0
068610208,Vicente López,608,305,3,0
068610209,Vicente López,948,279,8,0
068610107,Vicente López,639,376,7,0
068610108,Vicente López,747,380,5,0
068610210,Vicente López,1053,516,8,0
068610211,Vicente López,910,326,7,0
068610410,Vicente López,629,285,6,0
068610301,Vicente López,620,354,4,0
068610411,Vicente López,505,251,8,0
068610505,Vicente López,572,306,6,0
068610308,Vicente López,503,315,6,0
068611501,Vicente López,678,372,6,0
068611502,Vicente López,623,434,4,0
068610310,Vicente López,449,320,4,0
068610306,Vicente López,366,286,4,0
068610309,Vicente López,473,355,4,0
068610303,Vicente López,781,439,6,0
068610307,Vicente López,433,272,4,0
068610302,Vicente López,520,261,6,0
068610212,Vicente López,634,258,4,0
068610304,Vicente López,950,531,4,0
068610305,Vicente López,682,421,4,0
068610311,Vicente López,591,402,5,0
068611903,Vicente López,817,413,4,0
068611902,Vicente López,289,158,4,0
068611904,Vicente López,864,405,5,0
068612007,Vicente López,790,345,6,0
068611901,Vicente López,744,347,5,0
068612008,Vicente López,768,415,6,0
068612002,Vicente López,724,365,6,0
068610111,Vicente López,655,228,6,0
068610110,Vicente López,617,355,4,0
068610109,Vicente López,719,345,4,0
068610106,Vicente López,663,343,4,0
068610105,Vicente López,861,417,7,0
068610102,Vicente López,529,232,4,0
067560612,San Isidro,627,266,7,0
067560608,San Isidro,643,285,6,0
067560510,San Isidro,800,324,6,0
068610101,Vicente López,754,347,5,0
068610204,Vicente López,1156,392,7,0
068610205,Vicente López,693,322,4,0
068610206,Vicente López,540,240,5,0
068610203,Vicente López,590,314,4,0
067560503,San Isidro,666,278,5,0
067560502,San Isidro,1000,461,6,0
067560505,San Isidro,759,326,6,0
067560504,San Isidro,1018,421,5,0
067560509,San Isidro,623,328,7,0
067560507,San Isidro,661,322,6,0
067560508,San Isidro,598,322,5,0
067560607,San Isidro,689,521,4,0
067560606,San Isidro,557,427,5,0
067560602,San Isidro,500,349,5,0
067560605,San Isidro,524,330,4,0
067560604,San Isidro,407,281,4,0
067560603,San Isidro,422,263,4,0
067560601,San Isidro,922,458,6,0
067561007,San Isidro,548,335,7,0
067561008,San Isidro,540,337,4,0
067561010,San Isidro,1021,407,6,0
067560701,San Isidro,699,387,6,0
067560704,San Isidro,771,416,6,0
067560705,San Isidro,562,377,4,0
067560702,San Isidro,567,346,4,0
067560703,San Isidro,379,221,4,0
067560706,San Isidro,362,231,4,0
067560707,San Isidro,797,487,6,0
067560805,San Isidro,1108,501,7,0
067560808,San Isidro,1051,431,6,0
067560807,San Isidro,873,330,5,0
067560708,San Isidro,603,282,5,0
067560710,San Isidro,815,360,8,0
067560709,San Isidro,803,338,6,0
067560711,San Isidro,408,316,4,0
067560610,San Isidro,683,492,5,0
067560609,San Isidro,543,398,6,0
067560611,San Isidro,552,273,6,0
068610103,Vicente López,666,360,5,0
068610112,Vicente López,491,214,6,0
068610104,Vicente López,573,328,5,0
068612101,Vicente López,979,392,5,0
068612102,Vicente López,755,322,5,0
068612109,Vicente López,780,380,5,0
068612001,Vicente López,947,411,5,0
068612103,Vicente López,890,459,5,0
068612003,Vicente López,1040,415,6,0
068611905,Vicente López,920,394,6,0
068611906,Vicente López,837,345,6,0
068612006,Vicente López,893,381,6,0
068612108,Vicente López,1103,474,7,0
068612004,Vicente López,941,405,7,0
068612005,Vicente López,1052,438,6,0
068612303,Vicente López,1095,450,5,0
068612212,Vicente López,521,226,5,0
068612211,Vicente López,515,251,4,0
068612210,Vicente López,638,282,4,0
068612107,Vicente López,1058,402,6,0
068612104,Vicente López,857,357,4,0
068612105,Vicente López,785,356,4,0
067560809,San Isidro,975,369,6,0
068612106,Vicente López,916,413,5,0
067562904,San Isidro,1055,410,7,0
067562903,San Isidro,742,342,4,0
067562905,San Isidro,903,336,5,0
068612201,Vicente López,892,409,5,0
068612202,Vicente López,1001,410,4,0
068612208,Vicente López,1034,435,4,0
068612209,Vicente López,572,237,4,0
068612302,Vicente López,1412,570,7,0
068612207,Vicente López,961,456,6,0
068612203,Vicente López,1006,431,7,0
068612301,Vicente López,1316,482,6,0
068612206,Vicente López,931,377,4,0
068612204,Vicente López,978,452,5,0
067561803,San Isidro,713,316,4,0
067562908,San Isidro,823,349,6,0
067562906,San Isidro,861,364,5,0
067562907,San Isidro,652,296,7,0
067560904,San Isidro,1226,456,5,0
067560902,San Isidro,928,405,4,0
067560903,San Isidro,1006,448,5,0
067562901,San Isidro,922,393,6,0
067562902,San Isidro,912,404,6,0
067560806,San Isidro,1293,447,8,0
067560804,San Isidro,1057,470,6,0
067560803,San Isidro,1082,386,5,0
067560802,San Isidro,868,332,6,0
067560801,San Isidro,1036,363,5,0
067561011,San Isidro,976,374,5,0
067561012,San Isidro,1076,399,5,0
067560901,San Isidro,946,377,5,0
067561002,San Isidro,471,269,13,0
067563008,San Isidro,544,311,4,0
067563009,San Isidro,759,299,8,0
067563005,San Isidro,494,311,4,0
067563006,San Isidro,450,269,4,0
067563001,San Isidro,623,434,5,0
067563002,San Isidro,619,396,6,0
067561106,San Isidro,698,417,5,0
067560208,San Isidro,697,276,4,0
067560303,San Isidro,448,327,4,0
067560304,San Isidro,550,376,7,0
067563007,San Isidro,346,231,5,0
067560305,San Isidro,370,292,8,0
067560306,San Isidro,324,260,3,0
067560307,San Isidro,850,565,4,0
067560308,San Isidro,177,176,5,0
067560301,San Isidro,467,393,4,0
067560302,San Isidro,383,417,5,0
067560206,San Isidro,798,423,9,0
067560310,San Isidro,591,404,4,0
067560309,San Isidro,400,302,6,0
067560311,San Isidro,438,240,4,0
067561001,San Isidro,606,271,3,0
067561009,San Isidro,260,215,4,0
067561003,San Isidro,657,433,4,0
067560405,San Isidro,1047,436,11,0
067560406,San Isidro,632,283,6,0
067561004,San Isidro,681,442,9,0
067561006,San Isidro,779,442,4,0
067561005,San Isidro,456,264,3,0
067560408,San Isidro,523,258,4,0
067560407,San Isidro,895,382,5,0
067560404,San Isidro,969,455,6,0
067560401,San Isidro,754,316,5,0
067560205,San Isidro,1284,392,3,0
067560312,San Isidro,143,104,4,0
067560203,San Isidro,1103,454,6,0
067560204,San Isidro,943,330,4,0
067560103,San Isidro,709,247,6,0
067560201,San Isidro,756,329,3,0
067560202,San Isidro,836,333,4,0
067560207,San Isidro,660,306,6,0
067560210,San Isidro,487,247,4,0
067560102,San Isidro,469,205,3,0
067560101,San Isidro,653,294,4,0
067561501,San Isidro,1193,435,6,0
067561513,San Isidro,318,112,1,0
067562113,San Isidro,544,196,6,0
067562104,San Isidro,1095,364,5,0
067562101,San Isidro,830,294,4,0
067562102,San Isidro,1224,377,3,0
067562103,San Isidro,1006,290,4,0
067562201,San Isidro,1404,452,8,0
063710101,General San Martín,1223,355,8,0
067562701,San Isidro,1717,509,4,0
063710111,General San Martín,39,11,6,0
063710114,General San Martín,1160,355,5,0
063710110,General San Martín,1159,320,7,0
063710112,General San Martín,832,243,4,0
063710108,General San Martín,637,194,5,0
063710107,General San Martín,513,155,3,0
063710103,General San Martín,978,273,6,0
063710105,General San Martín,574,201,3,0
063710106,General San Martín,697,202,5,0
063710109,General San Martín,802,270,8,0
063710201,General San Martín,1650,507,8,0
063710113,General San Martín,605,183,4,0
063710203,General San Martín,1393,463,8,0
063710204,General San Martín,1199,399,5,0
063710206,General San Martín,1043,409,6,0
063710205,General San Martín,1495,487,5,0
067562608,San Isidro,1224,470,10,0
063710104,General San Martín,1028,347,5,0
067562712,San Isidro,1398,455,7,0
067562710,San Isidro,864,275,5,0
067562708,San Isidro,654,236,6,0
067562709,San Isidro,777,254,6,0
067562713,San Isidro,952,313,5,0
067562705,San Isidro,1469,455,5,0
063710102,General San Martín,1009,338,5,0
067562703,San Isidro,1549,424,4,0
067562704,San Isidro,1465,398,5,0
067562706,San Isidro,695,262,4,0
067562702,San Isidro,1689,547,6,0
067562203,San Isidro,1064,381,3,0
067562202,San Isidro,1556,610,5,0
067562112,San Isidro,529,200,4,0
067563401,San Isidro,1104,315,3,0
067562205,San Isidro,1172,335,7,0
067562204,San Isidro,1247,435,5,0
067562707,San Isidro,443,169,4,0
067562206,San Isidro,1112,386,5,0
067563404,San Isidro,959,312,4,0
067563403,San Isidro,910,325,4,0
067563405,San Isidro,1128,432,9,0
067563402,San Isidro,919,290,6,0
067562108,San Isidro,1196,439,10,0
067562105,San Isidro,975,391,6,0
067562106,San Isidro,1063,373,4,0
067563407,San Isidro,674,236,9,0
067562605,San Isidro,815,279,6,0
067562604,San Isidro,838,321,6,0
067563406,San Isidro,623,237,3,0
067562601,San Isidro,1158,453,6,0
067562602,San Isidro,728,272,5,0
067562714,San Isidro,794,282,4,0
067562711,San Isidro,459,198,7,0
067562603,San Isidro,636,254,4,0
067562610,San Isidro,637,226,5,0
063713803,General San Martín,1159,453,6,0
067562609,San Isidro,779,284,6,0
067562611,San Isidro,1402,520,6,0
067562607,San Isidro,1187,456,6,0
067562606,San Isidro,1266,509,6,0
067562509,San Isidro,512,236,4,0
067562501,San Isidro,1054,362,7,0
067562313,San Isidro,574,233,5,0
067562309,San Isidro,813,255,6,0
067562306,San Isidro,1074,439,7,0
067562305,San Isidro,1323,495,5,0
067562311,San Isidro,1418,342,5,0
067562111,San Isidro,906,394,5,0
067562301,San Isidro,753,264,5,0
067562004,San Isidro,562,192,7,0
067562302,San Isidro,792,289,5,0
067562304,San Isidro,808,290,4,0
067562307,San Isidro,715,290,4,0
067562314,San Isidro,613,223,4,0
067562502,San Isidro,1363,386,4,0
067562310,San Isidro,1211,375,7,0
067562308,San Isidro,1226,489,8,0
067562401,San Isidro,1084,355,6,0
067562312,San Isidro,704,243,5,0
067562303,San Isidro,806,297,5,0
067562009,San Isidro,943,347,5,0
067562402,San Isidro,499,236,4,0
067561902,San Isidro,1179,458,6,0
067562410,San Isidro,698,265,5,0
067561903,San Isidro,733,304,4,0
067561901,San Isidro,1181,423,8,0
067562008,San Isidro,1147,430,5,0
067562007,San Isidro,597,246,5,0
067562003,San Isidro,1114,416,9,0
067562006,San Isidro,608,247,5,0
067562010,San Isidro,799,305,5,0
067562005,San Isidro,637,263,3,0
067562002,San Isidro,787,337,4,0
067563305,San Isidro,1095,451,4,0
067563306,San Isidro,950,346,5,0
067563308,San Isidro,854,392,8,0
067561512,San Isidro,720,265,4,0
067562110,San Isidro,248,152,7,0
067562109,San Isidro,999,385,5,0
067562107,San Isidro,631,205,6,0
067561511,San Isidro,1224,409,6,0
067561514,San Isidro,1023,341,6,0
067561509,San Isidro,654,244,3,0
067561510,San Isidro,805,287,7,0
067561508,San Isidro,577,279,6,0
067561504,San Isidro,615,286,6,0
067561503,San Isidro,1348,442,3,0
067561502,San Isidro,1456,477,4,0
067561402,San Isidro,92,27,4,0
067561403,San Isidro,1290,395,6,0
067561305,San Isidro,490,151,6,0
067561304,San Isidro,1357,390,4,0
067561306,San Isidro,637,232,5,0
067561408,San Isidro,659,267,5,0
067561409,San Isidro,1269,527,7,0
067563206,San Isidro,1176,355,7,0
067563207,San Isidro,1135,345,5,0
067563202,San Isidro,623,183,4,0
067563201,San Isidro,1024,374,7,0
067561407,San Isidro,704,279,5,0
067561404,San Isidro,795,241,5,0
067561406,San Isidro,775,289,6,0
067561401,San Isidro,1330,370,9,0
067561405,San Isidro,1342,377,4,0
067561505,San Isidro,702,245,6,0
067561515,San Isidro,673,245,5,0
067561506,San Isidro,1011,328,4,0
067561410,San Isidro,756,307,6,0
067561507,San Isidro,681,325,5,0
067563307,San Isidro,555,200,5,0
067563210,San Isidro,1237,378,10,0
067563208,San Isidro,1097,345,5,0
067563209,San Isidro,1271,385,4,0
067563303,San Isidro,1012,386,6,0
067563301,San Isidro,553,304,6,0
067563302,San Isidro,653,388,4,0
067561604,San Isidro,605,232,6,0
067561605,San Isidro,915,312,6,0
067561607,San Isidro,1009,436,7,0
067561606,San Isidro,937,396,6,0
067561602,San Isidro,460,200,6,0
067561603,San Isidro,424,218,4,0
067561601,San Isidro,1222,440,6,0
067563109,San Isidro,1070,257,4,0
067561204,San Isidro,607,215,6,0
067563105,San Isidro,657,265,5,0
067563107,San Isidro,1078,454,8,0
067563108,San Isidro,1095,314,5,0
067563211,San Isidro,897,254,4,0
067563205,San Isidro,567,181,5,0
067563204,San Isidro,936,270,4,0
067563203,San Isidro,1047,356,5,0
067561302,San Isidro,815,281,4,0
067561309,San Isidro,1082,413,7,0
067561307,San Isidro,821,326,6,0
067561301,San Isidro,543,200,4,0
067561303,San Isidro,1403,431,3,0
067562801,San Isidro,742,288,4,0
067562802,San Isidro,596,258,4,0
067562807,San Isidro,469,250,5,0
067562806,San Isidro,594,258,6,0
067562803,San Isidro,707,360,6,0
067562804,San Isidro,665,280,4,0
067562805,San Isidro,993,356,5,0
067561308,San Isidro,613,262,6,0
067563106,San Isidro,972,428,4,0
067562808,San Isidro,1087,449,8,0
067563104,San Isidro,622,311,4,0
067563102,San Isidro,667,291,6,0
067563101,San Isidro,643,383,3,0
067562810,San Isidro,543,243,3,0
067560109,San Isidro,621,377,5,0
067560106,San Isidro,1054,465,9,0
067562809,San Isidro,621,365,5,0
067560105,San Isidro,1172,411,4,0
067560104,San Isidro,1092,477,7,0
067560107,San Isidro,858,337,6,0
067560108,San Isidro,750,323,4,0
067560110,San Isidro,854,316,8,0
067560209,San Isidro,533,430,7,0
067561103,San Isidro,762,425,4,0
067563004,San Isidro,508,355,4,0
067563003,San Isidro,305,178,4,0
067561105,San Isidro,697,408,6,0
067561207,San Isidro,382,261,3,0
067561206,San Isidro,556,265,6,0
067561202,San Isidro,789,342,5,0
067561104,San Isidro,645,391,4,0
067561101,San Isidro,566,270,5,0
067561102,San Isidro,547,278,5,0
067561201,San Isidro,1129,443,6,0
067563103,San Isidro,1603,495,11,0
067561212,San Isidro,1054,356,5,0
067561203,San Isidro,818,276,5,0
067561210,San Isidro,836,347,5,0
067561209,San Isidro,996,411,5,0
067561205,San Isidro,938,381,7,0
067561211,San Isidro,1092,430,4,0
067561208,San Isidro,904,419,6,0
067560908,San Isidro,615,266,4,0
067560907,San Isidro,474,237,4,0
067560906,San Isidro,1032,411,6,0
067560905,San Isidro,1116,491,6,0
067561702,San Isidro,713,361,7,0
067561703,San Isidro,1015,409,6,0
067561711,San Isidro,758,304,3,0
067563304,San Isidro,790,270,5,0
067561701,San Isidro,745,472,12,0
067561708,San Isidro,1110,472,4,0
067561707,San Isidro,970,407,7,0
067561807,San Isidro,574,248,6,0
067561710,San Isidro,811,413,3,0
067561709,San Isidro,1089,449,7,0
067562001,San Isidro,825,350,7,0
067561905,San Isidro,1266,466,10,0
067561904,San Isidro,619,242,6,0
067561909,San Isidro,1143,455,5,0
067561911,San Isidro,621,247,4,0
067561908,San Isidro,1399,537,8,0
067561906,San Isidro,655,245,7,0
067561808,San Isidro,183,78,5,0
067561809,San Isidro,832,368,4,0
067561810,San Isidro,415,193,3,0
067561907,San Isidro,1212,484,6,0
067561812,San Isidro,601,273,2,0
067561804,San Isidro,908,383,8,0
067561811,San Isidro,567,243,8,0
067561706,San Isidro,927,379,5,0
067561705,San Isidro,589,268,5,0
067561806,San Isidro,705,302,4,0
067561805,San Isidro,678,313,6,0
067561704,San Isidro,852,367,6,0
067561801,San Isidro,751,298,5,0
067561802,San Isidro,1061,426,5,0
068612205,Vicente López,965,434,5,0
068612306,Vicente López,598,212,10,0
068612307,Vicente López,645,267,3,0
068612308,Vicente López,703,323,5,0
068612310,Vicente López,631,249,5,0
068612412,Vicente López,641,262,6,0
068612402,Vicente López,1050,459,7,0
068612502,Vicente López,653,249,5,0
068612501,Vicente López,488,178,6,0
068612510,Vicente López,565,239,4,0
068612503,Vicente López,1134,431,7,0
068612509,Vicente López,1141,418,7,0
068612508,Vicente López,1130,470,5,0
068612611,Vicente López,518,231,7,0
068612504,Vicente López,987,361,5,0
068612505,Vicente López,815,311,4,0
068612506,Vicente López,873,371,5,0
068612507,Vicente López,882,388,5,0
068612606,Vicente López,397,246,4,0
068612608,Vicente López,617,251,6,0
068612612,Vicente López,632,277,6,0
068612613,Vicente López,573,244,4,0
068612609,Vicente López,886,388,5,0
068613006,Vicente López,1434,438,5,0
068613001,Vicente López,714,286,9,0
068613002,Vicente López,994,308,6,0
068613104,Vicente López,1109,454,6,0
068613105,Vicente López,738,290,7,0
063710701,General San Martín,904,321,4,0
063710603,General San Martín,1322,446,7,0
063710613,General San Martín,763,264,4,0
068613106,Vicente López,980,361,5,0
068613103,Vicente López,929,371,5,0
068612607,Vicente López,385,169,4,0
068613207,Vicente López,962,416,8,0
068613102,Vicente López,925,368,5,0
068613101,Vicente López,920,383,5,0
068613208,Vicente López,1020,386,6,0
068613206,Vicente López,888,351,5,0
068613209,Vicente López,931,362,6,0
068613108,Vicente López,1069,454,5,0
068613107,Vicente López,624,273,6,0
063710601,General San Martín,775,347,8,0
063710602,General San Martín,862,323,4,0
063710604,General San Martín,1311,452,5,0
063710605,General San Martín,714,299,4,0
063710606,General San Martín,941,331,8,0
063710607,General San Martín,991,366,6,0
063710508,General San Martín,717,261,4,0
063710510,General San Martín,1256,453,7,0
063710509,General San Martín,1179,480,5,0
063710507,General San Martín,788,310,5,0
068613110,Vicente López,1211,484,6,0
068613210,Vicente López,967,407,8,0
068613109,Vicente López,904,336,6,0
068613205,Vicente López,832,372,5,0
068613307,Vicente López,706,348,5,0
068613311,Vicente López,712,277,4,0
068613303,Vicente López,509,202,6,0
068613302,Vicente López,975,445,6,0
068612410,Vicente López,1067,425,6,0
068612409,Vicente López,964,408,5,0
068613204,Vicente López,1001,385,6,0
068613202,Vicente López,906,442,8,0
068613203,Vicente López,809,367,5,0
068613201,Vicente López,988,432,5,0
068612408,Vicente López,1087,443,6,0
068612407,Vicente López,1242,504,6,0
068612405,Vicente López,1133,472,5,0
068612404,Vicente López,702,259,5,0
068612403,Vicente López,747,292,5,0
068612401,Vicente López,595,294,4,0
067561910,San Isidro,805,304,4,0
068612406,Vicente López,831,328,9,0
068612413,Vicente López,555,197,5,0
068612411,Vicente López,660,286,5,0
067562414,San Isidro,514,226,5,0
067562411,San Isidro,635,231,5,0
067562409,San Isidro,584,255,6,0
067562408,San Isidro,583,233,4,0
067562413,San Isidro,839,411,6,0
067562412,San Isidro,654,295,5,0
067562415,San Isidro,413,197,4,0
068613301,Vicente López,813,333,6,0
068613304,Vicente López,865,354,5,0
068613306,Vicente López,547,269,6,0
068613305,Vicente López,905,402,5,0
067563503,San Isidro,765,359,6,0
068613309,Vicente López,1024,392,5,0
068613310,Vicente López,1008,408,5,0
067563510,San Isidro,524,245,5,0
067563509,San Isidro,648,289,6,0
067563501,San Isidro,1393,451,7,0
067563502,San Isidro,847,348,5,0
067562407,San Isidro,533,241,6,0
067562403,San Isidro,653,250,4,0
067562404,San Isidro,856,295,5,0
067562405,San Isidro,779,273,4,0
067562406,San Isidro,1117,377,5,0
067563504,San Isidro,843,332,7,0
067562504,San Isidro,1123,395,8,0
067562503,San Isidro,1243,343,4,0
067562508,San Isidro,616,281,5,0
067562507,San Isidro,811,274,4,0
067562506,San Isidro,601,237,5,0
063710303,General San Martín,800,313,6,0
067562505,San Isidro,608,210,4,0
067563505,San Isidro,1078,409,6,0
063713901,General San Martín,661,281,8,0
063710304,General San Martín,1407,498,6,0
063710305,General San Martín,752,302,4,0
063713906,General San Martín,1106,397,7,0
063713905,General San Martín,1035,385,7,0
063713903,General San Martín,534,188,4,0
063713902,General San Martín,761,284,6,0
067563506,San Isidro,1075,411,5,0
067563508,San Isidro,1166,461,5,0
067563507,San Isidro,779,325,5,0
063710401,General San Martín,753,329,5,0
063710409,General San Martín,576,245,5,0
063710403,General San Martín,508,189,4,0
063714402,General San Martín,998,411,7,0
063710402,General San Martín,1145,468,5,0
063713904,General San Martín,621,267,4,0
063714401,General San Martín,1129,489,7,0
063713908,General San Martín,692,271,5,0
063714405,General San Martín,1031,420,7,0
063714404,General San Martín,627,263,4,0
063714406,General San Martín,1000,428,6,0
063714407,General San Martín,1038,476,8,0
063711801,General San Martín,1124,484,5,0
063714408,General San Martín,1139,440,7,0
063711101,General San Martín,777,394,5,0
063714403,General San Martín,546,223,6,0
063711207,General San Martín,600,247,4,0
063711213,General San Martín,725,290,6,0
063711208,General San Martín,741,300,7,0
063711103,General San Martín,747,440,6,0
063711210,General San Martín,375,264,4,0
063711209,General San Martín,754,406,6,0
063711205,General San Martín,933,512,5,0
063711206,General San Martín,698,338,4,0
063711202,General San Martín,732,328,4,0
063710504,General San Martín,668,289,5,0
063711212,General San Martín,534,262,5,0
063711201,General San Martín,1132,459,8,0
063710503,General San Martín,496,227,5,0
063710404,General San Martín,689,252,6,0
063710405,General San Martín,957,376,6,0
063710406,General San Martín,700,253,4,0
063710410,General San Martín,599,224,5,0
063710407,General San Martín,1101,423,6,0
063710408,General San Martín,741,284,5,0
063710502,General San Martín,506,214,6,0
068613308,Vicente López,793,340,7,0
063710501,General San Martín,903,422,6,0
063710506,General San Martín,692,285,6,0
063710511,General San Martín,628,300,5,0
063710505,General San Martín,647,310,5,0
063711203,General San Martín,830,412,4,0
063711204,General San Martín,545,220,4,0
063710512,General San Martín,579,249,4,0
063711110,General San Martín,325,117,7,0
063711211,General San Martín,578,250,5,0
063711114,General San Martín,221,99,7,0
063711005,General San Martín,997,413,6,0
063711001,General San Martín,894,359,5,0
063711004,General San Martín,667,285,5,0
063711007,General San Martín,704,307,5,0
063712104,General San Martín,897,416,6,0
063712103,General San Martín,992,412,5,0
063712102,General San Martín,770,361,7,0
063711006,General San Martín,1003,470,5,0
063711905,General San Martín,839,406,7,0
063712008,General San Martín,647,256,4,0
063711906,General San Martín,705,292,5,0
063711904,General San Martín,871,373,6,0
063711107,General San Martín,950,468,9,0
063711108,General San Martín,480,287,5,0
063711109,General San Martín,743,450,6,0
063711214,General San Martín,546,377,4,0
063711112,General San Martín,215,120,4,0
063711113,General San Martín,250,135,4,0
063711105,General San Martín,571,353,5,0
063711104,General San Martín,755,473,4,0
063711111,General San Martín,237,135,4,0
063711106,General San Martín,607,374,9,0
063711903,General San Martín,834,430,7,0
063711902,General San Martín,654,406,4,0
063711901,General San Martín,617,351,5,0
063711909,General San Martín,794,474,7,0
063714802,General San Martín,743,366,4,0
063711102,General San Martín,510,317,5,0
063714801,General San Martín,1155,338,8,0
063714804,General San Martín,1062,414,6,0
063714806,General San Martín,617,290,4,0
063714807,General San Martín,1036,401,6,0
063714803,General San Martín,1273,427,6,0
063711910,General San Martín,766,362,4,0
063712001,General San Martín,1087,455,7,0
063712002,General San Martín,1177,455,7,0
063713408,General San Martín,555,237,5,0
063712003,General San Martín,952,403,4,0
063712009,General San Martín,560,247,5,0
063712005,General San Martín,899,361,5,0
063712004,General San Martín,657,268,5,0
063711908,General San Martín,1132,476,7,0
063711907,General San Martín,1050,450,6,0
063712007,General San Martín,1110,444,8,0
063712006,General San Martín,1069,467,8,0
063713001,General San Martín,799,332,6,0
063713310,General San Martín,655,297,4,0
063713409,General San Martín,702,278,7,0
063713309,General San Martín,1077,440,6,0
063713002,General San Martín,1236,419,7,0
063713307,General San Martín,1033,431,6,0
063713003,General San Martín,1161,432,10,0
063713004,General San Martín,838,299,5,0
063713005,General San Martín,921,347,5,0
063713006,General San Martín,936,400,6,0
063713009,General San Martín,875,296,8,0
063713010,General San Martín,406,187,3,0
063713008,General San Martín,722,304,4,0
063714908,General San Martín,1036,483,8,0
063713007,General San Martín,576,238,5,0
063714901,General San Martín,546,274,4,0
063712101,General San Martín,977,398,4,0
063714902,General San Martín,621,294,4,0
063714907,General San Martín,1092,475,5,0
063714906,General San Martín,933,401,4,0
063714903,General San Martín,747,302,4,0
063712105,General San Martín,1099,454,6,0
063712106,General San Martín,631,256,6,0
063714904,General San Martín,872,359,5,0
063712204,General San Martín,537,316,4,0
063714905,General San Martín,875,372,5,0
063712901,General San Martín,913,467,6,0
063712904,General San Martín,1032,463,5,0
063712903,General San Martín,542,253,7,0
063712902,General San Martín,619,336,4,0
063715008,General San Martín,711,353,4,0
063715009,General San Martín,706,428,6,0
063715007,General San Martín,475,306,4,0
063712206,General San Martín,695,389,6,0
063712205,General San Martín,695,351,5,0
063715006,General San Martín,311,345,6,0
063715004,General San Martín,377,254,4,0
063715002,General San Martín,528,325,3,0
063715003,General San Martín,595,408,6,0
063715005,General San Martín,553,275,4,0
063712307,General San Martín,751,474,6,0
063715101,General San Martín,577,393,4,0
063715102,General San Martín,529,358,5,0
063712308,General San Martín,541,354,3,0
063712309,General San Martín,660,388,6,0
063712304,General San Martín,501,257,5,0
063712305,General San Martín,598,437,5,0
063712302,General San Martín,571,298,4,0
063712301,General San Martín,470,273,5,0
063715001,General San Martín,518,251,6,0
063712306,General San Martín,1242,557,6,0
063710910,General San Martín,709,282,5,0
063710909,General San Martín,918,378,6,0
063710906,General San Martín,775,339,5,0
063710905,General San Martín,582,250,6,0
063714308,General San Martín,994,455,5,0
063714309,General San Martín,546,230,6,0
063712109,General San Martín,581,263,6,0
063712201,General San Martín,976,483,7,0
063712202,General San Martín,1011,602,6,0
063712203,General San Martín,769,427,6,0
063712110,General San Martín,613,239,6,0
063712108,General San Martín,567,267,4,0
063712107,General San Martín,821,403,7,0
063714306,General San Martín,579,245,5,0
063714305,General San Martín,491,224,5,0
063714304,General San Martín,903,355,5,0
063711003,General San Martín,868,325,6,0
063711008,General San Martín,1077,494,8,0
063711002,General San Martín,1135,474,6,0
063710611,General San Martín,1246,388,5,0
063710612,General San Martín,1047,353,7,0
063710610,General San Martín,1352,399,4,0
063710608,General San Martín,843,273,7,0
063710609,General San Martín,1138,354,3,0
063710708,General San Martín,1211,423,5,0
063710707,General San Martín,929,360,7,0
063710705,General San Martín,850,288,7,0
063710704,General San Martín,793,325,7,0
063710703,General San Martín,715,257,5,0
063710706,General San Martín,646,268,5,0
063714303,General San Martín,839,340,4,0
063714307,General San Martín,917,364,4,0
063714302,General San Martín,1236,432,13,0
063710901,General San Martín,1091,432,5,0
063714301,General San Martín,427,147,6,0
063714001,General San Martín,937,310,7,0
063710702,General San Martín,1444,445,7,0
063714002,General San Martín,1192,354,5,0
063714005,General San Martín,644,239,4,0
063714007,General San Martín,1055,353,4,0
063714003,General San Martín,1203,381,5,0
063714004,General San Martín,1029,330,5,0
068613003,Vicente López,749,247,4,0
068613004,Vicente López,1257,422,4,0
068613013,Vicente López,1363,441,7,0
068613005,Vicente López,1106,332,5,0
068613007,Vicente López,749,223,5,0
068612907,Vicente López,751,266,5,0
068612908,Vicente López,979,309,7,0
063710802,General San Martín,1654,589,6,0
063714006,General San Martín,1121,377,8,0
063710801,General San Martín,1219,511,6,0
063710804,General San Martín,939,387,7,0
063710806,General San Martín,878,422,6,0
063710805,General San Martín,912,362,5,0
063714101,General San Martín,954,441,6,0
063714202,General San Martín,1006,392,7,0
063714201,General San Martín,1110,506,6,0
063710902,General San Martín,1173,476,5,0
063710904,General San Martín,500,188,5,0
063710903,General San Martín,970,379,7,0
063710907,General San Martín,692,283,5,0
063710908,General San Martín,800,292,5,0
063714208,General San Martín,561,243,4,0
063714207,General San Martín,897,367,7,0
063714204,General San Martín,683,326,4,0
063714205,General San Martín,586,245,7,0
063714206,General San Martín,726,265,4,0
063714209,General San Martín,704,284,8,0
063712303,General San Martín,628,316,5,0
063714203,General San Martín,986,396,4,0
063712407,General San Martín,587,277,4,0
063712408,General San Martín,560,242,11,0
063712503,General San Martín,636,334,5,0
020770201,CABA,898,383,5,0
063712504,General San Martín,962,415,6,0
063712501,General San Martín,809,408,4,0
063712502,General San Martín,758,335,6,0
063712505,General San Martín,982,437,4,0
063712404,General San Martín,467,232,6,0
063712405,General San Martín,737,304,5,0
063712406,General San Martín,531,223,5,0
063712401,General San Martín,889,433,9,0
063712403,General San Martín,1115,451,5,0
063712402,General San Martín,783,325,5,0
063712311,General San Martín,481,386,5,0
063712310,General San Martín,702,378,5,0
063715104,General San Martín,513,322,8,0
063715103,General San Martín,446,244,5,0
063715106,General San Martín,997,413,6,0
063715105,General San Martín,820,392,5,0
063712601,General San Martín,958,393,7,0
063712604,General San Martín,816,394,5,0
063712606,General San Martín,893,366,5,0
063712608,General San Martín,718,310,6,0
068401505,Tres de Febrero,831,368,6,0
068401508,Tres de Febrero,563,259,5,0
068401510,Tres de Febrero,480,200,6,0
063712508,General San Martín,952,433,5,0
063712607,General San Martín,717,337,5,0
063712603,General San Martín,835,355,5,0
063712602,General San Martín,673,296,5,0
063712507,General San Martín,866,441,5,0
063712506,General San Martín,952,404,5,0
068401601,Tres de Febrero,719,321,6,0
068401602,Tres de Febrero,1103,513,4,0
068404008,Tres de Febrero,486,287,5,0
068404009,Tres de Febrero,458,221,5,0
068404007,Tres de Febrero,836,316,5,0
068404006,Tres de Febrero,632,234,5,0
068404005,Tres de Febrero,469,251,4,0
068404001,Tres de Febrero,814,473,6,0
068401511,Tres de Febrero,604,271,5,0
068401509,Tres de Febrero,499,280,6,0
068404002,Tres de Febrero,846,470,9,0
068403910,Tres de Febrero,519,281,5,0
068401507,Tres de Febrero,618,313,5,0
068401506,Tres de Febrero,582,302,6,0
068403905,Tres de Febrero,633,327,5,0
068403909,Tres de Febrero,671,381,4,0
068403908,Tres de Febrero,669,416,5,0
068404003,Tres de Febrero,557,297,6,0
068404004,Tres de Febrero,415,186,3,0
068401710,Tres de Febrero,776,300,10,0
068401707,Tres de Febrero,639,284,7,0
068401706,Tres de Febrero,1184,462,4,0
068401704,Tres de Febrero,970,412,4,0
068401709,Tres de Febrero,546,253,4,0
068401708,Tres de Febrero,805,345,4,0
020700101,CABA,615,311,5,0
020770509,CABA,814,417,4,0
020770501,CABA,724,344,8,0
068401703,Tres de Febrero,1118,453,7,0
068404010,Tres de Febrero,603,334,6,0
068401603,Tres de Febrero,585,314,4,0
068401607,Tres de Febrero,422,281,5,0
068401604,Tres de Febrero,651,344,7,0
068401606,Tres de Febrero,772,506,6,0
068401609,Tres de Febrero,622,337,3,0
068401608,Tres de Febrero,641,409,5,0
068401701,Tres de Febrero,870,337,11,0
068401702,Tres de Febrero,1077,485,2,0
020770502,CABA,803,374,4,0
020770209,CABA,722,342,6,0
068401605,Tres de Febrero,619,328,4,0
020770208,CABA,893,403,6,0
020770401,CABA,756,353,6,0
020770503,CABA,792,342,5,0
020770505,CABA,901,436,6,0
020770506,CABA,869,405,4,0
020770508,CABA,860,369,5,0
020770510,CABA,732,434,5,0
020770507,CABA,774,392,6,0
020770606,CABA,1119,471,5,0
020770605,CABA,1273,629,5,0
020770608,CABA,965,434,5,0
020700105,CABA,845,405,5,0
020700108,CABA,1009,461,8,0
020700104,CABA,681,307,4,0
020700106,CABA,850,393,6,0
020700107,CABA,827,360,4,0
020700103,CABA,938,464,6,0
020700102,CABA,886,426,5,0
020700201,CABA,840,396,6,0
020700202,CABA,729,320,4,0
020700204,CABA,926,370,6,0
020700203,CABA,719,325,6,0
020700206,CABA,1147,518,6,0
020700207,CABA,1041,456,6,0
020700205,CABA,798,387,6,0
020700304,CABA,592,269,5,0
020700303,CABA,972,516,6,0
020700302,CABA,807,357,4,0
020700301,CABA,829,380,5,0
020700208,CABA,894,370,6,0
020700401,CABA,1114,454,5,0
020700402,CABA,1275,621,5,0
020700403,CABA,902,446,5,0
020700404,CABA,1496,575,5,0
020700308,CABA,1050,525,5,0
020630107,CABA,685,331,6,0
020630106,CABA,709,355,4,0
020630201,CABA,1169,753,4,0
020630308,CABA,776,330,4,0
020630307,CABA,821,348,6,0
020630310,CABA,792,321,8,0
020630304,CABA,720,320,6,0
020630306,CABA,843,415,5,0
020630305,CABA,593,411,3,0
020630105,CABA,784,357,11,0
020630302,CABA,749,335,5,0
020630303,CABA,614,278,5,0
020630311,CABA,654,281,5,0
020630313,CABA,852,394,7,0
068403205,Tres de Febrero,797,343,5,0
020630301,CABA,677,381,5,0
020700306,CABA,770,420,5,0
020630108,CABA,692,384,7,0
020630109,CABA,848,509,4,0
020700307,CABA,910,397,5,0
020700305,CABA,752,363,7,0
068402704,Tres de Febrero,913,377,5,0
068402707,Tres de Febrero,809,323,6,0
068402706,Tres de Febrero,445,180,5,0
068403005,Tres de Febrero,557,266,4,0
068402705,Tres de Febrero,301,150,7,0
068403006,Tres de Febrero,577,244,6,0
068403007,Tres de Febrero,698,299,6,0
068403105,Tres de Febrero,956,413,6,0
068403106,Tres de Febrero,1027,446,4,0
068403204,Tres de Febrero,984,412,8,0
068403107,Tres de Febrero,849,400,5,0
068403108,Tres de Febrero,956,432,5,0
068403104,Tres de Febrero,881,400,7,0
068403008,Tres de Febrero,883,401,5,0
068403013,Tres de Febrero,487,324,5,0
068403109,Tres de Febrero,576,278,5,0
068403113,Tres de Febrero,576,269,4,0
068403201,Tres de Febrero,561,309,7,0
068403103,Tres de Febrero,605,340,5,0
068403112,Tres de Febrero,511,269,5,0
068403010,Tres de Febrero,706,426,5,0
068403014,Tres de Febrero,385,246,4,0
068403009,Tres de Febrero,758,365,4,0
068403004,Tres de Febrero,972,427,6,0
068403001,Tres de Febrero,963,458,9,0
068402713,Tres de Febrero,933,390,5,0
068402712,Tres de Febrero,918,411,6,0
068402810,Tres de Febrero,588,220,6,0
068402608,Tres de Febrero,154,53,4,0
068402607,Tres de Febrero,2554,763,6,0
068402605,Tres de Febrero,950,287,6,0
068402604,Tres de Febrero,396,136,4,0
068402606,Tres de Febrero,2926,956,6,0
068402603,Tres de Febrero,1326,380,6,0
068402811,Tres de Febrero,1355,439,8,0
068402711,Tres de Febrero,740,292,6,0
068402708,Tres de Febrero,849,316,6,0
068402709,Tres de Febrero,876,354,5,0
068402703,Tres de Febrero,1018,348,5,0
068402702,Tres de Febrero,1135,419,9,0
068402701,Tres de Febrero,746,278,6,0
068402503,Tres de Febrero,1075,398,5,0
068402710,Tres de Febrero,921,393,5,0
068402505,Tres de Febrero,796,238,4,0
068402504,Tres de Febrero,1082,369,7,0
068402502,Tres de Febrero,1001,350,8,0
068402501,Tres de Febrero,969,414,8,0
068402506,Tres de Febrero,1177,521,6,0
068402507,Tres de Febrero,924,357,3,0
068402602,Tres de Febrero,2203,674,6,0
068402601,Tres de Febrero,502,163,3,0
068402508,Tres de Febrero,1119,391,8,0
068402509,Tres de Febrero,1367,424,8,0
068401711,Tres de Febrero,977,347,3,0
068401712,Tres de Febrero,675,267,4,0
068401705,Tres de Febrero,850,340,7,0
068402511,Tres de Febrero,857,290,4,0
068402510,Tres de Febrero,783,295,5,0
068402410,Tres de Febrero,578,294,5,0
068401713,Tres de Febrero,685,270,9,0
068401804,Tres de Febrero,551,224,4,0
068401805,Tres de Febrero,590,271,5,0
068402103,Tres de Febrero,496,204,5,0
068402407,Tres de Febrero,874,333,6,0
068402408,Tres de Febrero,715,313,7,0
068402409,Tres de Febrero,771,331,8,0
068402803,Tres de Febrero,656,223,4,0
068402802,Tres de Febrero,897,392,8,0
068402801,Tres de Febrero,982,345,5,0
068402807,Tres de Febrero,682,262,5,0
068402812,Tres de Febrero,553,207,5,0
068402806,Tres de Febrero,822,290,4,0
068402804,Tres de Febrero,835,276,7,0
068402805,Tres de Febrero,1312,426,7,0
068402809,Tres de Febrero,773,272,4,0
068403002,Tres de Febrero,526,211,3,0
068402808,Tres de Febrero,529,224,11,0
068402908,Tres de Febrero,832,383,5,0
068402911,Tres de Febrero,507,229,4,0
068403003,Tres de Febrero,327,160,4,0
068403012,Tres de Febrero,483,248,6,0
068403011,Tres de Febrero,895,418,7,0
068403102,Tres de Febrero,493,253,4,0
068403111,Tres de Febrero,663,234,6,0
068403110,Tres de Febrero,900,394,6,0
064270404,La Matanza,887,413,5,0
064270410,La Matanza,633,276,4,0
064270401,La Matanza,971,377,6,0
068403101,Tres de Febrero,871,338,6,0
068402910,Tres de Febrero,1068,397,6,0
064270113,La Matanza,1083,522,7,0
064270403,La Matanza,772,326,4,0
064270402,La Matanza,1017,434,7,0
064270305,La Matanza,738,388,5,0
064270301,La Matanza,679,385,4,0
064270112,La Matanza,668,399,5,0
064270111,La Matanza,1292,576,8,0
068402906,Tres de Febrero,852,360,6,0
068402909,Tres de Febrero,984,400,6,0
068402907,Tres de Febrero,1001,371,5,0
068402904,Tres de Febrero,1084,405,5,0
068402905,Tres de Febrero,969,348,6,0
065680409,Morón,1095,509,4,0
064270110,La Matanza,996,439,10,0
064270109,La Matanza,654,377,3,0
064270217,La Matanza,783,456,5,0
064270218,La Matanza,714,343,4,0
064270302,La Matanza,702,407,5,0
064270215,La Matanza,433,237,6,0
064270209,La Matanza,609,383,5,0
064270214,La Matanza,348,168,5,0
064270216,La Matanza,443,360,5,0
064270108,La Matanza,836,440,5,0
064270107,La Matanza,1797,1112,5,0
064270106,La Matanza,1014,658,4,0
064270104,La Matanza,442,250,6,0
064270212,La Matanza,395,391,5,0
064270211,La Matanza,301,213,4,0
064270213,La Matanza,453,300,6,0
064270210,La Matanza,624,434,7,0
064270208,La Matanza,515,349,5,0
064270219,La Matanza,470,344,4,0
064270204,La Matanza,277,252,4,0
064270203,La Matanza,332,281,4,0
064270206,La Matanza,321,220,4,0
064270205,La Matanza,507,332,4,0
064273009,La Matanza,284,244,4,0
064270202,La Matanza,386,406,3,0
064270201,La Matanza,505,434,7,0
064270103,La Matanza,1512,898,4,0
064270102,La Matanza,402,323,5,0
064270101,La Matanza,491,345,5,0
065680410,Morón,964,417,8,0
064270105,La Matanza,344,275,5,0
065680408,Morón,895,397,7,0
065680407,Morón,843,361,5,0
068402302,Tres de Febrero,990,398,7,0
068402402,Tres de Febrero,902,358,6,0
068402902,Tres de Febrero,875,294,6,0
068402903,Tres de Febrero,1712,560,9,0
068402404,Tres de Febrero,693,254,6,0
068402901,Tres de Febrero,1108,400,7,0
068402403,Tres de Febrero,659,241,6,0
068402405,Tres de Febrero,918,295,4,0
068402406,Tres de Febrero,1023,309,6,0
068402105,Tres de Febrero,681,228,7,0
068402104,Tres de Febrero,652,247,5,0
068402106,Tres de Febrero,1154,422,6,0
068402107,Tres de Febrero,1063,411,5,0
068402108,Tres de Febrero,1166,353,5,0
068402109,Tres de Febrero,1318,396,5,0
068402110,Tres de Febrero,1400,441,7,0
068402401,Tres de Febrero,1026,382,4,0
068402301,Tres de Febrero,720,326,6,0
068402205,Tres de Febrero,803,338,5,0
068402204,Tres de Febrero,985,450,7,0
068402002,Tres de Febrero,806,362,4,0
068402001,Tres de Febrero,538,302,5,0
068402012,Tres de Febrero,544,299,5,0
068404108,Tres de Febrero,827,509,4,0
068404103,Tres de Febrero,410,290,3,0
068404106,Tres de Febrero,502,414,7,0
068404105,Tres de Febrero,516,312,3,0
068404104,Tres de Febrero,205,257,5,0
068404107,Tres de Febrero,614,360,7,0
068404206,Tres de Febrero,713,408,5,0
068404207,Tres de Febrero,738,494,5,0
068403805,Tres de Febrero,458,342,3,0
068403804,Tres de Febrero,486,279,5,0
068401212,Tres de Febrero,888,393,10,0
068401309,Tres de Febrero,620,351,4,0
068401310,Tres de Febrero,414,255,4,0
068401308,Tres de Febrero,751,375,7,0
068403803,Tres de Febrero,272,222,4,0
068403806,Tres de Febrero,338,182,5,0
068403807,Tres de Febrero,608,342,4,0
068403808,Tres de Febrero,640,294,5,0
068403802,Tres de Febrero,598,368,5,0
068403801,Tres de Febrero,537,273,5,0
068401307,Tres de Febrero,722,312,5,0
068401306,Tres de Febrero,1008,409,8,0
068403809,Tres de Febrero,1235,598,7,0
068403810,Tres de Febrero,761,346,5,0
068401808,Tres de Febrero,1096,465,8,0
068404101,Tres de Febrero,815,523,7,0
068404102,Tres de Febrero,632,410,4,0
068401809,Tres de Febrero,833,394,4,0
068401810,Tres de Febrero,634,350,4,0
068402101,Tres de Febrero,828,349,6,0
068402102,Tres de Febrero,664,274,6,0
068401806,Tres de Febrero,996,405,6,0
068401807,Tres de Febrero,898,328,4,0
068401803,Tres de Febrero,1093,421,5,0
068401802,Tres de Febrero,839,354,4,0
068401801,Tres de Febrero,461,133,19,0
068401410,Tres de Febrero,531,228,4,0
068401412,Tres de Febrero,516,219,5,0
068403907,Tres de Febrero,532,294,4,0
068403906,Tres de Febrero,525,284,5,0
068403903,Tres de Febrero,582,319,5,0
068403904,Tres de Febrero,595,380,5,0
068403902,Tres de Febrero,536,312,6,0
068403901,Tres de Febrero,645,353,5,0
068401407,Tres de Febrero,920,398,8,0
068401406,Tres de Febrero,709,330,6,0
068401409,Tres de Febrero,927,406,7,0
068401408,Tres de Febrero,446,187,4,0
068401405,Tres de Febrero,968,395,5,0
068401404,Tres de Febrero,548,224,4,0
068401411,Tres de Febrero,795,318,6,0
068401403,Tres de Febrero,818,313,6,0
063712709,General San Martín,875,327,3,0
063712702,General San Martín,1152,489,6,0
063712704,General San Martín,1259,510,6,0
068401501,Tres de Febrero,1119,470,6,0
068401502,Tres de Febrero,591,265,6,0
068401503,Tres de Febrero,624,303,4,0
068401504,Tres de Febrero,898,373,9,0
063712708,General San Martín,620,258,4,0
063712605,General San Martín,554,260,5,0
063712706,General San Martín,526,198,4,0
063712707,General San Martín,545,220,6,0
063712705,General San Martín,874,364,6,0
063715108,General San Martín,1148,453,5,0
063715109,General San Martín,1169,511,6,0
063715107,General San Martín,1273,517,6,0
063712906,General San Martín,604,249,6,0
063712905,General San Martín,794,356,4,0
063712908,General San Martín,1103,444,7,0
063712907,General San Martín,982,379,6,0
063712701,General San Martín,668,355,5,0
063712801,General San Martín,595,197,7,0
063712909,General San Martín,852,407,4,0
063713011,General San Martín,898,355,6,0
063712804,General San Martín,830,348,5,0
063712805,General San Martín,885,403,6,0
063712803,General San Martín,935,348,4,0
063712802,General San Martín,983,353,4,0
063712806,General San Martín,676,236,5,0
063712703,General San Martín,674,243,8,0
068401402,Tres de Febrero,780,286,7,0
068401305,Tres de Febrero,648,282,6,0
068401302,Tres de Febrero,425,197,4,0
068401401,Tres de Febrero,956,401,6,0
063712807,General San Martín,1056,433,6,0
068401303,Tres de Febrero,508,236,5,0
068401304,Tres de Febrero,611,286,7,0
068401301,Tres de Febrero,1028,398,5,0
063713108,General San Martín,1217,437,6,0
063712808,General San Martín,1054,417,4,0
063713104,General San Martín,765,315,5,0
063713103,General San Martín,1186,470,6,0
063713105,General San Martín,984,435,6,0
063713102,General San Martín,1153,479,5,0
063713106,General San Martín,664,258,6,0
063713109,General San Martín,645,279,6,0
068403606,Tres de Febrero,625,291,5,0
068403607,Tres de Febrero,718,408,6,0
063713107,General San Martín,832,359,4,0
068403609,Tres de Febrero,799,455,10,0
068403608,Tres de Febrero,493,269,4,0
068401111,Tres de Febrero,874,388,5,0
068401112,Tres de Febrero,695,291,5,0
068401201,Tres de Febrero,1140,475,4,0
068401202,Tres de Febrero,1024,459,7,0
068401115,Tres de Febrero,515,239,5,0
068401110,Tres de Febrero,751,337,4,0
068401109,Tres de Febrero,875,374,10,0
068401107,Tres de Febrero,1098,485,8,0
068401113,Tres de Febrero,416,177,4,0
068401114,Tres de Febrero,417,170,4,0
068403602,Tres de Febrero,914,435,6,0
068403604,Tres de Febrero,542,324,5,0
068403605,Tres de Febrero,546,252,5,0
068403601,Tres de Febrero,1117,431,5,0
063715209,General San Martín,966,350,6,0
068400705,Tres de Febrero,1287,466,7,0
068400704,Tres de Febrero,673,245,5,0
068400703,Tres de Febrero,658,257,4,0
068400706,Tres de Febrero,893,409,7,0
068403603,Tres de Febrero,701,390,5,0
068400707,Tres de Febrero,840,355,6,0
068400807,Tres de Febrero,857,374,5,0
068400702,Tres de Febrero,564,255,5,0
068400801,Tres de Febrero,946,384,7,0
068400802,Tres de Febrero,798,341,5,0
068400803,Tres de Febrero,635,221,5,0
068400804,Tres de Febrero,896,340,5,0
068403703,Tres de Febrero,810,318,6,0
068403702,Tres de Febrero,746,270,7,0
068400805,Tres de Febrero,1036,418,6,0
068400806,Tres de Febrero,791,293,4,0
068401103,Tres de Febrero,713,249,4,0
068401104,Tres de Febrero,1348,492,4,0
068401101,Tres de Febrero,988,434,6,0
068401001,Tres de Febrero,1105,458,10,0
068401102,Tres de Febrero,727,305,7,0
068401106,Tres de Febrero,641,305,4,0
068401108,Tres de Febrero,753,311,4,0
068401105,Tres de Febrero,863,353,8,0
068401205,Tres de Febrero,849,370,5,0
068401206,Tres de Febrero,16,6,12,0
068401002,Tres de Febrero,549,223,4,0
068401003,Tres de Febrero,580,302,6,0
068401014,Tres de Febrero,607,299,5,0
068401907,Tres de Febrero,1336,493,6,0
068401906,Tres de Febrero,583,264,5,0
065680210,Morón,804,324,6,0
068401908,Tres de Febrero,941,365,4,0
068401905,Tres de Febrero,770,284,5,0
068401904,Tres de Febrero,1054,376,4,0
068402007,Tres de Febrero,917,368,4,0
068402008,Tres de Febrero,805,328,5,0
068402006,Tres de Febrero,925,363,6,0
068404203,Tres de Febrero,986,459,7,0
068401901,Tres de Febrero,776,348,4,0
068401902,Tres de Febrero,632,260,6,0
068401903,Tres de Febrero,920,375,5,0
068401204,Tres de Febrero,555,254,5,0
068401207,Tres de Febrero,612,238,5,0
068401203,Tres de Febrero,991,434,5,0
068401208,Tres de Febrero,704,337,5,0
068401209,Tres de Febrero,689,326,4,0
068401210,Tres de Febrero,1072,494,5,0
068401211,Tres de Febrero,557,284,4,0
068404205,Tres de Febrero,579,274,5,0
068404201,Tres de Febrero,828,520,6,0
068404202,Tres de Febrero,1093,526,5,0
068402004,Tres de Febrero,971,429,7,0
068404204,Tres de Febrero,480,226,5,0
068402013,Tres de Febrero,583,247,4,0
068402003,Tres de Febrero,485,215,4,0
068402206,Tres de Febrero,1012,380,7,0
068402203,Tres de Febrero,1099,405,7,0
068402005,Tres de Febrero,1177,492,5,0
068402009,Tres de Febrero,942,373,6,0
068402202,Tres de Febrero,1002,417,5,0
068402208,Tres de Febrero,1125,421,7,0
068402207,Tres de Febrero,1058,432,6,0
068402307,Tres de Febrero,578,230,5,0
068402308,Tres de Febrero,1248,438,6,0
068402310,Tres de Febrero,1099,394,8,0
065680306,Morón,831,345,4,0
065680307,Morón,2135,622,5,0
065680308,Morón,1462,389,9,0
068402309,Tres de Febrero,701,301,6,0
065680402,Morón,778,319,6,0
068402303,Tres de Febrero,461,203,5,0
068402306,Tres de Febrero,452,178,4,0
068402305,Tres de Febrero,507,196,5,0
068402304,Tres de Febrero,710,281,5,0
068402311,Tres de Febrero,602,260,5,0
065680401,Morón,676,287,5,0
065680406,Morón,720,298,6,0
065680405,Morón,534,233,4,0
065680414,Morón,550,355,7,0
065680411,Morón,526,238,6,0
065680413,Morón,529,275,5,0
064273002,La Matanza,223,197,4,0
064273001,La Matanza,441,341,4,0
064273004,La Matanza,621,569,6,0
064273005,La Matanza,445,268,3,0
064273015,La Matanza,527,324,4,0
064273006,La Matanza,465,459,7,0
064273010,La Matanza,616,411,6,0
064273008,La Matanza,365,246,4,0
064273007,La Matanza,647,526,4,0
064273101,La Matanza,578,405,4,0
064273103,La Matanza,769,360,7,0
064273003,La Matanza,742,467,5,0
064273014,La Matanza,319,227,4,0
065680506,Morón,859,429,7,0
064273104,La Matanza,724,346,7,0
064273203,La Matanza,745,379,6,0
064273202,La Matanza,717,312,5,0
065680507,Morón,887,428,5,0
065680504,Morón,694,336,6,0
065680503,Morón,658,300,6,0
065680512,Morón,525,270,6,0
065680505,Morón,516,270,5,0
065680412,Morón,512,305,6,0
065680404,Morón,398,163,3,0
065680403,Morón,719,305,7,0
065680501,Morón,796,334,7,0
065680502,Morón,576,261,5,0
065683209,Morón,1066,412,9,0
065680509,Morón,763,395,7,0
065680511,Morón,692,322,5,0
065680508,Morón,1060,453,6,0
064273201,La Matanza,678,312,5,0
065681102,Morón,614,277,5,0
065680606,Morón,726,311,8,0
065680604,Morón,832,348,5,0
065680607,Morón,1055,493,6,0
065681101,Morón,428,307,5,0
065681105,Morón,342,184,2,0
065683307,Morón,574,342,6,0
065680603,Morón,924,370,7,0
065680601,Morón,536,258,6,0
065680605,Morón,509,267,4,0
065680510,Morón,610,295,4,0
065680706,Morón,838,378,5,0
065680709,Morón,643,253,5,0
065680707,Morón,896,387,7,0
065680705,Morón,890,360,4,0
065683203,Morón,785,291,7,0
065683204,Morón,741,271,4,0
065683205,Morón,709,258,4,0
065683206,Morón,730,273,5,0
065683208,Morón,629,242,6,0
065683210,Morón,679,255,6,0
065683211,Morón,670,258,4,0
065680305,Morón,823,258,4,0
065680304,Morón,1243,330,8,0
065680303,Morón,948,316,5,0
065683207,Morón,694,243,5,0
065680301,Morón,1153,433,7,0
065680302,Morón,893,327,5,0
068402201,Tres de Febrero,1143,476,6,0
068402010,Tres de Febrero,677,264,4,0
068402011,Tres de Febrero,989,403,7,0
065680211,Morón,1043,424,4,0
065680212,Morón,750,286,6,0
065683201,Morón,1101,462,6,0
065680209,Morón,1266,473,7,0
065680208,Morón,1056,402,5,0
065680207,Morón,994,437,5,0
065680103,Morón,951,427,5,0
065680802,Morón,878,353,4,0
065680801,Morón,1055,388,5,0
065680805,Morón,1038,424,5,0
065680804,Morón,1112,425,4,0
065680702,Morón,815,381,4,0
065680701,Morón,824,378,5,0
065680806,Morón,925,437,4,0
065680807,Morón,932,454,5,0
065683202,Morón,931,401,6,0
065680808,Morón,936,462,6,0
065680704,Morón,790,340,5,0
065680703,Morón,620,279,7,0
065680910,Morón,701,306,4,0
065680602,Morón,469,300,6,0
065680708,Morón,796,337,5,0
065683302,Morón,491,263,5,0
065683308,Morón,472,354,4,0
065683306,Morón,529,318,6,0
065681107,Morón,483,339,4,0
065683305,Morón,767,494,6,0
065683303,Morón,804,383,7,0
065683301,Morón,541,271,5,0
065683304,Morón,960,445,7,0
065683407,Morón,825,359,5,0
065683406,Morón,641,332,4,0
065680912,Morón,668,304,7,0
065680911,Morón,720,332,5,0
065680914,Morón,486,292,4,0
065680909,Morón,770,340,9,0
065680908,Morón,458,194,4,0
065680907,Morón,1035,439,7,0
065680906,Morón,756,325,7,0
065680905,Morón,628,251,5,0
065681009,Morón,934,382,5,0
065683401,Morón,670,286,5,0
065683402,Morón,649,266,6,0
065683404,Morón,999,420,7,0
065683408,Morón,777,284,17,0
065683405,Morón,646,276,5,0
065683403,Morón,868,392,4,0
065681008,Morón,1024,372,6,0
065681007,Morón,690,261,4,0
065680913,Morón,618,240,4,0
065680903,Morón,492,230,4,0
065680904,Morón,795,313,5,0
065680902,Morón,746,271,5,0
065680901,Morón,602,290,5,0
065680803,Morón,802,271,4,0
065680101,Morón,932,524,15,0
065680102,Morón,1469,518,4,0
065680201,Morón,971,556,7,0
065680206,Morón,929,407,6,0
065680204,Morón,869,409,5,0
065680205,Morón,831,336,4,0
065680203,Morón,891,363,7,0
068401012,Tres de Febrero,531,327,4,0
065680202,Morón,774,403,4,0
068401013,Tres de Febrero,463,311,6,0
068401011,Tres de Febrero,678,357,7,0
068401007,Tres de Febrero,674,348,4,0
068401008,Tres de Febrero,559,315,5,0
068401006,Tres de Febrero,627,362,5,0
068401004,Tres de Febrero,712,373,4,0
068401009,Tres de Febrero,412,273,3,0
068401005,Tres de Febrero,535,246,6,0
068401010,Tres de Febrero,592,397,8,0
068400902,Tres de Febrero,614,257,4,0
068400903,Tres de Febrero,802,387,5,0
068400904,Tres de Febrero,703,262,4,0
068400910,Tres de Febrero,780,328,4,0
068400909,Tres de Febrero,519,256,5,0
068400908,Tres de Febrero,572,260,5,0
068400907,Tres de Febrero,622,272,4,0
068400906,Tres de Febrero,748,363,9,0
068400905,Tres de Febrero,537,255,5,0
068403705,Tres de Febrero,796,392,6,0
068403706,Tres de Febrero,561,333,4,0
068403704,Tres de Febrero,666,257,6,0
068403701,Tres de Febrero,671,279,5,0
068400512,Tres de Febrero,1306,487,7,0
068400510,Tres de Febrero,946,411,8,0
068400509,Tres de Febrero,696,293,5,0
068403707,Tres de Febrero,627,321,6,0
068403708,Tres de Febrero,682,260,6,0
068400513,Tres de Febrero,780,284,5,0
068400508,Tres de Febrero,1098,498,4,0
068400507,Tres de Febrero,701,271,4,0
068400504,Tres de Febrero,814,326,4,0
068400506,Tres de Febrero,746,284,8,0
068400901,Tres de Febrero,840,340,8,0
068403408,Tres de Febrero,1311,451,4,0
068400505,Tres de Febrero,970,356,7,0
068403404,Tres de Febrero,1186,400,7,0
068403403,Tres de Febrero,775,273,6,0
068403305,Tres de Febrero,960,334,5,0
068403306,Tres de Febrero,1645,522,8,0
068400503,Tres de Febrero,998,346,5,0
068400502,Tres de Febrero,1093,396,5,0
068400501,Tres de Febrero,1469,417,4,0
068403307,Tres de Febrero,1317,435,6,0
068400212,Tres de Febrero,1099,371,6,0
068400210,Tres de Febrero,899,330,5,0
068400211,Tres de Febrero,1004,366,8,0
068400206,Tres de Febrero,1141,416,6,0
068403303,Tres de Febrero,1099,359,4,0
068403304,Tres de Febrero,959,306,5,0
068403302,Tres de Febrero,616,209,4,0
068403301,Tres de Febrero,1428,476,6,0
068400307,Tres de Febrero,1310,453,6,0
068400205,Tres de Febrero,1087,388,7,0
068400204,Tres de Febrero,882,387,6,0
068400203,Tres de Febrero,977,377,5,0
068400201,Tres de Febrero,1205,382,6,0
068400110,Tres de Febrero,1515,460,7,0
068400108,Tres de Febrero,770,248,4,0
063713715,General San Martín,779,230,6,0
063713714,General San Martín,813,250,5,0
063713712,General San Martín,567,170,3,0
063715408,General San Martín,1134,309,7,0
063713713,General San Martín,696,227,6,0
063715412,General San Martín,1036,332,8,0
068400202,Tres de Febrero,1502,524,8,0
063715413,General San Martín,1245,420,4,0
068400207,Tres de Febrero,669,265,5,0
063715306,General San Martín,1036,375,6,0
063715410,General San Martín,799,257,5,0
063715411,General San Martín,875,262,7,0
063715414,General San Martín,683,235,4,0
063715409,General San Martín,776,230,6,0
063715407,General San Martín,917,299,5,0
063715401,General San Martín,733,222,5,0
063713709,General San Martín,1218,409,5,0
063713710,General San Martín,977,334,5,0
063713711,General San Martín,672,209,3,0
063715403,General San Martín,829,277,5,0
063715402,General San Martín,713,210,5,0
063715406,General San Martín,833,258,7,0
063715405,General San Martín,1000,322,5,0
063715404,General San Martín,680,215,5,0
063713604,General San Martín,466,125,6,0
063713606,General San Martín,643,179,6,0
063713608,General San Martín,569,172,6,0
063713607,General San Martín,401,116,6,0
063715301,General San Martín,1609,504,6,0
063715303,General San Martín,1085,469,6,0
063715304,General San Martín,675,225,4,0
063715305,General San Martín,966,339,5,0
063715308,General San Martín,433,190,5,0
068400602,Tres de Febrero,1314,530,5,0
068400601,Tres de Febrero,1077,439,6,0
063715307,General San Martín,578,316,5,0
068400208,Tres de Febrero,729,320,4,0
068400209,Tres de Febrero,1165,437,5,0
068400604,Tres de Febrero,668,241,4,0
068400603,Tres de Febrero,1028,350,6,0
068400605,Tres de Febrero,794,283,6,0
068400606,Tres de Febrero,1392,484,6,0
068400511,Tres de Febrero,636,263,4,0
068400514,Tres de Febrero,982,461,5,0
068403503,Tres de Febrero,648,277,5,0
068403501,Tres de Febrero,817,346,6,0
068403502,Tres de Febrero,651,255,4,0
068403504,Tres de Febrero,795,332,6,0
068403505,Tres de Febrero,593,289,5,0
068403508,Tres de Febrero,1088,434,8,0
068403509,Tres de Febrero,1204,448,5,0
068403507,Tres de Febrero,922,321,5,0
068403506,Tres de Febrero,599,246,6,0
063713201,General San Martín,975,409,11,0
063713208,General San Martín,780,271,4,0
063713301,General San Martín,720,225,5,0
063713203,General San Martín,924,293,5,0
063713207,General San Martín,934,294,5,0
063713209,General San Martín,850,280,5,0
063713210,General San Martín,742,262,6,0
068403510,Tres de Febrero,1047,397,6,0
068400701,Tres de Febrero,646,259,4,0
063715207,General San Martín,1356,508,7,0
063713206,General San Martín,1377,464,6,0
063715206,General San Martín,760,294,4,0
063713205,General San Martín,988,360,5,0
063715205,General San Martín,706,253,4,0
063715208,General San Martín,756,256,5,0
063715204,General San Martín,1340,432,5,0
063713101,General San Martín,1166,415,5,0
063715203,General San Martín,1364,511,5,0
063715202,General San Martín,1156,396,5,0
063715201,General San Martín,1320,501,5,0
063713306,General San Martín,763,311,5,0
063713313,General San Martín,562,221,5,0
063713308,General San Martín,817,324,6,0
063713410,General San Martín,426,172,5,0
063713305,General San Martín,1274,579,8,0
063713312,General San Martín,793,308,4,0
063713303,General San Martín,717,225,5,0
063713304,General San Martín,927,339,6,0
063713204,General San Martín,1319,480,7,0
063713202,General San Martín,855,312,4,0
063713302,General San Martín,743,241,6,0
063713311,General San Martín,682,228,4,0
063713402,General San Martín,1253,448,5,0
063713401,General San Martín,800,307,6,0
063713406,General San Martín,926,349,6,0
063713403,General San Martín,498,196,5,0
063713412,General San Martín,425,133,3,0
063713411,General San Martín,735,227,4,0
063713407,General San Martín,1103,409,9,0
063713405,General San Martín,555,203,5,0
063714810,General San Martín,1035,366,6,0
063713404,General San Martín,653,268,7,0
063711804,General San Martín,739,317,4,0
063714809,General San Martín,1232,401,6,0
063714808,General San Martín,623,247,5,0
063714805,General San Martín,688,257,6,0
063711803,General San Martín,1053,437,7,0
063711805,General San Martín,923,351,6,0
063714704,General San Martín,1231,438,6,0
063711807,General San Martín,889,335,5,0
063711808,General San Martín,723,267,4,0
063711806,General San Martín,1320,488,8,0
063713502,General San Martín,699,265,4,0
063714709,General San Martín,1206,437,8,0
063713501,General San Martín,1232,472,5,0
063713504,General San Martín,933,307,8,0
063713503,General San Martín,792,287,6,0
063713514,General San Martín,606,211,4,0
063713513,General San Martín,957,348,6,0
063713508,General San Martín,417,118,4,0
063713507,General San Martín,247,82,4,0
063713506,General San Martín,1066,374,8,0
063713505,General San Martín,747,261,4,0
063713510,General San Martín,1480,546,9,0
063713511,General San Martín,1314,426,7,0
063713509,General San Martín,153,60,3,0
063713512,General San Martín,1105,330,6,0
063715302,General San Martín,777,294,5,0
063713611,General San Martín,575,172,7,0
063713610,General San Martín,481,152,4,0
063714609,General San Martín,1226,445,8,0
063713609,General San Martín,419,130,5,0
063714606,General San Martín,357,124,4,0
063714603,General San Martín,683,247,5,0
063714602,General San Martín,696,247,5,0
063714607,General San Martín,688,225,5,0
063714608,General San Martín,1126,324,4,0
063714601,General San Martín,864,285,10,0
063711508,General San Martín,1438,417,8,0
063711504,General San Martín,1025,281,5,0
063711505,General San Martín,1379,411,4,0
063711506,General San Martín,769,235,5,0
063711507,General San Martín,1494,449,8,0
063711607,General San Martín,1101,353,6,0
063711608,General San Martín,904,315,4,0
063711606,General San Martín,1032,313,5,0
063711605,General San Martín,705,231,7,0
063711604,General San Martín,1633,465,5,0
063714604,General San Martín,932,340,9,0
063714605,General San Martín,623,218,5,0
063714708,General San Martín,682,242,5,0
063714706,General San Martín,1061,387,5,0
063714707,General San Martín,699,256,4,0
063714701,General San Martín,986,396,6,0
063711704,General San Martín,992,406,6,0
063711705,General San Martín,486,247,5,0
063714702,General San Martín,836,343,7,0
063714705,General San Martín,955,384,5,0
063714703,General San Martín,925,435,7,0
063711802,General San Martín,1104,439,5,0
063711709,General San Martín,623,248,4,0
063711708,General San Martín,384,163,4,0
063711707,General San Martín,1052,398,6,0
063711306,General San Martín,723,274,3,0
063711307,General San Martín,614,234,7,0
063711308,General San Martín,550,209,4,0
063711302,General San Martín,1075,369,7,0
063713909,General San Martín,1054,451,6,0
063711301,General San Martín,500,216,5,0
063711303,General San Martín,531,242,5,0
063711304,General San Martín,927,398,4,0
063711706,General San Martín,649,279,3,0
063711702,General San Martín,1140,443,6,0
063711305,General San Martín,622,248,7,0
063711703,General San Martín,588,231,5,0
063711701,General San Martín,787,324,5,0
063711413,General San Martín,788,315,6,0
063711403,General San Martín,578,213,6,0
063711402,General San Martín,895,361,5,0
063710308,General San Martín,1269,541,7,0
063710309,General San Martín,680,231,4,0
063713907,General San Martín,749,278,6,0
063710306,General San Martín,715,231,5,0
063710307,General San Martín,940,340,7,0
063710302,General San Martín,877,283,5,0
063710301,General San Martín,1581,575,7,0
067562510,San Isidro,509,194,4,0
063713806,General San Martín,1189,431,6,0
063713807,General San Martín,810,314,5,0
063713805,General San Martín,808,324,6,0
063711401,General San Martín,1103,449,9,0
063713804,General San Martín,922,339,5,0
063713802,General San Martín,760,292,4,0
063713801,General San Martín,1143,402,6,0
063710202,General San Martín,1112,387,6,0
063711406,General San Martín,1263,397,6,0
063711404,General San Martín,961,279,4,0
063711405,General San Martín,746,242,4,0
063711410,General San Martín,757,248,4,0
063711411,General San Martín,805,252,5,0
063711412,General San Martín,897,342,4,0
063711603,General San Martín,1174,350,7,0
063711415,General San Martín,936,289,12,0
063711409,General San Martín,904,278,5,0
063711414,General San Martín,729,240,5,0
063711602,General San Martín,1254,352,5,0
063711601,General San Martín,1018,302,5,0
063711503,General San Martín,1073,333,5,0
063711408,General San Martín,792,238,4,0
063711407,General San Martín,1142,347,6,0
063711501,General San Martín,14,5,7,0
063711502,General San Martín,987,315,7,0
063711510,General San Martín,955,302,4,0
063711509,General San Martín,874,301,4,0
063714501,General San Martín,1006,307,5,0
063714502,General San Martín,1100,292,5,0
063714505,General San Martín,1758,484,6,0
063714503,General San Martín,797,237,5,0
063714509,General San Martín,1088,327,5,0
063713603,General San Martín,259,74,5,0
063714510,General San Martín,781,236,7,0
063713602,General San Martín,310,73,4,0
063713601,General San Martín,453,119,6,0
063714508,General San Martín,1012,299,5,0
063714504,General San Martín,1533,467,6,0
063714507,General San Martín,1536,460,5,0
063713703,General San Martín,751,221,5,0
063713704,General San Martín,766,245,5,0
063713605,General San Martín,428,136,6,0
063713706,General San Martín,760,230,5,0
063713705,General San Martín,1403,430,4,0
063713708,General San Martín,770,239,4,0
063713702,General San Martín,216,61,7,0
063714506,General San Martín,1242,395,4,0
063713707,General San Martín,884,283,4,0
063713701,General San Martín,1561,470,12,0
068403401,Tres de Febrero,1180,439,8,0
068400402,Tres de Febrero,1090,372,3,0
068400401,Tres de Febrero,1423,479,7,0
068400101,Tres de Febrero,668,190,7,0
068400105,Tres de Febrero,1668,499,5,0
068400104,Tres de Febrero,928,276,4,0
068400103,Tres de Febrero,1687,578,8,0
068400102,Tres de Febrero,1651,509,3,0
068400106,Tres de Febrero,1690,484,5,0
068400107,Tres de Febrero,1431,436,6,0
068400109,Tres de Febrero,1153,330,5,0
068400111,Tres de Febrero,1017,346,5,0
068400113,Tres de Febrero,1855,591,5,0
068400112,Tres de Febrero,1144,355,5,0
068400303,Tres de Febrero,1168,449,6,0
068400411,Tres de Febrero,954,355,6,0
068400306,Tres de Febrero,1394,473,5,0
068400408,Tres de Febrero,445,166,5,0
068400304,Tres de Febrero,1129,408,6,0
068400305,Tres de Febrero,1245,428,6,0
068400302,Tres de Febrero,661,227,4,0
068400301,Tres de Febrero,637,267,5,0
068400403,Tres de Febrero,945,307,4,0
068400404,Tres de Febrero,855,290,5,0
068400406,Tres de Febrero,1139,316,7,0
068400405,Tres de Febrero,1138,365,6,0
068400407,Tres de Febrero,945,326,5,0
068400409,Tres de Febrero,1061,374,4,0
068400410,Tres de Febrero,1316,461,6,0
068403402,Tres de Febrero,1034,335,5,0
068403407,Tres de Febrero,1142,389,4,0
068403406,Tres de Febrero,1403,472,5,0
068403405,Tres de Febrero,1005,394,5,0
068403409,Tres de Febrero,1439,492,8,0
065681001,Morón,1050,399,3,0
065681002,Morón,541,210,5,0
065681004,Morón,863,367,5,0
065681006,Morón,630,260,7,0
065681408,Morón,655,313,6,0
065681411,Morón,418,211,4,0
065681407,Morón,606,297,5,0
065681406,Morón,598,269,6,0
065681405,Morón,585,292,6,0
065681402,Morón,798,367,5,0
065681401,Morón,736,301,4,0
065682108,Morón,451,315,4,0
065681404,Morón,810,432,7,0
065681403,Morón,967,398,7,0
065681502,Morón,1029,469,5,0
065681005,Morón,920,361,5,0
065681003,Morón,550,187,4,0
065681501,Morón,687,373,6,0
065681503,Morón,806,376,6,0
065681508,Morón,1030,524,7,0
065681507,Morón,885,416,4,0
065681506,Morón,884,409,5,0
065681505,Morón,768,367,4,0
065681509,Morón,532,227,6,0
065681611,Morón,836,365,6,0
065681606,Morón,1025,433,6,0
065681605,Morón,985,432,6,0
065681504,Morón,1238,467,6,0
065681601,Morón,1071,413,4,0
065681604,Morón,812,320,4,0
065681613,Morón,534,202,5,0
065681607,Morón,662,282,6,0
065681612,Morón,959,421,6,0
065681610,Morón,1033,427,9,0
065681608,Morón,607,246,4,0
065681614,Morón,459,200,4,0
065681709,Morón,675,312,4,0
065681708,Morón,1070,444,6,0
065681713,Morón,640,245,5,0
065681609,Morón,642,234,6,0
065681603,Morón,912,326,6,0
065681602,Morón,1146,381,3,0
065681701,Morón,975,438,3,0
065681702,Morón,935,382,5,0
065681704,Morón,652,258,3,0
065681703,Morón,743,282,5,0
065681706,Morón,601,221,4,0
065681707,Morón,1092,467,7,0
065681801,Morón,579,276,5,0
065681705,Morón,1157,460,4,0
