,codigo,NSE_radio_ponderado
2,020070101,3.0
6,020070201,2.0
10,020070202,2.0
15,020070203,3.0
19,020070204,2.0
24,020070205,2.0
29,020070207,2.0
34,020070208,2.0
39,020070209,3.0
42,020070210,2.0
48,020070211,3.0
52,020070212,2.0
58,020070213,3.0
63,020070214,3.0
67,020070215,2.0
72,020070216,2.0
76,020070217,2.0
82,020070218,3.0
86,020070219,2.0
91,020070220,2.0
95,020070221,2.0
100,020070222,2.0
105,020070223,2.0
110,020070301,2.0
115,020070302,2.0
120,020070303,2.0
124,020070304,2.0
129,020070305,2.0
134,020070306,2.0
140,020070307,3.0
144,020070308,2.0
150,020070309,3.0
154,020070310,2.0
159,020070311,2.0
165,020070312,3.0
169,020070313,2.0
173,020070314,2.0
178,020070315,2.0
182,020070316,2.0
185,020070317,2.0
190,020070318,2.0
194,020070319,2.0
200,020070401,4.0
204,020070402,3.0
210,020070403,4.0
215,020070404,4.0
219,020070405,4.0
224,020070406,4.0
229,020070407,4.0
234,020070408,4.0
238,020070501,4.0
243,020070502,4.0
248,020070503,4.0
253,020070504,4.0
258,020070505,4.0
262,020070506,4.0
267,020070507,4.0
272,020070601,4.0
277,020070602,4.0
281,020070603,4.0
286,020070604,4.0
291,020070605,4.0
296,020070606,4.0
300,020070607,4.0
305,020070608,4.0
310,020070609,4.0
315,020070610,4.0
319,020070701,4.0
324,020070702,4.0
328,020070703,3.0
333,020070704,3.0
338,020070705,3.0
343,020070706,3.0
348,020070707,3.0
353,020070708,3.0
358,020070709,3.0
363,020070710,3.0
368,020070711,3.0
373,020070712,3.0
378,020070713,3.0
384,020070801,4.0
388,020070802,4.0
393,020070803,4.0
397,020070804,3.0
402,020070805,3.0
408,020070806,4.0
413,020070807,4.0
418,020070808,4.0
422,020070809,3.0
427,020070810,3.0
433,020070811,4.0
437,020070901,3.0
442,020070902,3.0
447,020070903,3.0
452,020070904,3.0
457,020070905,3.0
461,020070906,3.0
466,020070907,3.0
471,020070908,3.0
476,020070909,3.0
481,020070910,3.0
485,020070911,3.0
489,020070912,3.0
494,020070913,4.0
498,020070914,3.0
503,020070915,3.0
508,020070916,3.0
513,020070917,3.0
518,020070918,3.0
523,020070919,3.0
527,020070920,3.0
532,020070921,3.0
538,020071001,4.0
542,020071002,3.0
547,020071003,3.0
552,020071004,3.0
557,020071005,3.0
562,020071006,3.0
567,020071007,3.0
572,020071008,3.0
577,020071009,3.0
582,020071010,3.0
587,020071011,3.0
592,020071012,3.0
597,020071013,3.0
602,020071014,3.0
607,020071015,3.0
612,020071016,3.0
617,020071101,3.0
622,020071102,3.0
627,020071103,3.0
632,020071104,3.0
637,020071105,3.0
642,020071106,3.0
647,020071107,3.0
651,020071108,3.0
656,020071109,3.0
661,020071110,3.0
666,020071111,3.0
671,020071112,3.0
676,020071113,3.0
681,020071114,3.0
686,020071115,3.0
691,020071201,3.0
695,020071202,3.0
700,020071203,3.0
705,020071204,3.0
710,020071205,3.0
715,020071206,3.0
720,020071207,3.0
725,020071208,3.0
730,020071209,3.0
735,020071210,3.0
740,020071211,3.0
745,020071212,3.0
750,020071213,3.0
754,020071214,3.0
760,020071301,4.0
765,020071302,4.0
769,020071303,3.0
775,020071304,4.0
780,020071305,4.0
783,020071306,3.0
789,020071307,4.0
794,020071308,4.0
799,020071309,4.0
804,020071310,4.0
809,020071311,4.0
813,020071312,3.0
819,020071313,4.0
823,020071314,3.0
828,020071315,3.0
833,020071316,3.0
838,020071317,3.0
843,020071318,3.0
847,020071401,3.0
852,020071402,3.0
857,020071403,3.0
862,020071404,3.0
867,020071405,3.0
872,020071406,3.0
877,020071407,3.0
882,020071408,3.0
887,020071409,3.0
892,020071410,3.0
897,020071411,3.0
902,020071412,3.0
907,020071501,3.0
912,020071502,3.0
917,020071503,3.0
922,020071504,3.0
927,020071505,3.0
932,020071506,3.0
937,020071507,3.0
942,020071508,3.0
947,020071509,3.0
952,020071510,3.0
957,020071511,3.0
962,020071601,3.0
967,020071602,3.0
972,020071603,3.0
977,020071604,3.0
982,020071605,3.0
987,020071606,3.0
992,020071607,3.0
997,020071608,3.0
1002,020071609,3.0
1007,020071610,3.0
1012,020071611,3.0
1017,020071612,3.0
1022,020071701,3.0
1027,020071702,3.0
1032,020071703,3.0
1037,020071704,3.0
1042,020071705,3.0
1047,020071706,3.0
1052,020071707,3.0
1057,020071708,3.0
1062,020071709,3.0
1067,020071710,3.0
1072,020071711,3.0
1077,020071801,3.0
1082,020071802,3.0
1087,020071803,3.0
1091,020071804,3.0
1096,020071805,3.0
1101,020071806,3.0
1106,020071807,3.0
1111,020071808,3.0
1116,020071809,3.0
1121,020071901,3.0
1126,020071902,3.0
1131,020071903,3.0
1136,020071904,3.0
1141,020071905,3.0
1146,020071906,3.0
1151,020071907,3.0
1156,020071908,3.0
1161,020071909,3.0
1166,020072001,3.0
1171,020072002,3.0
1176,020072003,3.0
1181,020072004,3.0
1186,020072005,3.0
1191,020072006,3.0
1196,020072007,3.0
1201,020072008,3.0
1206,020072009,3.0
1211,020072010,3.0
1216,020072101,3.0
1221,020072102,3.0
1226,020072103,3.0
1231,020072104,3.0
1236,020072105,3.0
1241,020072106,3.0
1246,020072107,3.0
1251,020072108,3.0
1256,020072109,3.0
1260,020072110,3.0
1265,020072201,3.0
1270,020072202,3.0
1275,020072203,3.0
1280,020072204,3.0
1285,020072205,3.0
1290,020072206,3.0
1295,020072207,3.0
1300,020072208,3.0
1305,020072209,3.0
1310,020072210,3.0
1315,020072301,3.0
1320,020072302,3.0
1325,020072303,3.0
1330,020072304,3.0
1335,020072305,3.0
1340,020072306,3.0
1345,020072307,3.0
1349,020072308,3.0
1354,020072309,3.0
1359,020072310,3.0
1363,020072401,3.0
1368,020072402,3.0
1373,020072403,3.0
1378,020072404,3.0
1383,020072405,3.0
1387,020072406,3.0
1392,020072407,3.0
1397,020072408,3.0
1402,020072501,3.0
1407,020072502,3.0
1412,020072503,3.0
1417,020072504,3.0
1422,020072505,3.0
1427,020072506,3.0
1432,020072507,3.0
1437,020072508,3.0
1442,020072509,3.0
1447,020072510,3.0
1452,020072511,3.0
1457,020072601,3.0
1462,020072602,3.0
1467,020072603,3.0
1471,020072604,3.0
1476,020072605,3.0
1481,020072606,3.0
1485,020072607,3.0
1490,020072608,3.0
1495,020072609,3.0
1500,020072701,3.0
1504,020072702,3.0
1509,020072703,3.0
1514,020072704,3.0
1519,020072705,3.0
1524,020072706,3.0
1527,020072707,2.0
1533,020072708,3.0
1538,020072709,3.0
1543,020072710,3.0
1548,020072801,3.0
1552,020072802,3.0
1557,020072803,3.0
1561,020072804,3.0
1566,020072805,3.0
1571,020072806,3.0
1576,020072807,3.0
1581,020072808,3.0
1586,020072809,3.0
1591,020072810,3.0
1596,020072811,3.0
1601,020072812,3.0
1606,020072813,3.0
1611,020072901,3.0
1616,020072902,3.0
1621,020072903,3.0
1626,020072904,3.0
1631,020072905,3.0
1636,020072906,3.0
1641,020072907,3.0
1646,020072908,3.0
1651,020072909,3.0
1656,020073001,3.0
1661,020073002,3.0
1665,020073003,2.0
1670,020073004,2.0
1674,020073005,2.0
1679,020073006,2.0
1685,020073007,3.0
1688,020073008,2.0
1694,020073009,3.0
1698,020073010,3.0
1703,020073011,3.0
1708,020073012,3.0
1712,020073013,2.0
1717,020140101,3.0
1722,020140102,3.0
1727,020140201,4.0
1732,020140202,4.0
1737,020140203,4.0
1741,020140204,4.0
1746,020140205,4.0
1751,020140206,4.0
1756,020140207,4.0
1761,020140208,4.0
1766,020140301,4.0
1770,020140302,3.0
1776,020140303,4.0
1781,020140304,4.0
1785,020140305,4.0
1789,020140306,3.0
1795,020140307,4.0
1800,020140308,4.0
1805,020140401,4.0
1810,020140402,4.0
1815,020140403,4.0
1820,020140404,4.0
1825,020140405,4.0
1830,020140406,4.0
1835,020140407,4.0
1840,020140408,4.0
1845,020140409,4.0
1850,020140410,4.0
1855,020140501,4.0
1860,020140502,4.0
1865,020140503,4.0
1869,020140504,4.0
1874,020140505,4.0
1879,020140506,4.0
1884,020140507,4.0
1889,020140508,4.0
1894,020140509,4.0
1898,020140601,4.0
1902,020140602,4.0
1907,020140603,4.0
1912,020140604,4.0
1917,020140605,4.0
1921,020140606,4.0
1925,020140607,3.0
1930,020140608,4.0
1934,020140609,3.0
1939,020140610,3.0
1945,020140701,4.0
1950,020140702,4.0
1955,020140703,4.0
1960,020140704,4.0
1965,020140705,4.0
1969,020140706,4.0
1974,020140707,4.0
1978,020140708,3.0
1983,020140709,3.0
1989,020140801,4.0
1994,020140802,4.0
1998,020140803,4.0
2003,020140804,4.0
2008,020140805,4.0
2013,020140806,4.0
2018,020140807,4.0
2023,020140808,4.0
2028,020140901,4.0
2033,020140902,4.0
2038,020140903,4.0
2043,020140904,4.0
2047,020140905,3.0
2053,020140906,4.0
2058,020140907,4.0
2063,020140908,4.0
2068,020140909,4.0
2073,020141001,4.0
2077,020141002,3.0
2083,020141003,4.0
2088,020141004,4.0
2092,020141005,3.0
2097,020141006,4.0
2101,020141007,3.0
2107,020141008,4.0
2112,020141009,4.0
2116,020141101,4.0
2121,020141102,4.0
2126,020141103,4.0
2131,020141104,4.0
2136,020141105,4.0
2140,020141106,3.0
2146,020141201,4.0
2151,020141202,4.0
2156,020141203,4.0
2161,020141204,4.0
2165,020141205,3.0
2171,020141206,4.0
2175,020141207,4.0
2178,020141301,3.0
2184,020141302,4.0
2188,020141303,4.0
2193,020141304,4.0
2198,020141305,4.0
2203,020141306,4.0
2208,020141307,4.0
2212,020141401,3.0
2218,020141402,4.0
2222,020141403,3.0
2227,020141404,3.0
2233,020141405,4.0
2238,020141406,4.0
2243,020141407,4.0
2247,020141408,3.0
2253,020141409,4.0
2257,020141410,3.0
2263,020141501,4.0
2267,020141502,4.0
2272,020141503,4.0
2277,020141504,4.0
2282,020141505,4.0
2287,020141506,4.0
2292,020141507,4.0
2297,020141508,4.0
2301,020141601,3.0
2307,020141602,4.0
2311,020141603,4.0
2315,020141604,4.0
2320,020141605,4.0
2324,020141606,3.0
2329,020141607,3.0
2335,020141608,4.0
2340,020141701,4.0
2344,020141702,3.0
2350,020141703,4.0
2354,020141704,3.0
2359,020141705,3.0
2364,020141706,4.0
2368,020141707,3.0
2373,020141708,3.0
2379,020141709,4.0
2384,020141801,4.0
2388,020141802,4.0
2393,020141803,4.0
2397,020141804,3.0
2402,020141805,3.0
2407,020141806,3.0
2412,020141807,3.0
2417,020141808,3.0
2421,020141901,3.0
2427,020141902,4.0
2432,020141903,4.0
2436,020141904,3.0
2441,020141905,3.0
2446,020141906,3.0
2451,020141907,3.0
2456,020141908,3.0
2461,020142001,3.0
2466,020142002,3.0
2471,020142003,3.0
2476,020142004,3.0
2481,020142005,3.0
2486,020142006,3.0
2490,020142007,3.0
2495,020142008,3.0
2500,020142009,3.0
2506,020142101,4.0
2511,020142102,4.0
2515,020142103,3.0
2520,020142104,3.0
2525,020142105,3.0
2530,020142106,3.0
2536,020142201,4.0
2541,020142202,4.0
2545,020142203,4.0
2549,020142204,3.0
2555,020142205,4.0
2559,020142206,3.0
2565,020142301,4.0
2570,020142302,4.0
2574,020142303,4.0
2579,020142304,4.0
2584,020142305,4.0
2589,020142306,4.0
2593,020142307,3.0
2599,020142308,4.0
2604,020142309,4.0
2609,020142401,4.0
2614,020142402,4.0
2619,020142403,4.0
2622,020142404,3.0
2627,020142405,3.0
2633,020142406,4.0
2637,020142501,3.0
2642,020142502,3.0
2647,020142503,3.0
2652,020142504,3.0
2657,020142505,3.0
2662,020142506,3.0
2667,020142507,3.0
2673,020142508,4.0
2676,020142509,3.0
2681,020142510,3.0
2686,020142511,3.0
2691,020142512,3.0
2696,020142513,3.0
2701,020210101,3.0
2706,020210102,3.0
2711,020210103,3.0
2716,020210104,3.0
2721,020210105,3.0
2725,020210106,3.0
2730,020210107,3.0
2735,020210108,3.0
2740,020210109,3.0
2745,020210110,3.0
2749,020210111,3.0
2755,020210112,4.0
2759,020210201,3.0
2764,020210202,3.0
2769,020210203,3.0
2774,020210204,3.0
2779,020210205,3.0
2784,020210206,3.0
2789,020210207,3.0
2794,020210208,3.0
2799,020210209,3.0
2804,020210210,3.0
2809,020210211,3.0
2814,020210212,3.0
2819,020210301,3.0
2824,020210302,3.0
2829,020210303,3.0
2834,020210304,3.0
2839,020210305,3.0
2844,020210306,3.0
2849,020210307,3.0
2854,020210308,3.0
2859,020210309,3.0
2864,020210310,3.0
2869,020210311,3.0
2874,020210401,3.0
2879,020210402,3.0
2884,020210403,3.0
2889,020210404,3.0
2894,020210405,3.0
2899,020210406,3.0
2904,020210407,3.0
2909,020210408,3.0
2913,020210501,3.0
2918,020210502,3.0
2923,020210503,3.0
2928,020210504,3.0
2932,020210505,3.0
2937,020210506,3.0
2942,020210507,3.0
2947,020210601,3.0
2952,020210602,3.0
2957,020210603,3.0
2962,020210604,3.0
2967,020210605,3.0
2972,020210606,3.0
2977,020210607,3.0
2982,020210701,3.0
2987,020210702,3.0
2992,020210703,3.0
2997,020210704,3.0
3002,020210705,3.0
3007,020210706,3.0
3012,020210707,3.0
3017,020210708,3.0
3021,020210709,3.0
3026,020210801,3.0
3031,020210802,3.0
3035,020210803,3.0
3040,020210804,3.0
3045,020210805,3.0
3050,020210806,3.0
3054,020210807,3.0
3059,020210808,3.0
3064,020210809,3.0
3069,020210810,3.0
3074,020210901,3.0
3079,020210902,3.0
3084,020210903,3.0
3089,020210904,3.0
3094,020210905,3.0
3099,020210906,3.0
3104,020210907,3.0
3109,020210908,3.0
3114,020210909,3.0
3119,020210910,3.0
3124,020211001,3.0
3129,020211002,3.0
3134,020211003,3.0
3139,020211004,3.0
3144,020211005,3.0
3149,020211006,3.0
3154,020211007,3.0
3159,020211008,3.0
3164,020211009,3.0
3168,020211101,3.0
3173,020211102,3.0
3178,020211103,3.0
3183,020211104,3.0
3188,020211105,3.0
3193,020211106,3.0
3198,020211107,3.0
3203,020211108,3.0
3208,020211201,3.0
3213,020211202,3.0
3218,020211203,3.0
3223,020211204,3.0
3228,020211205,3.0
3233,020211206,3.0
3238,020211207,3.0
3243,020211208,3.0
3248,020211209,3.0
3253,020211210,3.0
3258,020211301,3.0
3263,020211302,3.0
3268,020211303,3.0
3273,020211304,3.0
3278,020211305,3.0
3283,020211306,3.0
3288,020211307,3.0
3293,020211308,3.0
3298,020211309,3.0
3303,020211310,3.0
3307,020211311,3.0
3311,020211401,3.0
3316,020211402,3.0
3321,020211403,3.0
3326,020211404,3.0
3331,020211405,3.0
3336,020211406,3.0
3341,020211407,3.0
3346,020211408,3.0
3351,020211409,3.0
3356,020211501,3.0
3361,020211502,3.0
3366,020211503,3.0
3371,020211504,3.0
3376,020211505,3.0
3381,020211506,3.0
3386,020211507,3.0
3391,020211508,3.0
3396,020211509,3.0
3401,020211601,3.0
3406,020211602,3.0
3411,020211603,3.0
3416,020211604,3.0
3420,020211605,3.0
3425,020211606,3.0
3430,020211607,3.0
3435,020211608,3.0
3440,020211609,3.0
3445,020211701,3.0
3450,020211702,3.0
3455,020211703,3.0
3460,020211704,3.0
3465,020211705,3.0
3470,020211706,3.0
3475,020211707,3.0
3480,020211708,3.0
3485,020211709,3.0
3490,020211801,3.0
3495,020211802,3.0
3500,020211803,3.0
3505,020211804,3.0
3510,020211805,3.0
3515,020211806,3.0
3520,020211807,3.0
3525,020211808,3.0
3530,020211809,3.0
3535,020211810,3.0
3540,020211811,3.0
3544,020211901,3.0
3549,020211902,3.0
3554,020211903,3.0
3559,020211904,3.0
3564,020211905,3.0
3569,020211906,3.0
3574,020211907,3.0
3579,020211908,3.0
3584,020211909,3.0
3589,020211910,3.0
3594,020212001,3.0
3599,020212002,3.0
3604,020212003,3.0
3609,020212004,3.0
3614,020212005,3.0
3619,020212006,3.0
3624,020212007,3.0
3629,020212008,3.0
3633,020212009,3.0
3638,020212010,3.0
3643,020212011,3.0
3648,020212101,3.0
3653,020212102,3.0
3658,020212103,3.0
3663,020212104,3.0
3668,020212105,3.0
3673,020212106,3.0
3678,020212107,3.0
3683,020212108,3.0
3687,020212109,3.0
3692,020212110,3.0
3697,020212201,3.0
3702,020212202,3.0
3707,020212203,3.0
3712,020212204,3.0
3716,020212205,3.0
3721,020212206,3.0
3726,020212207,3.0
3731,020212208,3.0
3736,020212209,3.0
3741,020212301,3.0
3746,020212302,3.0
3751,020212303,3.0
3756,020212304,3.0
3761,020212305,3.0
3766,020212306,3.0
3771,020212307,3.0
3776,020212308,3.0
3781,020212309,3.0
3786,020212310,3.0
3791,020212401,3.0
3796,020212402,3.0
3801,020212403,3.0
3806,020212404,3.0
3810,020212405,3.0
3815,020212406,3.0
3820,020212407,3.0
3825,020212408,3.0
3830,020212409,3.0
3835,020212501,3.0
3839,020212502,3.0
3843,020212503,3.0
3847,020212504,3.0
3852,020212505,3.0
3857,020212506,3.0
3862,020212507,3.0
3867,020212508,3.0
3872,020212509,3.0
3877,020212510,3.0
3882,020212601,3.0
3887,020212602,3.0
3892,020212603,3.0
3897,020212604,3.0
3902,020212605,3.0
3907,020212606,3.0
3912,020212607,3.0
3917,020212608,3.0
3922,020212609,3.0
3927,020212701,3.0
3932,020212702,3.0
3937,020212703,3.0
3942,020212704,3.0
3947,020212705,3.0
3951,020212706,3.0
3956,020212707,3.0
3960,020280101,2.0
3966,020280102,3.0
3971,020280103,3.0
3976,020280104,3.0
3981,020280105,3.0
3985,020280106,2.0
3990,020280107,3.0
3995,020280108,3.0
4000,020280109,3.0
4005,020280110,3.0
4010,020280111,3.0
4015,020280112,3.0
4020,020280113,3.0
4025,020280114,3.0
4030,020280201,3.0
4035,020280202,3.0
4040,020280203,3.0
4045,020280204,3.0
4050,020280205,3.0
4055,020280206,3.0
4060,020280207,3.0
4065,020280208,3.0
4070,020280209,3.0
4074,020280210,3.0
4079,020280301,3.0
4084,020280302,3.0
4089,020280303,3.0
4094,020280304,3.0
4099,020280305,3.0
4104,020280306,3.0
4109,020280307,3.0
4114,020280308,3.0
4119,020280309,3.0
4123,020280310,3.0
4128,020280311,3.0
4133,020280312,3.0
4138,020280313,3.0
4143,020280401,3.0
4148,020280402,3.0
4153,020280403,3.0
4158,020280404,3.0
4163,020280405,3.0
4168,020280406,3.0
4173,020280407,3.0
4178,020280408,3.0
4183,020280409,3.0
4188,020280410,3.0
4193,020280411,3.0
4198,020280501,3.0
4203,020280502,3.0
4208,020280503,3.0
4213,020280504,3.0
4218,020280505,3.0
4223,020280506,3.0
4227,020280507,3.0
4232,020280508,3.0
4237,020280509,3.0
4241,020280510,3.0
4246,020280511,3.0
4251,020280512,3.0
4256,020280601,3.0
4261,020280602,3.0
4266,020280603,3.0
4271,020280604,3.0
4276,020280605,3.0
4281,020280606,3.0
4286,020280607,3.0
4291,020280608,3.0
4296,020280609,3.0
4301,020280610,3.0
4306,020280611,3.0
4311,020280612,3.0
4316,020280701,3.0
4321,020280702,3.0
4326,020280703,3.0
4331,020280704,3.0
4336,020280705,3.0
4341,020280706,3.0
4346,020280707,3.0
4351,020280708,3.0
4356,020280709,3.0
4361,020280710,3.0
4366,020280711,3.0
4371,020280712,3.0
4376,020280801,3.0
4381,020280802,3.0
4386,020280803,3.0
4391,020280804,3.0
4396,020280805,3.0
4401,020280806,3.0
4406,020280807,3.0
4411,020280808,3.0
4415,020280809,3.0
4420,020280810,3.0
4425,020280811,3.0
4430,020280812,3.0
4435,020280901,3.0
4440,020280902,3.0
4445,020280903,3.0
4449,020280904,2.0
4455,020280905,3.0
4460,020280906,3.0
4464,020280907,2.0
4469,020281001,2.0
4474,020281002,2.0
4479,020281003,2.0
4484,020281004,2.0
4489,020281005,2.0
4494,020281006,2.0
4499,020281007,2.0
4504,020281008,2.0
4509,020281009,2.0
4515,020281101,3.0
4520,020281102,3.0
4525,020281103,3.0
4530,020281104,3.0
4535,020281105,3.0
4540,020281106,3.0
4544,020281107,2.0
4550,020281108,3.0
4555,020281109,3.0
4558,020281201,2.0
4564,020281202,3.0
4569,020281203,3.0
4574,020281204,3.0
4579,020281205,3.0
4583,020281206,2.0
4589,020281207,3.0
4594,020281208,3.0
4599,020281209,3.0
4604,020281210,3.0
4609,020281211,3.0
4614,020281212,3.0
4619,020281301,3.0
4624,020281302,3.0
4629,020281303,3.0
4634,020281304,3.0
4639,020281305,3.0
4644,020281306,3.0
4649,020281307,3.0
4654,020281308,3.0
4659,020281309,3.0
4663,020281310,3.0
4668,020281311,3.0
4673,020281401,3.0
4678,020281402,3.0
4683,020281403,3.0
4688,020281404,3.0
4693,020281405,3.0
4698,020281406,3.0
4703,020281407,3.0
4708,020281408,3.0
4713,020281409,3.0
4718,020281501,3.0
4723,020281502,3.0
4728,020281503,3.0
4733,020281504,3.0
4738,020281505,3.0
4743,020281506,3.0
4748,020281507,3.0
4753,020281508,3.0
4758,020281509,3.0
4763,020281510,3.0
4768,020281601,3.0
4773,020281602,3.0
4778,020281603,3.0
4783,020281604,3.0
4788,020281605,3.0
4793,020281606,3.0
4798,020281607,3.0
4803,020281608,3.0
4808,020281609,3.0
4812,020281610,3.0
4816,020281701,3.0
4821,020281702,3.0
4826,020281703,3.0
4831,020281704,3.0
4836,020281705,3.0
4841,020281706,3.0
4846,020281707,3.0
4851,020281708,3.0
4856,020281709,3.0
4861,020281710,3.0
4865,020281801,2.0
4870,020281901,3.0
4875,020281902,3.0
4880,020281903,3.0
4884,020281904,2.0
4890,020281905,3.0
4894,020281906,2.0
4899,020281907,2.0
4904,020281908,2.0
4909,020281909,2.0
4915,020281910,3.0
4919,020281911,2.0
4925,020282001,3.0
4930,020282002,3.0
4935,020282003,3.0
4940,020282004,3.0
4945,020282005,3.0
4950,020282006,3.0
4955,020282007,3.0
4959,020282008,2.0
4964,020282009,2.0
4969,020282010,2.0
4975,020282011,3.0
4980,020282012,3.0
4985,020282101,3.0
4990,020282102,3.0
4994,020282103,2.0
4999,020282104,2.0
5005,020282105,3.0
5010,020282106,3.0
5015,020282107,3.0
5019,020282108,2.0
5024,020282109,2.0
5029,020282110,2.0
5034,020282111,2.0
5039,020282112,2.0
5045,020282113,3.0
5050,020282201,3.0
5055,020282202,3.0
5060,020282203,3.0
5065,020282204,3.0
5070,020282205,3.0
5075,020282206,3.0
5080,020282207,3.0
5085,020282208,3.0
5090,020282209,3.0
5095,020282210,3.0
5100,020282211,3.0
5105,020282212,3.0
5110,020282301,3.0
5115,020282302,3.0
5120,020282303,3.0
5125,020282304,3.0
5130,020282305,3.0
5135,020282306,3.0
5140,020282307,3.0
5145,020282308,3.0
5150,020282309,3.0
5155,020282310,3.0
5160,020282311,3.0
5165,020282312,3.0
5169,020282401,2.0
5174,020282402,2.0
5178,020282403,2.0
5181,020282404,2.0
5186,020282405,2.0
5190,020282406,2.0
5194,020282407,2.0
5198,020282408,2.0
5202,020282409,2.0
5207,020282501,2.0
5212,020282502,2.0
5217,020282503,2.0
5222,020282504,2.0
5227,020282505,2.0
5231,020282506,2.0
5236,020282507,2.0
5242,020282508,3.0
5246,020282509,2.0
5251,020282510,2.0
5255,020282511,2.0
5260,020282512,2.0
5265,020282601,2.0
5270,020282602,2.0
5275,020282603,2.0
5281,020282701,3.0
5286,020282702,3.0
5289,020282703,3.0
5294,020282704,3.0
5299,020282705,3.0
5304,020282706,3.0
5308,020282707,3.0
5312,020282801,2.0
5316,020282802,2.0
5321,020282803,2.0
5326,020282804,2.0
5331,020282805,2.0
5336,020282806,2.0
5341,020282807,2.0
5346,020282808,2.0
5351,020282809,2.0
5354,020282810,2.0
5359,020282811,2.0
5363,020282901,2.0
5368,020282902,2.0
5373,020282903,2.0
5377,020282904,2.0
5381,020282905,2.0
5386,020282906,2.0
5391,020282907,2.0
5396,020282908,2.0
5402,020350101,3.0
5407,020350102,3.0
5412,020350103,3.0
5417,020350104,3.0
5422,020350105,3.0
5427,020350106,3.0
5432,020350107,3.0
5437,020350108,3.0
5442,020350109,3.0
5447,020350110,3.0
5451,020350111,3.0
5456,020350112,3.0
5461,020350201,3.0
5466,020350202,3.0
5471,020350203,3.0
5476,020350204,3.0
5481,020350205,3.0
5486,020350206,3.0
5491,020350207,3.0
5496,020350208,3.0
5501,020350209,3.0
5506,020350210,3.0
5511,020350211,3.0
5516,020350301,3.0
5521,020350302,3.0
5526,020350303,3.0
5531,020350304,3.0
5536,020350305,3.0
5541,020350306,3.0
5546,020350307,3.0
5551,020350308,3.0
5556,020350309,3.0
5561,020350310,3.0
5566,020350311,3.0
5571,020350312,3.0
5576,020350313,3.0
5581,020350401,3.0
5586,020350402,3.0
5591,020350403,3.0
5596,020350404,3.0
5601,020350405,3.0
5606,020350406,3.0
5611,020350407,3.0
5616,020350408,3.0
5621,020350409,3.0
5626,020350501,3.0
5631,020350502,3.0
5636,020350503,3.0
5641,020350504,3.0
5646,020350505,3.0
5651,020350506,3.0
5656,020350507,3.0
5661,020350508,3.0
5666,020350601,3.0
5671,020350602,3.0
5676,020350603,3.0
5681,020350604,3.0
5686,020350605,3.0
5691,020350606,3.0
5696,020350607,3.0
5701,020350608,3.0
5706,020350701,3.0
5711,020350702,3.0
5716,020350703,3.0
5721,020350704,3.0
5726,020350705,3.0
5731,020350706,3.0
5736,020350707,3.0
5741,020350708,3.0
5746,020350801,3.0
5751,020350802,3.0
5756,020350803,3.0
5761,020350804,3.0
5766,020350805,3.0
5771,020350806,3.0
5776,020350807,3.0
5781,020350808,3.0
5786,020350809,3.0
5791,020350901,3.0
5796,020350902,3.0
5801,020350903,3.0
5806,020350904,3.0
5811,020350905,3.0
5816,020350906,3.0
5821,020350907,3.0
5826,020350908,3.0
5831,020350909,3.0
5836,020350910,3.0
5841,020351001,3.0
5846,020351002,3.0
5851,020351003,3.0
5856,020351004,3.0
5861,020351005,3.0
5865,020351006,3.0
5870,020351007,3.0
5875,020351008,3.0
5880,020351009,3.0
5885,020351010,3.0
5890,020351101,3.0
5895,020351102,3.0
5900,020351103,3.0
5905,020351104,3.0
5909,020351105,3.0
5914,020351106,3.0
5919,020351107,3.0
5924,020351108,3.0
5928,020351109,3.0
5933,020351110,3.0
5938,020351111,3.0
5943,020351201,3.0
5948,020351202,3.0
5953,020351203,3.0
5958,020351204,3.0
5963,020351205,3.0
5968,020351206,3.0
5973,020351207,3.0
5978,020351301,3.0
5983,020351302,3.0
5987,020351303,3.0
5992,020351304,3.0
5997,020351305,3.0
6002,020351306,3.0
6007,020351307,3.0
6012,020351308,3.0
6017,020351309,3.0
6022,020351401,3.0
6027,020351402,3.0
6032,020351403,3.0
6037,020351404,3.0
6042,020351405,3.0
6047,020351406,3.0
6052,020351407,3.0
6057,020351408,3.0
6062,020351409,3.0
6067,020351501,3.0
6072,020351502,3.0
6077,020351503,3.0
6082,020351504,3.0
6087,020351505,3.0
6092,020351506,3.0
6097,020351507,3.0
6102,020351508,3.0
6107,020351509,3.0
6112,020351601,3.0
6117,020351602,3.0
6122,020351603,3.0
6127,020351604,3.0
6132,020351605,3.0
6137,020351606,3.0
6142,020351607,3.0
6147,020351608,3.0
6152,020351609,3.0
6157,020351610,3.0
6162,020351611,3.0
6167,020351612,3.0
6171,020351701,3.0
6176,020351702,3.0
6181,020351703,3.0
6186,020351704,3.0
6191,020351705,3.0
6196,020351706,3.0
6201,020351707,3.0
6206,020351708,3.0
6211,020351709,3.0
6216,020351710,3.0
6221,020351711,3.0
6226,020351801,3.0
6231,020351802,3.0
6236,020351803,3.0
6241,020351804,3.0
6246,020351805,3.0
6251,020351806,3.0
6255,020351807,3.0
6260,020351808,3.0
6264,020351809,3.0
6269,020351810,3.0
6274,020351811,3.0
6279,020351901,3.0
6284,020351902,3.0
6289,020351903,3.0
6294,020351904,3.0
6299,020351905,3.0
6304,020351906,3.0
6309,020351907,3.0
6314,020351908,3.0
6319,020351909,3.0
6324,020351910,3.0
6329,020351911,3.0
6334,020352001,3.0
6339,020352002,3.0
6344,020352003,3.0
6349,020352004,3.0
6354,020352005,3.0
6359,020352006,3.0
6364,020352007,3.0
6369,020352008,3.0
6374,020352009,3.0
6379,020352010,3.0
6384,020352011,3.0
6389,020352012,3.0
6394,020352101,3.0
6399,020352102,3.0
6404,020352103,3.0
6409,020352104,3.0
6414,020352105,3.0
6419,020352106,3.0
6424,020352107,3.0
6429,020352108,3.0
6434,020352109,3.0
6439,020352110,3.0
6444,020352111,3.0
6449,020352112,3.0
6454,020352201,3.0
6459,020352202,3.0
6464,020352203,3.0
6469,020352204,3.0
6474,020352205,3.0
6479,020352206,3.0
6484,020352207,3.0
6489,020352208,3.0
6494,020352209,3.0
6499,020352210,3.0
6504,020352211,3.0
6509,020352212,3.0
6514,020352213,3.0
6519,020420101,3.0
6524,020420102,3.0
6529,020420103,3.0
6534,020420104,3.0
6539,020420105,3.0
6544,020420106,3.0
6549,020420107,3.0
6554,020420108,3.0
6559,020420109,3.0
6564,020420110,3.0
6569,020420111,3.0
6574,020420112,3.0
6579,020420201,3.0
6584,020420202,3.0
6589,020420203,3.0
6594,020420204,3.0
6599,020420205,3.0
6604,020420206,3.0
6609,020420207,3.0
6614,020420208,3.0
6619,020420209,3.0
6624,020420210,3.0
6629,020420211,3.0
6634,020420212,3.0
6639,020420301,3.0
6644,020420302,3.0
6649,020420303,3.0
6654,020420304,3.0
6659,020420305,3.0
6664,020420306,3.0
6668,020420307,3.0
6673,020420308,3.0
6678,020420309,3.0
6683,020420310,3.0
6688,020420311,3.0
6693,020420401,3.0
6698,020420402,3.0
6703,020420403,3.0
6708,020420404,3.0
6713,020420405,3.0
6718,020420406,3.0
6723,020420407,3.0
6727,020420408,3.0
6732,020420409,3.0
6736,020420410,3.0
6741,020420411,3.0
6746,020420412,3.0
6751,020420501,3.0
6756,020420502,3.0
6761,020420503,3.0
6766,020420504,3.0
6771,020420505,3.0
6776,020420506,3.0
6781,020420507,3.0
6786,020420508,3.0
6790,020420509,3.0
6795,020420510,3.0
6800,020420511,3.0
6805,020420512,3.0
6809,020420513,3.0
6814,020420601,3.0
6819,020420602,3.0
6824,020420603,3.0
6829,020420604,3.0
6834,020420605,3.0
6839,020420606,3.0
6844,020420607,3.0
6849,020420608,3.0
6854,020420609,3.0
6859,020420701,3.0
6864,020420702,3.0
6869,020420703,3.0
6874,020420704,3.0
6879,020420705,3.0
6884,020420706,3.0
6889,020420707,3.0
6894,020420708,3.0
6898,020420709,3.0
6903,020420710,3.0
6908,020420711,3.0
6913,020420712,3.0
6917,020420713,3.0
6922,020420801,3.0
6927,020420802,3.0
6932,020420803,3.0
6937,020420804,3.0
6942,020420805,3.0
6946,020420806,3.0
6952,020420807,4.0
6956,020420808,3.0
6960,020420809,3.0
6965,020420810,3.0
6971,020420811,4.0
6975,020420901,3.0
6980,020420902,3.0
6985,020420903,3.0
6991,020420904,4.0
6995,020420905,3.0
7001,020420906,4.0
7005,020420907,3.0
7011,020420908,4.0
7016,020420909,4.0
7019,020420910,3.0
7024,020421001,3.0
7029,020421002,3.0
7034,020421003,3.0
7039,020421004,3.0
7044,020421005,3.0
7049,020421006,3.0
7054,020421007,3.0
7059,020421008,3.0
7064,020421009,3.0
7069,020421010,3.0
7074,020421101,3.0
7079,020421102,3.0
7084,020421103,3.0
7089,020421104,3.0
7093,020421105,3.0
7098,020421106,3.0
7103,020421107,3.0
7108,020421108,3.0
7113,020421109,3.0
7118,020421110,3.0
7122,020421201,3.0
7127,020421202,3.0
7132,020421203,3.0
7137,020421204,3.0
7142,020421205,3.0
7147,020421206,3.0
7151,020421207,3.0
7156,020421208,3.0
7161,020421209,3.0
7166,020421210,3.0
7170,020421211,3.0
7175,020421212,3.0
7180,020421301,3.0
7185,020421302,3.0
7190,020421303,3.0
7194,020421304,3.0
7199,020421305,3.0
7204,020421306,3.0
7209,020421307,3.0
7213,020421308,3.0
7218,020421309,3.0
7223,020421310,3.0
7227,020421311,3.0
7233,020421312,4.0
7237,020421313,3.0
7242,020421401,3.0
7247,020421402,3.0
7252,020421403,3.0
7257,020421404,3.0
7262,020421405,3.0
7267,020421406,3.0
7272,020421407,3.0
7276,020421408,3.0
7281,020421409,3.0
7287,020421410,4.0
7291,020421411,3.0
7297,020421412,4.0
7301,020421501,3.0
7306,020421502,3.0
7311,020421503,3.0
7317,020421504,4.0
7321,020421505,3.0
7327,020421506,4.0
7331,020421507,3.0
7336,020421508,3.0
7341,020421509,3.0
7347,020421510,4.0
7351,020421601,3.0
7357,020421602,4.0
7361,020421603,3.0
7366,020421604,4.0
7370,020421605,3.0
7375,020421606,3.0
7381,020421607,4.0
7385,020421608,3.0
7390,020421609,3.0
7395,020421610,3.0
7400,020421611,3.0
7405,020421612,3.0
7410,020421613,3.0
7415,020421614,3.0
7420,020421701,3.0
7425,020421702,3.0
7430,020421703,3.0
7435,020421704,3.0
7440,020421705,3.0
7445,020421706,3.0
7450,020421707,3.0
7455,020421801,3.0
7460,020421802,3.0
7465,020421803,3.0
7471,020421804,4.0
7475,020421805,3.0
7481,020421806,4.0
7485,020421807,3.0
7490,020421808,3.0
7495,020421809,3.0
7501,020421901,4.0
7505,020421902,3.0
7510,020421903,3.0
7515,020421904,3.0
7520,020421905,3.0
7525,020421906,3.0
7530,020421907,3.0
7535,020421908,3.0
7540,020422001,3.0
7545,020422002,3.0
7550,020422003,3.0
7555,020422004,3.0
7560,020422005,3.0
7565,020422006,3.0
7570,020422007,3.0
7575,020422008,3.0
7579,020422009,3.0
7584,020422010,3.0
7589,020422101,3.0
7594,020422102,3.0
7599,020422103,3.0
7604,020422104,3.0
7610,020422105,4.0
7614,020422106,3.0
7619,020422107,3.0
7624,020422108,3.0
7629,020422109,3.0
7634,020422110,3.0
7639,020422111,3.0
7645,020422112,4.0
7649,020490101,3.0
7654,020490102,3.0
7659,020490103,3.0
7664,020490104,3.0
7669,020490105,3.0
7674,020490106,3.0
7679,020490107,3.0
7684,020490108,3.0
7689,020490109,3.0
7694,020490110,3.0
7699,020490111,3.0
7703,020490201,3.0
7707,020490202,3.0
7712,020490203,3.0
7717,020490204,3.0
7722,020490205,3.0
7727,020490206,3.0
7732,020490207,3.0
7737,020490208,3.0
7742,020490209,3.0
7747,020490301,3.0
7752,020490302,3.0
7757,020490303,3.0
7761,020490304,3.0
7766,020490305,3.0
7771,020490306,3.0
7776,020490307,3.0
7781,020490308,3.0
7786,020490309,3.0
7791,020490310,3.0
7795,020490311,3.0
7800,020490312,3.0
7805,020490313,3.0
7810,020490401,3.0
7815,020490402,3.0
7820,020490403,3.0
7825,020490404,3.0
7830,020490405,3.0
7835,020490406,3.0
7840,020490407,3.0
7845,020490408,3.0
7850,020490409,3.0
7855,020490410,3.0
7860,020490411,3.0
7865,020490501,3.0
7870,020490502,3.0
7875,020490503,3.0
7879,020490504,3.0
7884,020490505,3.0
7889,020490506,3.0
7894,020490507,3.0
7899,020490508,3.0
7904,020490509,3.0
7909,020490510,3.0
7914,020490511,3.0
7919,020490601,3.0
7924,020490602,3.0
7929,020490603,3.0
7934,020490604,3.0
7939,020490605,3.0
7944,020490606,3.0
7948,020490607,3.0
7953,020490608,3.0
7957,020490609,3.0
7962,020490701,3.0
7967,020490702,3.0
7971,020490703,3.0
7976,020490704,3.0
7981,020490705,3.0
7986,020490706,3.0
7991,020490707,3.0
7996,020490708,3.0
8000,020490709,3.0
8005,020490710,3.0
8010,020490711,3.0
8015,020490801,3.0
8020,020490802,3.0
8025,020490803,3.0
8030,020490804,3.0
8035,020490805,3.0
8040,020490806,3.0
8045,020490807,3.0
8049,020490808,3.0
8054,020490901,3.0
8059,020490902,3.0
8064,020490903,3.0
8069,020490904,3.0
8074,020490905,3.0
8079,020490906,3.0
8084,020490907,3.0
8089,020490908,3.0
8094,020490909,3.0
8099,020490910,3.0
8104,020490911,3.0
8109,020491001,3.0
8114,020491002,3.0
8119,020491003,3.0
8123,020491004,3.0
8128,020491005,3.0
8133,020491006,3.0
8138,020491007,3.0
8143,020491008,3.0
8148,020491009,3.0
8153,020491010,3.0
8158,020491101,3.0
8163,020491102,3.0
8168,020491103,3.0
8173,020491104,3.0
8178,020491105,3.0
8182,020491106,3.0
8187,020491107,3.0
8192,020491108,3.0
8197,020491109,3.0
8202,020491110,3.0
8207,020491111,3.0
8212,020491201,3.0
8217,020491202,3.0
8222,020491203,3.0
8227,020491204,3.0
8232,020491205,3.0
8236,020491206,3.0
8241,020491207,3.0
8245,020491208,3.0
8250,020491209,3.0
8254,020491301,3.0
8259,020491302,3.0
8264,020491303,3.0
8269,020491304,3.0
8275,020491305,4.0
8279,020491306,3.0
8284,020491307,3.0
8289,020491308,3.0
8293,020491309,3.0
8297,020491310,3.0
8301,020491311,3.0
8306,020491312,3.0
8310,020491313,3.0
8315,020491314,3.0
8320,020491315,3.0
8325,020491401,3.0
8330,020491402,3.0
8335,020491403,3.0
8340,020491404,3.0
8345,020491405,3.0
8350,020491406,3.0
8355,020491407,3.0
8360,020491408,3.0
8365,020491409,3.0
8370,020491410,3.0
8375,020491411,3.0
8380,020491412,3.0
8385,020491413,3.0
8389,020491501,3.0
8394,020491502,3.0
8399,020491503,3.0
8404,020491504,3.0
8409,020491505,3.0
8414,020491506,3.0
8419,020491507,3.0
8424,020491508,3.0
8429,020491509,3.0
8434,020491510,3.0
8439,020491511,3.0
8444,020491601,3.0
8449,020491602,3.0
8454,020491603,3.0
8459,020491604,3.0
8463,020491605,3.0
8468,020491606,3.0
8473,020491607,3.0
8478,020491608,3.0
8483,020491609,3.0
8488,020491701,3.0
8492,020491702,2.0
8498,020491703,3.0
8502,020491704,3.0
8506,020491705,3.0
8511,020491706,3.0
8516,020491707,3.0
8521,020491708,3.0
8525,020491709,2.0
8530,020491710,3.0
8535,020491711,3.0
8539,020491712,3.0
8543,020491713,2.0
8549,020491801,3.0
8554,020491802,3.0
8558,020491803,2.0
8564,020491804,3.0
8569,020491805,3.0
8574,020491806,3.0
8577,020491807,2.0
8583,020491808,3.0
8588,020491809,3.0
8593,020491810,3.0
8598,020491811,3.0
8601,020491812,2.0
8606,020491813,3.0
8611,020491901,3.0
8616,020491902,3.0
8621,020491903,3.0
8626,020491904,3.0
8630,020491905,2.0
8635,020491906,2.0
8641,020492001,3.0
8646,020492002,3.0
8651,020492003,3.0
8656,020492004,3.0
8661,020492005,3.0
8665,020492006,3.0
8670,020492007,3.0
8675,020492008,3.0
8680,020492009,3.0
8685,020492010,3.0
8690,020492011,3.0
8695,020492012,3.0
8700,020492013,3.0
8705,020492101,3.0
8710,020492102,3.0
8715,020492103,3.0
8720,020492104,3.0
8725,020492105,3.0
8730,020492106,3.0
8735,020492107,3.0
8740,020492108,3.0
8745,020492109,3.0
8750,020492110,3.0
8755,020492111,3.0
8760,020492112,3.0
8765,020492113,3.0
8770,020492114,3.0
8775,020492201,3.0
8780,020492202,3.0
8785,020492203,3.0
8790,020492204,3.0
8795,020492205,3.0
8800,020492206,3.0
8805,020492207,3.0
8810,020492208,3.0
8815,020492209,3.0
8819,020492210,3.0
8824,020492211,3.0
8829,020492212,3.0
8834,020492213,3.0
8839,020492214,3.0
8844,020492301,3.0
8849,020492302,3.0
8854,020492303,3.0
8858,020492304,3.0
8863,020492305,3.0
8868,020492306,3.0
8872,020492307,3.0
8877,020492308,3.0
8882,020492309,3.0
8887,020492310,3.0
8891,020492401,3.0
8896,020492402,3.0
8901,020492403,3.0
8906,020492404,3.0
8911,020492405,3.0
8916,020492406,3.0
8921,020492407,3.0
8926,020492408,3.0
8931,020492409,3.0
8936,020492410,3.0
8941,020492411,3.0
8945,020560101,2.0
8950,020560102,2.0
8955,020560103,2.0
8959,020560104,2.0
8964,020560105,2.0
8969,020560106,2.0
8973,020560107,2.0
8979,020560108,3.0
8984,020560109,3.0
8988,020560110,2.0
8993,020560111,2.0
8998,020560112,2.0
9003,020560113,2.0
9008,020560114,2.0
9013,020560115,2.0
9018,020560116,2.0
9023,020560117,2.0
9028,020560118,2.0
9032,020560119,2.0
9036,020560120,2.0
9041,020560121,2.0
9046,020560122,2.0
9051,020560123,2.0
9056,020560124,2.0
9062,020560201,3.0
9067,020560202,3.0
9072,020560203,3.0
9076,020560204,2.0
9081,020560205,2.0
9087,020560206,3.0
9092,020560207,3.0
9097,020560208,3.0
9101,020560209,3.0
9106,020560210,3.0
9111,020560301,3.0
9116,020560302,3.0
9121,020560303,3.0
9126,020560304,3.0
9131,020560305,3.0
9136,020560306,3.0
9141,020560307,3.0
9145,020560308,2.0
9150,020560309,2.0
9153,020560310,2.0
9158,020560311,2.0
9163,020560312,2.0
9168,020560313,2.0
9173,020560314,2.0
9178,020560401,3.0
9182,020560402,2.0
9188,020560403,3.0
9193,020560404,3.0
9198,020560405,3.0
9203,020560406,3.0
9208,020560407,3.0
9213,020560408,3.0
9218,020560409,3.0
9223,020560410,3.0
9228,020560411,3.0
9233,020560501,3.0
9238,020560502,3.0
9243,020560503,3.0
9248,020560504,3.0
9253,020560505,3.0
9258,020560506,3.0
9263,020560507,3.0
9268,020560508,3.0
9273,020560509,3.0
9278,020560510,3.0
9283,020560511,3.0
9288,020560601,3.0
9293,020560602,3.0
9298,020560603,3.0
9303,020560604,3.0
9308,020560605,3.0
9312,020560606,2.0
9318,020560607,3.0
9323,020560608,3.0
9328,020560609,3.0
9333,020560610,3.0
9338,020560611,3.0
9341,020560701,2.0
9347,020560702,3.0
9351,020560703,2.0
9356,020560704,2.0
9361,020560705,2.0
9366,020560706,2.0
9371,020560707,2.0
9376,020560708,2.0
9381,020560709,2.0
9386,020560710,2.0
9390,020560711,2.0
9395,020560712,2.0
9400,020560713,2.0
9405,020560714,2.0
9410,020560715,2.0
9415,020560716,2.0
9421,020560801,3.0
9425,020560802,3.0
9430,020560803,3.0
9435,020560804,3.0
9440,020560805,3.0
9445,020560806,3.0
9450,020560807,3.0
9455,020560808,3.0
9460,020560809,3.0
9465,020560810,3.0
9470,020560811,3.0
9475,020560901,3.0
9480,020560902,3.0
9485,020560903,3.0
9490,020560904,3.0
9495,020560905,3.0
9499,020560906,2.0
9505,020560907,3.0
9510,020560908,3.0
9515,020560909,3.0
9520,020561001,3.0
9525,020561002,3.0
9530,020561003,3.0
9535,020561004,3.0
9540,020561005,3.0
9545,020561006,3.0
9550,020561007,3.0
9555,020561008,3.0
9560,020561101,3.0
9565,020561102,3.0
9570,020561103,3.0
9575,020561104,3.0
9580,020561105,3.0
9585,020561201,3.0
9590,020561202,3.0
9595,020561203,3.0
9600,020561204,3.0
9605,020561205,3.0
9610,020561206,3.0
9615,020561207,3.0
9620,020561301,3.0
9624,020561302,2.0
9630,020561303,3.0
9634,020561304,2.0
9640,020561305,3.0
9645,020561306,3.0
9650,020561307,3.0
9655,020561308,3.0
9660,020561309,3.0
9665,020561310,3.0
9670,020561311,3.0
9674,020561401,2.0
9679,020561402,2.0
9684,020561403,2.0
9689,020561404,2.0
9694,020561405,2.0
9699,020561406,2.0
9705,020561407,3.0
9710,020561408,3.0
9714,020561409,2.0
9719,020561410,2.0
9724,020561411,2.0
9729,020561501,2.0
9734,020561502,2.0
9739,020561503,2.0
9744,020561504,2.0
9749,020561505,2.0
9754,020561506,2.0
9759,020561507,2.0
9764,020561508,2.0
9770,020561509,3.0
9774,020561510,2.0
9779,020561511,2.0
9784,020561512,2.0
9789,020561513,3.0
9793,020561514,2.0
9798,020561515,2.0
9803,020561516,2.0
9808,020561517,2.0
9812,020561518,2.0
9817,020561519,2.0
9822,020561601,2.0
9827,020561602,2.0
9832,020561603,2.0
9837,020561604,2.0
9842,020561605,2.0
9847,020561606,2.0
9852,020561607,2.0
9858,020561608,3.0
9862,020561609,2.0
9867,020561610,2.0
9873,020561701,3.0
9878,020561702,3.0
9882,020561703,3.0
9887,020561704,3.0
9892,020561705,3.0
9896,020561801,2.0
9901,020561802,2.0
9906,020561803,2.0
9911,020561804,2.0
9916,020561805,2.0
9921,020561806,2.0
9926,020561807,2.0
9931,020561808,2.0
9936,020561809,2.0
9942,020630101,3.0
9947,020630102,3.0
9951,020630103,3.0
9956,020630104,3.0
9961,020630105,3.0
9966,020630106,3.0
9971,020630107,3.0
9976,020630108,3.0
9981,020630109,3.0
9986,020630201,3.0
9991,020630202,3.0
9996,020630203,3.0
10001,020630204,3.0
10005,020630205,3.0
10010,020630206,3.0
10015,020630207,3.0
10020,020630208,3.0
10025,020630209,3.0
10030,020630210,3.0
10035,020630211,3.0
10040,020630212,3.0
10045,020630213,3.0
10050,020630301,3.0
10055,020630302,3.0
10060,020630303,3.0
10065,020630304,3.0
10070,020630305,3.0
10075,020630306,3.0
10080,020630307,3.0
10085,020630308,3.0
10090,020630309,3.0
10095,020630310,3.0
10100,020630311,3.0
10105,020630312,3.0
10110,020630313,3.0
10115,020630401,3.0
10120,020630402,3.0
10125,020630403,3.0
10130,020630404,3.0
10135,020630405,3.0
10140,020630406,3.0
10145,020630407,3.0
10150,020630408,3.0
10155,020630409,3.0
10160,020630410,3.0
10165,020630411,3.0
10170,020630501,3.0
10175,020630502,3.0
10180,020630503,3.0
10185,020630504,3.0
10190,020630505,3.0
10195,020630506,3.0
10200,020630507,3.0
10205,020630508,3.0
10209,020630509,3.0
10214,020630510,3.0
10219,020630511,3.0
10224,020630601,3.0
10229,020630602,3.0
10234,020630603,3.0
10239,020630604,3.0
10244,020630605,3.0
10249,020630606,3.0
10254,020630607,3.0
10259,020630608,3.0
10264,020630609,3.0
10269,020630610,3.0
10274,020630611,3.0
10279,020630612,3.0
10284,020630701,3.0
10289,020630702,3.0
10294,020630703,3.0
10299,020630704,3.0
10304,020630705,3.0
10309,020630706,3.0
10314,020630707,3.0
10319,020630708,3.0
10324,020630709,3.0
10329,020630710,3.0
10334,020630711,3.0
10339,020630712,3.0
10344,020630713,3.0
10348,020630714,3.0
10353,020630801,3.0
10358,020630802,3.0
10363,020630803,3.0
10368,020630804,3.0
10373,020630805,3.0
10378,020630806,3.0
10383,020630807,3.0
10388,020630808,3.0
10393,020630809,3.0
10398,020630810,3.0
10402,020630811,3.0
10407,020630812,3.0
10412,020630813,3.0
10417,020630901,3.0
10422,020630902,3.0
10427,020630903,3.0
10432,020630904,3.0
10437,020630905,3.0
10442,020630906,3.0
10447,020630907,3.0
10452,020630908,3.0
10456,020630909,3.0
10461,020630910,3.0
10466,020630911,3.0
10471,020630912,3.0
10476,020630913,3.0
10481,020630914,3.0
10486,020631001,3.0
10491,020631002,3.0
10496,020631003,3.0
10501,020631004,3.0
10506,020631005,3.0
10511,020631006,3.0
10516,020631007,3.0
10520,020631008,3.0
10525,020631009,3.0
10530,020631010,3.0
10535,020631011,3.0
10540,020631012,3.0
10545,020631101,3.0
10550,020631102,3.0
10555,020631103,3.0
10560,020631104,3.0
10565,020631105,3.0
10570,020631106,3.0
10575,020631107,3.0
10580,020631108,3.0
10585,020631109,3.0
10590,020631110,3.0
10595,020631111,3.0
10600,020631112,3.0
10605,020631201,3.0
10610,020631202,3.0
10615,020631203,3.0
10620,020631204,3.0
10625,020631205,3.0
10630,020631206,3.0
10635,020631207,3.0
10640,020631208,3.0
10645,020631209,3.0
10650,020631210,3.0
10655,020631211,3.0
10660,020631212,3.0
10664,020631301,3.0
10669,020631302,3.0
10674,020631303,3.0
10679,020631304,3.0
10684,020631305,3.0
10689,020631306,3.0
10694,020631307,3.0
10699,020631401,3.0
10703,020631402,3.0
10708,020631403,3.0
10712,020631404,2.0
10717,020631405,2.0
10723,020631406,3.0
10726,020631407,2.0
10731,020631408,2.0
10737,020631409,3.0
10741,020631410,2.0
10746,020631411,2.0
10751,020631412,2.0
10756,020631413,2.0
10761,020631414,2.0
10766,020631415,2.0
10771,020631501,3.0
10776,020631502,3.0
10781,020631503,3.0
10786,020631504,3.0
10791,020631505,3.0
10796,020631506,3.0
10801,020631507,3.0
10806,020631508,3.0
10811,020631509,3.0
10816,020631510,3.0
10821,020631511,3.0
10826,020631601,3.0
10831,020631602,3.0
10836,020631603,3.0
10841,020631604,3.0
10846,020631605,3.0
10851,020631606,3.0
10856,020631607,3.0
10861,020631608,3.0
10866,020631609,3.0
10871,020631610,3.0
10876,020631611,3.0
10880,020631612,2.0
10886,020631613,3.0
10891,020700101,3.0
10896,020700102,3.0
10900,020700103,3.0
10905,020700104,3.0
10910,020700105,3.0
10915,020700106,3.0
10920,020700107,3.0
10925,020700108,3.0
10930,020700201,3.0
10935,020700202,3.0
10940,020700203,3.0
10945,020700204,3.0
10950,020700205,3.0
10955,020700206,3.0
10960,020700207,3.0
10965,020700208,3.0
10970,020700301,3.0
10975,020700302,3.0
10980,020700303,3.0
10985,020700304,3.0
10990,020700305,3.0
10995,020700306,3.0
11000,020700307,3.0
11005,020700308,3.0
11010,020700401,3.0
11015,020700402,3.0
11020,020700403,3.0
11025,020700404,3.0
11030,020700405,3.0
11035,020700406,3.0
11040,020700407,3.0
11045,020700408,3.0
11050,020700409,3.0
11055,020700501,3.0
11060,020700502,3.0
11065,020700503,3.0
11070,020700504,3.0
11075,020700505,3.0
11080,020700506,3.0
11085,020700507,3.0
11090,020700508,3.0
11095,020700509,3.0
11100,020700510,3.0
11105,020700511,3.0
11110,020700512,3.0
11115,020700513,3.0
11120,020700514,3.0
11125,020700601,3.0
11130,020700602,3.0
11135,020700603,3.0
11140,020700604,3.0
11145,020700605,3.0
11150,020700606,3.0
11155,020700607,3.0
11160,020700608,3.0
11164,020700609,3.0
11169,020700610,3.0
11174,020700611,3.0
11179,020700612,3.0
11184,020700613,3.0
11189,020700614,3.0
11194,020700701,3.0
11199,020700702,3.0
11204,020700703,3.0
11209,020700704,3.0
11214,020700705,3.0
11219,020700706,3.0
11224,020700707,3.0
11229,020700708,3.0
11234,020700709,3.0
11239,020700710,3.0
11244,020700801,3.0
11249,020700802,3.0
11254,020700803,3.0
11259,020700804,3.0
11264,020700805,3.0
11268,020700806,3.0
11273,020700807,3.0
11278,020700808,3.0
11283,020700809,3.0
11288,020700901,3.0
11293,020700902,3.0
11298,020700903,3.0
11303,020700904,3.0
11308,020700905,3.0
11313,020700906,3.0
11318,020700907,3.0
11323,020700908,3.0
11328,020700909,3.0
11333,020700910,3.0
11338,020701001,3.0
11343,020701002,3.0
11348,020701003,3.0
11353,020701004,3.0
11358,020701005,3.0
11363,020701006,3.0
11368,020701007,3.0
11373,020701008,3.0
11378,020701009,3.0
11383,020701010,3.0
11388,020701011,3.0
11393,020701012,3.0
11398,020701101,3.0
11403,020701102,3.0
11408,020701103,3.0
11413,020701104,3.0
11418,020701105,3.0
11423,020701106,3.0
11428,020701107,3.0
11433,020701108,3.0
11438,020701109,3.0
11443,020701110,3.0
11448,020701111,3.0
11453,020701201,3.0
11458,020701202,3.0
11463,020701203,3.0
11468,020701204,3.0
11472,020701205,3.0
11477,020701206,3.0
11482,020701207,3.0
11487,020701208,3.0
11492,020701209,3.0
11497,020701210,3.0
11502,020701301,3.0
11507,020701302,3.0
11512,020701303,3.0
11517,020701304,3.0
11522,020701305,3.0
11527,020701306,3.0
11532,020701307,3.0
11537,020701308,3.0
11542,020701309,3.0
11547,020701310,3.0
11552,020701311,3.0
11557,020701312,3.0
11561,020701401,3.0
11566,020701402,3.0
11571,020701403,3.0
11575,020701404,3.0
11580,020701405,3.0
11585,020701406,3.0
11590,020701407,3.0
11595,020701408,3.0
11599,020701409,3.0
11604,020701410,3.0
11609,020701411,3.0
11614,020701501,3.0
11619,020701502,3.0
11624,020701503,3.0
11629,020701504,3.0
11634,020701505,3.0
11639,020701506,3.0
11644,020701507,3.0
11649,020701508,3.0
11654,020701509,3.0
11659,020701601,3.0
11664,020701602,3.0
11669,020701603,3.0
11674,020701604,3.0
11679,020701605,3.0
11684,020701606,3.0
11689,020701607,3.0
11694,020701608,3.0
11699,020701609,3.0
11704,020701610,3.0
11709,020701701,3.0
11714,020701702,3.0
11719,020701703,3.0
11724,020701704,3.0
11729,020701705,3.0
11734,020701706,3.0
11739,020701707,3.0
11744,020701708,3.0
11749,020701709,3.0
11754,020701710,3.0
11759,020701801,3.0
11764,020701802,3.0
11769,020701803,3.0
11774,020701804,3.0
11779,020701805,3.0
11784,020701806,3.0
11789,020701807,3.0
11793,020701808,3.0
11798,020701809,3.0
11803,020701810,3.0
11808,020701811,3.0
11813,020701812,3.0
11818,020701901,3.0
11823,020701902,3.0
11828,020701903,3.0
11833,020701904,3.0
11837,020701905,3.0
11842,020701906,3.0
11847,020701907,3.0
11852,020701908,3.0
11857,020701909,3.0
11862,020701910,3.0
11867,020701911,3.0
11872,020701912,3.0
11877,020701913,3.0
11882,020770101,3.0
11887,020770102,3.0
11892,020770103,3.0
11897,020770104,3.0
11902,020770105,3.0
11907,020770106,3.0
11912,020770107,3.0
11917,020770108,3.0
11922,020770109,3.0
11927,020770110,3.0
11932,020770111,3.0
11937,020770112,3.0
11941,020770113,3.0
11946,020770114,3.0
11951,020770201,3.0
11955,020770202,3.0
11960,020770203,3.0
11965,020770204,3.0
11970,020770205,3.0
11975,020770206,3.0
11980,020770207,3.0
11985,020770208,3.0
11990,020770209,3.0
11995,020770210,3.0
12000,020770211,3.0
12004,020770301,3.0
12009,020770302,3.0
12015,020770303,4.0
12020,020770304,4.0
12024,020770305,3.0
12029,020770306,3.0
12034,020770307,3.0
12039,020770308,3.0
12044,020770309,3.0
12049,020770310,3.0
12053,020770311,3.0
12058,020770312,3.0
12063,020770401,4.0
12067,020770402,4.0
12071,020770403,3.0
12075,020770404,3.0
12080,020770405,3.0
12084,020770406,3.0
12089,020770407,3.0
12094,020770408,3.0
12100,020770409,4.0
12104,020770410,3.0
12109,020770411,3.0
12114,020770412,3.0
12119,020770413,3.0
12124,020770501,3.0
12129,020770502,3.0
12134,020770503,3.0
12139,020770504,3.0
12144,020770505,3.0
12149,020770506,3.0
12154,020770507,3.0
12159,020770508,3.0
12164,020770509,3.0
12169,020770510,3.0
12174,020770601,3.0
12179,020770602,3.0
12184,020770603,3.0
12189,020770604,3.0
12194,020770605,3.0
12199,020770606,3.0
12204,020770607,3.0
12209,020770608,3.0
12214,020770609,3.0
12219,020770610,3.0
12224,020770611,3.0
12229,020770701,3.0
12234,020770702,3.0
12239,020770703,3.0
12244,020770704,3.0
12249,020770705,3.0
12254,020770706,3.0
12259,020770707,3.0
12264,020770708,3.0
12269,020770709,3.0
12274,020770710,3.0
12279,020770711,3.0
12284,020770712,3.0
12289,020770801,3.0
12294,020770802,3.0
12299,020770803,3.0
12303,020770804,3.0
12308,020770805,3.0
12313,020770806,3.0
12318,020770807,3.0
12323,020770808,3.0
12328,020770809,3.0
12333,020770901,3.0
12338,020770902,3.0
12343,020770903,3.0
12348,020770904,3.0
12353,020770905,3.0
12358,020770906,3.0
12363,020770907,3.0
12368,020770908,3.0
12373,020770909,3.0
12379,020770910,4.0
12383,020770911,3.0
12388,020770912,3.0
12393,020771001,3.0
12398,020771002,3.0
12403,020771003,3.0
12408,020771004,3.0
12413,020771005,3.0
12417,020771006,3.0
12422,020771007,3.0
12427,020771008,3.0
12432,020771009,3.0
12437,020771010,3.0
12442,020771011,3.0
12447,020771101,3.0
12452,020771102,3.0
12457,020771103,3.0
12462,020771104,3.0
12467,020771105,3.0
12472,020771106,3.0
12477,020771107,3.0
12482,020771108,3.0
12487,020771109,3.0
12492,020771201,3.0
12497,020771202,3.0
12502,020771203,3.0
12507,020771204,3.0
12512,020771205,3.0
12517,020771206,3.0
12522,020771207,3.0
12527,020771208,3.0
12532,020771209,3.0
12536,020771210,3.0
12541,020771301,3.0
12546,020771302,3.0
12551,020771303,3.0
12556,020771304,3.0
12561,020771305,3.0
12566,020771306,3.0
12571,020771307,3.0
12576,020771308,3.0
12580,020771309,3.0
12585,020771310,3.0
12590,020771311,3.0
12595,020771401,3.0
12600,020771402,3.0
12605,020771403,3.0
12610,020771404,3.0
12615,020771405,3.0
12620,020771406,3.0
12625,020771407,3.0
12630,020771408,3.0
12635,020771501,3.0
12640,020771502,3.0
12645,020771503,3.0
12650,020771504,3.0
12655,020771505,3.0
12660,020771506,3.0
12665,020771507,3.0
12670,020771508,3.0
12675,020771509,3.0
12680,020771510,3.0
12685,020771511,3.0
12690,020771601,3.0
12695,020771602,3.0
12700,020771603,3.0
12705,020771604,3.0
12710,020771605,3.0
12715,020771606,3.0
12720,020771607,3.0
12725,020771608,3.0
12730,020771609,3.0
12734,020771610,3.0
12739,020771611,3.0
12744,020771701,3.0
12749,020771702,3.0
12754,020771703,3.0
12759,020771704,3.0
12764,020771705,3.0
12769,020771706,3.0
12774,020771707,3.0
12779,020771708,3.0
12784,020771801,3.0
12789,020771802,3.0
12794,020771803,3.0
12799,020771804,3.0
12804,020771805,3.0
12809,020771806,3.0
12814,020771807,3.0
12819,020771808,3.0
12824,020771809,3.0
12829,020771810,3.0
12834,020771901,3.0
12839,020771902,3.0
12844,020771903,3.0
12849,020771904,3.0
12854,020771905,3.0
12859,020771906,3.0
12864,020771907,3.0
12869,020771908,3.0
12874,020771909,3.0
12879,020772001,3.0
12884,020772002,3.0
12889,020772003,3.0
12894,020772004,3.0
12899,020772005,3.0
12904,020772006,3.0
12909,020772007,3.0
12914,020772008,3.0
12919,020772009,3.0
12924,020772010,3.0
12929,020772011,3.0
12934,020772101,3.0
12939,020772102,3.0
12944,020772103,3.0
12949,020772104,3.0
12953,020772105,3.0
12958,020772106,3.0
12963,020772107,3.0
12968,020772108,3.0
12973,020772109,3.0
12978,020772110,3.0
12983,020772111,3.0
12988,020772112,3.0
12992,020772201,3.0
12997,020772202,3.0
13002,020772203,3.0
13007,020772204,3.0
13012,020772205,3.0
13017,020772206,3.0
13022,020772207,3.0
13027,020772208,3.0
13032,020772209,3.0
13037,020772210,3.0
13042,020772211,3.0
13047,020840101,3.0
13052,020840102,3.0
13057,020840103,3.0
13062,020840104,3.0
13067,020840105,3.0
13072,020840106,3.0
13077,020840107,3.0
13082,020840108,3.0
13087,020840109,3.0
13092,020840110,3.0
13097,020840111,3.0
13102,020840201,3.0
13107,020840202,3.0
13112,020840203,3.0
13117,020840204,3.0
13122,020840205,3.0
13127,020840206,3.0
13132,020840207,3.0
13137,020840208,3.0
13142,020840209,3.0
13147,020840301,3.0
13152,020840302,3.0
13157,020840303,3.0
13162,020840304,3.0
13167,020840305,3.0
13171,020840306,2.0
13177,020840307,3.0
13182,020840308,3.0
13187,020840309,3.0
13192,020840310,3.0
13197,020840311,3.0
13202,020840401,3.0
13207,020840402,3.0
13212,020840403,3.0
13217,020840404,3.0
13222,020840405,3.0
13227,020840406,3.0
13232,020840407,3.0
13237,020840408,3.0
13242,020840409,3.0
13246,020840410,3.0
13252,020840501,4.0
13256,020840502,3.0
13262,020840503,4.0
13266,020840504,3.0
13271,020840505,3.0
13276,020840506,3.0
13281,020840507,3.0
13286,020840508,3.0
13291,020840509,3.0
13296,020840510,3.0
13301,020840511,3.0
13307,020840512,4.0
13311,020840601,3.0
13316,020840602,3.0
13321,020840603,3.0
13325,020840604,3.0
13330,020840605,3.0
13335,020840606,3.0
13340,020840607,3.0
13345,020840608,3.0
13350,020840609,3.0
13355,020840610,3.0
13360,020840701,3.0
13365,020840702,3.0
13370,020840703,3.0
13375,020840704,3.0
13380,020840705,3.0
13385,020840706,3.0
13390,020840707,3.0
13395,020840708,3.0
13401,020840709,4.0
13405,020840710,3.0
13411,020840711,4.0
13416,020840712,4.0
13420,020840713,3.0
13425,020840801,3.0
13430,020840802,3.0
13435,020840803,3.0
13440,020840804,3.0
13445,020840805,3.0
13450,020840806,3.0
13455,020840807,3.0
13460,020840808,3.0
13465,020840809,3.0
13470,020840810,3.0
13475,020840811,3.0
13481,020840812,4.0
13485,020840901,3.0
13490,020840902,3.0
13495,020840903,3.0
13500,020840904,3.0
13505,020840905,3.0
13510,020840906,3.0
13515,020840907,3.0
13520,020840908,3.0
13524,020841001,3.0
13529,020841002,3.0
13534,020841003,3.0
13539,020841004,3.0
13544,020841005,3.0
13548,020841006,3.0
13553,020841007,3.0
13557,020841008,3.0
13562,020841009,3.0
13567,020841010,3.0
13572,020841011,3.0
13577,020841012,3.0
13581,020841013,3.0
13586,020841101,3.0
13591,020841102,3.0
13596,020841103,3.0
13601,020841104,3.0
13606,020841105,3.0
13611,020841106,3.0
13616,020841107,3.0
13621,020841108,3.0
13626,020841109,3.0
13632,020841110,4.0
13637,020841111,4.0
13642,020841112,4.0
13646,020841113,3.0
13651,020841201,3.0
13656,020841202,3.0
13661,020841203,3.0
13666,020841204,3.0
13671,020841205,3.0
13676,020841206,3.0
13681,020841207,3.0
13685,020841208,3.0
13691,020841209,4.0
13694,020841301,3.0
13699,020841302,3.0
13704,020841303,3.0
13709,020841304,3.0
13714,020841305,3.0
13719,020841306,3.0
13724,020841307,3.0
13729,020841308,3.0
13734,020841309,3.0
13739,020841310,3.0
13744,020841311,3.0
13749,020841401,3.0
13754,020841402,3.0
13759,020841403,3.0
13764,020841404,3.0
13769,020841405,3.0
13774,020841406,3.0
13779,020841407,3.0
13785,020841408,4.0
13790,020841409,4.0
13794,020841410,3.0
13799,020841411,3.0
13805,020841412,4.0
13809,020841501,3.0
13814,020841502,3.0
13819,020841503,3.0
13824,020841504,3.0
13829,020841505,3.0
13834,020841506,3.0
13839,020841507,3.0
13844,020841508,3.0
13848,020841509,3.0
13853,020841510,3.0
13858,020841511,3.0
13863,020841512,3.0
13868,020841513,3.0
13873,020841514,3.0
13878,020841515,3.0
13883,020841516,3.0
13887,020841601,3.0
13892,020841602,3.0
13897,020841603,3.0
13902,020841604,3.0
13907,020841605,3.0
13912,020841606,3.0
13917,020841607,3.0
13922,020841608,3.0
13927,020841609,3.0
13932,020841610,3.0
13937,020841611,3.0
13942,020841612,3.0
13947,020841613,3.0
13952,020841614,3.0
13958,020841615,4.0
13962,020841616,3.0
13967,020841617,3.0
13972,020841618,3.0
13977,020841619,3.0
13982,020841620,3.0
13987,020841621,3.0
13992,020841701,3.0
13997,020841702,3.0
14002,020841703,3.0
14007,020841704,3.0
14012,020841705,3.0
14017,020841706,3.0
14022,020841707,3.0
14027,020841708,3.0
14033,020841709,4.0
14037,020841710,3.0
14042,020841801,3.0
14047,020841802,3.0
14052,020841803,3.0
14057,020841804,3.0
14062,020841805,3.0
14067,020841806,3.0
14072,020841807,3.0
14077,020841808,3.0
14081,020841809,3.0
14086,020841810,3.0
14091,020841811,3.0
14096,020841812,3.0
14101,020841813,3.0
14106,020841814,3.0
14111,020841815,3.0
14116,020841901,3.0
14121,020841902,3.0
14126,020841903,3.0
14131,020841904,3.0
14135,020841905,3.0
14140,020841906,3.0
14145,020841907,3.0
14150,020841908,3.0
14155,020841909,3.0
14160,020841910,3.0
14165,020841911,3.0
14170,020841912,3.0
14175,020841913,3.0
14180,020842001,3.0
14185,020842002,3.0
14190,020842003,3.0
14195,020842004,3.0
14200,020842005,3.0
14205,020842006,3.0
14210,020842007,3.0
14215,020842008,3.0
14220,020842009,3.0
14225,020842010,3.0
14229,020842101,3.0
14234,020842102,3.0
14239,020842103,3.0
14244,020842104,3.0
14249,020842105,3.0
14254,020842106,3.0
14259,020842107,3.0
14264,020842108,3.0
14269,020842109,3.0
14274,020842110,3.0
14279,020842111,3.0
14284,020842112,3.0
14289,020842113,3.0
14294,020842201,3.0
14299,020842202,3.0
14304,020842203,3.0
14309,020842204,3.0
14314,020842205,3.0
14319,020842206,3.0
14324,020842207,3.0
14329,020842208,3.0
14334,020842209,3.0
14339,020842210,3.0
14344,020842211,3.0
14349,020842212,3.0
14354,020842213,3.0
14359,020842214,3.0
14364,020842215,3.0
14369,020910101,3.0
14375,020910102,4.0
14379,020910103,3.0
14385,020910104,4.0
14390,020910105,4.0
14395,020910106,4.0
14400,020910107,4.0
14405,020910108,4.0
14409,020910109,3.0
14414,020910110,3.0
14419,020910111,3.0
14424,020910112,3.0
14429,020910113,3.0
14434,020910114,3.0
14439,020910115,3.0
14444,020910201,3.0
14450,020910202,4.0
14454,020910203,3.0
14460,020910204,4.0
14465,020910205,4.0
14470,020910206,4.0
14474,020910207,3.0
14480,020910208,4.0
14485,020910209,4.0
14489,020910210,3.0
14495,020910211,4.0
14499,020910212,4.0
14504,020910213,4.0
14508,020910301,4.0
14513,020910302,4.0
14517,020910303,3.0
14522,020910304,3.0
14527,020910305,3.0
14533,020910306,4.0
14538,020910307,4.0
14543,020910308,4.0
14548,020910309,4.0
14552,020910310,3.0
14558,020910311,4.0
14562,020910312,4.0
14567,020910313,4.0
14571,020910401,3.0
14577,020910402,4.0
14581,020910403,3.0
14586,020910404,3.0
14591,020910405,3.0
14597,020910406,4.0
14601,020910407,3.0
14606,020910408,3.0
14611,020910409,3.0
14616,020910410,3.0
14621,020910411,3.0
14626,020910412,3.0
14631,020910413,4.0
14636,020910414,4.0
14641,020910415,4.0
14646,020910416,4.0
14650,020910501,3.0
14655,020910502,3.0
14660,020910503,3.0
14665,020910504,3.0
14671,020910505,4.0
14675,020910506,3.0
14680,020910507,3.0
14686,020910508,4.0
14691,020910509,4.0
14695,020910510,3.0
14701,020910511,4.0
14706,020910512,4.0
14710,020910601,3.0
14715,020910602,3.0
14720,020910603,3.0
14726,020910604,4.0
14730,020910605,3.0
14735,020910606,3.0
14740,020910607,3.0
14745,020910608,3.0
14750,020910701,3.0
14754,020910702,3.0
14759,020910703,3.0
14764,020910704,3.0
14770,020910705,4.0
14774,020910706,3.0
14779,020910707,4.0
14784,020910708,4.0
14789,020910709,4.0
14794,020910801,4.0
14798,020910802,3.0
14803,020910803,3.0
14809,020910804,4.0
14814,020910805,4.0
14819,020910806,4.0
14824,020910807,4.0
14828,020910808,3.0
14833,020910809,3.0
14838,020910810,3.0
14844,020910811,4.0
14849,020910901,4.0
14853,020910902,3.0
14858,020910903,3.0
14863,020910904,3.0
14869,020910905,4.0
14874,020910906,4.0
14878,020910907,3.0
14884,020910908,4.0
14889,020910909,4.0
14894,020910910,4.0
14899,020910911,4.0
14903,020911001,3.0
14909,020911002,4.0
14913,020911003,3.0
14919,020911004,4.0
14923,020911005,3.0
14929,020911006,4.0
14934,020911007,4.0
14939,020911008,4.0
14943,020911009,3.0
14948,020911010,3.0
14953,020911011,3.0
14959,020911012,4.0
14964,020911013,4.0
14968,020911014,3.0
14973,020911015,3.0
14979,020911101,4.0
14984,020911102,4.0
14988,020911103,3.0
14993,020911104,3.0
14999,020911105,4.0
15004,020911106,4.0
15009,020911107,4.0
15014,020911201,4.0
15018,020911202,4.0
15022,020911203,4.0
15026,020911204,4.0
15031,020911205,4.0
15036,020911206,4.0
15039,020911207,3.0
15045,020911208,4.0
15050,020911209,4.0
15055,020911210,4.0
15060,020911301,4.0
15064,020911302,3.0
15069,020911303,3.0
15074,020911304,3.0
15079,020911305,3.0
15084,020911306,3.0
15089,020911307,3.0
15095,020911308,4.0
15100,020911309,4.0
15105,020911310,4.0
15110,020911311,4.0
15115,020911312,4.0
15120,020911313,4.0
15125,020911314,4.0
15130,020911315,4.0
15135,020911401,4.0
15140,020911402,4.0
15144,020911403,4.0
15149,020911404,4.0
15154,020911405,4.0
15159,020911406,4.0
15162,020911407,4.0
15166,020911408,4.0
15171,020911409,4.0
15176,020911410,4.0
15181,020911411,4.0
15185,020911501,3.0
15190,020911502,3.0
15195,020911503,3.0
15200,020911504,3.0
15206,020911505,4.0
15211,020911506,4.0
15215,020911507,3.0
15219,020911508,3.0
15224,020911509,3.0
15229,020911510,3.0
15234,020911511,3.0
15239,020911512,3.0
15244,020911601,3.0
15249,020911602,3.0
15254,020911603,3.0
15259,020911604,3.0
15264,020911605,3.0
15269,020911606,3.0
15274,020911607,4.0
15279,020911608,4.0
15284,020911609,4.0
15289,020911610,4.0
15293,020911611,3.0
15298,020911612,3.0
15303,020911613,3.0
15309,020911701,4.0
15314,020911702,4.0
15319,020911703,4.0
15324,020911704,4.0
15328,020911705,3.0
15334,020911706,4.0
15339,020911707,4.0
15342,020911708,3.0
15348,020911709,4.0
15353,020911710,4.0
15358,020911711,4.0
15363,020911712,4.0
15368,020911713,4.0
15372,020911801,3.0
15377,020911802,3.0
15382,020911803,3.0
15387,020911804,3.0
15393,020911805,4.0
15398,020911806,4.0
15403,020911807,4.0
15408,020911808,4.0
15413,020911809,4.0
15417,020911810,4.0
15422,020911901,4.0
15427,020911902,4.0
15432,020911903,4.0
15437,020911904,4.0
15442,020911905,4.0
15446,020911906,3.0
15452,020911907,4.0
15457,020911908,4.0
15462,020911909,4.0
15467,020911910,4.0
15471,020911911,3.0
15477,020911912,4.0
15482,020912001,4.0
15486,020912002,4.0
15491,020912003,4.0
15496,020912004,4.0
15500,020912005,3.0
15505,020912006,3.0
15511,020912007,4.0
15515,020912008,3.0
15521,020912009,4.0
15526,020912010,4.0
15529,020912011,3.0
15535,020912012,4.0
15540,020912101,4.0
15544,020912102,3.0
15549,020912103,4.0
15554,020912104,4.0
15559,020912105,4.0
15564,020912106,4.0
15569,020912107,4.0
15574,020912108,4.0
15579,020912109,4.0
15584,020912110,4.0
15589,020912201,4.0
15594,020912202,4.0
15599,020912203,4.0
15604,020912204,4.0
15609,020912205,4.0
15614,020912206,4.0
15619,020912207,4.0
15624,020912208,4.0
15629,020912209,4.0
15634,020912301,4.0
15638,020912302,3.0
15643,020912303,4.0
15648,020912304,4.0
15653,020912305,4.0
15657,020912306,3.0
15662,020912307,3.0
15667,020912308,4.0
15672,020912309,4.0
15677,020912310,4.0
15680,020912311,3.0
15686,020912312,4.0
15690,020912401,4.0
15695,020912402,4.0
15699,020912403,3.0
15705,020912404,4.0
15710,020912405,4.0
15714,020912406,3.0
15719,020912407,3.0
15725,020912408,4.0
15730,020912409,4.0
15735,020912410,4.0
15740,020912501,4.0
15745,020912502,4.0
15749,020912503,3.0
15754,020912504,3.0
15758,020912505,3.0
15763,020912506,3.0
15768,020912507,3.0
15773,020912508,3.0
15778,020912601,3.0
15783,020912602,3.0
15789,020912603,4.0
15792,020912604,3.0
15797,020912605,3.0
15802,020912606,3.0
15807,020912607,3.0
15812,020912608,3.0
15816,020912609,3.0
15820,020912610,3.0
15825,020912611,3.0
15830,020912701,3.0
15836,020912702,4.0
15840,020912703,3.0
15846,020912704,4.0
15851,020912705,4.0
15854,020912706,3.0
15860,020912707,4.0
15865,020912708,4.0
15868,020912709,3.0
15873,020912710,3.0
15879,020912711,4.0
15883,020912801,3.0
15888,020912802,3.0
15893,020912803,4.0
15897,020912804,3.0
15901,020912805,3.0
15907,020912806,4.0
15911,020912807,3.0
15917,020912808,4.0
15922,020912809,4.0
15925,020912810,3.0
15930,020912901,3.0
15935,020912902,3.0
15940,020912903,3.0
15945,020912904,3.0
15951,020912905,4.0
15955,020912906,3.0
15960,020912907,3.0
15965,020912908,3.0
15970,020912909,3.0
15975,020912910,3.0
15980,020912911,4.0
15984,020980101,3.0
15989,020980102,3.0
15994,020980103,4.0
15999,020980104,4.0
16004,020980105,4.0
16009,020980106,4.0
16014,020980107,4.0
16019,020980108,4.0
16023,020980109,4.0
16028,020980110,4.0
16033,020980201,4.0
16037,020980202,3.0
16043,020980203,4.0
16048,020980204,4.0
16052,020980205,3.0
16058,020980206,4.0
16063,020980207,4.0
16068,020980208,4.0
16073,020980209,4.0
16077,020980210,4.0
16082,020980301,4.0
16087,020980302,4.0
16091,020980303,3.0
16096,020980304,4.0
16101,020980305,4.0
16106,020980306,4.0
16111,020980307,4.0
16116,020980308,4.0
16121,020980309,4.0
16126,020980310,4.0
16131,020980311,4.0
16136,020980312,4.0
16141,020980401,4.0
16145,020980402,4.0
16150,020980403,4.0
16155,020980404,4.0
16159,020980405,4.0
16164,020980406,4.0
16169,020980407,4.0
16174,020980408,4.0
16179,020980409,4.0
16184,020980410,4.0
16188,020980501,3.0
16193,020980502,3.0
16199,020980503,4.0
16203,020980504,3.0
16208,020980505,3.0
16214,020980506,4.0
16218,020980507,4.0
16223,020980508,4.0
16228,020980509,4.0
16233,020980510,4.0
16237,020980601,3.0
16242,020980602,4.0
16247,020980603,4.0
16252,020980604,4.0
16256,020980605,3.0
16262,020980606,4.0
16266,020980607,3.0
16271,020980608,3.0
16276,020980609,4.0
16280,020980610,3.0
16286,020980611,4.0
16291,020980612,4.0
16295,020980613,3.0
16299,020980701,3.0
16305,020980702,4.0
16309,020980703,4.0
16314,020980704,4.0
16318,020980705,3.0
16323,020980706,3.0
16328,020980707,3.0
16333,020980708,3.0
16338,020980709,3.0
16343,020980710,3.0
16348,020980711,3.0
16352,020980712,3.0
16358,020980713,4.0
16362,020980714,3.0
16367,020980715,4.0
16370,020980716,3.0
16375,020980801,3.0
16381,020980802,4.0
16385,020980803,3.0
16390,020980804,3.0
16395,020980805,3.0
16400,020980806,3.0
16405,020980807,3.0
16410,020980808,3.0
16415,020980809,3.0
16421,020980810,4.0
16425,020980811,4.0
16429,020980812,4.0
16434,020980813,4.0
16438,020980814,3.0
16444,020980815,4.0
16449,020980901,4.0
16454,020980902,4.0
16459,020980903,4.0
16464,020980904,4.0
16468,020980905,3.0
16473,020980906,3.0
16479,020980907,4.0
16484,020980908,4.0
16489,020980909,4.0
16494,020980910,4.0
16499,020980911,4.0
16504,020980912,4.0
16509,020980913,4.0
16514,020980914,4.0
16519,020980915,4.0
16523,020980916,3.0
16529,020981001,4.0
16532,020981002,3.0
16537,020981101,4.0
16541,020981102,4.0
16546,020981103,4.0
16551,020981104,4.0
16556,020981105,4.0
16561,020981106,4.0
16566,020981107,4.0
16571,020981108,4.0
16575,020981109,3.0
16580,020981110,3.0
16585,020981111,3.0
16591,020981112,4.0
16596,020981113,4.0
16600,020981114,4.0
16605,020981115,4.0
16610,020981116,4.0
16615,020981117,4.0
16619,020981201,3.0
16624,020981202,3.0
16630,020981203,4.0
16634,020981204,3.0
16639,020981205,3.0
16644,020981206,3.0
16650,020981207,4.0
16654,020981208,3.0
16659,020981209,3.0
16665,020981210,4.0
16669,020981211,3.0
16675,020981212,4.0
16678,020981301,3.0
16683,020981302,3.0
16688,020981303,3.0
16693,020981304,3.0
16699,020981305,4.0
16703,020981306,3.0
16708,020981307,3.0
16714,020981308,4.0
16718,020981309,3.0
16723,020981310,3.0
16728,020981311,3.0
16734,020981312,4.0
16738,020981401,3.0
16743,020981402,3.0
16749,020981403,4.0
16754,020981404,4.0
16758,020981405,3.0
16764,020981406,4.0
16768,020981407,3.0
16772,020981408,3.0
16778,020981409,4.0
16782,020981410,3.0
16788,020981411,4.0
16793,020981501,4.0
16798,020981502,4.0
16802,020981503,3.0
16808,020981504,4.0
16812,020981505,3.0
16818,020981506,4.0
16823,020981507,4.0
16828,020981508,4.0
16833,020981601,4.0
16838,020981602,4.0
16843,020981603,4.0
16848,020981604,4.0
16853,020981605,4.0
16858,020981606,4.0
16862,020981607,4.0
16866,020981701,4.0
16871,020981702,4.0
16876,020981703,4.0
16880,020981704,3.0
16885,020981705,4.0
16890,020981706,4.0
16895,020981707,4.0
16900,020981708,4.0
16905,020981801,4.0
16909,020981802,4.0
16914,020981803,4.0
16919,020981804,4.0
16924,020981805,4.0
16929,020981806,4.0
16934,020981807,4.0
16939,020981808,4.0
16943,020981901,3.0
16948,020981902,3.0
16954,020981903,4.0
16958,020981904,3.0
16964,020981905,4.0
16969,020982001,4.0
16973,020982002,3.0
16979,020982003,4.0
16983,020982004,3.0
16987,020982005,3.0
16992,020982006,3.0
16997,020982007,3.0
17002,020982101,3.0
17007,020982102,3.0
17012,020982103,3.0
17017,020982104,3.0
17023,020982105,4.0
17027,020982106,3.0
17032,020982107,3.0
17038,020982108,4.0
17042,020982109,3.0
17047,020982110,3.0
17052,020982111,3.0
17057,020982201,3.0
17062,020982202,3.0
17067,020982203,3.0
17072,020982204,3.0
17076,020982205,3.0
17082,020982206,4.0
17086,020982207,3.0
17091,020982208,3.0
17096,020982209,3.0
17101,020982210,3.0
17105,020982211,3.0
17110,020982212,3.0
17116,020982301,4.0
17121,020982302,4.0
17126,020982303,4.0
17131,020982304,4.0
17136,020982305,4.0
17140,020982306,3.0
17145,020982307,3.0
17150,020982308,3.0
17155,020982309,3.0
17160,020982310,3.0
17165,020982311,3.0
17170,020982312,3.0
17175,020982313,4.0
17179,020982314,3.0
17184,020982401,4.0
17188,020982402,3.0
17193,020982403,3.0
17198,020982404,3.0
17203,020982405,3.0
17209,020982406,4.0
17213,020982407,3.0
17218,020982408,3.0
17224,020982409,4.0
17228,020982501,3.0
17233,020982502,3.0
17239,020982503,4.0
17243,020982504,3.0
17249,020982505,4.0
17253,020982506,3.0
17258,020982507,3.0
17264,020982508,4.0
17267,020982509,3.0
17273,020982601,4.0
17277,020982602,3.0
17283,020982603,4.0
17286,020982604,3.0
17292,020982605,4.0
17297,020982606,4.0
17302,020982607,4.0
17307,020982701,4.0
17312,020982702,4.0
17316,020982703,3.0
17322,020982704,4.0
17326,020982705,4.0
17331,020982706,4.0
17336,020982707,4.0
17340,020982801,3.0
17346,020982802,4.0
17351,020982803,4.0
17356,020982804,4.0
17361,020982805,4.0
17366,020982806,4.0
17371,020982807,4.0
17375,020982808,3.0
17381,020982809,4.0
17386,020982810,4.0
17390,020982811,4.0
17395,020982812,4.0
17400,020982901,4.0
17405,020982902,4.0
17410,020982903,4.0
17415,020982904,4.0
17419,020982905,3.0
17425,020982906,4.0
17430,020982907,4.0
17435,020982908,4.0
17439,020982909,4.0
17444,020982910,4.0
17449,020982911,4.0
17454,020983001,4.0
17459,020983002,4.0
17464,020983003,4.0
17469,020983004,4.0
17474,020983005,4.0
17479,020983006,4.0
17484,020983007,4.0
17489,020983008,4.0
17494,020983009,4.0
17499,020983101,4.0
17504,020983102,4.0
17509,020983103,4.0
17514,020983104,4.0
17519,020983105,4.0
17524,020983106,4.0
17529,020983107,4.0
17534,020983108,4.0
17539,020983109,4.0
17544,020983110,4.0
17549,020983111,4.0
17554,020983112,4.0
17558,021050101,3.0
17563,021050102,3.0
17568,021050103,3.0
17573,021050104,3.0
17578,021050105,3.0
17583,021050106,3.0
17588,021050107,3.0
17593,021050108,3.0
17598,021050109,3.0
17603,021050110,3.0
17608,021050111,3.0
17613,021050112,3.0
17618,021050201,3.0
17623,021050202,3.0
17628,021050203,3.0
17633,021050204,3.0
17637,021050205,3.0
17641,021050206,3.0
17646,021050207,3.0
17651,021050208,3.0
17655,021050209,3.0
17660,021050210,3.0
17665,021050301,3.0
17670,021050302,3.0
17675,021050303,3.0
17680,021050304,3.0
17685,021050305,3.0
17690,021050306,3.0
17696,021050307,4.0
17700,021050308,3.0
17706,021050309,4.0
17710,021050310,3.0
17714,021050311,3.0
17719,021050312,3.0
17724,021050313,3.0
17729,021050401,3.0
17734,021050402,3.0
17740,021050403,4.0
17744,021050404,3.0
17748,021050405,3.0
17753,021050406,3.0
17758,021050407,3.0
17763,021050408,3.0
17768,021050409,3.0
17773,021050410,3.0
17778,021050411,3.0
17783,021050412,3.0
17788,021050413,3.0
17793,021050414,3.0
17798,021050501,3.0
17802,021050502,3.0
17807,021050503,3.0
17812,021050504,3.0
17817,021050505,3.0
17822,021050506,3.0
17827,021050507,3.0
17832,021050508,3.0
17837,021050509,3.0
17842,021050510,3.0
17847,021050511,3.0
17852,021050512,3.0
17857,021050513,3.0
17862,021050514,3.0
17867,021050601,3.0
17872,021050602,3.0
17877,021050603,3.0
17882,021050604,3.0
17886,021050605,3.0
17892,021050606,4.0
17895,021050607,3.0
17900,021050701,3.0
17905,021050702,3.0
17910,021050703,3.0
17915,021050704,3.0
17920,021050705,3.0
17925,021050706,3.0
17930,021050707,3.0
17935,021050708,3.0
17940,021050709,3.0
17945,021050710,3.0
17950,021050711,3.0
17955,021050712,3.0
17960,021050713,3.0
17965,021050801,3.0
17970,021050802,3.0
17975,021050803,3.0
17980,021050804,3.0
17985,021050805,3.0
17990,021050806,3.0
17995,021050807,3.0
18000,021050808,3.0
18004,021050809,3.0
18009,021050810,3.0
18014,021050901,3.0
18019,021050902,3.0
18024,021050903,3.0
18029,021050904,3.0
18034,021050905,3.0
18039,021050906,3.0
18044,021050907,3.0
18049,021050908,3.0
18054,021050909,3.0
18059,021050910,3.0
18064,021050911,3.0
18069,021051001,3.0
18074,021051002,3.0
18079,021051003,3.0
18084,021051004,3.0
18089,021051005,3.0
18094,021051006,3.0
18099,021051007,3.0
18104,021051008,3.0
18109,021051009,3.0
18114,021051010,3.0
18119,021051011,3.0
18124,021051012,3.0
18129,021051013,3.0
18134,021051101,3.0
18139,021051102,3.0
18144,021051103,3.0
18149,021051104,3.0
18154,021051105,3.0
18159,021051106,3.0
18164,021051107,3.0
18169,021051108,3.0
18174,021051109,3.0
18179,021051110,3.0
18184,021051111,3.0
18189,021051112,3.0
18194,021051113,3.0
18199,021051114,3.0
18204,021051115,3.0
18208,021051116,3.0
18213,021051201,3.0
18218,021051202,3.0
18223,021051203,3.0
18228,021051204,3.0
18233,021051205,3.0
18238,021051206,3.0
18243,021051207,3.0
18248,021051208,3.0
18253,021051209,3.0
18258,021051210,3.0
18263,021051301,3.0
18268,021051302,3.0
18272,021051303,3.0
18277,021051304,3.0
18282,021051305,4.0
18286,021051306,3.0
18291,021051307,3.0
18296,021051308,3.0
18300,021051309,3.0
18305,021051310,3.0
18310,021051401,3.0
18315,021051402,3.0
18320,021051403,3.0
18325,021051404,3.0
18330,021051405,3.0
18335,021051406,3.0
18341,021051407,4.0
18344,021051408,3.0
18349,021051409,3.0
18354,021051410,3.0
18359,021051411,3.0
18364,021051501,3.0
18369,021051502,3.0
18373,021051503,3.0
18378,021051504,3.0
18383,021051505,3.0
18388,021051506,3.0
18393,021051507,3.0
18398,021051508,3.0
18403,021051509,3.0
18408,021051510,3.0
18413,021051601,3.0
18418,021051602,3.0
18423,021051603,3.0
18428,021051604,3.0
18433,021051605,3.0
18438,021051606,3.0
18443,021051607,3.0
18448,021051608,3.0
18453,021051609,3.0
18458,021051610,3.0
18463,021051611,3.0
18468,021051701,3.0
18473,021051702,3.0
18478,021051703,3.0
18483,021051704,3.0
18488,021051705,3.0
18493,021051706,3.0
18498,021051707,3.0
18503,021051708,3.0
18508,021051709,3.0
18513,021051710,3.0
18518,021051711,3.0
18524,021051712,4.0
18528,021051801,3.0
18533,021051802,3.0
18538,021051803,3.0
18544,021051804,4.0
18548,021051805,3.0
18553,021051806,3.0
18557,021051807,3.0
18561,021051808,3.0
18566,021051809,3.0
18571,021051810,3.0
18576,021051811,3.0
18581,021051812,3.0
18586,021051813,3.0
18591,021051901,3.0
18596,021051902,3.0
18601,021051903,3.0
18606,021051904,3.0
18611,021051905,3.0
18616,021051906,3.0
18621,021051907,3.0
18626,021051908,3.0
18631,021051909,3.0
18635,021051910,3.0
18640,021051911,3.0
18645,021052001,3.0
18650,021052002,3.0
18655,021052003,3.0
18660,021052004,3.0
18665,021052005,3.0
18670,021052006,3.0
18675,021052007,3.0
18679,021052008,3.0
18684,021052009,3.0
18689,021052010,3.0
18694,021052011,3.0
18699,021052012,3.0
18703,021052101,3.0
18708,021052102,3.0
18713,021052103,3.0
18718,021052104,3.0
18723,021052105,3.0
18728,021052106,3.0
18733,021052107,3.0
18737,021052108,3.0
18742,021052109,3.0
18747,021052110,3.0
18752,021052111,3.0
18757,021052112,3.0
18762,021052113,3.0
18766,060350101,2.0
18771,060350102,2.0
18777,060350103,3.0
18782,060350104,3.0
18787,060350105,3.0
18792,060350106,3.0
18796,060350107,2.0
18801,060350108,2.0
18806,060350109,2.0
18811,060350110,2.0
18816,060350111,2.0
18821,060350112,2.0
18826,060350113,2.0
18831,060350201,2.0
18836,060350202,2.0
18841,060350203,2.0
18846,060350204,2.0
18851,060350205,2.0
18857,060350301,3.0
18861,060350302,2.0
18867,060350303,3.0
18872,060350304,3.0
18877,060350305,3.0
18882,060350306,3.0
18887,060350307,3.0
18892,060350308,3.0
18897,060350309,3.0
18902,060350310,3.0
18906,060350311,3.0
18911,060350312,3.0
18916,060350313,3.0
18921,060350314,3.0
18926,060350315,3.0
18930,060350401,2.0
18936,060350402,3.0
18940,060350403,2.0
18946,060350404,3.0
18950,060350405,2.0
18955,060350406,2.0
18961,060350407,3.0
18966,060350408,3.0
18971,060350409,3.0
18976,060350501,3.0
18980,060350502,2.0
18986,060350503,3.0
18991,060350504,3.0
18995,060350505,2.0
19000,060350506,2.0
19005,060350507,2.0
19010,060350508,2.0
19016,060350601,3.0
19020,060350602,2.0
19025,060350603,2.0
19030,060350604,2.0
19036,060350605,3.0
19040,060350606,2.0
19046,060350701,3.0
19051,060350702,3.0
19056,060350703,3.0
19061,060350704,3.0
19066,060350705,3.0
19070,060350706,2.0
19076,060350707,3.0
19081,060350708,3.0
19086,060350709,3.0
19091,060350710,3.0
19096,060350711,3.0
19101,060350712,3.0
19106,060350801,3.0
19110,060350802,2.0
19115,060350803,2.0
19120,060350804,2.0
19125,060350805,2.0
19130,060350806,2.0
19135,060350807,2.0
19141,060350808,3.0
19146,060350809,3.0
19150,060350810,2.0
19156,060350811,3.0
19161,060350812,3.0
19165,060350813,2.0
19171,060350814,3.0
19175,060350815,2.0
19180,060350901,2.0
19184,060350902,2.0
19189,060350903,2.0
19194,060350904,2.0
19199,060350905,2.0
19204,060350906,2.0
19209,060350907,2.0
19214,060350908,2.0
19219,060350909,2.0
19223,060350910,2.0
19228,060350911,2.0
19233,060350912,2.0
19238,060350913,2.0
19243,060350914,2.0
19248,060350915,2.0
19252,060351001,2.0
19258,060351002,3.0
19263,060351003,3.0
19267,060351004,2.0
19273,060351005,3.0
19277,060351101,3.0
19282,060351102,3.0
19287,060351103,3.0
19292,060351104,3.0
19296,060351105,3.0
19301,060351106,3.0
19306,060351107,3.0
19310,060351108,3.0
19315,060351109,3.0
19320,060351110,3.0
19325,060351111,3.0
19330,060351112,3.0
19334,060351113,3.0
19338,060351201,3.0
19343,060351202,3.0
19348,060351203,3.0
19352,060351204,3.0
19357,060351205,3.0
19362,060351206,3.0
19367,060351207,3.0
19372,060351208,3.0
19376,060351209,3.0
19381,060351210,3.0
19386,060351211,3.0
19391,060351212,3.0
19396,060351213,3.0
19401,060351214,3.0
19406,060351301,3.0
19411,060351302,3.0
19416,060351303,3.0
19421,060351304,3.0
19426,060351305,3.0
19431,060351306,3.0
19436,060351307,3.0
19441,060351308,3.0
19446,060351309,3.0
19451,060351310,3.0
19456,060351311,3.0
19461,060351401,3.0
19466,060351402,3.0
19471,060351403,3.0
19476,060351404,3.0
19481,060351405,3.0
19486,060351406,3.0
19491,060351407,3.0
19496,060351408,3.0
19501,060351409,3.0
19506,060351410,3.0
19510,060351411,3.0
19515,060351412,3.0
19520,060351413,3.0
19524,060351501,2.0
19530,060351502,3.0
19535,060351503,3.0
19540,060351504,3.0
19544,060351505,2.0
19550,060351506,3.0
19554,060351507,3.0
19559,060351508,3.0
19564,060351509,3.0
19569,060351510,3.0
19574,060351511,3.0
19579,060351512,3.0
19583,060351513,2.0
19589,060351514,3.0
19594,060351601,3.0
19599,060351602,3.0
19604,060351603,3.0
19609,060351604,3.0
19614,060351605,3.0
19619,060351606,3.0
19624,060351607,3.0
19629,060351608,3.0
19634,060351609,3.0
19639,060351610,3.0
19644,060351611,3.0
19649,060351701,3.0
19654,060351702,3.0
19659,060351703,3.0
19664,060351704,3.0
19669,060351705,3.0
19674,060351706,3.0
19679,060351707,3.0
19684,060351708,3.0
19689,060351709,3.0
19694,060351710,3.0
19699,060351711,3.0
19704,060351801,3.0
19709,060351802,3.0
19714,060351803,3.0
19719,060351804,3.0
19724,060351805,3.0
19729,060351806,3.0
19734,060351807,3.0
19739,060351808,3.0
19743,060351809,3.0
19748,060351810,3.0
19753,060351811,3.0
19758,060351901,3.0
19763,060351902,3.0
19768,060351903,3.0
19773,060351904,3.0
19778,060351905,3.0
19783,060351906,3.0
19788,060351907,3.0
19793,060351908,3.0
19798,060351909,3.0
19803,060351910,3.0
19808,060351911,3.0
19813,060351912,3.0
19818,060352001,3.0
19823,060352002,3.0
19828,060352003,3.0
19833,060352004,3.0
19838,060352005,3.0
19843,060352006,3.0
19848,060352007,3.0
19853,060352008,3.0
19858,060352009,3.0
19863,060352010,3.0
19868,060352011,3.0
19873,060352012,3.0
19878,060352013,3.0
19883,060352101,3.0
19888,060352102,3.0
19893,060352103,3.0
19898,060352104,3.0
19903,060352105,3.0
19908,060352106,3.0
19913,060352107,3.0
19918,060352108,3.0
19923,060352109,3.0
19928,060352110,3.0
19933,060352111,3.0
19938,060352112,3.0
19941,060352201,2.0
19947,060352202,3.0
19952,060352203,3.0
19957,060352204,3.0
19962,060352205,3.0
19967,060352206,3.0
19972,060352207,3.0
19977,060352208,3.0
19982,060352209,3.0
19987,060352210,3.0
19992,060352211,3.0
19997,060352212,3.0
20002,060352213,3.0
20007,060352214,3.0
20011,060352301,3.0
20016,060352302,3.0
20020,060352303,3.0
20024,060352304,2.0
20030,060352305,3.0
20035,060352306,3.0
20040,060352307,3.0
20045,060352308,3.0
20050,060352309,3.0
20055,060352401,3.0
20060,060352402,3.0
20065,060352403,3.0
20070,060352404,3.0
20075,060352405,3.0
20080,060352406,3.0
20085,060352407,3.0
20090,060352408,3.0
20094,060352409,2.0
20100,060352410,3.0
20104,060352411,2.0
20109,060352412,2.0
20114,060352501,2.0
20120,060352502,3.0
20125,060352503,3.0
20129,060352504,2.0
20135,060352505,3.0
20140,060352506,3.0
20145,060352507,3.0
20150,060352508,3.0
20155,060352509,3.0
20160,060352510,3.0
20164,060352511,3.0
20169,060352512,3.0
20174,060352513,3.0
20178,060352601,2.0
20183,060352602,2.0
20188,060352603,2.0
20193,060352604,2.0
20198,060352605,2.0
20203,060352606,2.0
20208,060352607,2.0
20213,060352608,2.0
20218,060352609,2.0
20223,060352610,2.0
20228,060352611,2.0
20233,060352612,2.0
20238,060352613,2.0
20242,060352614,2.0
20247,060352615,2.0
20252,060352701,2.0
20258,060352702,3.0
20262,060352703,2.0
20268,060352704,3.0
20272,060352705,2.0
20278,060352706,3.0
20282,060352707,2.0
20287,060352708,2.0
20292,060352709,2.0
20298,060352801,3.0
20302,060352802,2.0
20308,060352803,3.0
20313,060352804,3.0
20318,060352805,3.0
20323,060352806,3.0
20328,060352807,3.0
20333,060352808,3.0
20337,060352901,2.0
20343,060352902,3.0
20348,060352903,3.0
20353,060352904,3.0
20358,060352905,3.0
20363,060352906,3.0
20368,060352907,3.0
20373,060352908,3.0
20378,060352909,3.0
20383,060353001,3.0
20387,060353002,2.0
20393,060353003,3.0
20398,060353004,3.0
20403,060353005,3.0
20408,060353006,3.0
20413,060353007,3.0
20418,060353008,3.0
20423,060353009,3.0
20428,060353010,3.0
20433,060353101,3.0
20437,060353102,3.0
20442,060353103,3.0
20447,060353104,3.0
20451,060353105,2.0
20457,060353106,3.0
20461,060353107,3.0
20466,060353108,3.0
20471,060353109,3.0
20476,060353201,3.0
20481,060353202,3.0
20486,060353203,3.0
20491,060353204,3.0
20496,060353205,3.0
20501,060353206,3.0
20506,060353207,3.0
20511,060353208,3.0
20516,060353209,3.0
20520,060353301,3.0
20525,060353302,3.0
20530,060353303,3.0
20535,060353304,3.0
20540,060353305,3.0
20545,060353306,3.0
20550,060353307,3.0
20555,060353308,3.0
20560,060353401,3.0
20565,060353402,3.0
20570,060353403,3.0
20575,060353404,3.0
20580,060353405,3.0
20585,060353406,3.0
20590,060353407,3.0
20595,060353408,3.0
20600,060353409,3.0
20605,060353501,3.0
20610,060353502,3.0
20615,060353503,3.0
20620,060353504,3.0
20625,060353505,3.0
20630,060353506,3.0
20635,060353507,3.0
20640,060353508,3.0
20645,060353509,3.0
20650,060353601,3.0
20655,060353602,3.0
20660,060353603,3.0
20665,060353604,3.0
20670,060353605,3.0
20675,060353606,3.0
20680,060353607,3.0
20685,060353608,3.0
20690,060353701,3.0
20695,060353702,3.0
20700,060353703,3.0
20705,060353704,3.0
20710,060353705,3.0
20715,060353706,3.0
20720,060353707,3.0
20725,060353708,3.0
20730,060353709,3.0
20734,060353801,2.0
20740,060353802,3.0
20745,060353803,3.0
20750,060353804,3.0
20755,060353805,3.0
20760,060353806,3.0
20765,060353807,3.0
20770,060353901,3.0
20775,060353902,3.0
20780,060353903,3.0
20785,060353904,3.0
20790,060353905,3.0
20795,060353906,3.0
20800,060353907,3.0
20805,060353908,3.0
20810,060354001,3.0
20814,060354002,2.0
20819,060354003,2.0
20824,060354004,2.0
20829,060354005,2.0
20835,060354006,3.0
20840,060354007,3.0
20844,060354101,2.0
20849,060354102,2.0
20854,060354103,2.0
20859,060354104,2.0
20864,060354105,2.0
20869,060354106,2.0
20874,060354107,2.0
20879,060354108,2.0
20885,060354109,3.0
20889,063710101,2.0
20894,063710102,2.0
20899,063710103,2.0
20904,063710104,2.0
20909,063710105,2.0
20914,063710106,2.0
20919,063710107,2.0
20924,063710108,2.0
20928,063710109,2.0
20933,063710110,2.0
20938,063710111,2.0
20940,063710112,2.0
20945,063710113,2.0
20949,063710114,2.0
20954,063710201,2.0
20959,063710202,2.0
20964,063710203,2.0
20970,063710204,3.0
20974,063710205,2.0
20980,063710206,3.0
20985,063710301,3.0
20989,063710302,2.0
20994,063710303,3.0
20998,063710304,2.0
21003,063710305,2.0
21008,063710306,2.0
21013,063710307,2.0
21019,063710308,3.0
21024,063710309,3.0
21029,063710401,3.0
21034,063710402,3.0
21039,063710403,3.0
21044,063710404,3.0
21049,063710405,3.0
21054,063710406,3.0
21059,063710407,3.0
21064,063710408,3.0
21069,063710409,3.0
21074,063710410,3.0
21079,063710501,3.0
21084,063710502,3.0
21089,063710503,3.0
21094,063710504,3.0
21099,063710505,3.0
21104,063710506,3.0
21109,063710507,3.0
21114,063710508,3.0
21118,063710509,2.0
21123,063710510,2.0
21129,063710511,3.0
21134,063710512,3.0
21139,063710601,3.0
21142,063710602,2.0
21148,063710603,3.0
21152,063710604,2.0
21157,063710605,2.0
21162,063710606,2.0
21167,063710607,2.0
21172,063710608,2.0
21177,063710609,2.0
21182,063710610,2.0
21187,063710611,2.0
21193,063710612,3.0
21198,063710613,3.0
21202,063710701,2.0
21207,063710702,2.0
21212,063710703,2.0
21218,063710704,3.0
21222,063710705,2.0
21228,063710706,3.0
21233,063710707,3.0
21238,063710708,3.0
21243,063710801,3.0
21247,063710802,2.0
21252,063710803,2.0
21258,063710804,3.0
21263,063710805,3.0
21268,063710806,3.0
21273,063710807,3.0
21278,063710901,3.0
21283,063710902,3.0
21288,063710903,3.0
21293,063710904,3.0
21297,063710905,3.0
21301,063710906,3.0
21306,063710907,3.0
21311,063710908,3.0
21316,063710909,3.0
21321,063710910,3.0
21326,063711001,3.0
21330,063711002,3.0
21335,063711003,3.0
21340,063711004,3.0
21345,063711005,3.0
21350,063711006,3.0
21355,063711007,3.0
21359,063711008,3.0
21364,063711101,3.0
21369,063711102,3.0
21374,063711103,3.0
21379,063711104,3.0
21384,063711105,3.0
21389,063711106,3.0
21394,063711107,3.0
21399,063711108,3.0
21404,063711109,3.0
21409,063711110,3.0
21414,063711111,3.0
21419,063711112,3.0
21423,063711113,3.0
21428,063711114,3.0
21433,063711201,3.0
21438,063711202,3.0
21443,063711203,3.0
21448,063711204,3.0
21453,063711205,3.0
21458,063711206,3.0
21463,063711207,3.0
21468,063711208,3.0
21472,063711209,3.0
21477,063711210,3.0
21481,063711211,3.0
21486,063711212,3.0
21491,063711213,3.0
21495,063711214,3.0
21500,063711301,3.0
21505,063711302,3.0
21510,063711303,3.0
21515,063711304,3.0
21520,063711305,3.0
21525,063711306,3.0
21530,063711307,3.0
21535,063711308,3.0
21539,063711401,2.0
21545,063711402,3.0
21550,063711403,3.0
21554,063711404,2.0
21559,063711405,2.0
21564,063711406,2.0
21569,063711407,2.0
21574,063711408,2.0
21578,063711409,2.0
21583,063711410,2.0
21588,063711411,2.0
21594,063711412,3.0
21599,063711413,3.0
21603,063711414,2.0
21607,063711415,2.0
21611,063711501,1.0
21614,063711502,2.0
21619,063711503,2.0
21624,063711504,2.0
21629,063711505,2.0
21634,063711506,2.0
21639,063711507,2.0
21644,063711508,2.0
21649,063711509,2.0
21654,063711510,2.0
21659,063711601,2.0
21664,063711602,2.0
21669,063711603,2.0
21674,063711604,2.0
21679,063711605,2.0
21684,063711606,2.0
21689,063711607,2.0
21694,063711608,2.0
21700,063711701,3.0
21705,063711702,3.0
21710,063711703,3.0
21715,063711704,3.0
21720,063711705,3.0
21725,063711706,3.0
21730,063711707,3.0
21735,063711708,3.0
21740,063711709,3.0
21745,063711801,3.0
21750,063711802,3.0
21755,063711803,3.0
21760,063711804,3.0
21765,063711805,3.0
21770,063711806,3.0
21775,063711807,3.0
21780,063711808,3.0
21785,063711901,3.0
21790,063711902,3.0
21795,063711903,3.0
21800,063711904,3.0
21805,063711905,3.0
21810,063711906,3.0
21815,063711907,3.0
21820,063711908,3.0
21825,063711909,3.0
21830,063711910,3.0
21835,063712001,3.0
21840,063712002,3.0
21845,063712003,3.0
21850,063712004,3.0
21855,063712005,3.0
21859,063712006,3.0
21864,063712007,3.0
21869,063712008,3.0
21874,063712009,3.0
21879,063712101,3.0
21884,063712102,3.0
21889,063712103,3.0
21894,063712104,3.0
21899,063712105,3.0
21904,063712106,3.0
21908,063712107,3.0
21913,063712108,3.0
21918,063712109,3.0
21923,063712110,3.0
21928,063712201,3.0
21933,063712202,3.0
21938,063712203,3.0
21943,063712204,3.0
21948,063712205,3.0
21953,063712206,3.0
21957,063712301,3.0
21962,063712302,3.0
21967,063712303,3.0
21972,063712304,3.0
21976,063712305,3.0
21981,063712306,3.0
21986,063712307,3.0
21991,063712308,3.0
21996,063712309,3.0
22001,063712310,3.0
22006,063712311,3.0
22011,063712401,3.0
22016,063712402,3.0
22021,063712403,3.0
22026,063712404,3.0
22030,063712405,2.0
22036,063712406,3.0
22040,063712407,3.0
22045,063712408,3.0
22050,063712501,3.0
22055,063712502,3.0
22060,063712503,3.0
22065,063712504,3.0
22070,063712505,3.0
22075,063712506,3.0
22080,063712507,3.0
22085,063712508,3.0
22090,063712601,3.0
22095,063712602,3.0
22099,063712603,3.0
22104,063712604,3.0
22109,063712605,3.0
22114,063712606,3.0
22119,063712607,3.0
22124,063712608,3.0
22129,063712701,3.0
22134,063712702,3.0
22139,063712703,3.0
22144,063712704,3.0
22149,063712705,3.0
22154,063712706,3.0
22159,063712707,3.0
22164,063712708,3.0
22168,063712709,2.0
22173,063712801,2.0
22178,063712802,3.0
22183,063712803,3.0
22188,063712804,3.0
22193,063712805,3.0
22197,063712806,2.0
22203,063712807,3.0
22208,063712808,3.0
22213,063712901,3.0
22218,063712902,3.0
22223,063712903,3.0
22228,063712904,3.0
22233,063712905,3.0
22238,063712906,3.0
22243,063712907,3.0
22248,063712908,3.0
22253,063712909,3.0
22257,063713001,2.0
22263,063713002,3.0
22268,063713003,3.0
22273,063713004,3.0
22278,063713005,3.0
22283,063713006,3.0
22288,063713007,3.0
22293,063713008,3.0
22297,063713009,2.0
22301,063713010,2.0
22305,063713011,3.0
22310,063713101,3.0
22315,063713102,3.0
22320,063713103,3.0
22325,063713104,3.0
22330,063713105,3.0
22335,063713106,3.0
22339,063713107,3.0
22344,063713108,3.0
22349,063713109,3.0
22354,063713201,3.0
22358,063713202,2.0
22363,063713203,2.0
22368,063713204,2.0
22373,063713205,2.0
22378,063713206,2.0
22383,063713207,2.0
22388,063713208,2.0
22393,063713209,2.0
22398,063713210,2.0
22403,063713301,2.0
22408,063713302,2.0
22414,063713303,3.0
22418,063713304,2.0
22423,063713305,2.0
22428,063713306,2.0
22433,063713307,2.0
22439,063713308,3.0
22444,063713309,3.0
22448,063713310,3.0
22452,063713311,2.0
22457,063713312,3.0
22461,063713313,3.0
22465,063713401,2.0
22470,063713402,2.0
22475,063713403,2.0
22481,063713404,3.0
22485,063713405,2.0
22490,063713406,2.0
22496,063713407,3.0
22501,063713408,3.0
22506,063713409,3.0
22511,063713410,3.0
22515,063713411,2.0
22518,063713412,2.0
22523,063713501,2.0
22528,063713502,2.0
22534,063713503,3.0
22538,063713504,2.0
22544,063713505,3.0
22548,063713506,3.0
22552,063713507,2.0
22557,063713508,2.0
22561,063713509,2.0
22565,063713510,2.0
22570,063713511,2.0
22575,063713512,2.0
22580,063713513,2.0
22585,063713514,2.0
22590,063713601,2.0
22595,063713602,2.0
22600,063713603,2.0
22605,063713604,2.0
22610,063713605,2.0
22616,063713606,3.0
22620,063713607,2.0
22625,063713608,2.0
22630,063713609,2.0
22635,063713610,2.0
22640,063713611,2.0
22645,063713701,2.0
22650,063713702,2.0
22654,063713703,2.0
22659,063713704,2.0
22664,063713705,2.0
22669,063713706,2.0
22673,063713707,2.0
22678,063713708,2.0
22683,063713709,2.0
22687,063713710,2.0
22692,063713711,2.0
22697,063713712,2.0
22702,063713713,2.0
22707,063713714,2.0
22712,063713715,2.0
22717,063713801,2.0
22723,063713802,3.0
22728,063713803,3.0
22733,063713804,3.0
22737,063713805,2.0
22742,063713806,2.0
22748,063713807,3.0
22752,063713901,3.0
22757,063713902,3.0
22761,063713903,2.0
22767,063713904,3.0
22772,063713905,3.0
22776,063713906,2.0
22781,063713907,2.0
22786,063713908,3.0
22791,063713909,3.0
22795,063714001,2.0
22800,063714002,2.0
22805,063714003,2.0
22810,063714004,2.0
22815,063714005,2.0
22820,063714006,2.0
22825,063714007,2.0
22831,063714101,3.0
22836,063714102,3.0
22841,063714103,3.0
22846,063714104,3.0
22851,063714105,3.0
22856,063714106,3.0
22861,063714201,3.0
22866,063714202,3.0
22871,063714203,3.0
22876,063714204,3.0
22881,063714205,3.0
22886,063714206,3.0
22891,063714207,3.0
22896,063714208,3.0
22901,063714209,3.0
22905,063714301,2.0
22911,063714302,3.0
22916,063714303,3.0
22921,063714304,3.0
22926,063714305,3.0
22931,063714306,3.0
22936,063714307,3.0
22941,063714308,3.0
22946,063714309,3.0
22951,063714401,3.0
22956,063714402,3.0
22961,063714403,3.0
22966,063714404,3.0
22971,063714405,3.0
22976,063714406,3.0
22981,063714407,3.0
22986,063714408,3.0
22990,063714501,2.0
22994,063714502,2.0
22999,063714503,2.0
23004,063714504,2.0
23009,063714505,2.0
23014,063714506,2.0
23019,063714507,2.0
23024,063714508,2.0
23029,063714509,2.0
23034,063714510,2.0
23039,063714601,2.0
23044,063714602,2.0
23050,063714603,3.0
23054,063714604,2.0
23059,063714605,2.0
23065,063714606,3.0
23070,063714607,3.0
23074,063714608,2.0
23080,063714609,3.0
23085,063714701,3.0
23090,063714702,3.0
23095,063714703,3.0
23100,063714704,3.0
23105,063714705,3.0
23110,063714706,3.0
23115,063714707,3.0
23119,063714708,2.0
23125,063714709,3.0
23130,063714801,3.0
23135,063714802,3.0
23140,063714803,3.0
23144,063714804,3.0
23149,063714805,3.0
23154,063714806,3.0
23159,063714807,3.0
23164,063714808,3.0
23169,063714809,3.0
23174,063714810,3.0
23179,063714901,3.0
23184,063714902,3.0
23189,063714903,3.0
23194,063714904,3.0
23199,063714905,3.0
23204,063714906,3.0
23209,063714907,3.0
23214,063714908,3.0
23219,063715001,3.0
23224,063715002,3.0
23229,063715003,3.0
23234,063715004,3.0
23239,063715005,3.0
23244,063715006,3.0
23249,063715007,3.0
23253,063715008,3.0
23258,063715009,3.0
23263,063715101,3.0
23268,063715102,3.0
23273,063715103,3.0
23278,063715104,3.0
23283,063715105,3.0
23288,063715106,3.0
23293,063715107,3.0
23298,063715108,3.0
23303,063715109,3.0
23307,063715201,2.0
23312,063715202,2.0
23317,063715203,2.0
23322,063715204,2.0
23327,063715205,2.0
23333,063715206,3.0
23337,063715207,2.0
23342,063715208,2.0
23347,063715209,2.0
23352,063715301,2.0
23357,063715302,2.0
23363,063715303,3.0
23367,063715304,2.0
23372,063715305,2.0
23378,063715306,3.0
23383,063715307,3.0
23388,063715308,3.0
23392,063715401,2.0
23397,063715402,2.0
23402,063715403,2.0
23407,063715404,2.0
23412,063715405,2.0
23417,063715406,2.0
23422,063715407,2.0
23427,063715408,2.0
23432,063715409,2.0
23436,063715410,2.0
23441,063715411,2.0
23446,063715412,2.0
23451,063715413,2.0
23456,063715414,2.0
23462,064270101,3.0
23467,064270102,3.0
23472,064270103,3.0
23477,064270104,3.0
23481,064270105,3.0
23486,064270106,3.0
23491,064270107,3.0
23496,064270108,3.0
23501,064270109,3.0
23506,064270110,3.0
23511,064270111,3.0
23516,064270112,3.0
23521,064270113,3.0
23526,064270201,3.0
23531,064270202,3.0
23536,064270203,3.0
23541,064270204,3.0
23546,064270205,3.0
23550,064270206,3.0
23554,064270207,3.0
23559,064270208,3.0
23564,064270209,3.0
23569,064270210,3.0
23574,064270211,3.0
23579,064270212,3.0
23583,064270213,3.0
23588,064270214,3.0
23593,064270215,3.0
23598,064270216,3.0
23603,064270217,3.0
23608,064270218,3.0
23613,064270219,3.0
23618,064270301,3.0
23623,064270302,3.0
23628,064270303,3.0
23633,064270304,3.0
23638,064270305,3.0
23643,064270306,3.0
23648,064270307,3.0
23653,064270308,3.0
23658,064270309,3.0
23663,064270310,3.0
23668,064270311,3.0
23673,064270312,3.0
23678,064270401,3.0
23683,064270402,3.0
23688,064270403,3.0
23693,064270404,3.0
23698,064270405,3.0
23703,064270406,3.0
23708,064270407,3.0
23713,064270408,3.0
23718,064270409,3.0
23723,064270410,3.0
23728,064270501,3.0
23733,064270502,3.0
23738,064270503,3.0
23743,064270504,3.0
23748,064270505,3.0
23753,064270506,3.0
23758,064270507,3.0
23763,064270508,3.0
23768,064270509,3.0
23773,064270510,3.0
23778,064270511,3.0
23783,064270512,3.0
23788,064270513,3.0
23793,064270601,3.0
23798,064270602,3.0
23803,064270603,3.0
23808,064270604,3.0
23813,064270605,3.0
23818,064270606,3.0
23823,064270607,3.0
23828,064270608,3.0
23833,064270609,3.0
23838,064270610,3.0
23843,064270611,3.0
23848,064270612,3.0
23853,064270613,3.0
23858,064270614,3.0
23863,064270615,3.0
23868,064270701,3.0
23872,064270702,2.0
23878,064270703,3.0
23883,064270704,3.0
23888,064270705,3.0
23893,064270706,3.0
23898,064270707,3.0
23903,064270708,3.0
23908,064270709,3.0
23913,064270710,3.0
23918,064270711,3.0
23923,064270712,3.0
23928,064270713,3.0
23933,064270714,3.0
23938,064270801,3.0
23943,064270802,3.0
23948,064270803,3.0
23953,064270804,3.0
23957,064270805,2.0
23963,064270806,3.0
23968,064270807,3.0
23973,064270808,3.0
23978,064270809,3.0
23983,064270810,3.0
23988,064270811,3.0
23993,064270812,3.0
23998,064270901,3.0
24003,064270902,3.0
24008,064270903,3.0
24012,064270904,2.0
24018,064270905,3.0
24022,064270906,2.0
24026,064270907,2.0
24031,064270908,2.0
24036,064270909,2.0
24040,064270910,2.0
24045,064270911,2.0
24050,064270912,2.0
24056,064270913,3.0
24060,064270914,2.0
24065,064271001,2.0
24070,064271002,2.0
24076,064271003,3.0
24081,064271004,3.0
24085,064271005,2.0
24091,064271006,3.0
24096,064271007,3.0
24101,064271008,3.0
24106,064271009,3.0
24111,064271010,3.0
24116,064271011,3.0
24121,064271012,3.0
24126,064271013,3.0
24131,064271101,3.0
24136,064271102,3.0
24140,064271103,2.0
24146,064271104,3.0
24151,064271105,3.0
24156,064271106,3.0
24161,064271107,3.0
24165,064271108,2.0
24170,064271109,2.0
24176,064271110,3.0
24181,064271111,3.0
24186,064271112,3.0
24191,064271201,3.0
24195,064271202,3.0
24200,064271203,3.0
24204,064271204,2.0
24210,064271205,3.0
24215,064271206,3.0
24220,064271207,3.0
24225,064271208,3.0
24230,064271209,3.0
24235,064271210,3.0
24240,064271211,3.0
24245,064271212,3.0
24250,064271213,3.0
24255,064271301,3.0
24260,064271302,3.0
24265,064271303,3.0
24269,064271304,2.0
24275,064271305,3.0
24279,064271306,2.0
24285,064271307,3.0
24289,064271308,3.0
24294,064271309,3.0
24298,064271310,2.0
24304,064271311,3.0
24309,064271312,3.0
24313,064271313,3.0
24318,064271314,3.0
24323,064271315,3.0
24328,064271401,3.0
24333,064271402,3.0
24337,064271403,3.0
24342,064271404,3.0
24347,064271405,3.0
24352,064271406,3.0
24356,064271407,3.0
24360,064271408,2.0
24365,064271409,2.0
24369,064271410,2.0
24374,064271411,3.0
24378,064271412,2.0
24384,064271413,3.0
24389,064271414,3.0
24394,064271415,3.0
24399,064271416,3.0
24404,064271417,3.0
24409,064271418,3.0
24414,064271419,3.0
24419,064271420,3.0
24423,064271421,2.0
24428,064271422,2.0
24434,064271423,3.0
24439,064271501,3.0
24444,064271502,3.0
24449,064271503,3.0
24454,064271504,3.0
24459,064271505,3.0
24464,064271506,3.0
24469,064271507,3.0
24474,064271508,3.0
24479,064271509,3.0
24484,064271510,3.0
24489,064271511,3.0
24494,064271512,3.0
24498,064271513,3.0
24503,064271514,3.0
24507,064271515,3.0
24512,064271516,3.0
24517,064271517,3.0
24522,064271518,3.0
24527,064271601,3.0
24532,064271602,3.0
24537,064271603,3.0
24542,064271604,3.0
24547,064271605,3.0
24552,064271606,3.0
24556,064271607,2.0
24561,064271608,2.0
24565,064271609,2.0
24570,064271610,2.0
24576,064271611,3.0
24581,064271612,3.0
24586,064271613,3.0
24591,064271614,3.0
24596,064271615,3.0
24601,064271616,3.0
24606,064271617,3.0
24609,064271618,2.0
24614,064271619,2.0
24619,064271701,3.0
24624,064271702,3.0
24628,064271703,2.0
24633,064271704,2.0
24638,064271705,2.0
24644,064271706,3.0
24649,064271707,3.0
24654,064271708,3.0
24658,064271709,2.0
24663,064271710,2.0
24669,064271711,3.0
24674,064271712,3.0
24679,064271713,3.0
24683,064271714,2.0
24688,064271715,2.0
24694,064271716,3.0
24699,064271717,3.0
24704,064271718,3.0
24709,064271719,3.0
24714,064271720,3.0
24719,064271721,3.0
24723,064271722,3.0
24727,064271723,2.0
24733,064271724,3.0
24737,064271725,2.0
24743,064271726,3.0
24747,064271801,2.0
24753,064271802,3.0
24757,064271803,2.0
24762,064271804,2.0
24768,064271805,3.0
24773,064271806,3.0
24778,064271807,3.0
24782,064271808,2.0
24788,064271809,3.0
24792,064271810,3.0
24795,064271811,2.0
24800,064271812,2.0
24805,064271813,2.0
24809,064271814,2.0
24814,064271815,2.0
24818,064271816,2.0
24822,064271817,2.0
24827,064271818,2.0
24831,064271819,2.0
24836,064271820,3.0
24840,064271821,2.0
24845,064271822,2.0
24851,064271823,3.0
24856,064271824,3.0
24861,064271825,3.0
24866,064271826,3.0
24869,064271827,2.0
24874,064271828,2.0
24878,064271829,2.0
24883,064271830,2.0
24888,064271831,2.0
24894,064271901,3.0
24898,064271902,3.0
24903,064271903,3.0
24908,064271904,3.0
24913,064271905,3.0
24918,064271906,3.0
24923,064271907,3.0
24928,064271908,3.0
24933,064271909,3.0
24938,064271910,3.0
24943,064271911,3.0
24947,064272001,2.0
24953,064272002,3.0
24958,064272003,3.0
24963,064272004,3.0
24967,064272005,3.0
24972,064272006,3.0
24977,064272007,3.0
24982,064272008,3.0
24987,064272009,3.0
24992,064272010,3.0
24997,064272011,3.0
25002,064272012,3.0
25006,064272013,3.0
25009,064272014,3.0
25014,064272015,3.0
25019,064272016,3.0
25022,064272101,2.0
25028,064272102,3.0
25033,064272103,3.0
25037,064272104,2.0
25042,064272105,2.0
25048,064272106,3.0
25052,064272107,2.0
25058,064272108,3.0
25062,064272109,2.0
25068,064272110,3.0
25073,064272111,3.0
25076,064272112,2.0
25081,064272113,2.0
25087,064272201,3.0
25091,064272202,2.0
25096,064272203,2.0
25102,064272204,3.0
25107,064272205,3.0
25111,064272206,2.0
25117,064272207,3.0
25121,064272208,2.0
25127,064272209,3.0
25132,064272301,3.0
25137,064272302,3.0
25142,064272303,3.0
25147,064272304,3.0
25152,064272305,3.0
25157,064272306,3.0
25162,064272307,3.0
25167,064272308,3.0
25171,064272309,2.0
25177,064272310,3.0
25182,064272311,3.0
25187,064272312,3.0
25192,064272401,3.0
25197,064272402,3.0
25202,064272403,3.0
25206,064272404,2.0
25212,064272405,3.0
25217,064272406,3.0
25221,064272407,2.0
25227,064272408,3.0
25231,064272409,2.0
25237,064272410,3.0
25241,064272411,2.0
25247,064272501,3.0
25252,064272502,3.0
25257,064272503,3.0
25262,064272504,3.0
25267,064272505,3.0
25272,064272506,3.0
25277,064272507,3.0
25282,064272508,3.0
25287,064272509,3.0
25292,064272510,3.0
25296,064272511,2.0
25301,064272512,2.0
25306,064272513,3.0
25311,064272514,3.0
25315,064272515,2.0
25320,064272516,2.0
25326,064272601,3.0
25331,064272602,3.0
25336,064272603,3.0
25341,064272604,3.0
25346,064272605,3.0
25351,064272606,3.0
25356,064272607,3.0
25361,064272608,3.0
25366,064272609,3.0
25371,064272610,3.0
25376,064272611,3.0
25381,064272612,3.0
25386,064272701,3.0
25391,064272702,3.0
25395,064272703,3.0
25400,064272704,3.0
25404,064272705,3.0
25409,064272706,3.0
25414,064272707,3.0
25419,064272708,3.0
25424,064272709,3.0
25429,064272801,3.0
25434,064272802,3.0
25439,064272803,3.0
25444,064272804,3.0
25449,064272805,3.0
25454,064272806,3.0
25459,064272807,3.0
25464,064272808,3.0
25469,064272809,3.0
25474,064272810,3.0
25479,064272811,3.0
25484,064272812,3.0
25489,064272813,3.0
25494,064272901,3.0
25499,064272902,3.0
25504,064272903,3.0
25509,064272904,3.0
25514,064272905,3.0
25519,064272906,3.0
25524,064272907,3.0
25529,064272908,3.0
25533,064272909,3.0
25538,064272910,3.0
25543,064272911,3.0
25548,064272912,3.0
25552,064272913,3.0
25557,064272914,3.0
25562,064272915,3.0
25567,064272916,3.0
25572,064273001,3.0
25577,064273002,3.0
25582,064273003,3.0
25587,064273004,3.0
25592,064273005,3.0
25597,064273006,3.0
25602,064273007,3.0
25607,064273008,3.0
25612,064273009,3.0
25617,064273010,3.0
25622,064273011,3.0
25627,064273012,3.0
25632,064273013,3.0
25637,064273014,3.0
25642,064273015,3.0
25646,064273101,3.0
25651,064273102,3.0
25656,064273103,3.0
25661,064273104,3.0
25666,064273105,3.0
25671,064273106,3.0
25676,064273107,3.0
25681,064273108,3.0
25686,064273109,3.0
25691,064273110,3.0
25695,064273111,3.0
25699,064273201,3.0
25704,064273202,3.0
25709,064273203,3.0
25714,064273204,3.0
25719,064273205,3.0
25724,064273206,3.0
25729,064273207,3.0
25734,064273208,3.0
25739,064273209,3.0
25744,064273210,3.0
25749,064273211,3.0
25754,064273212,3.0
25759,064273213,3.0
25764,064273301,3.0
25769,064273302,3.0
25774,064273303,3.0
25779,064273304,3.0
25784,064273305,3.0
25789,064273306,3.0
25794,064273307,3.0
25799,064273308,3.0
25804,064273309,3.0
25808,064273310,3.0
25813,064273311,3.0
25818,064273312,3.0
25823,064273313,3.0
25828,064273314,3.0
25833,064273315,3.0
25838,064273401,3.0
25843,064273402,3.0
25848,064273403,3.0
25853,064273404,3.0
25858,064273405,3.0
25863,064273406,3.0
25868,064273407,3.0
25873,064273408,3.0
25877,064273409,3.0
25882,064273410,3.0
25887,064273411,3.0
25891,064273412,3.0
25896,064273413,3.0
25901,064273414,3.0
25906,064273415,3.0
25911,064273416,3.0
25915,064273417,3.0
25919,064273418,3.0
25924,064273419,3.0
25929,064273501,3.0
25934,064273502,3.0
25939,064273503,3.0
25943,064273504,3.0
25948,064273505,3.0
25953,064273506,3.0
25958,064273507,3.0
25963,064273508,3.0
25968,064273509,3.0
25973,064273510,3.0
25978,064273511,3.0
25983,064273512,3.0
25988,064273513,3.0
25993,064273514,3.0
25998,064273515,3.0
26003,064273516,3.0
26008,064273517,3.0
26013,064273518,3.0
26018,064273601,3.0
26022,064273602,3.0
26027,064273603,3.0
26032,064273604,3.0
26036,064273605,3.0
26041,064273606,3.0
26046,064273607,3.0
26051,064273608,3.0
26056,064273609,3.0
26061,064273610,3.0
26066,064273611,3.0
26070,064273612,3.0
26075,064273613,3.0
26080,064273614,3.0
26085,064273615,3.0
26090,064273616,3.0
26095,064273617,3.0
26100,064273701,3.0
26105,064273702,3.0
26110,064273703,3.0
26115,064273704,3.0
26120,064273705,3.0
26125,064273706,3.0
26130,064273707,3.0
26135,064273708,3.0
26140,064273709,3.0
26145,064273710,3.0
26150,064273711,3.0
26155,064273712,3.0
26159,064273801,2.0
26165,064273802,3.0
26170,064273803,3.0
26174,064273804,2.0
26180,064273805,3.0
26184,064273806,2.0
26189,064273807,2.0
26195,064273808,3.0
26200,064273809,3.0
26205,064273810,3.0
26209,064273811,2.0
26215,064273812,3.0
26220,064273901,3.0
26225,064273902,3.0
26230,064273903,3.0
26235,064273904,3.0
26239,064273905,2.0
26245,064273906,3.0
26249,064273907,2.0
26254,064273908,2.0
26258,064273909,3.0
26262,064273910,2.0
26268,064273911,3.0
26273,064273912,3.0
26277,064273913,2.0
26281,064274001,2.0
26286,064274002,2.0
26291,064274003,2.0
26296,064274004,2.0
26301,064274005,2.0
26306,064274006,2.0
26311,064274007,2.0
26317,064274008,3.0
26322,064274009,3.0
26326,064274010,2.0
26332,064274011,3.0
26337,064274012,3.0
26341,064274013,2.0
26347,064274101,3.0
26352,064274102,3.0
26357,064274103,3.0
26362,064274104,3.0
26367,064274105,3.0
26371,064274106,2.0
26376,064274107,2.0
26381,064274108,2.0
26386,064274109,2.0
26391,064274110,2.0
26397,064274111,3.0
26402,064274201,3.0
26407,064274202,3.0
26411,064274203,2.0
26416,064274204,2.0
26421,064274205,2.0
26427,064274206,3.0
26432,064274207,3.0
26436,064274208,2.0
26441,064274209,2.0
26447,064274210,3.0
26452,064274211,3.0
26456,064274212,2.0
26462,064274301,3.0
26467,064274302,3.0
26472,064274303,3.0
26477,064274304,3.0
26482,064274305,3.0
26486,064274306,3.0
26491,064274307,3.0
26496,064274308,3.0
26500,064274309,2.0
26505,064274310,3.0
26510,064274311,3.0
26515,064274312,3.0
26520,064274401,3.0
26524,064274402,2.0
26530,064274403,3.0
26535,064274404,3.0
26540,064274405,3.0
26545,064274406,3.0
26550,064274407,3.0
26555,064274408,3.0
26559,064274409,3.0
26564,064274410,3.0
26569,064274411,3.0
26574,064274412,3.0
26579,064274501,3.0
26584,064274502,3.0
26589,064274503,3.0
26594,064274504,3.0
26599,064274505,3.0
26604,064274506,3.0
26609,064274507,3.0
26614,064274508,3.0
26619,064274509,3.0
26624,064274510,3.0
26629,064274511,3.0
26634,064274512,3.0
26639,064274513,3.0
26643,064274514,2.0
26649,064274515,3.0
26654,064274601,3.0
26658,064274602,2.0
26664,064274603,3.0
26668,064274604,2.0
26674,064274605,3.0
26679,064274606,3.0
26683,064274607,2.0
26688,064274608,2.0
26693,064274609,2.0
26699,064274610,3.0
26702,064274611,2.0
26708,064274612,3.0
26713,064274613,3.0
26718,064274701,3.0
26723,064274702,3.0
26727,064274703,2.0
26733,064274704,3.0
26737,064274705,2.0
26743,064274706,3.0
26747,064274707,2.0
26753,064274708,3.0
26758,064274709,3.0
26763,064274710,3.0
26768,064274711,3.0
26773,064274712,3.0
26777,064274801,2.0
26782,064274802,2.0
26787,064274803,2.0
26792,064274804,2.0
26798,064274805,3.0
26802,064274806,2.0
26807,064274807,2.0
26812,064274808,2.0
26817,064274809,2.0
26822,064274810,2.0
26827,064274811,2.0
26833,064274812,3.0
26837,064274813,2.0
26842,064274814,2.0
26847,064274815,2.0
26852,064274816,2.0
26857,064274901,2.0
26862,064274902,2.0
26867,064274903,2.0
26872,064274904,2.0
26877,064274905,2.0
26882,064274906,2.0
26887,064274907,2.0
26893,064274908,3.0
26897,064274909,2.0
26902,064274910,2.0
26907,064274911,2.0
26911,064274912,2.0
26917,064274913,3.0
26921,064274914,2.0
26927,064275001,3.0
26932,064275002,3.0
26937,064275003,3.0
26942,064275004,3.0
26947,064275005,3.0
26952,064275006,3.0
26957,064275007,3.0
26961,064275008,3.0
26966,064275009,3.0
26970,064275010,3.0
26975,064275011,3.0
26980,064275012,3.0
26985,064275013,3.0
26989,064275014,3.0
26994,064275101,3.0
26999,064275102,3.0
27004,064275103,3.0
27009,064275104,3.0
27014,064275105,3.0
27019,064275106,3.0
27023,064275107,2.0
27029,064275108,3.0
27034,064275109,3.0
27039,064275110,3.0
27044,064275111,3.0
27049,064275112,3.0
27054,064275113,3.0
27059,064275114,3.0
27063,064275115,2.0
27067,064275116,3.0
27072,064275117,3.0
27077,064275118,3.0
27081,064275201,2.0
27086,064275202,2.0
27091,064275203,2.0
27096,064275204,2.0
27101,064275205,2.0
27106,064275206,2.0
27111,064275207,2.0
27116,064275208,2.0
27121,064275209,2.0
27126,064275210,2.0
27131,064275211,2.0
27136,064275212,2.0
27141,064275213,2.0
27146,064275214,2.0
27150,064275215,2.0
27155,064275216,2.0
27159,064275217,2.0
27164,064275301,2.0
27169,064275302,2.0
27174,064275303,2.0
27179,064275304,2.0
27184,064275305,2.0
27189,064275306,2.0
27193,064275307,2.0
27198,064275308,2.0
27203,064275309,2.0
27207,064275310,2.0
27212,064275311,2.0
27217,064275312,2.0
27222,064275313,2.0
27227,064275401,2.0
27232,064275402,2.0
27237,064275403,2.0
27243,064275404,3.0
27248,064275405,3.0
27253,064275406,3.0
27257,064275407,2.0
27263,064275408,3.0
27267,064275409,2.0
27273,064275410,3.0
27278,064275411,3.0
27283,064275412,3.0
27287,064275413,2.0
27293,064275501,3.0
27298,064275502,3.0
27303,064275503,3.0
27308,064275504,3.0
27313,064275505,3.0
27318,064275506,3.0
27323,064275507,3.0
27328,064275508,3.0
27333,064275509,3.0
27338,064275510,3.0
27343,064275511,3.0
27348,064275512,3.0
27353,064275513,3.0
27358,064275514,3.0
27363,064275515,3.0
27367,064275601,2.0
27372,064275602,2.0
27377,064275603,2.0
27382,064275604,2.0
27388,064275605,3.0
27391,064275606,2.0
27397,064275607,3.0
27402,064275608,3.0
27407,064275609,3.0
27412,064275610,3.0
27417,064275611,3.0
27422,064275612,3.0
27427,064275613,3.0
27432,064275614,3.0
27437,064275701,3.0
27441,064275702,2.0
27447,064275703,3.0
27451,064275704,2.0
27456,064275705,2.0
27461,064275706,2.0
27466,064275707,2.0
27471,064275708,2.0
27476,064275709,2.0
27481,064275710,2.0
27487,064275711,3.0
27491,064275712,2.0
27496,064275713,2.0
27501,064275714,2.0
27506,064275715,2.0
27511,064275716,2.0
27516,064275717,2.0
27522,064275801,3.0
27526,064275802,2.0
27531,064275803,2.0
27536,064275804,2.0
27541,064275805,2.0
27546,064275806,2.0
27551,064275807,2.0
27556,064275808,2.0
27562,064275809,3.0
27566,064275810,2.0
27571,064275811,2.0
27575,064275812,2.0
27580,064275813,2.0
27585,064275814,2.0
27590,064275815,2.0
27596,064275816,3.0
27600,064275901,2.0
27605,064275902,2.0
27610,064275903,2.0
27615,064275904,2.0
27621,064275905,3.0
27625,064275906,2.0
27631,064275907,3.0
27635,064275908,2.0
27640,064275909,2.0
27645,064275910,2.0
27650,064275911,2.0
27655,064275912,2.0
27660,064275913,2.0
27665,064275914,2.0
27670,064275915,2.0
27675,064276001,2.0
27680,064276002,2.0
27685,064276003,2.0
27691,064276004,3.0
27695,064276005,2.0
27700,064276006,2.0
27705,064276007,2.0
27710,064276008,2.0
27715,064276009,2.0
27720,064276010,2.0
27725,064276011,2.0
27730,064276012,2.0
27735,064276013,2.0
27741,064276014,3.0
27745,064276015,2.0
27750,064276016,2.0
27756,064276017,3.0
27760,064276018,2.0
27765,064276019,2.0
27770,064276020,2.0
27776,064276101,3.0
27780,064276102,2.0
27786,064276103,3.0
27791,064276104,3.0
27795,064276105,2.0
27800,064276106,2.0
27805,064276107,2.0
27810,064276108,2.0
27815,064276109,2.0
27820,064276110,2.0
27825,064276111,2.0
27830,064276112,2.0
27835,064276113,2.0
27840,064276114,2.0
27845,064276115,2.0
27850,064276116,2.0
27855,064276117,2.0
27861,064276201,3.0
27865,064276202,2.0
27871,064276203,3.0
27875,064276204,2.0
27880,064276205,2.0
27886,064276206,3.0
27891,064276207,3.0
27895,064276208,2.0
27901,064276209,3.0
27906,064276210,3.0
27910,064276211,2.0
27915,064276212,2.0
27920,064276213,2.0
27925,064276214,2.0
27930,064276215,3.0
27934,064276216,2.0
27939,064276301,2.0
27945,064276302,3.0
27950,064276303,3.0
27954,064276304,2.0
27959,064276305,2.0
27964,064276306,2.0
27969,064276307,2.0
27975,064276308,3.0
27980,064276309,3.0
27985,064276310,3.0
27989,064276311,2.0
27994,064276312,2.0
28000,064276313,3.0
28004,064276314,2.0
28009,064276315,3.0
28013,064276401,2.0
28018,064276402,2.0
28023,064276403,2.0
28028,064276404,2.0
28033,064276405,2.0
28037,064276406,2.0
28042,064276407,2.0
28047,064276408,2.0
28052,064276409,2.0
28057,064276410,2.0
28062,064276411,2.0
28067,064276412,2.0
28072,064276413,2.0
28077,064276414,2.0
28082,064276415,2.0
28087,064276416,2.0
28093,064276417,3.0
28097,064276501,2.0
28102,064276502,2.0
28107,064276503,2.0
28112,064276504,2.0
28117,064276505,2.0
28121,064276506,2.0
28126,064276507,2.0
28131,064276508,2.0
28136,064276509,2.0
28141,064276510,2.0
28146,064276511,2.0
28151,064276512,2.0
28156,064276513,2.0
28161,064276514,2.0
28167,064276515,3.0
28171,064276516,2.0
28176,064276517,2.0
28181,064276518,2.0
28187,064276519,3.0
28190,064276601,2.0
28195,064276602,2.0
28199,064276603,2.0
28204,064276604,2.0
28209,064276605,2.0
28214,064276606,2.0
28219,064276607,2.0
28224,064276608,2.0
28229,064276609,2.0
28234,064276610,2.0
28239,064276611,2.0
28244,064276612,2.0
28249,064276701,2.0
28254,064276702,2.0
28259,064276703,2.0
28264,064276704,2.0
28269,064276705,2.0
28274,064276706,2.0
28279,064276707,2.0
28284,064276708,2.0
28289,064276709,2.0
28294,064276710,2.0
28300,064276711,3.0
28304,064276712,2.0
28309,064276713,2.0
28314,064276714,2.0
28319,064276715,2.0
28324,064276716,2.0
28329,064276717,2.0
28334,064276718,2.0
28339,064276719,2.0
28344,064276720,2.0
28349,064276721,2.0
28354,064276722,2.0
28359,064276801,2.0
28364,064276802,2.0
28370,064276803,3.0
28375,064276804,3.0
28379,064276805,3.0
28384,064276806,3.0
28389,064276807,3.0
28393,064276808,3.0
28398,064276809,3.0
28403,064276810,3.0
28408,064276811,3.0
28412,064276901,3.0
28417,064276902,3.0
28421,064276903,2.0
28426,064276904,2.0
28432,064276905,3.0
28436,064276906,2.0
28441,064276907,2.0
28447,064276908,3.0
28452,064276909,3.0
28457,064276910,3.0
28462,064276911,3.0
28467,064276912,3.0
28471,064276913,2.0
28476,064276914,2.0
28481,064276915,2.0
28486,064276916,2.0
28491,064276917,2.0
28496,064276918,2.0
28501,064276919,2.0
28506,064276920,2.0
28512,064277001,3.0
28516,064277002,2.0
28522,064277003,3.0
28527,064277004,3.0
28531,064277005,2.0
28537,064277006,3.0
28542,064277007,3.0
28547,064277008,3.0
28551,064277009,2.0
28556,064277010,2.0
28562,064277011,3.0
28567,064277012,3.0
28571,064277013,2.0
28577,064277014,3.0
28581,064277015,2.0
28587,064277016,3.0
28592,064277017,3.0
28596,064277018,2.0
28601,064277101,2.0
28605,064277102,2.0
28611,064277103,3.0
28615,064277104,2.0
28620,064277105,2.0
28625,064277106,2.0
28630,064277107,2.0
28635,064277108,2.0
28641,064277109,3.0
28645,064277110,2.0
28650,064277111,2.0
28655,064277112,2.0
28660,064277113,2.0
28665,064277114,2.0
28670,064277115,2.0
28675,064277116,2.0
28680,064277117,2.0
28685,064277118,2.0
28690,064277119,2.0
28695,064277201,2.0
28700,064277202,2.0
28704,064277203,2.0
28709,064277204,2.0
28714,064277205,2.0
28720,064277206,3.0
28724,064277207,2.0
28729,064277208,2.0
28734,064277209,2.0
28739,064277210,2.0
28744,064277211,2.0
28749,064277212,2.0
28754,064277213,2.0
28759,064277214,2.0
28764,064277215,2.0
28768,064277301,2.0
28773,064277302,2.0
28778,064277303,2.0
28783,064277304,2.0
28788,064277305,2.0
28793,064277306,2.0
28798,064277307,2.0
28803,064277308,2.0
28808,064277309,2.0
28814,064277310,3.0
28818,064277311,2.0
28823,064277312,2.0
28828,064277313,2.0
28833,064277314,2.0
28838,064277315,2.0
28844,064277316,3.0
28848,064277317,2.0
28853,064277318,2.0
28858,064277319,2.0
28864,064277320,3.0
28868,064277321,2.0
28873,064277322,2.0
28878,064277401,2.0
28883,064277402,2.0
28888,064277403,2.0
28893,064277404,2.0
28898,064277405,2.0
28903,064277406,2.0
28907,064277407,2.0
28912,064277408,2.0
28917,064277409,2.0
28922,064277410,2.0
28926,064277411,2.0
28931,064277412,2.0
28936,064277413,2.0
28941,064277414,2.0
28946,064277415,2.0
28951,064277416,2.0
28956,064277417,2.0
28961,064277418,2.0
28966,064277419,2.0
28971,064277420,2.0
28976,064277421,2.0
28981,064277422,2.0
28986,064277423,2.0
28991,064277424,2.0
28996,064277501,2.0
29001,064277502,2.0
29006,064277503,2.0
29011,064277504,2.0
29016,064277505,2.0
29021,064277506,2.0
29026,064277507,2.0
29031,064277508,2.0
29036,064277509,2.0
29041,064277510,2.0
29046,064277511,2.0
29051,064277512,2.0
29056,064277513,2.0
29061,064277514,2.0
29066,064277515,2.0
29071,064277516,2.0
29076,064277517,2.0
29081,064277518,2.0
29086,064277519,2.0
29091,064277520,2.0
29096,064277521,2.0
29101,064277522,2.0
29106,064277523,2.0
29111,064277524,2.0
29117,064277525,3.0
29121,064277526,2.0
29126,064277527,2.0
29131,064277528,2.0
29136,064277529,2.0
29141,064277530,2.0
29146,064277531,2.0
29152,064277532,3.0
29156,064277601,2.0
29161,064277602,2.0
29166,064277603,2.0
29171,064277604,2.0
29176,064277605,2.0
29181,064277606,2.0
29186,064277607,2.0
29192,064277608,3.0
29196,064277609,2.0
29200,064277610,2.0
29205,064277611,2.0
29210,064277612,2.0
29215,064277613,2.0
29220,064277614,2.0
29225,064277615,2.0
29230,064277616,2.0
29235,064277617,2.0
29240,064277618,2.0
29245,064277619,2.0
29250,064277620,2.0
29255,064277621,2.0
29261,064277622,3.0
29266,064277623,3.0
29270,064277624,2.0
29275,064277625,2.0
29280,064277626,2.0
29285,064277627,2.0
29290,064277701,2.0
29295,064277702,2.0
29300,064277703,2.0
29306,064277704,3.0
29310,064277705,2.0
29315,064277706,2.0
29320,064277707,2.0
29325,064277708,2.0
29331,064277709,3.0
29335,064277710,2.0
29340,064277711,2.0
29346,064277712,3.0
29350,064277713,2.0
29355,064277714,2.0
29360,064277715,2.0
29365,064277716,2.0
29371,064277717,3.0
29375,064277718,2.0
29381,064277719,3.0
29385,064277720,2.0
29390,064277721,2.0
29395,064277801,2.0
29400,064277802,2.0
29405,064277803,2.0
29410,064277804,2.0
29415,064277805,2.0
29421,064277806,3.0
29425,064277807,2.0
29430,064277808,2.0
29435,064277809,2.0
29440,064277810,2.0
29445,064277811,2.0
29450,064277812,2.0
29455,064277813,2.0
29460,064277814,2.0
29465,064277901,2.0
29470,064277902,2.0
29474,064277903,2.0
29479,064277904,2.0
29484,064277905,2.0
29489,064277906,2.0
29494,064277907,2.0
29499,064277908,2.0
29504,064277909,2.0
29509,064277910,2.0
29514,064277911,2.0
29519,064277912,2.0
29524,064277913,2.0
29529,064278001,2.0
29534,064278002,2.0
29539,064278003,2.0
29544,064278004,2.0
29549,064278005,2.0
29554,064278006,2.0
29559,064278007,2.0
29564,064278008,2.0
29569,064278009,2.0
29574,064278010,2.0
29579,064278011,2.0
29584,064278012,2.0
29589,064278013,2.0
29594,064278014,2.0
29598,064278015,2.0
29603,064278016,2.0
29608,064278017,2.0
29612,064278018,2.0
29617,064278019,2.0
29622,064340101,2.0
29628,064340102,3.0
29633,064340103,3.0
29638,064340104,3.0
29643,064340105,3.0
29648,064340106,3.0
29653,064340107,3.0
29657,064340108,3.0
29662,064340109,3.0
29667,064340110,3.0
29672,064340111,3.0
29677,064340112,3.0
29681,064340113,2.0
29687,064340201,3.0
29692,064340202,3.0
29697,064340203,3.0
29702,064340204,3.0
29707,064340205,3.0
29712,064340206,3.0
29717,064340207,3.0
29722,064340208,3.0
29727,064340209,3.0
29731,064340210,3.0
29736,064340211,3.0
29741,064340212,3.0
29746,064340301,3.0
29751,064340302,3.0
29756,064340303,3.0
29761,064340304,3.0
29766,064340305,3.0
29771,064340306,3.0
29776,064340307,3.0
29781,064340308,3.0
29785,064340309,3.0
29790,064340310,3.0
29795,064340401,3.0
29800,064340402,3.0
29805,064340403,3.0
29810,064340404,3.0
29815,064340405,3.0
29820,064340406,3.0
29825,064340407,3.0
29830,064340408,3.0
29835,064340409,3.0
29840,064340410,3.0
29845,064340501,3.0
29850,064340502,3.0
29855,064340503,3.0
29860,064340504,3.0
29865,064340505,3.0
29869,064340506,3.0
29874,064340507,3.0
29879,064340508,3.0
29884,064340509,3.0
29889,064340510,3.0
29894,064340601,3.0
29899,064340602,3.0
29904,064340603,3.0
29909,064340604,3.0
29914,064340605,3.0
29919,064340606,3.0
29924,064340607,3.0
29929,064340608,3.0
29933,064340609,2.0
29938,064340701,2.0
29944,064340702,3.0
29949,064340703,3.0
29954,064340704,3.0
29958,064340705,2.0
29963,064340706,2.0
29969,064340707,3.0
29973,064340708,2.0
29979,064340709,3.0
29984,064340710,3.0
29988,064340711,2.0
29993,064340712,2.0
29998,064340801,2.0
30003,064340802,2.0
30007,064340803,2.0
30012,064340804,2.0
30017,064340805,2.0
30022,064340806,2.0
30027,064340807,2.0
30032,064340808,2.0
30037,064340901,2.0
30042,064340902,2.0
30047,064340903,2.0
30052,064340904,2.0
30057,064340905,2.0
30062,064340906,2.0
30067,064340907,2.0
30072,064340908,2.0
30077,064340909,2.0
30083,064341001,3.0
30088,064341002,3.0
30093,064341003,3.0
30098,064341004,3.0
30103,064341005,3.0
30108,064341006,3.0
30112,064341007,2.0
30118,064341008,3.0
30123,064341009,3.0
30128,064341010,3.0
30132,064341011,2.0
30138,064341012,3.0
30143,064341101,3.0
30147,064341102,2.0
30152,064341103,2.0
30157,064341104,2.0
30162,064341105,2.0
30167,064341106,2.0
30173,064341107,3.0
30178,064341108,3.0
30182,064341109,2.0
30188,064341110,3.0
30193,064341111,3.0
30198,064341112,3.0
30202,064341113,2.0
30207,064341114,2.0
30212,064341201,3.0
30217,064341202,3.0
30222,064341203,3.0
30227,064341204,3.0
30232,064341205,3.0
30237,064341206,3.0
30242,064341207,3.0
30247,064341208,3.0
30252,064341301,3.0
30257,064341302,3.0
30262,064341303,3.0
30267,064341304,3.0
30272,064341305,3.0
30277,064341306,3.0
30282,064341307,3.0
30287,064341308,3.0
30292,064341309,3.0
30297,064341310,3.0
30302,064341311,3.0
30306,064341312,2.0
30312,064341401,3.0
30317,064341402,3.0
30322,064341403,3.0
30327,064341404,3.0
30332,064341405,3.0
30337,064341406,3.0
30342,064341407,3.0
30347,064341408,3.0
30352,064341501,3.0
30357,064341502,3.0
30362,064341503,3.0
30367,064341504,3.0
30372,064341505,3.0
30377,064341506,3.0
30381,064341507,3.0
30386,064341508,3.0
30391,064341601,3.0
30396,064341602,3.0
30401,064341603,3.0
30406,064341604,3.0
30411,064341605,3.0
30416,064341606,3.0
30420,064341607,3.0
30425,064341701,3.0
30430,064341702,3.0
30435,064341703,3.0
30440,064341704,3.0
30445,064341705,3.0
30450,064341706,3.0
30455,064341707,3.0
30460,064341708,3.0
30465,064341709,3.0
30470,064341710,3.0
30475,064341711,3.0
30480,064341801,3.0
30485,064341802,3.0
30490,064341803,3.0
30495,064341804,3.0
30500,064341805,3.0
30504,064341806,3.0
30509,064341807,3.0
30514,064341808,3.0
30519,064341809,3.0
30524,064341810,3.0
30529,064341901,3.0
30534,064341902,3.0
30539,064341903,3.0
30544,064341904,3.0
30549,064341905,3.0
30554,064341906,3.0
30559,064341907,3.0
30564,064341908,3.0
30569,064341909,3.0
30574,064341910,3.0
30579,064341911,3.0
30583,064342001,3.0
30588,064342002,3.0
30593,064342003,3.0
30598,064342004,3.0
30602,064342005,3.0
30607,064342006,3.0
30612,064342007,3.0
30617,064342008,3.0
30622,064342009,3.0
30627,064342010,3.0
30632,064342011,3.0
30637,064342101,3.0
30642,064342102,3.0
30647,064342103,3.0
30652,064342104,3.0
30657,064342105,3.0
30662,064342106,3.0
30667,064342107,3.0
30672,064342108,3.0
30677,064342109,3.0
30682,064342110,3.0
30687,064342111,3.0
30691,064342112,3.0
30696,064342113,3.0
30700,064342201,2.0
30705,064342202,2.0
30710,064342203,2.0
30716,064342204,3.0
30720,064342205,2.0
30725,064342206,2.0
30730,064342207,2.0
30736,064342208,3.0
30740,064342301,2.0
30745,064342302,2.0
30750,064342303,2.0
30755,064342304,2.0
30760,064342305,2.0
30765,064342306,2.0
30770,064342307,2.0
30776,064342401,3.0
30780,064342402,2.0
30786,064342403,3.0
30791,064342404,3.0
30796,064342405,3.0
30800,064342406,2.0
30806,064342407,3.0
30810,064342408,2.0
30816,064342409,3.0
30821,064342410,3.0
30825,064342501,2.0
30831,064342502,3.0
30836,064342503,3.0
30840,064342504,2.0
30845,064342505,2.0
30850,064342506,2.0
30856,064342507,3.0
30860,064342508,2.0
30865,064342509,2.0
30870,064342601,2.0
30875,064342602,2.0
30879,064342603,2.0
30884,064342604,2.0
30889,064342605,2.0
30894,064342606,2.0
30899,064342607,2.0
30903,064342608,2.0
30906,064342609,2.0
30911,064342610,2.0
30916,064342611,2.0
30921,064342612,2.0
30927,064342701,3.0
30931,064342702,2.0
30937,064342703,3.0
30941,064342704,2.0
30947,064342705,3.0
30952,064342706,3.0
30956,064342707,2.0
30962,064342708,3.0
30966,064342709,2.0
30971,064342710,2.0
30976,064342801,2.0
30981,064342802,2.0
30986,064342803,2.0
30991,064342804,2.0
30996,064342805,2.0
31001,064342806,2.0
31006,064342807,2.0
31011,064342808,2.0
31017,064342809,3.0
31022,064342810,3.0
31026,064342811,2.0
31031,064342812,2.0
31036,064342813,2.0
31041,064342814,2.0
31047,064342901,3.0
31052,064342902,3.0
31057,064342903,3.0
31062,064342904,3.0
31067,064342905,3.0
31072,064342906,3.0
31077,064342907,3.0
31082,064342908,3.0
31087,064342909,3.0
31092,064342910,3.0
31097,064342911,3.0
31102,064343001,3.0
31107,064343002,3.0
31112,064343003,3.0
31117,064343004,3.0
31122,064343005,3.0
31127,064343006,3.0
31132,064343007,3.0
31137,064343008,3.0
31142,064343009,3.0
31147,064343101,3.0
31152,064343102,3.0
31157,064343103,3.0
31162,064343104,3.0
31167,064343105,3.0
31172,064343106,3.0
31177,064343107,3.0
31182,064343108,3.0
31187,064343109,3.0
31191,064343201,3.0
31196,064343202,3.0
31201,064343203,3.0
31206,064343204,3.0
31211,064343205,3.0
31216,064343206,3.0
31221,064343207,3.0
31226,064343208,3.0
31230,064343301,2.0
31236,064343302,3.0
31241,064343303,3.0
31246,064343304,3.0
31251,064343305,3.0
31256,064343306,3.0
31261,064343307,3.0
31266,064343308,3.0
31271,064343401,3.0
31276,064343402,3.0
31281,064343403,3.0
31286,064343404,3.0
31291,064343405,3.0
31296,064343406,3.0
31300,064343407,2.0
31305,064343408,2.0
31311,064343409,3.0
31316,064343410,3.0
31321,064343411,3.0
31326,064343412,3.0
31331,064343413,3.0
31335,064343414,2.0
31341,064343415,3.0
31346,064343501,3.0
31351,064343502,3.0
31356,064343503,3.0
31360,064343504,2.0
31366,064343505,3.0
31371,064343506,3.0
31376,064343507,3.0
31380,064343508,2.0
31386,064343509,3.0
31390,064343510,2.0
31395,064343511,2.0
31400,064343512,2.0
31406,064343513,3.0
31410,064343514,2.0
31416,064343601,3.0
31421,064343602,3.0
31426,064343603,3.0
31430,064343604,3.0
31435,064343605,3.0
31440,064343606,3.0
31445,064343607,3.0
31450,064343608,3.0
31455,064343701,3.0
31460,064343702,3.0
31465,064343703,3.0
31470,064343704,3.0
31475,064343705,3.0
31480,064343706,3.0
31485,064343707,3.0
31490,064343708,3.0
31495,064343801,3.0
31500,064343802,3.0
31505,064343803,3.0
31510,064343804,3.0
31514,064343805,3.0
31519,064343806,3.0
31524,064343807,3.0
31529,064343808,3.0
31534,064343809,3.0
31539,064343810,3.0
31544,064343811,3.0
31549,064343812,3.0
31554,064343901,3.0
31559,064343902,3.0
31564,064343903,3.0
31569,064343904,3.0
31574,064343905,3.0
31579,064343906,3.0
31584,064343907,3.0
31589,064343908,3.0
31593,064343909,2.0
31599,064344001,3.0
31604,064344002,3.0
31608,064344003,3.0
31613,064344004,3.0
31617,064344005,3.0
31622,064344006,3.0
31627,064344007,3.0
31632,064344008,3.0
31637,064344101,3.0
31642,064344102,3.0
31647,064344103,3.0
31652,064344104,3.0
31657,064344105,3.0
31661,064344106,2.0
31667,064344107,3.0
31672,064344108,3.0
31676,064344201,2.0
31682,064344202,3.0
31687,064344203,3.0
31692,064344204,3.0
31697,064344205,3.0
31701,064344206,2.0
31707,064344207,3.0
31712,064344208,3.0
31717,064344301,3.0
31722,064344302,3.0
31727,064344303,3.0
31732,064344304,3.0
31737,064344305,3.0
31742,064344306,3.0
31747,064344307,3.0
31752,064344308,3.0
31756,064344401,2.0
31761,064344402,2.0
31766,064344403,2.0
31772,064344404,3.0
31776,064344405,2.0
31781,064344406,2.0
31786,064344407,3.0
31791,064344408,3.0
31796,064344409,3.0
31801,064344410,3.0
31806,064344411,3.0
31811,064344412,3.0
31816,064344413,3.0
31821,064344501,3.0
31825,064344502,2.0
31830,064344503,2.0
31836,064344504,3.0
31840,064344505,2.0
31845,064344506,2.0
31850,064344507,2.0
31855,064344508,2.0
31860,064344509,2.0
31865,064344510,2.0
31871,064344511,3.0
31875,064344512,2.0
31880,064344513,2.0
31886,064344601,3.0
31891,064344602,3.0
31895,064344603,2.0
31900,064344604,2.0
31905,064344605,2.0
31910,064344606,2.0
31915,064344607,2.0
31920,064344608,2.0
31925,064344701,2.0
31930,064344702,2.0
31935,064344703,2.0
31940,064344704,2.0
31945,064344705,2.0
31951,064344706,3.0
31955,064344707,2.0
31960,064344708,2.0
31965,064344709,2.0
31971,064344801,3.0
31976,064344802,3.0
31981,064344803,3.0
31985,064344804,3.0
31990,064344805,3.0
31995,064344806,3.0
32000,064344807,3.0
32005,064344808,3.0
32010,064344809,3.0
32015,064344901,3.0
32020,064344902,3.0
32025,064344903,3.0
32030,064344904,3.0
32035,064344905,3.0
32040,064344906,3.0
32045,064344907,3.0
32050,064344908,3.0
32055,064345001,3.0
32060,064345002,3.0
32065,064345003,3.0
32070,064345004,3.0
32075,064345005,3.0
32080,064345006,3.0
32085,064345007,3.0
32090,064345008,3.0
32095,064345101,3.0
32099,064345102,2.0
32104,064345103,2.0
32108,064345104,2.0
32111,064345105,2.0
32114,064345106,2.0
32120,064345107,3.0
32125,064345108,3.0
32130,064345109,3.0
32134,064345201,2.0
32139,064345202,2.0
32143,064345203,2.0
32147,064345204,2.0
32152,064345205,2.0
32157,064345206,2.0
32161,064345207,2.0
32166,064345208,2.0
32171,064345301,2.0
32176,064345302,2.0
32181,064345303,2.0
32186,064345304,2.0
32191,064345305,2.0
32196,064345306,2.0
32202,064345307,3.0
32206,064345308,2.0
32211,064345309,2.0
32216,064345401,2.0
32221,064345402,2.0
32226,064345403,2.0
32231,064345404,2.0
32236,064345405,2.0
32240,064345406,2.0
32245,064345407,2.0
32250,064345408,2.0
32255,064345409,2.0
32260,064345410,2.0
32265,064345411,2.0
32271,064345501,3.0
32275,064345502,3.0
32279,064345503,3.0
32284,064345504,3.0
32289,064345505,3.0
32294,064345506,3.0
32299,064345507,3.0
32304,064345508,3.0
32309,064345509,3.0
32314,064345601,3.0
32319,064345602,3.0
32324,064345603,3.0
32329,064345604,3.0
32334,064345605,3.0
32339,064345606,3.0
32344,064345607,3.0
32348,064900101,2.0
32353,064900102,2.0
32358,064900103,2.0
32363,064900104,2.0
32368,064900105,2.0
32373,064900106,2.0
32378,064900107,2.0
32383,064900108,2.0
32388,064900109,2.0
32393,064900110,2.0
32398,064900111,2.0
32402,064900112,2.0
32407,064900113,2.0
32412,064900114,2.0
32417,064900115,2.0
32421,064900201,2.0
32426,064900202,2.0
32431,064900203,2.0
32436,064900204,2.0
32441,064900205,2.0
32446,064900206,2.0
32451,064900207,2.0
32456,064900208,2.0
32461,064900209,2.0
32466,064900210,2.0
32471,064900301,2.0
32476,064900302,2.0
32481,064900303,2.0
32486,064900304,2.0
32491,064900305,2.0
32496,064900306,2.0
32501,064900307,2.0
32506,064900308,2.0
32511,064900309,2.0
32516,064900310,2.0
32521,064900311,2.0
32525,064900312,2.0
32530,064900313,2.0
32535,064900314,2.0
32540,064900315,2.0
32545,064900401,2.0
32550,064900402,2.0
32555,064900403,2.0
32560,064900404,2.0
32565,064900405,2.0
32570,064900406,2.0
32575,064900407,2.0
32580,064900408,2.0
32585,064900501,2.0
32590,064900502,2.0
32595,064900503,2.0
32600,064900504,2.0
32605,064900505,2.0
32611,064900506,3.0
32615,064900507,2.0
32620,064900508,2.0
32626,064900601,3.0
32631,064900602,3.0
32636,064900603,3.0
32640,064900604,3.0
32645,064900605,3.0
32650,064900606,3.0
32654,064900607,2.0
32660,064900608,3.0
32664,064900701,2.0
32669,064900702,2.0
32674,064900703,2.0
32679,064900704,2.0
32685,064900705,3.0
32690,064900706,3.0
32694,064900707,2.0
32700,064900708,3.0
32705,064900709,3.0
32709,064900710,2.0
32714,064900711,2.0
32719,064900712,2.0
32725,064900713,3.0
32730,064900714,3.0
32733,064900715,2.0
32739,064900801,3.0
32744,064900802,3.0
32749,064900803,3.0
32754,064900804,3.0
32758,064900805,3.0
32763,064900806,3.0
32768,064900807,3.0
32772,064900808,3.0
32777,064900809,3.0
32782,064900901,3.0
32787,064900902,3.0
32792,064900903,3.0
32797,064900904,3.0
32802,064900905,3.0
32807,064900906,3.0
32812,064900907,3.0
32817,064900908,3.0
32822,064900909,3.0
32827,064901001,3.0
32832,064901002,3.0
32837,064901003,3.0
32842,064901004,3.0
32847,064901005,3.0
32852,064901006,3.0
32857,064901007,3.0
32861,064901008,3.0
32865,064901009,3.0
32870,064901010,3.0
32875,064901101,3.0
32880,064901102,3.0
32885,064901103,3.0
32890,064901104,3.0
32895,064901105,3.0
32899,064901106,3.0
32904,064901107,3.0
32909,064901108,3.0
32914,064901109,3.0
32919,064901110,3.0
32923,064901111,3.0
32928,064901112,3.0
32933,064901113,3.0
32938,064901114,3.0
32943,064901201,3.0
32948,064901202,3.0
32953,064901203,3.0
32958,064901204,3.0
32963,064901205,3.0
32968,064901206,3.0
32973,064901207,3.0
32978,064901208,3.0
32983,064901209,3.0
32988,064901210,3.0
32993,064901211,3.0
32997,064901301,2.0
33003,064901302,3.0
33007,064901303,2.0
33013,064901304,3.0
33017,064901305,2.0
33022,064901306,2.0
33028,064901307,3.0
33033,064901308,3.0
33037,064901401,2.0
33043,064901402,3.0
33047,064901403,2.0
33052,064901404,2.0
33058,064901405,3.0
33063,064901406,3.0
33068,064901407,3.0
33073,064901408,3.0
33078,064901409,3.0
33082,064901410,2.0
33087,064901411,2.0
33092,064901412,2.0
33097,064901501,2.0
33102,064901502,2.0
33107,064901503,2.0
33112,064901504,2.0
33118,064901505,3.0
33122,064901506,2.0
33127,064901507,2.0
33132,064901508,2.0
33137,064901509,2.0
33142,064901510,2.0
33147,064901511,2.0
33152,064901601,2.0
33158,064901602,3.0
33162,064901603,2.0
33168,064901604,3.0
33172,064901605,2.0
33177,064901606,2.0
33183,064901607,3.0
33188,064901608,3.0
33193,064901609,3.0
33197,064901610,2.0
33202,064901611,2.0
33207,064901701,2.0
33212,064901702,2.0
33217,064901703,2.0
33222,064901704,2.0
33227,064901705,2.0
33233,064901706,3.0
33237,064901707,2.0
33243,064901708,3.0
33247,064901709,2.0
33253,064901710,3.0
33257,064901711,2.0
33262,064901712,2.0
33267,064901713,2.0
33273,064901801,3.0
33278,064901802,3.0
33283,064901803,3.0
33288,064901804,3.0
33293,064901805,3.0
33298,064901806,3.0
33303,064901807,3.0
33308,064901808,3.0
33313,064901901,3.0
33318,064901902,3.0
33323,064901903,3.0
33328,064901904,3.0
33332,064901905,3.0
33337,064901906,3.0
33342,064901907,3.0
33347,064901908,3.0
33352,064901909,3.0
33357,064901910,3.0
33362,064901911,3.0
33366,064901912,3.0
33371,064901913,3.0
33376,064902001,3.0
33381,064902002,3.0
33386,064902003,3.0
33391,064902004,3.0
33396,064902005,3.0
33401,064902006,3.0
33406,064902007,3.0
33411,064902008,3.0
33415,064902009,3.0
33420,064902101,3.0
33425,064902102,3.0
33430,064902103,3.0
33434,064902104,3.0
33439,064902105,3.0
33444,064902106,3.0
33449,064902107,3.0
33454,064902108,3.0
33459,064902109,3.0
33464,064902110,3.0
33469,064902111,3.0
33474,064902112,3.0
33479,064902201,3.0
33483,064902202,3.0
33488,064902203,3.0
33493,064902204,3.0
33498,064902205,3.0
33503,064902206,3.0
33508,064902207,3.0
33513,064902208,3.0
33518,064902209,3.0
33523,064902210,3.0
33528,064902211,3.0
33532,064902212,3.0
33537,064902213,3.0
33542,064902214,3.0
33547,064902215,3.0
33551,064902301,3.0
33556,064902302,3.0
33561,064902303,3.0
33566,064902304,3.0
33571,064902305,3.0
33576,064902306,3.0
33581,064902401,3.0
33586,064902402,3.0
33591,064902403,3.0
33596,064902404,3.0
33601,064902405,3.0
33606,064902406,3.0
33611,064902407,3.0
33616,064902501,3.0
33621,064902502,3.0
33626,064902503,3.0
33631,064902504,3.0
33636,064902505,3.0
33641,064902506,3.0
33646,064902507,3.0
33651,064902508,3.0
33656,064902601,3.0
33661,064902602,3.0
33665,064902603,3.0
33670,064902604,3.0
33675,064902605,3.0
33680,064902606,3.0
33685,064902607,3.0
33690,064902608,3.0
33695,064902609,3.0
33700,064902610,3.0
33705,064902611,3.0
33710,064902612,3.0
33715,064902613,3.0
33720,064902614,3.0
33723,064902701,2.0
33729,064902702,3.0
33734,064902703,3.0
33739,064902704,3.0
33744,064902705,3.0
33749,064902706,3.0
33754,064902707,3.0
33759,064902708,3.0
33764,064902709,3.0
33769,064902710,3.0
33774,064902711,3.0
33778,064902712,2.0
33784,064902713,3.0
33789,064902714,3.0
33793,064902801,2.0
33799,064902802,3.0
33804,064902803,3.0
33809,064902804,3.0
33814,064902805,3.0
33819,064902806,3.0
33824,064902807,3.0
33829,064902808,3.0
33834,064902809,3.0
33839,064902810,3.0
33844,064902811,3.0
33849,064902812,3.0
33853,064902901,2.0
33858,064902902,2.0
33863,064902903,2.0
33868,064902904,2.0
33873,064902905,2.0
33878,064902906,2.0
33883,064902907,2.0
33888,064902908,2.0
33894,064902909,3.0
33899,064902910,3.0
33904,064902911,3.0
33908,064903001,2.0
33913,064903002,2.0
33918,064903003,2.0
33924,064903004,3.0
33929,064903005,3.0
33933,064903006,2.0
33938,064903007,2.0
33943,064903008,2.0
33949,064903009,3.0
33954,064903010,3.0
33959,064903011,3.0
33963,064903101,2.0
33968,064903102,2.0
33973,064903103,2.0
33978,064903104,2.0
33983,064903105,2.0
33988,064903106,2.0
33993,064903107,2.0
33998,064903108,2.0
34003,064903109,2.0
34008,064903110,2.0
34013,064903111,2.0
34017,064903112,2.0
34022,064903201,2.0
34027,064903202,2.0
34032,064903203,2.0
34037,064903204,2.0
34042,064903205,2.0
34047,064903206,2.0
34052,064903207,2.0
34057,064903208,2.0
34062,064903209,2.0
34067,064903210,2.0
34072,064903211,2.0
34077,064903212,2.0
34082,064903213,2.0
34087,064903301,2.0
34092,064903302,2.0
34097,064903303,2.0
34102,064903304,2.0
34107,064903305,2.0
34112,064903306,2.0
34117,064903307,2.0
34122,064903308,2.0
34127,064903309,2.0
34132,064903310,2.0
34137,064903311,2.0
34142,064903401,2.0
34147,064903402,2.0
34152,064903403,2.0
34157,064903404,2.0
34162,064903405,2.0
34167,064903406,2.0
34172,064903407,2.0
34177,064903501,2.0
34182,064903502,2.0
34187,064903503,2.0
34191,064903504,2.0
34196,064903505,2.0
34201,064903506,2.0
34206,064903507,2.0
34211,064903508,2.0
34216,064903509,2.0
34222,064903510,3.0
34226,064903511,2.0
34231,064903512,2.0
34236,064903513,2.0
34240,064903601,2.0
34245,064903602,2.0
34250,064903603,2.0
34255,064903604,2.0
34260,064903605,2.0
34265,064903606,2.0
34270,064903607,2.0
34275,064903608,2.0
34280,064903609,2.0
34285,064903610,2.0
34290,064903611,2.0
34295,064903612,2.0
34300,064903701,2.0
34305,064903702,2.0
34310,064903703,2.0
34315,064903704,2.0
34320,064903705,2.0
34325,064903706,2.0
34330,064903707,2.0
34335,064903708,2.0
34340,064903709,2.0
34345,064903801,2.0
34350,064903802,2.0
34355,064903803,2.0
34360,064903804,2.0
34365,064903805,2.0
34370,064903806,2.0
34375,064903807,2.0
34381,064903808,3.0
34386,064903809,3.0
34390,064903810,2.0
34395,064903811,2.0
34400,064903812,2.0
34405,064903901,2.0
34409,064903902,2.0
34413,064903903,2.0
34418,064903904,2.0
34423,064903905,2.0
34428,064903906,2.0
34433,064903907,2.0
34438,064903908,2.0
34443,064903909,2.0
34448,064903910,2.0
34453,064903911,2.0
34458,064903912,2.0
34463,064904001,2.0
34468,064904002,2.0
34473,064904003,2.0
34478,064904004,2.0
34483,064904005,2.0
34488,064904006,2.0
34493,064904007,2.0
34498,064904008,2.0
34502,064904009,2.0
34507,064904010,2.0
34512,064904011,2.0
34517,064904012,2.0
34522,064904013,2.0
34527,064904014,2.0
34531,064904101,1.0
34537,064904102,3.0
34540,064904201,3.0
34545,064904202,3.0
34550,064904203,3.0
34555,064904204,3.0
34560,064904205,3.0
34565,064904206,3.0
34570,064904207,3.0
34575,064904208,3.0
34580,064904301,3.0
34584,064904302,3.0
34589,064904303,3.0
34594,064904304,3.0
34598,064904305,2.0
34601,064904306,2.0
34606,064904307,2.0
34611,064904308,2.0
34617,064904309,3.0
34622,064904310,3.0
34627,064904311,3.0
34632,064904312,3.0
34637,064904313,3.0
34642,064904314,3.0
34647,064904401,3.0
34651,064904402,3.0
34655,064904403,3.0
34660,064904404,3.0
34664,064904405,2.0
34670,064904406,3.0
34675,064904407,3.0
34680,064904408,3.0
34685,064904501,3.0
34690,064904502,3.0
34695,064904503,3.0
34700,064904504,3.0
34705,064904505,3.0
34710,064904506,3.0
34714,064904507,3.0
34718,064904508,3.0
34723,064904509,3.0
34728,064904601,3.0
34733,064904602,3.0
34738,064904603,3.0
34743,064904604,3.0
34748,064904605,3.0
34753,064904606,3.0
34758,064904607,3.0
34763,064904608,3.0
34768,064904609,3.0
34772,064904610,2.0
34777,064904611,3.0
34782,064904612,3.0
34787,064904701,3.0
34792,064904702,3.0
34796,064904703,3.0
34801,064904704,3.0
34806,064904705,3.0
34811,064904706,3.0
34816,064904707,3.0
34821,064904708,3.0
34826,064904709,3.0
34831,064904710,3.0
34836,064904711,3.0
34841,064904712,3.0
34846,064904713,3.0
34851,064904801,3.0
34857,064904802,4.0
34861,064904803,3.0
34866,064904804,3.0
34871,064904805,3.0
34875,064904806,3.0
34880,064904807,3.0
34885,064904808,3.0
34890,064904809,3.0
34895,064904810,3.0
34900,064904811,3.0
34904,064904812,3.0
34909,064904901,3.0
34914,064904902,3.0
34919,064904903,3.0
34924,064904904,3.0
34929,064904905,3.0
34933,064904906,3.0
34937,064904907,3.0
34942,064904908,3.0
34946,064904909,3.0
34951,064904910,3.0
34956,064904911,3.0
34960,064904912,3.0
34965,064904913,3.0
34970,064904914,3.0
34974,064905001,3.0
34978,064905002,3.0
34983,064905003,3.0
34988,064905004,3.0
34993,064905005,3.0
34998,064905006,3.0
35002,064905007,3.0
35007,064905008,3.0
35012,064905009,3.0
35017,064905010,3.0
35022,064905011,3.0
35026,064905101,3.0
35031,064905102,3.0
35036,064905103,3.0
35041,064905104,3.0
35046,064905105,3.0
35051,064905106,3.0
35056,064905107,3.0
35061,064905108,3.0
35066,064905109,3.0
35071,064905110,3.0
35076,064905111,3.0
35080,064905112,3.0
35084,064905201,2.0
35089,064905202,2.0
35094,064905203,2.0
35099,064905204,2.0
35104,064905205,2.0
35109,064905206,2.0
35114,064905207,2.0
35119,064905208,2.0
35124,064905209,2.0
35129,064905301,2.0
35134,064905302,2.0
35139,064905303,2.0
35144,064905304,2.0
35149,064905305,2.0
35154,064905306,2.0
35159,064905307,2.0
35164,064905308,2.0
35170,064905401,3.0
35174,064905402,3.0
35179,064905403,3.0
35184,064905404,3.0
35189,064905405,3.0
35194,064905406,3.0
35199,064905407,3.0
35204,064905501,3.0
35209,064905502,3.0
35214,064905503,3.0
35219,064905504,3.0
35224,064905505,3.0
35229,064905506,3.0
35234,064905601,3.0
35239,064905602,3.0
35244,064905603,3.0
35249,064905604,3.0
35254,064905605,3.0
35259,064905606,3.0
35264,064905607,3.0
35269,064905608,3.0
35274,064905609,3.0
35278,064905610,3.0
35283,064905611,3.0
35288,064905612,3.0
35292,064905613,3.0
35297,064905701,3.0
35302,064905702,3.0
35307,064905703,3.0
35312,064905704,3.0
35317,064905705,3.0
35322,064905706,3.0
35327,064905707,3.0
35332,064905708,3.0
35337,064905801,3.0
35342,064905802,3.0
35347,064905803,3.0
35352,064905804,3.0
35357,064905805,3.0
35361,064905806,2.0
35365,064905807,2.0
35370,064905808,2.0
35376,064905901,3.0
35381,064905902,3.0
35386,064905903,3.0
35392,064905904,4.0
35396,064905905,3.0
35400,064905906,3.0
35404,064905907,3.0
35409,064905908,3.0
35414,064905909,3.0
35419,064906001,3.0
35424,064906002,3.0
35429,064906003,3.0
35434,064906004,3.0
35438,064906005,3.0
35443,064906006,3.0
35448,064906007,3.0
35453,064906008,3.0
35456,064906101,2.0
35461,064906102,2.0
35466,064906103,2.0
35471,064906104,2.0
35476,064906105,2.0
35481,064906106,2.0
35486,064906107,2.0
35491,064906108,2.0
35496,064906109,2.0
35500,064906201,2.0
35505,064906202,2.0
35511,064906203,3.0
35515,064906204,2.0
35520,064906205,2.0
35525,064906206,2.0
35530,064906207,2.0
35535,064906208,2.0
35540,064906209,2.0
35545,064906210,2.0
35550,064906211,2.0
35555,064906212,2.0
35560,064906213,2.0
35565,064906214,2.0
35570,064906215,2.0
35575,064906216,2.0
35580,064906301,2.0
35585,064906302,2.0
35590,064906303,2.0
35595,064906304,2.0
35600,064906305,2.0
35605,064906306,2.0
35610,064906307,2.0
35615,064906308,2.0
35619,064906401,2.0
35624,064906402,2.0
35629,064906403,2.0
35634,064906404,2.0
35639,064906405,2.0
35644,064906406,2.0
35649,064906407,2.0
35654,064906408,2.0
35659,064906501,2.0
35665,064906502,3.0
35669,064906503,2.0
35674,064906504,2.0
35679,064906505,2.0
35684,064906506,2.0
35688,064906507,2.0
35693,064906508,2.0
35698,064906509,2.0
35703,064906510,2.0
35708,064906511,2.0
35713,064906512,2.0
35718,064906513,2.0
35723,064906601,2.0
35728,064906602,2.0
35733,064906603,2.0
35738,064906604,2.0
35743,064906605,2.0
35748,064906606,2.0
35753,064906607,2.0
35758,064906608,2.0
35763,064906609,2.0
35768,064906610,2.0
35773,064906611,2.0
35778,064906701,3.0
35783,064906702,3.0
35787,064906703,2.0
35793,064906704,3.0
35798,064906705,3.0
35803,064906706,3.0
35808,064906707,3.0
35813,065680101,3.0
35818,065680102,3.0
35823,065680103,3.0
35828,065680201,3.0
35833,065680202,3.0
35838,065680203,3.0
35843,065680204,3.0
35848,065680205,3.0
35853,065680206,3.0
35858,065680207,3.0
35863,065680208,3.0
35868,065680209,3.0
35873,065680210,3.0
35878,065680211,3.0
35883,065680212,3.0
35888,065680301,3.0
35893,065680302,3.0
35897,065680303,2.0
35902,065680304,2.0
35907,065680305,2.0
35912,065680306,2.0
35917,065680307,2.0
35922,065680308,2.0
35928,065680401,3.0
35933,065680402,3.0
35938,065680403,3.0
35943,065680404,3.0
35948,065680405,3.0
35953,065680406,3.0
35958,065680407,3.0
35963,065680408,3.0
35968,065680409,3.0
35973,065680410,3.0
35978,065680411,3.0
35982,065680412,3.0
35987,065680413,3.0
35992,065680414,3.0
35997,065680501,3.0
36002,065680502,3.0
36007,065680503,3.0
36012,065680504,3.0
36016,065680505,3.0
36020,065680506,3.0
36025,065680507,3.0
36030,065680508,3.0
36035,065680509,3.0
36039,065680510,3.0
36043,065680511,3.0
36047,065680512,3.0
36052,065680601,3.0
36056,065680602,3.0
36061,065680603,3.0
36065,065680604,3.0
36070,065680605,3.0
36075,065680606,3.0
36080,065680607,3.0
36085,065680701,3.0
36090,065680702,3.0
36095,065680703,3.0
36100,065680704,3.0
36105,065680705,3.0
36110,065680706,3.0
36114,065680707,3.0
36119,065680708,3.0
36124,065680709,3.0
36129,065680801,3.0
36133,065680802,3.0
36138,065680803,3.0
36143,065680804,3.0
36148,065680805,3.0
36153,065680806,3.0
36158,065680807,3.0
36163,065680808,3.0
36168,065680901,3.0
36173,065680902,3.0
36178,065680903,3.0
36183,065680904,3.0
36188,065680905,3.0
36193,065680906,3.0
36198,065680907,3.0
36203,065680908,3.0
36207,065680909,3.0
36212,065680910,3.0
36217,065680911,3.0
36222,065680912,3.0
36227,065680913,3.0
36232,065680914,3.0
36237,065681001,3.0
36242,065681002,3.0
36247,065681003,3.0
36252,065681004,3.0
36257,065681005,3.0
36262,065681006,3.0
36267,065681007,3.0
36272,065681008,3.0
36277,065681009,3.0
36282,065681101,3.0
36287,065681102,3.0
36292,065681103,3.0
36297,065681104,3.0
36302,065681105,3.0
36307,065681106,3.0
36311,065681107,3.0
36316,065681201,3.0
36321,065681202,3.0
36326,065681203,3.0
36330,065681204,3.0
36335,065681205,3.0
36340,065681206,3.0
36345,065681207,3.0
36350,065681208,3.0
36355,065681209,3.0
36360,065681210,3.0
36365,065681211,3.0
36370,065681301,3.0
36375,065681302,3.0
36379,065681303,3.0
36384,065681304,3.0
36389,065681305,3.0
36394,065681306,3.0
36398,065681307,3.0
36403,065681308,3.0
36408,065681309,3.0
36412,065681310,2.0
36417,065681401,3.0
36421,065681402,3.0
36426,065681403,3.0
36431,065681404,3.0
36436,065681405,3.0
36441,065681406,3.0
36446,065681407,3.0
36450,065681408,3.0
36455,065681409,3.0
36460,065681410,3.0
36465,065681411,3.0
36470,065681412,3.0
36475,065681501,3.0
36479,065681502,3.0
36484,065681503,3.0
36489,065681504,3.0
36494,065681505,3.0
36499,065681506,3.0
36504,065681507,3.0
36509,065681508,3.0
36514,065681509,3.0
36519,065681510,3.0
36524,065681601,3.0
36528,065681602,2.0
36534,065681603,3.0
36539,065681604,3.0
36544,065681605,3.0
36549,065681606,3.0
36554,065681607,3.0
36558,065681608,3.0
36563,065681609,3.0
36567,065681610,3.0
36572,065681611,3.0
36577,065681612,3.0
36582,065681613,3.0
36587,065681614,3.0
36591,065681701,3.0
36596,065681702,3.0
36601,065681703,3.0
36606,065681704,3.0
36611,065681705,3.0
36616,065681706,3.0
36621,065681707,3.0
36626,065681708,3.0
36631,065681709,3.0
36636,065681710,3.0
36641,065681711,3.0
36646,065681712,3.0
36651,065681713,3.0
36657,065681801,4.0
36661,065681802,3.0
36666,065681803,3.0
36671,065681804,3.0
36675,065681805,3.0
36680,065681806,3.0
36685,065681807,3.0
36689,065681808,3.0
36694,065681809,3.0
36699,065681901,3.0
36704,065681902,3.0
36709,065681903,3.0
36714,065681904,3.0
36719,065681905,3.0
36724,065681906,3.0
36729,065681907,3.0
36734,065681908,3.0
36739,065681909,3.0
36744,065681910,3.0
36749,065681911,3.0
36753,065682001,3.0
36758,065682002,3.0
36762,065682003,3.0
36767,065682004,3.0
36772,065682005,3.0
36777,065682006,3.0
36782,065682007,3.0
36787,065682101,3.0
36792,065682102,3.0
36796,065682103,3.0
36800,065682104,3.0
36805,065682105,3.0
36810,065682106,3.0
36815,065682107,3.0
36820,065682108,3.0
36825,065682201,3.0
36830,065682202,3.0
36835,065682203,3.0
36840,065682204,3.0
36845,065682205,3.0
36850,065682206,3.0
36855,065682207,3.0
36860,065682208,3.0
36865,065682209,3.0
36870,065682210,3.0
36875,065682211,3.0
36880,065682212,3.0
36885,065682213,3.0
36890,065682301,3.0
36895,065682302,3.0
36900,065682303,3.0
36905,065682304,3.0
36910,065682305,3.0
36915,065682306,3.0
36920,065682307,3.0
36925,065682308,3.0
36930,065682309,3.0
36935,065682310,3.0
36940,065682311,3.0
36945,065682312,3.0
36949,065682401,3.0
36954,065682402,3.0
36959,065682403,3.0
36964,065682404,3.0
36969,065682405,3.0
36974,065682406,3.0
36979,065682407,3.0
36984,065682408,3.0
36989,065682409,3.0
36993,065682410,3.0
36998,065682501,3.0
37003,065682502,3.0
37008,065682503,3.0
37013,065682504,3.0
37018,065682505,3.0
37023,065682506,3.0
37028,065682507,3.0
37033,065682508,3.0
37038,065682601,3.0
37043,065682602,3.0
37048,065682603,3.0
37053,065682604,3.0
37058,065682605,3.0
37062,065682606,3.0
37067,065682607,3.0
37072,065682608,3.0
37077,065682609,3.0
37082,065682610,3.0
37087,065682611,3.0
37092,065682612,3.0
37097,065682701,3.0
37101,065682702,2.0
37106,065682703,2.0
37112,065682704,3.0
37116,065682705,2.0
37122,065682706,3.0
37127,065682707,3.0
37132,065682708,3.0
37137,065682709,3.0
37142,065682710,3.0
37147,065682711,3.0
37152,065682712,3.0
37157,065682801,3.0
37162,065682802,3.0
37167,065682803,3.0
37171,065682804,2.0
37176,065682805,2.0
37181,065682806,2.0
37187,065682807,3.0
37191,065682808,2.0
37196,065682809,2.0
37201,065682810,2.0
37206,065682811,2.0
37212,065682812,3.0
37215,065682901,2.0
37220,065682902,3.0
37225,065682903,3.0
37230,065682904,3.0
37234,065682905,2.0
37239,065682906,2.0
37244,065682907,2.0
37249,065682908,2.0
37255,065682909,3.0
37259,065682910,2.0
37264,065682911,2.0
37269,065682912,2.0
37274,065682913,2.0
37279,065682914,2.0
37285,065683001,3.0
37290,065683002,3.0
37295,065683003,3.0
37299,065683004,2.0
37304,065683005,2.0
37310,065683006,3.0
37314,065683007,2.0
37319,065683008,2.0
37325,065683009,3.0
37328,065683010,2.0
37333,065683011,2.0
37339,065683012,3.0
37344,065683013,3.0
37348,065683014,2.0
37353,065683101,2.0
37358,065683102,2.0
37364,065683103,3.0
37369,065683104,3.0
37374,065683105,3.0
37378,065683106,3.0
37383,065683107,3.0
37388,065683201,3.0
37393,065683202,3.0
37398,065683203,3.0
37403,065683204,3.0
37408,065683205,3.0
37413,065683206,3.0
37418,065683207,3.0
37423,065683208,3.0
37428,065683209,3.0
37433,065683210,3.0
37438,065683211,3.0
37443,065683301,3.0
37447,065683302,3.0
37452,065683303,3.0
37457,065683304,3.0
37462,065683305,3.0
37466,065683306,3.0
37471,065683307,3.0
37476,065683308,3.0
37481,065683401,3.0
37486,065683402,3.0
37491,065683403,3.0
37496,065683404,3.0
37501,065683405,3.0
37506,065683406,3.0
37511,065683407,3.0
37516,065683408,3.0
37521,065683501,3.0
37525,065683502,3.0
37530,065683503,3.0
37535,065683504,3.0
37540,065683505,3.0
37545,065683506,3.0
37549,065683507,3.0
37554,065683508,3.0
37559,065683509,3.0
37563,065683601,3.0
37568,065683602,3.0
37573,065683603,3.0
37578,065683604,3.0
37583,065683605,3.0
37586,065683606,3.0
37590,065683607,3.0
37594,065683608,3.0
37599,065683609,3.0
37603,065683701,3.0
37608,065683702,3.0
37613,065683703,3.0
37617,065683704,3.0
37621,065683705,3.0
37626,065683706,3.0
37631,065683707,3.0
37636,065683708,3.0
37641,065683709,3.0
37646,065683801,3.0
37651,065683802,3.0
37655,065683803,3.0
37660,065683804,3.0
37665,065683805,3.0
37670,065683806,3.0
37675,065683807,3.0
37680,065683808,3.0
37685,065683901,3.0
37690,065683902,3.0
37695,065683903,3.0
37700,065683904,3.0
37705,065683905,3.0
37710,065683906,3.0
37715,065683907,3.0
37720,065683908,3.0
37725,065683909,3.0
37730,065683910,3.0
37735,065683911,3.0
37740,065683912,3.0
37745,065683913,3.0
37750,065683914,3.0
37755,065684001,3.0
37760,065684002,3.0
37764,065684003,2.0
37769,065684004,2.0
37775,065684005,3.0
37779,065684006,2.0
37784,065684007,2.0
37789,065684101,2.0
37794,065684102,2.0
37799,065684103,2.0
37804,065684104,2.0
37810,065684105,3.0
37814,065684106,2.0
37820,065684107,3.0
37826,067560101,4.0
37830,067560102,4.0
37834,067560103,4.0
37839,067560104,4.0
37843,067560105,3.0
37849,067560106,4.0
37854,067560107,4.0
37859,067560108,4.0
37862,067560109,3.0
37867,067560110,3.0
37872,067560201,3.0
37877,067560202,3.0
37881,067560203,3.0
37886,067560204,3.0
37891,067560205,3.0
37897,067560206,4.0
37902,067560207,4.0
37907,067560208,4.0
37911,067560209,3.0
37917,067560210,4.0
37921,067560301,3.0
37927,067560302,4.0
37931,067560303,3.0
37936,067560304,3.0
37941,067560305,3.0
37946,067560306,3.0
37952,067560307,4.0
37955,067560308,3.0
37960,067560309,3.0
37965,067560310,3.0
37970,067560311,3.0
37976,067560312,4.0
37980,067560401,3.0
37986,067560402,4.0
37991,067560403,4.0
37996,067560404,4.0
38001,067560405,4.0
38006,067560406,4.0
38011,067560407,4.0
38016,067560408,4.0
38021,067560501,4.0
38026,067560502,4.0
38031,067560503,4.0
38036,067560504,4.0
38041,067560505,4.0
38045,067560506,4.0
38050,067560507,4.0
38055,067560508,4.0
38060,067560509,4.0
38065,067560510,4.0
38069,067560601,3.0
38075,067560602,4.0
38078,067560603,3.0
38083,067560604,3.0
38089,067560605,4.0
38093,067560606,4.0
38097,067560607,3.0
38103,067560608,4.0
38107,067560609,3.0
38112,067560610,3.0
38118,067560611,4.0
38123,067560612,4.0
38127,067560701,3.0
38132,067560702,3.0
38136,067560703,3.0
38141,067560704,3.0
38146,067560705,3.0
38151,067560706,3.0
38155,067560707,3.0
38161,067560708,4.0
38166,067560709,4.0
38170,067560710,3.0
38175,067560711,3.0
38180,067560801,3.0
38185,067560802,3.0
38190,067560803,3.0
38195,067560804,3.0
38200,067560805,3.0
38205,067560806,3.0
38211,067560807,4.0
38215,067560808,3.0
38220,067560809,3.0
38225,067560901,3.0
38230,067560902,3.0
38235,067560903,3.0
38240,067560904,3.0
38245,067560905,3.0
38250,067560906,3.0
38255,067560907,3.0
38260,067560908,3.0
38265,067561001,3.0
38269,067561002,3.0
38273,067561003,3.0
38278,067561004,3.0
38283,067561005,3.0
38288,067561006,3.0
38293,067561007,3.0
38297,067561008,3.0
38301,067561009,3.0
38305,067561010,3.0
38309,067561011,3.0
38315,067561012,4.0
38319,067561101,3.0
38323,067561102,3.0
38328,067561103,3.0
38333,067561104,3.0
38339,067561105,4.0
38343,067561106,3.0
38348,067561201,3.0
38353,067561202,3.0
38358,067561203,3.0
38363,067561204,3.0
38368,067561205,3.0
38372,067561206,3.0
38376,067561207,3.0
38380,067561208,3.0
38385,067561209,3.0
38390,067561210,3.0
38396,067561211,4.0
38400,067561212,3.0
38405,067561301,3.0
38409,067561302,2.0
38414,067561303,2.0
38419,067561304,2.0
38424,067561305,2.0
38430,067561306,3.0
38435,067561307,3.0
38440,067561308,3.0
38445,067561309,3.0
38449,067561401,2.0
38454,067561402,2.0
38457,067561403,2.0
38462,067561404,2.0
38467,067561405,2.0
38473,067561406,3.0
38478,067561407,3.0
38483,067561408,3.0
38488,067561409,3.0
38493,067561410,3.0
38499,067561501,4.0
38503,067561502,3.0
38508,067561503,3.0
38513,067561504,3.0
38518,067561505,3.0
38523,067561506,3.0
38527,067561507,3.0
38532,067561508,3.0
38538,067561509,4.0
38542,067561510,3.0
38548,067561511,4.0
38553,067561512,4.0
38557,067561513,4.0
38561,067561514,3.0
38566,067561515,3.0
38571,067561601,3.0
38576,067561602,3.0
38581,067561603,4.0
38585,067561604,3.0
38591,067561605,4.0
38595,067561606,3.0
38600,067561607,3.0
38605,067561701,3.0
38610,067561702,3.0
38615,067561703,3.0
38620,067561704,3.0
38625,067561705,3.0
38630,067561706,3.0
38635,067561707,3.0
38640,067561708,3.0
38645,067561709,3.0
38650,067561710,3.0
38656,067561711,4.0
38660,067561801,3.0
38665,067561802,3.0
38670,067561803,3.0
38675,067561804,3.0
38680,067561805,3.0
38685,067561806,3.0
38690,067561807,3.0
38695,067561808,3.0
38700,067561809,3.0
38705,067561810,3.0
38710,067561811,3.0
38715,067561812,3.0
38720,067561901,3.0
38725,067561902,3.0
38730,067561903,3.0
38735,067561904,3.0
38740,067561905,3.0
38745,067561906,3.0
38750,067561907,3.0
38755,067561908,3.0
38760,067561909,3.0
38765,067561910,3.0
38770,067561911,3.0
38775,067562001,3.0
38780,067562002,3.0
38785,067562003,3.0
38790,067562004,3.0
38795,067562005,3.0
38800,067562006,3.0
38805,067562007,3.0
38810,067562008,3.0
38815,067562009,3.0
38820,067562010,3.0
38825,067562101,3.0
38829,067562102,2.0
38836,067562103,4.0
38841,067562104,4.0
38846,067562105,4.0
38851,067562106,4.0
38856,067562107,4.0
38861,067562108,4.0
38866,067562109,4.0
38870,067562110,3.0
38874,067562111,3.0
38880,067562112,4.0
38885,067562113,4.0
38888,067562201,2.0
38894,067562202,3.0
38899,067562203,3.0
38903,067562204,2.0
38908,067562205,2.0
38914,067562206,3.0
38918,067562301,2.0
38923,067562302,2.0
38929,067562303,3.0
38934,067562304,3.0
38939,067562305,3.0
38944,067562306,3.0
38949,067562307,3.0
38954,067562308,3.0
38958,067562309,2.0
38963,067562310,2.0
38968,067562311,2.0
38974,067562312,3.0
38979,067562313,3.0
38984,067562314,3.0
38989,067562401,3.0
38994,067562402,3.0
38999,067562403,3.0
39004,067562404,3.0
39009,067562405,3.0
39014,067562406,3.0
39019,067562407,3.0
39024,067562408,3.0
39029,067562409,3.0
39034,067562410,3.0
39039,067562411,3.0
39044,067562412,3.0
39049,067562413,3.0
39054,067562414,3.0
39058,067562415,3.0
39063,067562501,3.0
39067,067562502,2.0
39072,067562503,2.0
39078,067562504,3.0
39083,067562505,3.0
39087,067562506,3.0
39092,067562507,3.0
39097,067562508,3.0
39102,067562509,3.0
39107,067562510,3.0
39112,067562601,3.0
39117,067562602,3.0
39122,067562603,3.0
39127,067562604,3.0
39131,067562605,3.0
39136,067562606,3.0
39141,067562607,3.0
39146,067562608,3.0
39151,067562609,3.0
39156,067562610,3.0
39160,067562611,3.0
39164,067562701,2.0
39169,067562702,2.0
39174,067562703,2.0
39179,067562704,2.0
39184,067562705,2.0
39189,067562706,2.0
39195,067562707,3.0
39200,067562708,3.0
39205,067562709,3.0
39210,067562710,3.0
39215,067562711,3.0
39220,067562712,3.0
39224,067562713,2.0
39230,067562714,3.0
39235,067562801,3.0
39240,067562802,3.0
39245,067562803,3.0
39250,067562804,3.0
39255,067562805,3.0
39260,067562806,3.0
39265,067562807,3.0
39270,067562808,3.0
39275,067562809,3.0
39280,067562810,3.0
39285,067562901,3.0
39290,067562902,3.0
39295,067562903,3.0
39300,067562904,3.0
39305,067562905,3.0
39310,067562906,3.0
39315,067562907,3.0
39320,067562908,3.0
39325,067563001,3.0
39330,067563002,3.0
39335,067563003,3.0
39341,067563004,4.0
39344,067563005,3.0
39349,067563006,3.0
39354,067563007,3.0
39359,067563008,3.0
39365,067563009,4.0
39369,067563101,3.0
39374,067563102,3.0
39378,067563103,2.0
39385,067563104,4.0
39389,067563105,3.0
39394,067563106,3.0
39399,067563107,3.0
39403,067563108,2.0
39408,067563109,2.0
39414,067563201,3.0
39418,067563202,2.0
39423,067563203,2.0
39428,067563204,2.0
39433,067563205,2.0
39438,067563206,2.0
39443,067563207,2.0
39448,067563208,2.0
39453,067563209,2.0
39459,067563210,3.0
39463,067563211,2.0
39470,067563301,4.0
39474,067563302,4.0
39478,067563303,3.0
39484,067563304,4.0
39489,067563305,4.0
39494,067563306,4.0
39499,067563307,4.0
39503,067563308,3.0
39507,067563401,2.0
39513,067563402,3.0
39518,067563403,3.0
39523,067563404,3.0
39528,067563405,3.0
39533,067563406,3.0
39538,067563407,3.0
39543,067563501,3.0
39548,067563502,3.0
39553,067563503,3.0
39558,067563504,3.0
39563,067563505,3.0
39568,067563506,3.0
39573,067563507,3.0
39578,067563508,3.0
39583,067563509,3.0
39588,067563510,3.0
39592,068400101,2.0
39596,068400102,2.0
39601,068400103,2.0
39606,068400104,2.0
39611,068400105,2.0
39616,068400106,2.0
39621,068400107,2.0
39626,068400108,2.0
39630,068400109,2.0
39635,068400110,2.0
39640,068400111,2.0
39645,068400112,2.0
39650,068400113,2.0
39655,068400201,2.0
39660,068400202,2.0
39666,068400203,3.0
39670,068400204,2.0
39676,068400205,3.0
39681,068400206,3.0
39686,068400207,3.0
39690,068400208,2.0
39695,068400209,2.0
39700,068400210,2.0
39706,068400211,3.0
39710,068400212,2.0
39715,068400301,2.0
39720,068400302,2.0
39725,068400303,2.0
39730,068400304,2.0
39735,068400305,2.0
39740,068400306,2.0
39745,068400307,2.0
39750,068400401,2.0
39755,068400402,2.0
39759,068400403,2.0
39765,068400404,3.0
39769,068400405,2.0
39774,068400406,2.0
39779,068400407,2.0
39785,068400408,3.0
39789,068400409,2.0
39794,068400410,2.0
39799,068400411,2.0
39804,068400501,2.0
39810,068400502,3.0
39814,068400503,2.0
39820,068400504,3.0
39825,068400505,3.0
39830,068400506,3.0
39835,068400507,3.0
39839,068400508,3.0
39844,068400509,3.0
39849,068400510,3.0
39854,068400511,3.0
39859,068400512,3.0
39864,068400513,3.0
39869,068400514,3.0
39874,068400601,3.0
39879,068400602,3.0
39883,068400603,2.0
39888,068400604,2.0
39893,068400605,2.0
39898,068400606,2.0
39904,068400701,3.0
39909,068400702,3.0
39914,068400703,3.0
39918,068400704,3.0
39922,068400705,2.0
39927,068400706,3.0
39932,068400707,3.0
39937,068400801,3.0
39942,068400802,3.0
39947,068400803,3.0
39952,068400804,3.0
39957,068400805,3.0
39962,068400806,3.0
39967,068400807,3.0
39972,068400901,3.0
39977,068400902,3.0
39982,068400903,3.0
39987,068400904,3.0
39992,068400905,3.0
39996,068400906,3.0
40001,068400907,3.0
40006,068400908,3.0
40010,068400909,3.0
40015,068400910,3.0
40020,068401001,3.0
40025,068401002,3.0
40029,068401003,3.0
40034,068401004,3.0
40038,068401005,3.0
40043,068401006,3.0
40048,068401007,3.0
40053,068401008,3.0
40058,068401009,3.0
40063,068401010,3.0
40068,068401011,3.0
40073,068401012,3.0
40078,068401013,3.0
40083,068401014,3.0
40088,068401101,3.0
40093,068401102,3.0
40098,068401103,3.0
40103,068401104,3.0
40108,068401105,3.0
40113,068401106,3.0
40117,068401107,3.0
40122,068401108,3.0
40127,068401109,3.0
40132,068401110,3.0
40137,068401111,3.0
40142,068401112,3.0
40147,068401113,3.0
40151,068401114,3.0
40156,068401115,3.0
40161,068401201,3.0
40166,068401202,3.0
40171,068401203,3.0
40176,068401204,3.0
40180,068401205,3.0
40184,068401206,2.0
40188,068401207,3.0
40193,068401208,3.0
40198,068401209,3.0
40203,068401210,3.0
40208,068401211,3.0
40213,068401212,3.0
40218,068401301,3.0
40223,068401302,3.0
40228,068401303,3.0
40233,068401304,3.0
40238,068401305,3.0
40243,068401306,3.0
40248,068401307,3.0
40253,068401308,3.0
40258,068401309,3.0
40263,068401310,3.0
40268,068401401,3.0
40273,068401402,3.0
40278,068401403,3.0
40283,068401404,3.0
40288,068401405,3.0
40293,068401406,3.0
40298,068401407,3.0
40303,068401408,3.0
40308,068401409,3.0
40313,068401410,3.0
40318,068401411,3.0
40323,068401412,3.0
40328,068401501,3.0
40333,068401502,3.0
40337,068401503,3.0
40342,068401504,3.0
40347,068401505,3.0
40352,068401506,3.0
40357,068401507,3.0
40362,068401508,3.0
40367,068401509,3.0
40372,068401510,3.0
40377,068401511,3.0
40382,068401601,3.0
40387,068401602,3.0
40392,068401603,3.0
40397,068401604,3.0
40402,068401605,3.0
40407,068401606,3.0
40412,068401607,3.0
40417,068401608,3.0
40422,068401609,3.0
40427,068401701,3.0
40432,068401702,3.0
40437,068401703,3.0
40442,068401704,3.0
40447,068401705,3.0
40452,068401706,3.0
40457,068401707,3.0
40462,068401708,3.0
40467,068401709,3.0
40472,068401710,3.0
40477,068401711,3.0
40482,068401712,3.0
40486,068401713,3.0
40491,068401801,3.0
40496,068401802,3.0
40501,068401803,3.0
40506,068401804,3.0
40511,068401805,3.0
40516,068401806,3.0
40521,068401807,3.0
40526,068401808,3.0
40531,068401809,3.0
40536,068401810,3.0
40541,068401901,3.0
40546,068401902,3.0
40550,068401903,3.0
40555,068401904,3.0
40560,068401905,3.0
40565,068401906,3.0
40570,068401907,3.0
40575,068401908,3.0
40580,068402001,3.0
40585,068402002,3.0
40590,068402003,3.0
40594,068402004,3.0
40599,068402005,3.0
40604,068402006,3.0
40609,068402007,3.0
40614,068402008,3.0
40619,068402009,3.0
40624,068402010,3.0
40629,068402011,3.0
40634,068402012,3.0
40639,068402013,3.0
40644,068402101,3.0
40649,068402102,3.0
40654,068402103,3.0
40658,068402104,3.0
40662,068402105,3.0
40667,068402106,3.0
40672,068402107,3.0
40676,068402108,2.0
40681,068402109,2.0
40686,068402110,2.0
40690,068402201,2.0
40696,068402202,3.0
40700,068402203,2.0
40706,068402204,3.0
40711,068402205,3.0
40716,068402206,3.0
40721,068402207,3.0
40725,068402208,2.0
40730,068402301,3.0
40735,068402302,3.0
40739,068402303,2.0
40745,068402304,3.0
40750,068402305,3.0
40755,068402306,3.0
40759,068402307,2.0
40764,068402308,2.0
40770,068402309,3.0
40774,068402310,2.0
40780,068402311,3.0
40785,068402401,3.0
40790,068402402,3.0
40795,068402403,3.0
40799,068402404,2.0
40804,068402405,2.0
40808,068402406,2.0
40814,068402407,3.0
40819,068402408,3.0
40824,068402409,3.0
40828,068402410,3.0
40832,068402501,3.0
40837,068402502,3.0
40842,068402503,3.0
40846,068402504,2.0
40851,068402505,2.0
40857,068402506,3.0
40862,068402507,3.0
40867,068402508,3.0
40872,068402509,3.0
40877,068402510,3.0
40882,068402511,3.0
40886,068402601,2.0
40890,068402602,2.0
40895,068402603,2.0
40900,068402604,2.0
40904,068402605,2.0
40909,068402606,2.0
40914,068402607,2.0
40919,068402608,2.0
40925,068402701,3.0
40930,068402702,3.0
40934,068402703,2.0
40939,068402704,3.0
40944,068402705,3.0
40949,068402706,3.0
40954,068402707,3.0
40959,068402708,3.0
40963,068402709,2.0
40968,068402710,2.0
40974,068402711,3.0
40979,068402712,3.0
40984,068402713,3.0
40988,068402801,2.0
40994,068402802,3.0
40998,068402803,2.0
41003,068402804,2.0
41009,068402805,3.0
41014,068402806,3.0
41019,068402807,3.0
41024,068402808,3.0
41028,068402809,2.0
41033,068402810,2.0
41038,068402811,2.0
41044,068402812,3.0
41049,068402901,3.0
41054,068402902,3.0
41058,068402903,2.0
41064,068402904,3.0
41069,068402905,3.0
41074,068402906,3.0
41079,068402907,3.0
41084,068402908,3.0
41089,068402909,3.0
41094,068402910,3.0
41099,068402911,3.0
41104,068403001,3.0
41109,068403002,3.0
41114,068403003,3.0
41119,068403004,3.0
41124,068403005,3.0
41129,068403006,3.0
41134,068403007,3.0
41139,068403008,3.0
41144,068403009,3.0
41149,068403010,3.0
41154,068403011,3.0
41159,068403012,3.0
41164,068403013,3.0
41169,068403014,3.0
41173,068403101,2.0
41179,068403102,3.0
41184,068403103,3.0
41188,068403104,3.0
41193,068403105,3.0
41198,068403106,3.0
41203,068403107,3.0
41208,068403108,3.0
41213,068403109,3.0
41218,068403110,3.0
41223,068403111,3.0
41227,068403112,3.0
41232,068403113,3.0
41237,068403201,3.0
41242,068403202,3.0
41247,068403203,3.0
41252,068403204,3.0
41257,068403205,3.0
41262,068403206,3.0
41267,068403207,3.0
41272,068403208,3.0
41277,068403209,3.0
41281,068403301,2.0
41286,068403302,2.0
41290,068403303,2.0
41295,068403304,2.0
41301,068403305,3.0
41305,068403306,2.0
41310,068403307,2.0
41316,068403401,3.0
41321,068403402,3.0
41326,068403403,3.0
41330,068403404,2.0
41336,068403405,3.0
41341,068403406,3.0
41346,068403407,3.0
41351,068403408,3.0
41356,068403409,3.0
41361,068403501,3.0
41366,068403502,3.0
41371,068403503,3.0
41376,068403504,3.0
41381,068403505,3.0
41386,068403506,3.0
41391,068403507,3.0
41395,068403508,3.0
41400,068403509,3.0
41405,068403510,3.0
41410,068403601,3.0
41415,068403602,3.0
41420,068403603,3.0
41425,068403604,3.0
41430,068403605,3.0
41435,068403606,3.0
41439,068403607,3.0
41444,068403608,3.0
41448,068403609,3.0
41453,068403701,3.0
41458,068403702,3.0
41463,068403703,3.0
41468,068403704,3.0
41473,068403705,3.0
41478,068403706,3.0
41483,068403707,3.0
41488,068403708,3.0
41493,068403801,3.0
41497,068403802,3.0
41502,068403803,3.0
41506,068403804,3.0
41510,068403805,3.0
41515,068403806,3.0
41520,068403807,3.0
41525,068403808,3.0
41530,068403809,3.0
41535,068403810,3.0
41540,068403901,3.0
41545,068403902,3.0
41550,068403903,3.0
41555,068403904,3.0
41559,068403905,3.0
41564,068403906,3.0
41569,068403907,3.0
41574,068403908,3.0
41579,068403909,3.0
41583,068403910,3.0
41587,068404001,3.0
41592,068404002,3.0
41597,068404003,3.0
41602,068404004,3.0
41607,068404005,3.0
41612,068404006,3.0
41617,068404007,3.0
41622,068404008,3.0
41627,068404009,3.0
41632,068404010,3.0
41636,068404101,3.0
41641,068404102,3.0
41646,068404103,3.0
41651,068404104,3.0
41655,068404105,3.0
41660,068404106,3.0
41665,068404107,3.0
41670,068404108,3.0
41675,068404201,3.0
41680,068404202,3.0
41685,068404203,3.0
41690,068404204,3.0
41694,068404205,3.0
41699,068404206,3.0
41704,068404207,3.0
41710,068610101,4.0
41715,068610102,4.0
41719,068610103,3.0
41724,068610104,3.0
41729,068610105,3.0
41735,068610106,4.0
41739,068610107,3.0
41745,068610108,4.0
41750,068610109,4.0
41754,068610110,3.0
41759,068610111,3.0
41764,068610112,4.0
41768,068610201,3.0
41774,068610202,4.0
41779,068610203,4.0
41784,068610204,4.0
41788,068610205,3.0
41794,068610206,4.0
41798,068610207,4.0
41803,068610208,4.0
41808,068610209,4.0
41813,068610210,4.0
41818,068610211,4.0
41822,068610212,3.0
41828,068610301,4.0
41833,068610302,4.0
41837,068610303,4.0
41841,068610304,3.0
41846,068610305,3.0
41851,068610306,3.0
41856,068610307,3.0
41860,068610308,3.0
41865,068610309,3.0
41870,068610310,3.0
41875,068610311,3.0
41881,068610401,4.0
41886,068610402,4.0
41890,068610403,3.0
41895,068610404,3.0
41901,068610405,4.0
41906,068610406,4.0
41911,068610407,4.0
41916,068610408,4.0
41921,068610409,4.0
41925,068610410,4.0
41930,068610411,4.0
41935,068610412,4.0
41939,068610413,4.0
41943,068610501,3.0
41949,068610502,4.0
41954,068610503,4.0
41958,068610504,4.0
41963,068610505,4.0
41965,068610506,2.0
41970,068610507,4.0
41975,068610508,4.0
41979,068610509,3.0
41984,068610601,4.0
41988,068610602,3.0
41994,068610603,4.0
41999,068610604,4.0
42003,068610605,3.0
42009,068610606,4.0
42013,068610607,3.0
42018,068610608,3.0
42023,068610609,4.0
42027,068610610,3.0
42032,068610611,3.0
42037,068610701,4.0
42041,068610702,3.0
42046,068610703,3.0
42052,068610704,4.0
42057,068610705,4.0
42061,068610706,3.0
42065,068610707,3.0
42071,068610708,4.0
42076,068610709,4.0
42081,068610801,4.0
42086,068610802,4.0
42091,068610803,4.0
42095,068610804,3.0
42100,068610805,3.0
42105,068610806,3.0
42109,068610807,3.0
42114,068610808,3.0
42120,068610809,4.0
42125,068610810,4.0
42129,068610811,4.0
42133,068610812,3.0
42138,068610901,3.0
42143,068610902,3.0
42147,068610903,3.0
42152,068610904,3.0
42157,068610905,3.0
42162,068610906,3.0
42167,068610907,3.0
42172,068610908,3.0
42177,068610909,3.0
42182,068610910,3.0
42188,068610911,4.0
42192,068610912,3.0
42196,068610913,3.0
42201,068610914,3.0
42205,068610915,3.0
42210,068611001,4.0
42214,068611002,3.0
42219,068611003,3.0
42224,068611004,3.0
42229,068611005,3.0
42234,068611006,3.0
42238,068611007,3.0
42243,068611008,3.0
42248,068611009,3.0
42253,068611010,3.0
42258,068611011,3.0
42262,068611101,3.0
42267,068611102,3.0
42272,068611103,3.0
42277,068611104,3.0
42282,068611105,3.0
42287,068611106,3.0
42292,068611107,3.0
42297,068611108,3.0
42302,068611109,3.0
42307,068611110,3.0
42312,068611201,3.0
42317,068611202,4.0
42321,068611203,3.0
42326,068611204,3.0
42331,068611205,3.0
42336,068611206,3.0
42341,068611207,3.0
42346,068611208,3.0
42352,068611209,4.0
42356,068611301,3.0
42361,068611302,3.0
42366,068611303,3.0
42371,068611304,3.0
42376,068611305,3.0
42381,068611306,3.0
42386,068611307,3.0
42392,068611308,4.0
42397,068611309,4.0
42400,068611401,3.0
42405,068611402,3.0
42410,068611403,3.0
42415,068611404,3.0
42420,068611405,3.0
42425,068611406,4.0
42429,068611407,3.0
42435,068611408,4.0
42439,068611409,3.0
42444,068611410,3.0
42449,068611411,3.0
42454,068611412,3.0
42459,068611501,3.0
42464,068611502,3.0
42469,068611503,3.0
42474,068611504,3.0
42479,068611505,3.0
42485,068611506,4.0
42489,068611507,3.0
42494,068611508,3.0
42499,068611509,3.0
42504,068611510,3.0
42509,068611511,3.0
42515,068611601,4.0
42520,068611602,4.0
42524,068611603,3.0
42529,068611604,3.0
42534,068611605,3.0
42539,068611606,3.0
42544,068611607,3.0
42550,068611608,4.0
42554,068611609,3.0
42559,068611610,3.0
42564,068611611,3.0
42569,068611701,3.0
42574,068611702,3.0
42578,068611703,3.0
42583,068611704,3.0
42587,068611705,3.0
42592,068611706,3.0
42596,068611707,3.0
42601,068611708,3.0
42606,068611709,3.0
42611,068611801,3.0
42616,068611802,3.0
42621,068611803,3.0
42626,068611804,3.0
42631,068611805,3.0
42636,068611806,3.0
42641,068611807,3.0
42646,068611808,3.0
42651,068611809,3.0
42656,068611810,3.0
42661,068611901,3.0
42666,068611902,3.0
42671,068611903,3.0
42676,068611904,3.0
42681,068611905,3.0
42686,068611906,3.0
42692,068611907,4.0
42696,068612001,3.0
42701,068612002,3.0
42705,068612003,3.0
42710,068612004,3.0
42715,068612005,3.0
42720,068612006,3.0
42725,068612007,3.0
42730,068612008,3.0
42735,068612101,3.0
42740,068612102,3.0
42745,068612103,3.0
42750,068612104,3.0
42755,068612105,3.0
42759,068612106,3.0
42764,068612107,3.0
42769,068612108,3.0
42774,068612109,3.0
42779,068612201,3.0
42784,068612202,3.0
42789,068612203,3.0
42794,068612204,3.0
42799,068612205,3.0
42804,068612206,3.0
42809,068612207,3.0
42814,068612208,3.0
42819,068612209,3.0
42824,068612210,3.0
42829,068612211,3.0
42834,068612212,3.0
42839,068612301,3.0
42844,068612302,3.0
42849,068612303,3.0
42853,068612304,2.0
42858,068612305,2.0
42863,068612306,2.0
42869,068612307,3.0
42874,068612308,3.0
42879,068612309,3.0
42884,068612310,3.0
42889,068612401,3.0
42894,068612402,3.0
42899,068612403,3.0
42903,068612404,3.0
42908,068612405,3.0
42913,068612406,3.0
42918,068612407,3.0
42923,068612408,3.0
42928,068612409,3.0
42933,068612410,3.0
42938,068612411,3.0
42943,068612412,3.0
42948,068612413,3.0
42953,068612501,3.0
42958,068612502,3.0
42963,068612503,3.0
42967,068612504,2.0
42973,068612505,3.0
42978,068612506,3.0
42983,068612507,3.0
42988,068612508,3.0
42993,068612509,3.0
42998,068612510,3.0
43003,068612601,3.0
43008,068612602,3.0
43013,068612603,3.0
43018,068612604,3.0
43023,068612605,3.0
43028,068612606,3.0
43033,068612607,3.0
43038,068612608,3.0
43043,068612609,3.0
43047,068612610,3.0
43052,068612611,3.0
43057,068612612,3.0
43062,068612613,3.0
43067,068612701,3.0
43072,068612702,3.0
43077,068612703,3.0
43082,068612704,3.0
43087,068612705,3.0
43092,068612706,3.0
43097,068612707,3.0
43102,068612708,3.0
43107,068612709,3.0
43112,068612710,3.0
43117,068612801,3.0
43122,068612802,3.0
43127,068612803,3.0
43132,068612804,3.0
43137,068612805,3.0
43142,068612806,3.0
43147,068612807,3.0
43152,068612808,3.0
43157,068612809,3.0
43162,068612810,3.0
43167,068612901,3.0
43172,068612902,3.0
43177,068612903,3.0
43182,068612904,3.0
43187,068612905,3.0
43192,068612906,3.0
43197,068612907,3.0
43201,068612908,2.0
43207,068612909,3.0
43212,068612910,3.0
43217,068612911,3.0
43222,068612912,3.0
43226,068612913,2.0
43232,068613001,3.0
43235,068613002,2.0
43240,068613003,2.0
43244,068613004,2.0
43249,068613005,2.0
43254,068613006,2.0
43259,068613007,2.0
43265,068613008,3.0
43270,068613009,3.0
43275,068613010,3.0
43280,068613011,3.0
43285,068613012,3.0
43289,068613013,2.0
43295,068613101,3.0
43300,068613102,3.0
43305,068613103,3.0
43310,068613104,3.0
43315,068613105,3.0
43320,068613106,3.0
43325,068613107,3.0
43330,068613108,3.0
43334,068613109,2.0
43340,068613110,3.0
43345,068613201,3.0
43350,068613202,3.0
43355,068613203,3.0
43360,068613204,3.0
43365,068613205,3.0
43370,068613206,3.0
43375,068613207,3.0
43380,068613208,3.0
43385,068613209,3.0
43390,068613210,3.0
43395,068613301,3.0
43400,068613302,3.0
43405,068613303,3.0
43410,068613304,3.0
43415,068613305,3.0
43420,068613306,3.0
43425,068613307,3.0
43430,068613308,3.0
43435,068613309,3.0
43440,068613310,3.0
43445,068613311,3.0
43450,068613401,3.0
43455,068613402,3.0
43461,068613403,4.0
43464,068613404,3.0
43469,068613405,3.0
43474,068613406,3.0
43479,068613407,3.0
43484,068613408,3.0
