,codigo,NSE_radio_ext
2,020070101,3.0
8,020070201,2.0
14,020070202,2.0
21,020070203,3.0
26,020070204,1.0
34,020070205,2.0
41,020070207,2.0
47,020070208,1.0
55,020070209,3.0
59,020070210,1.0
66,020070211,1.0
73,020070212,1.0
80,020070213,1.0
87,020070214,1.0
95,020070215,2.0
102,020070216,2.0
107,020070217,1.0
116,020070218,3.0
121,020070219,1.0
128,020070220,1.0
134,020070221,1.0
141,020070222,1.0
148,020070223,1.0
155,020070301,1.0
162,020070302,1.0
169,020070303,1.0
176,020070304,2.0
182,020070305,1.0
190,020070306,2.0
198,020070307,3.0
203,020070308,1.0
210,020070309,1.0
217,020070310,1.0
224,020070311,1.0
231,020070312,1.0
238,020070313,1.0
244,020070314,1.0
251,020070315,1.0
257,020070316,1.0
262,020070317,1.0
269,020070318,1.0
275,020070319,1.0
286,020070401,6.0
293,020070402,6.0
300,020070403,6.0
307,020070404,6.0
313,020070405,6.0
320,020070406,6.0
327,020070407,6.0
334,020070408,6.0
340,020070501,6.0
347,020070502,6.0
354,020070503,6.0
361,020070504,6.0
368,020070505,6.0
374,020070506,6.0
381,020070507,6.0
388,020070601,6.0
395,020070602,6.0
401,020070603,6.0
408,020070604,6.0
415,020070605,6.0
422,020070606,6.0
428,020070607,6.0
435,020070608,6.0
442,020070609,6.0
449,020070610,6.0
455,020070701,6.0
462,020070702,6.0
469,020070703,6.0
476,020070704,6.0
483,020070705,6.0
490,020070706,6.0
497,020070707,6.0
504,020070708,6.0
511,020070709,6.0
518,020070710,6.0
525,020070711,6.0
532,020070712,6.0
538,020070713,5.0
546,020070801,6.0
552,020070802,6.0
559,020070803,6.0
566,020070804,6.0
573,020070805,6.0
580,020070806,6.0
587,020070807,6.0
594,020070808,6.0
601,020070809,6.0
608,020070810,6.0
615,020070811,6.0
622,020070901,6.0
629,020070902,6.0
636,020070903,6.0
643,020070904,6.0
650,020070905,6.0
656,020070906,6.0
662,020070907,5.0
669,020070908,5.0
677,020070909,6.0
684,020070910,6.0
690,020070911,6.0
696,020070912,6.0
702,020070913,6.0
709,020070914,6.0
716,020070915,6.0
723,020070916,6.0
730,020070917,6.0
737,020070918,6.0
744,020070919,6.0
750,020070920,6.0
757,020070921,6.0
764,020071001,6.0
771,020071002,6.0
778,020071003,6.0
785,020071004,6.0
792,020071005,6.0
799,020071006,6.0
806,020071007,6.0
813,020071008,6.0
820,020071009,6.0
827,020071010,6.0
834,020071011,6.0
841,020071012,6.0
848,020071013,6.0
854,020071014,5.0
862,020071015,6.0
868,020071016,5.0
875,020071101,5.0
882,020071102,5.0
887,020071103,3.0
897,020071104,6.0
904,020071105,6.0
911,020071106,6.0
918,020071107,6.0
924,020071108,6.0
931,020071109,6.0
938,020071110,6.0
945,020071111,6.0
951,020071112,5.0
959,020071113,6.0
966,020071114,6.0
973,020071115,6.0
980,020071201,6.0
986,020071202,6.0
993,020071203,6.0
997,020071204,3.0
1007,020071205,6.0
1014,020071206,6.0
1021,020071207,6.0
1027,020071208,5.0
1035,020071209,6.0
1041,020071210,5.0
1049,020071211,6.0
1055,020071212,5.0
1063,020071213,6.0
1069,020071214,6.0
1076,020071301,6.0
1083,020071302,6.0
1090,020071303,6.0
1097,020071304,6.0
1104,020071305,6.0
1110,020071306,6.0
1117,020071307,6.0
1124,020071308,6.0
1131,020071309,6.0
1138,020071310,6.0
1145,020071311,6.0
1152,020071312,6.0
1159,020071313,6.0
1166,020071314,6.0
1173,020071315,6.0
1177,020071316,3.0
1184,020071317,3.0
1189,020071318,1.0
1200,020071401,6.0
1202,020071402,1.0
1214,020071403,6.0
1221,020071404,6.0
1228,020071405,6.0
1235,020071406,6.0
1242,020071407,6.0
1249,020071408,6.0
1255,020071409,5.0
1263,020071410,6.0
1270,020071411,6.0
1277,020071412,6.0
1284,020071501,6.0
1291,020071502,6.0
1298,020071503,6.0
1305,020071504,6.0
1312,020071505,6.0
1319,020071506,6.0
1326,020071507,6.0
1333,020071508,6.0
1340,020071509,6.0
1347,020071510,6.0
1354,020071511,6.0
1361,020071601,6.0
1368,020071602,6.0
1375,020071603,6.0
1381,020071604,5.0
1389,020071605,6.0
1396,020071606,6.0
1403,020071607,6.0
1407,020071608,3.0
1417,020071609,6.0
1424,020071610,6.0
1431,020071611,6.0
1437,020071612,5.0
1445,020071701,6.0
1452,020071702,6.0
1459,020071703,6.0
1466,020071704,6.0
1473,020071705,6.0
1479,020071706,5.0
1487,020071707,6.0
1494,020071708,6.0
1501,020071709,6.0
1508,020071710,6.0
1515,020071711,6.0
1522,020071801,6.0
1529,020071802,6.0
1536,020071803,6.0
1542,020071804,6.0
1549,020071805,6.0
1556,020071806,6.0
1560,020071807,3.0
1567,020071808,3.0
1577,020071809,6.0
1581,020071901,3.0
1591,020071902,6.0
1597,020071903,5.0
1605,020071904,6.0
1612,020071905,6.0
1619,020071906,6.0
1623,020071907,3.0
1632,020071908,5.0
1640,020071909,6.0
1647,020072001,6.0
1654,020072002,6.0
1661,020072003,6.0
1668,020072004,6.0
1675,020072005,6.0
1682,020072006,6.0
1686,020072007,3.0
1695,020072008,5.0
1700,020072009,3.0
1707,020072010,3.0
1717,020072101,6.0
1724,020072102,6.0
1730,020072103,5.0
1735,020072104,3.0
1742,020072105,3.0
1752,020072106,6.0
1756,020072107,3.0
1766,020072108,6.0
1770,020072109,3.0
1779,020072110,6.0
1786,020072201,6.0
1793,020072202,6.0
1800,020072203,6.0
1807,020072204,6.0
1814,020072205,6.0
1821,020072206,6.0
1828,020072207,6.0
1833,020072208,4.0
1842,020072209,6.0
1849,020072210,6.0
1856,020072301,6.0
1863,020072302,6.0
1870,020072303,6.0
1877,020072304,6.0
1884,020072305,6.0
1891,020072306,6.0
1898,020072307,6.0
1904,020072308,6.0
1911,020072309,6.0
1918,020072310,6.0
1924,020072401,6.0
1931,020072402,6.0
1938,020072403,6.0
1945,020072404,6.0
1952,020072405,6.0
1958,020072406,6.0
1965,020072407,6.0
1972,020072408,6.0
1979,020072501,6.0
1986,020072502,6.0
1993,020072503,6.0
2000,020072504,6.0
2007,020072505,6.0
2011,020072506,3.0
2021,020072507,6.0
2028,020072508,6.0
2035,020072509,6.0
2042,020072510,6.0
2049,020072511,6.0
2056,020072601,6.0
2063,020072602,6.0
2069,020072603,5.0
2076,020072604,6.0
2083,020072605,6.0
2090,020072606,6.0
2096,020072607,6.0
2103,020072608,6.0
2110,020072609,6.0
2115,020072701,4.0
2118,020072702,1.0
2127,020072703,3.0
2132,020072704,1.0
2141,020072705,3.0
2146,020072706,1.0
2152,020072707,1.0
2161,020072708,3.0
2168,020072709,3.0
2178,020072710,6.0
2182,020072801,3.0
2188,020072802,3.0
2195,020072803,3.0
2201,020072804,3.0
2208,020072805,3.0
2215,020072806,3.0
2222,020072807,3.0
2227,020072808,1.0
2236,020072809,3.0
2243,020072810,3.0
2248,020072811,1.0
2255,020072812,1.0
2262,020072813,1.0
2271,020072901,3.0
2276,020072902,1.0
2283,020072903,1.0
2292,020072904,3.0
2299,020072905,3.0
2309,020072906,6.0
2313,020072907,3.0
2320,020072908,3.0
2327,020072909,3.0
2332,020073001,1.0
2341,020073002,3.0
2346,020073003,1.0
2353,020073004,1.0
2359,020073005,1.0
2366,020073006,1.0
2373,020073007,1.0
2379,020073008,1.0
2388,020073009,3.0
2394,020073010,3.0
2401,020073011,3.0
2408,020073012,3.0
2413,020073013,1.0
2424,020140101,6.0
2426,020140102,1.0
2437,020140201,6.0
2444,020140202,6.0
2451,020140203,6.0
2457,020140204,6.0
2464,020140205,6.0
2471,020140206,6.0
2478,020140207,6.0
2485,020140208,6.0
2492,020140301,6.0
2499,020140302,6.0
2506,020140303,6.0
2513,020140304,6.0
2519,020140305,6.0
2525,020140306,5.0
2533,020140307,6.0
2540,020140308,6.0
2547,020140401,6.0
2554,020140402,6.0
2561,020140403,6.0
2568,020140404,6.0
2575,020140405,6.0
2582,020140406,6.0
2589,020140407,6.0
2596,020140408,6.0
2603,020140409,6.0
2610,020140410,6.0
2617,020140501,6.0
2624,020140502,6.0
2631,020140503,6.0
2637,020140504,6.0
2644,020140505,6.0
2651,020140506,6.0
2658,020140507,6.0
2665,020140508,6.0
2672,020140509,6.0
2678,020140601,6.0
2684,020140602,6.0
2691,020140603,6.0
2698,020140604,6.0
2705,020140605,6.0
2711,020140606,6.0
2718,020140607,6.0
2724,020140608,6.0
2731,020140609,6.0
2738,020140610,6.0
2745,020140701,6.0
2752,020140702,6.0
2759,020140703,6.0
2766,020140704,6.0
2773,020140705,6.0
2779,020140706,6.0
2786,020140707,6.0
2793,020140708,6.0
2800,020140709,6.0
2807,020140801,6.0
2814,020140802,6.0
2820,020140803,6.0
2827,020140804,6.0
2834,020140805,6.0
2841,020140806,6.0
2848,020140807,6.0
2855,020140808,6.0
2862,020140901,6.0
2869,020140902,6.0
2876,020140903,6.0
2883,020140904,6.0
2890,020140905,6.0
2897,020140906,6.0
2904,020140907,6.0
2911,020140908,6.0
2918,020140909,6.0
2925,020141001,6.0
2932,020141002,6.0
2939,020141003,6.0
2946,020141004,6.0
2953,020141005,6.0
2959,020141006,6.0
2966,020141007,6.0
2973,020141008,6.0
2980,020141009,6.0
2986,020141101,6.0
2993,020141102,6.0
3000,020141103,6.0
3007,020141104,6.0
3014,020141105,6.0
3021,020141106,6.0
3028,020141201,6.0
3035,020141202,6.0
3042,020141203,6.0
3049,020141204,6.0
3056,020141205,6.0
3063,020141206,6.0
3069,020141207,6.0
3075,020141301,6.0
3082,020141302,6.0
3088,020141303,6.0
3095,020141304,6.0
3102,020141305,6.0
3109,020141306,6.0
3116,020141307,6.0
3123,020141401,6.0
3130,020141402,6.0
3137,020141403,6.0
3144,020141404,6.0
3151,020141405,6.0
3158,020141406,6.0
3165,020141407,6.0
3172,020141408,6.0
3179,020141409,6.0
3186,020141410,6.0
3193,020141501,6.0
3199,020141502,6.0
3206,020141503,6.0
3213,020141504,6.0
3220,020141505,6.0
3227,020141506,6.0
3234,020141507,6.0
3241,020141508,6.0
3248,020141601,6.0
3255,020141602,6.0
3261,020141603,6.0
3267,020141604,6.0
3274,020141605,6.0
3281,020141606,6.0
3288,020141607,6.0
3295,020141608,6.0
3302,020141701,6.0
3309,020141702,6.0
3316,020141703,6.0
3323,020141704,6.0
3330,020141705,6.0
3336,020141706,6.0
3343,020141707,6.0
3350,020141708,6.0
3357,020141709,6.0
3364,020141801,6.0
3370,020141802,6.0
3377,020141803,6.0
3384,020141804,6.0
3391,020141805,6.0
3398,020141806,6.0
3405,020141807,6.0
3412,020141808,6.0
3418,020141901,6.0
3425,020141902,6.0
3432,020141903,6.0
3439,020141904,6.0
3446,020141905,6.0
3453,020141906,6.0
3460,020141907,6.0
3467,020141908,6.0
3474,020142001,6.0
3481,020142002,6.0
3488,020142003,6.0
3495,020142004,6.0
3502,020142005,6.0
3509,020142006,6.0
3515,020142007,6.0
3522,020142008,6.0
3529,020142009,6.0
3536,020142101,6.0
3543,020142102,6.0
3550,020142103,6.0
3557,020142104,6.0
3564,020142105,6.0
3571,020142106,6.0
3578,020142201,6.0
3585,020142202,6.0
3591,020142203,6.0
3598,020142204,6.0
3605,020142205,6.0
3612,020142206,6.0
3619,020142301,6.0
3626,020142302,6.0
3632,020142303,6.0
3639,020142304,6.0
3646,020142305,6.0
3653,020142306,6.0
3660,020142307,6.0
3667,020142308,6.0
3674,020142309,6.0
3681,020142401,6.0
3688,020142402,6.0
3695,020142403,6.0
3701,020142404,6.0
3708,020142405,6.0
3715,020142406,6.0
3722,020142501,6.0
3729,020142502,6.0
3736,020142503,6.0
3743,020142504,6.0
3750,020142505,6.0
3757,020142506,6.0
3764,020142507,6.0
3771,020142508,6.0
3777,020142509,6.0
3784,020142510,6.0
3791,020142511,6.0
3798,020142512,6.0
3805,020142513,6.0
3812,020210101,6.0
3819,020210102,6.0
3826,020210103,6.0
3833,020210104,6.0
3840,020210105,6.0
3846,020210106,6.0
3850,020210107,3.0
3859,020210108,5.0
3867,020210109,6.0
3871,020210110,3.0
3879,020210111,5.0
3887,020210112,6.0
3894,020210201,6.0
3901,020210202,6.0
3906,020210203,4.0
3915,020210204,6.0
3919,020210205,3.0
3928,020210206,5.0
3936,020210207,6.0
3943,020210208,6.0
3947,020210209,3.0
3956,020210210,5.0
3964,020210211,6.0
3971,020210212,6.0
3978,020210301,6.0
3985,020210302,6.0
3992,020210303,6.0
3999,020210304,6.0
4006,020210305,6.0
4013,020210306,6.0
4017,020210307,3.0
4027,020210308,6.0
4034,020210309,6.0
4041,020210310,6.0
4045,020210311,3.0
4055,020210401,6.0
4061,020210402,5.0
4069,020210403,6.0
4075,020210404,5.0
4081,020210405,4.0
4090,020210406,6.0
4096,020210407,5.0
4104,020210408,6.0
4109,020210501,5.0
4117,020210502,6.0
4123,020210503,5.0
4131,020210504,6.0
4136,020210505,5.0
4144,020210506,6.0
4151,020210507,6.0
4158,020210601,6.0
4165,020210602,6.0
4172,020210603,6.0
4179,020210604,6.0
4185,020210605,5.0
4193,020210606,6.0
4200,020210607,6.0
4207,020210701,6.0
4214,020210702,6.0
4221,020210703,6.0
4228,020210704,6.0
4235,020210705,6.0
4242,020210706,6.0
4249,020210707,6.0
4256,020210708,6.0
4262,020210709,6.0
4269,020210801,6.0
4276,020210802,6.0
4279,020210803,3.0
4286,020210804,3.0
4293,020210805,3.0
4303,020210806,6.0
4306,020210807,3.0
4313,020210808,3.0
4320,020210809,3.0
4327,020210810,3.0
4337,020210901,6.0
4344,020210902,6.0
4351,020210903,6.0
4355,020210904,3.0
4362,020210905,3.0
4369,020210906,3.0
4376,020210907,3.0
4383,020210908,3.0
4393,020210909,6.0
4397,020210910,3.0
4404,020211001,3.0
4411,020211002,3.0
4421,020211003,6.0
4428,020211004,6.0
4435,020211005,6.0
4439,020211006,3.0
4449,020211007,6.0
4453,020211008,3.0
4463,020211009,6.0
4469,020211101,6.0
4476,020211102,6.0
4480,020211103,3.0
4490,020211104,6.0
4497,020211105,6.0
4504,020211106,6.0
4511,020211107,6.0
4518,020211108,6.0
4525,020211201,6.0
4532,020211202,6.0
4539,020211203,6.0
4546,020211204,6.0
4553,020211205,6.0
4560,020211206,6.0
4567,020211207,6.0
4574,020211208,6.0
4580,020211209,5.0
4585,020211210,3.0
4595,020211301,6.0
4599,020211302,3.0
4609,020211303,6.0
4616,020211304,6.0
4623,020211305,6.0
4630,020211306,6.0
4637,020211307,6.0
4641,020211308,3.0
4651,020211309,6.0
4656,020211310,4.0
4664,020211311,6.0
4667,020211401,3.0
4674,020211402,3.0
4681,020211403,3.0
4689,020211404,4.0
4698,020211405,6.0
4705,020211406,6.0
4712,020211407,6.0
4716,020211408,3.0
4723,020211409,3.0
4730,020211501,3.0
4737,020211502,3.0
4747,020211503,6.0
4754,020211504,6.0
4761,020211505,6.0
4768,020211506,6.0
4775,020211507,6.0
4782,020211508,6.0
4789,020211509,6.0
4796,020211601,6.0
4803,020211602,6.0
4807,020211603,3.0
4816,020211604,5.0
4820,020211605,3.0
4827,020211606,3.0
4834,020211607,3.0
4842,020211608,4.0
4851,020211609,6.0
4856,020211701,4.0
4865,020211702,6.0
4870,020211703,4.0
4876,020211704,3.0
4883,020211705,3.0
4890,020211706,3.0
4898,020211707,4.0
4904,020211708,3.0
4914,020211709,6.0
4918,020211801,3.0
4928,020211802,6.0
4935,020211803,6.0
4940,020211804,4.0
4946,020211805,3.0
4951,020211806,1.0
4960,020211807,3.0
4970,020211808,6.0
4974,020211809,3.0
4982,020211810,4.0
4991,020211811,6.0
4997,020211901,6.0
5001,020211902,3.0
5011,020211903,6.0
5018,020211904,6.0
5025,020211905,6.0
5029,020211906,3.0
5039,020211907,6.0
5046,020211908,6.0
5051,020211909,4.0
5060,020211910,6.0
5067,020212001,6.0
5074,020212002,6.0
5081,020212003,6.0
5088,020212004,6.0
5095,020212005,6.0
5099,020212006,3.0
5109,020212007,6.0
5113,020212008,3.0
5122,020212009,6.0
5129,020212010,6.0
5136,020212011,6.0
5143,020212101,6.0
5150,020212102,6.0
5155,020212103,4.0
5164,020212104,6.0
5168,020212105,3.0
5178,020212106,6.0
5185,020212107,6.0
5189,020212108,3.0
5195,020212109,3.0
5202,020212110,3.0
5209,020212201,3.0
5216,020212202,3.0
5226,020212203,6.0
5233,020212204,6.0
5236,020212205,3.0
5246,020212206,6.0
5251,020212207,4.0
5257,020212208,3.0
5264,020212209,3.0
5274,020212301,6.0
5281,020212302,6.0
5288,020212303,6.0
5295,020212304,6.0
5302,020212305,6.0
5309,020212306,6.0
5313,020212307,3.0
5321,020212308,4.0
5327,020212309,3.0
5334,020212310,3.0
5341,020212401,3.0
5351,020212402,6.0
5358,020212403,6.0
5365,020212404,6.0
5368,020212405,3.0
5378,020212406,6.0
5385,020212407,6.0
5392,020212408,6.0
5399,020212409,6.0
5406,020212501,6.0
5409,020212502,3.0
5415,020212503,3.0
5421,020212504,3.0
5431,020212505,6.0
5433,020212506,1.0
5445,020212507,6.0
5449,020212508,3.0
5456,020212509,3.0
5466,020212510,6.0
5473,020212601,6.0
5477,020212602,3.0
5484,020212603,3.0
5494,020212604,6.0
5501,020212605,6.0
5505,020212606,3.0
5515,020212607,6.0
5520,020212608,4.0
5526,020212609,3.0
5533,020212701,3.0
5543,020212702,6.0
5550,020212703,6.0
5554,020212704,3.0
5561,020212705,3.0
5568,020212706,4.0
5575,020212707,4.0
5579,020280101,1.0
5588,020280102,3.0
5593,020280103,1.0
5600,020280104,1.0
5607,020280105,1.0
5614,020280106,1.0
5621,020280107,2.0
5627,020280108,1.0
5636,020280109,3.0
5643,020280110,3.0
5648,020280111,1.0
5657,020280112,3.0
5662,020280113,1.0
5671,020280114,3.0
5678,020280201,3.0
5685,020280202,3.0
5692,020280203,3.0
5699,020280204,3.0
5704,020280205,1.0
5713,020280206,3.0
5720,020280207,3.0
5727,020280208,3.0
5734,020280209,3.0
5738,020280210,1.0
5747,020280301,3.0
5754,020280302,3.0
5761,020280303,3.0
5768,020280304,3.0
5775,020280305,3.0
5782,020280306,3.0
5789,020280307,3.0
5796,020280308,3.0
5803,020280309,3.0
5809,020280310,3.0
5816,020280311,3.0
5823,020280312,3.0
5830,020280313,3.0
5837,020280401,3.0
5847,020280402,6.0
5851,020280403,3.0
5858,020280404,3.0
5865,020280405,3.0
5872,020280406,3.0
5879,020280407,3.0
5886,020280408,3.0
5893,020280409,3.0
5898,020280410,1.0
5907,020280411,3.0
5914,020280501,3.0
5921,020280502,3.0
5928,020280503,3.0
5935,020280504,3.0
5942,020280505,3.0
5949,020280506,3.0
5955,020280507,3.0
5962,020280508,3.0
5969,020280509,3.0
5973,020280510,1.0
5982,020280511,3.0
5989,020280512,3.0
5997,020280601,4.0
6003,020280602,3.0
6011,020280603,4.0
6017,020280604,3.0
6024,020280605,3.0
6031,020280606,3.0
6038,020280607,3.0
6045,020280608,3.0
6055,020280609,6.0
6059,020280610,3.0
6067,020280611,4.0
6076,020280612,6.0
6083,020280701,6.0
6087,020280702,3.0
6094,020280703,3.0
6101,020280704,3.0
6108,020280705,3.0
6115,020280706,3.0
6125,020280707,6.0
6132,020280708,6.0
6137,020280709,4.0
6143,020280710,3.0
6151,020280711,4.0
6157,020280712,3.0
6167,020280801,6.0
6171,020280802,3.0
6178,020280803,3.0
6186,020280804,4.0
6195,020280805,6.0
6199,020280806,3.0
6209,020280807,6.0
6216,020280808,6.0
6219,020280809,3.0
6226,020280810,3.0
6233,020280811,3.0
6240,020280812,3.0
6247,020280901,3.0
6254,020280902,3.0
6259,020280903,1.0
6268,020280904,3.0
6273,020280905,1.0
6282,020280906,3.0
6287,020280907,1.0
6294,020281001,1.0
6301,020281002,1.0
6308,020281003,1.0
6315,020281004,1.0
6322,020281005,1.0
6329,020281006,1.0
6336,020281007,1.0
6343,020281008,1.0
6350,020281009,1.0
6359,020281101,3.0
6369,020281102,6.0
6373,020281103,3.0
6378,020281104,1.0
6385,020281105,1.0
6392,020281106,1.0
6400,020281107,2.0
6408,020281108,3.0
6413,020281109,1.0
6419,020281201,1.0
6426,020281202,1.0
6435,020281203,3.0
6442,020281204,3.0
6449,020281205,3.0
6454,020281206,1.0
6464,020281207,4.0
6473,020281208,6.0
6480,020281209,6.0
6484,020281210,3.0
6494,020281211,6.0
6501,020281212,6.0
6508,020281301,6.0
6515,020281302,6.0
6522,020281303,6.0
6529,020281304,6.0
6536,020281305,6.0
6540,020281306,3.0
6550,020281307,6.0
6557,020281308,6.0
6564,020281309,6.0
6570,020281310,6.0
6577,020281311,6.0
6584,020281401,6.0
6591,020281402,6.0
6598,020281403,6.0
6605,020281404,6.0
6612,020281405,6.0
6619,020281406,6.0
6626,020281407,6.0
6633,020281408,6.0
6640,020281409,6.0
6647,020281501,6.0
6654,020281502,6.0
6661,020281503,6.0
6668,020281504,6.0
6675,020281505,6.0
6682,020281506,6.0
6689,020281507,6.0
6696,020281508,6.0
6703,020281509,6.0
6707,020281510,3.0
6714,020281601,3.0
6721,020281602,3.0
6728,020281603,3.0
6735,020281604,3.0
6742,020281605,3.0
6752,020281606,6.0
6756,020281607,3.0
6763,020281608,3.0
6770,020281609,3.0
6776,020281610,3.0
6785,020281701,6.0
6789,020281702,3.0
6796,020281703,3.0
6804,020281704,4.0
6813,020281705,6.0
6817,020281706,3.0
6824,020281707,3.0
6829,020281708,1.0
6839,020281709,4.0
6845,020281710,3.0
6852,020281801,3.0
6857,020281901,3.0
6864,020281902,3.0
6871,020281903,3.0
6876,020281904,1.0
6885,020281905,3.0
6891,020281906,2.0
6897,020281907,1.0
6905,020281908,2.0
6912,020281909,2.0
6920,020281910,3.0
6925,020281911,1.0
6934,020282001,3.0
6941,020282002,3.0
6946,020282003,1.0
6953,020282004,1.0
6962,020282005,3.0
6969,020282006,3.0
6976,020282007,3.0
6981,020282008,1.0
6988,020282009,1.0
6995,020282010,1.0
7004,020282011,3.0
7011,020282012,3.0
7018,020282101,3.0
7023,020282102,1.0
7031,020282103,2.0
7039,020282104,3.0
7044,020282105,1.0
7051,020282106,1.0
7058,020282107,1.0
7065,020282108,1.0
7072,020282109,1.0
7080,020282110,2.0
7086,020282111,1.0
7093,020282112,1.0
7105,020282113,6.0
7112,020282201,6.0
7116,020282202,3.0
7126,020282203,6.0
7130,020282204,3.0
7137,020282205,3.0
7147,020282206,6.0
7154,020282207,6.0
7158,020282208,3.0
7165,020282209,3.0
7172,020282210,3.0
7179,020282211,3.0
7186,020282212,3.0
7193,020282301,3.0
7200,020282302,3.0
7207,020282303,3.0
7214,020282304,3.0
7224,020282305,6.0
7228,020282306,3.0
7235,020282307,3.0
7242,020282308,3.0
7249,020282309,3.0
7254,020282310,1.0
7261,020282311,1.0
7268,020282312,1.0
7275,020282401,1.0
7282,020282402,1.0
7288,020282403,1.0
7293,020282404,1.0
7300,020282405,1.0
7306,020282406,1.0
7312,020282407,1.0
7318,020282408,1.0
7324,020282409,1.0
7331,020282501,1.0
7338,020282502,1.0
7345,020282503,1.0
7352,020282504,1.0
7359,020282505,1.0
7365,020282506,1.0
7372,020282507,1.0
7379,020282508,1.0
7386,020282509,1.0
7393,020282510,1.0
7399,020282511,1.0
7407,020282512,2.0
7414,020282601,2.0
7420,020282602,1.0
7427,020282603,1.0
7439,020282701,6.0
7446,020282702,6.0
7452,020282703,6.0
7458,020282704,5.0
7466,020282705,6.0
7473,020282706,6.0
7479,020282707,6.0
7481,020282801,1.0
7487,020282802,1.0
7494,020282803,1.0
7501,020282804,1.0
7508,020282805,1.0
7515,020282806,1.0
7522,020282807,1.0
7529,020282808,1.0
7536,020282809,1.0
7541,020282810,1.0
7548,020282811,1.0
7554,020282901,1.0
7561,020282902,1.0
7568,020282903,1.0
7574,020282904,1.0
7580,020282905,1.0
7587,020282906,1.0
7594,020282907,1.0
7601,020282908,1.0
7613,020350101,6.0
7620,020350102,6.0
7627,020350103,6.0
7634,020350104,6.0
7641,020350105,6.0
7648,020350106,6.0
7655,020350107,6.0
7662,020350108,6.0
7669,020350109,6.0
7676,020350110,6.0
7682,020350111,6.0
7689,020350112,6.0
7696,020350201,6.0
7703,020350202,6.0
7710,020350203,6.0
7717,020350204,6.0
7724,020350205,6.0
7731,020350206,6.0
7737,020350207,5.0
7745,020350208,6.0
7752,020350209,6.0
7759,020350210,6.0
7766,020350211,6.0
7773,020350301,6.0
7780,020350302,6.0
7784,020350303,3.0
7794,020350304,6.0
7801,020350305,6.0
7808,020350306,6.0
7815,020350307,6.0
7822,020350308,6.0
7829,020350309,6.0
7836,020350310,6.0
7843,020350311,6.0
7850,020350312,6.0
7857,020350313,6.0
7864,020350401,6.0
7871,020350402,6.0
7878,020350403,6.0
7885,020350404,6.0
7892,020350405,6.0
7899,020350406,6.0
7906,020350407,6.0
7913,020350408,6.0
7920,020350409,6.0
7927,020350501,6.0
7934,020350502,6.0
7941,020350503,6.0
7948,020350504,6.0
7955,020350505,6.0
7962,020350506,6.0
7969,020350507,6.0
7976,020350508,6.0
7983,020350601,6.0
7990,020350602,6.0
7997,020350603,6.0
8004,020350604,6.0
8011,020350605,6.0
8018,020350606,6.0
8025,020350607,6.0
8032,020350608,6.0
8039,020350701,6.0
8046,020350702,6.0
8053,020350703,6.0
8060,020350704,6.0
8067,020350705,6.0
8074,020350706,6.0
8081,020350707,6.0
8088,020350708,6.0
8095,020350801,6.0
8102,020350802,6.0
8109,020350803,6.0
8116,020350804,6.0
8118,020350805,1.0
8130,020350806,6.0
8137,020350807,6.0
8144,020350808,6.0
8151,020350809,6.0
8158,020350901,6.0
8165,020350902,6.0
8172,020350903,6.0
8179,020350904,6.0
8186,020350905,6.0
8193,020350906,6.0
8200,020350907,6.0
8207,020350908,6.0
8214,020350909,6.0
8221,020350910,6.0
8228,020351001,6.0
8235,020351002,6.0
8240,020351003,4.0
8249,020351004,6.0
8254,020351005,4.0
8262,020351006,6.0
8269,020351007,6.0
8276,020351008,6.0
8283,020351009,6.0
8290,020351010,6.0
8297,020351101,6.0
8304,020351102,6.0
8311,020351103,6.0
8318,020351104,6.0
8324,020351105,6.0
8331,020351106,6.0
8338,020351107,6.0
8345,020351108,6.0
8351,020351109,6.0
8358,020351110,6.0
8365,020351111,6.0
8372,020351201,6.0
8379,020351202,6.0
8386,020351203,6.0
8393,020351204,6.0
8400,020351205,6.0
8407,020351206,6.0
8414,020351207,6.0
8421,020351301,6.0
8428,020351302,6.0
8434,020351303,6.0
8441,020351304,6.0
8448,020351305,6.0
8455,020351306,6.0
8462,020351307,6.0
8469,020351308,6.0
8476,020351309,6.0
8483,020351401,6.0
8490,020351402,6.0
8497,020351403,6.0
8504,020351404,6.0
8511,020351405,6.0
8518,020351406,6.0
8525,020351407,6.0
8532,020351408,6.0
8539,020351409,6.0
8546,020351501,6.0
8553,020351502,6.0
8560,020351503,6.0
8567,020351504,6.0
8574,020351505,6.0
8581,020351506,6.0
8588,020351507,6.0
8592,020351508,3.0
8599,020351509,3.0
8609,020351601,6.0
8616,020351602,6.0
8621,020351603,4.0
8627,020351604,3.0
8637,020351605,6.0
8644,020351606,6.0
8651,020351607,6.0
8658,020351608,6.0
8665,020351609,6.0
8672,020351610,6.0
8679,020351611,6.0
8686,020351612,6.0
8692,020351701,6.0
8699,020351702,6.0
8706,020351703,6.0
8713,020351704,6.0
8720,020351705,6.0
8727,020351706,6.0
8734,020351707,6.0
8741,020351708,6.0
8745,020351709,3.0
8755,020351710,6.0
8762,020351711,6.0
8769,020351801,6.0
8776,020351802,6.0
8783,020351803,6.0
8790,020351804,6.0
8797,020351805,6.0
8804,020351806,6.0
8810,020351807,6.0
8814,020351808,3.0
8823,020351809,6.0
8830,020351810,6.0
8837,020351811,6.0
8844,020351901,6.0
8851,020351902,6.0
8856,020351903,4.0
8865,020351904,6.0
8869,020351905,3.0
8879,020351906,6.0
8886,020351907,6.0
8893,020351908,6.0
8900,020351909,6.0
8907,020351910,6.0
8914,020351911,6.0
8921,020352001,6.0
8928,020352002,6.0
8933,020352003,4.0
8939,020352004,3.0
8946,020352005,3.0
8953,020352006,3.0
8963,020352007,6.0
8970,020352008,6.0
8974,020352009,3.0
8982,020352010,4.0
8986,020352011,1.0
8995,020352012,3.0
9005,020352101,6.0
9012,020352102,6.0
9016,020352103,3.0
9026,020352104,6.0
9033,020352105,6.0
9040,020352106,6.0
9047,020352107,6.0
9054,020352108,6.0
9061,020352109,6.0
9068,020352110,6.0
9072,020352111,3.0
9082,020352112,6.0
9086,020352201,3.0
9093,020352202,3.0
9100,020352203,3.0
9110,020352204,6.0
9117,020352205,6.0
9124,020352206,6.0
9128,020352207,3.0
9136,020352208,4.0
9142,020352209,3.0
9150,020352210,4.0
9156,020352211,3.0
9163,020352212,3.0
9170,020352213,3.0
9180,020420101,6.0
9185,020420102,4.0
9194,020420103,6.0
9201,020420104,6.0
9208,020420105,6.0
9215,020420106,6.0
9222,020420107,6.0
9229,020420108,6.0
9236,020420109,6.0
9243,020420110,6.0
9250,020420111,6.0
9257,020420112,6.0
9264,020420201,6.0
9271,020420202,6.0
9278,020420203,6.0
9285,020420204,6.0
9292,020420205,6.0
9299,020420206,6.0
9306,020420207,6.0
9313,020420208,6.0
9320,020420209,6.0
9327,020420210,6.0
9334,020420211,6.0
9341,020420212,6.0
9348,020420301,6.0
9355,020420302,6.0
9362,020420303,6.0
9369,020420304,6.0
9376,020420305,6.0
9383,020420306,6.0
9389,020420307,6.0
9396,020420308,6.0
9403,020420309,6.0
9410,020420310,6.0
9417,020420311,6.0
9424,020420401,6.0
9431,020420402,6.0
9438,020420403,6.0
9445,020420404,6.0
9452,020420405,6.0
9459,020420406,6.0
9466,020420407,6.0
9472,020420408,6.0
9479,020420409,6.0
9485,020420410,6.0
9492,020420411,6.0
9499,020420412,6.0
9506,020420501,6.0
9513,020420502,6.0
9520,020420503,6.0
9527,020420504,6.0
9534,020420505,6.0
9541,020420506,6.0
9548,020420507,6.0
9555,020420508,6.0
9561,020420509,6.0
9568,020420510,6.0
9575,020420511,6.0
9582,020420512,6.0
9588,020420513,6.0
9595,020420601,6.0
9602,020420602,6.0
9609,020420603,6.0
9616,020420604,6.0
9623,020420605,6.0
9630,020420606,6.0
9637,020420607,6.0
9644,020420608,6.0
9651,020420609,6.0
9658,020420701,6.0
9665,020420702,6.0
9672,020420703,6.0
9679,020420704,6.0
9686,020420705,6.0
9693,020420706,6.0
9700,020420707,6.0
9707,020420708,6.0
9713,020420709,6.0
9720,020420710,6.0
9727,020420711,6.0
9734,020420712,6.0
9740,020420713,6.0
9747,020420801,6.0
9754,020420802,6.0
9761,020420803,6.0
9768,020420804,6.0
9775,020420805,6.0
9781,020420806,6.0
9788,020420807,6.0
9795,020420808,6.0
9801,020420809,6.0
9808,020420810,6.0
9815,020420811,6.0
9822,020420901,6.0
9829,020420902,6.0
9836,020420903,6.0
9843,020420904,6.0
9850,020420905,6.0
9857,020420906,6.0
9864,020420907,6.0
9871,020420908,6.0
9878,020420909,6.0
9884,020420910,6.0
9891,020421001,6.0
9898,020421002,6.0
9905,020421003,6.0
9912,020421004,6.0
9919,020421005,6.0
9926,020421006,6.0
9933,020421007,6.0
9940,020421008,6.0
9947,020421009,6.0
9954,020421010,6.0
9961,020421101,6.0
9968,020421102,6.0
9975,020421103,6.0
9982,020421104,6.0
9988,020421105,6.0
9995,020421106,6.0
10002,020421107,6.0
10009,020421108,6.0
10016,020421109,6.0
10023,020421110,6.0
10029,020421201,6.0
10036,020421202,6.0
10043,020421203,6.0
10050,020421204,6.0
10057,020421205,6.0
10064,020421206,6.0
10070,020421207,6.0
10077,020421208,6.0
10084,020421209,6.0
10091,020421210,6.0
10097,020421211,6.0
10104,020421212,6.0
10111,020421301,6.0
10118,020421302,6.0
10125,020421303,6.0
10131,020421304,6.0
10138,020421305,6.0
10145,020421306,6.0
10152,020421307,6.0
10158,020421308,6.0
10165,020421309,6.0
10172,020421310,6.0
10178,020421311,6.0
10185,020421312,6.0
10192,020421313,6.0
10199,020421401,6.0
10206,020421402,6.0
10213,020421403,6.0
10220,020421404,6.0
10227,020421405,6.0
10234,020421406,6.0
10241,020421407,6.0
10247,020421408,6.0
10254,020421409,6.0
10261,020421410,6.0
10268,020421411,6.0
10275,020421412,6.0
10282,020421501,6.0
10289,020421502,6.0
10296,020421503,6.0
10303,020421504,6.0
10310,020421505,6.0
10317,020421506,6.0
10324,020421507,6.0
10331,020421508,6.0
10338,020421509,6.0
10345,020421510,6.0
10352,020421601,6.0
10359,020421602,6.0
10366,020421603,6.0
10372,020421604,6.0
10379,020421605,6.0
10386,020421606,6.0
10393,020421607,6.0
10400,020421608,6.0
10407,020421609,6.0
10414,020421610,6.0
10421,020421611,6.0
10428,020421612,6.0
10435,020421613,6.0
10442,020421614,6.0
10449,020421701,6.0
10456,020421702,6.0
10463,020421703,6.0
10470,020421704,6.0
10477,020421705,6.0
10484,020421706,6.0
10491,020421707,6.0
10498,020421801,6.0
10505,020421802,6.0
10512,020421803,6.0
10519,020421804,6.0
10526,020421805,6.0
10533,020421806,6.0
10540,020421807,6.0
10547,020421808,6.0
10554,020421809,6.0
10561,020421901,6.0
10568,020421902,6.0
10575,020421903,6.0
10582,020421904,6.0
10589,020421905,6.0
10596,020421906,6.0
10603,020421907,6.0
10610,020421908,6.0
10617,020422001,6.0
10624,020422002,6.0
10631,020422003,6.0
10638,020422004,6.0
10645,020422005,6.0
10652,020422006,6.0
10659,020422007,6.0
10666,020422008,6.0
10672,020422009,6.0
10679,020422010,6.0
10686,020422101,6.0
10693,020422102,6.0
10700,020422103,6.0
10707,020422104,6.0
10714,020422105,6.0
10721,020422106,6.0
10728,020422107,6.0
10735,020422108,6.0
10742,020422109,6.0
10749,020422110,6.0
10756,020422111,6.0
10763,020422112,6.0
10765,020490101,1.0
10774,020490102,3.0
10781,020490103,3.0
10788,020490104,3.0
10795,020490105,3.0
10802,020490106,3.0
10809,020490107,3.0
10816,020490108,3.0
10823,020490109,3.0
10833,020490110,6.0
10840,020490111,6.0
10843,020490201,3.0
10852,020490202,6.0
10859,020490203,6.0
10866,020490204,6.0
10870,020490205,3.0
10877,020490206,3.0
10884,020490207,3.0
10891,020490208,3.0
10901,020490209,6.0
10908,020490301,6.0
10915,020490302,6.0
10922,020490303,6.0
10928,020490304,6.0
10935,020490305,6.0
10942,020490306,6.0
10949,020490307,6.0
10956,020490308,6.0
10963,020490309,6.0
10970,020490310,6.0
10977,020490311,6.0
10984,020490312,6.0
10991,020490313,6.0
10998,020490401,6.0
11005,020490402,6.0
11012,020490403,6.0
11019,020490404,6.0
11026,020490405,6.0
11033,020490406,6.0
11040,020490407,6.0
11047,020490408,6.0
11054,020490409,6.0
11061,020490410,6.0
11068,020490411,6.0
11075,020490501,6.0
11082,020490502,6.0
11089,020490503,6.0
11095,020490504,6.0
11102,020490505,6.0
11109,020490506,6.0
11116,020490507,6.0
11123,020490508,6.0
11130,020490509,6.0
11137,020490510,6.0
11144,020490511,6.0
11151,020490601,6.0
11158,020490602,6.0
11162,020490603,3.0
11169,020490604,3.0
11179,020490605,6.0
11186,020490606,6.0
11192,020490607,6.0
11199,020490608,6.0
11205,020490609,6.0
11209,020490701,3.0
11217,020490702,4.0
11225,020490703,6.0
11229,020490704,3.0
11239,020490705,6.0
11241,020490706,1.0
11250,020490707,3.0
11257,020490708,3.0
11263,020490709,3.0
11273,020490710,6.0
11280,020490711,6.0
11287,020490801,6.0
11294,020490802,6.0
11301,020490803,6.0
11308,020490804,6.0
11315,020490805,6.0
11322,020490806,6.0
11329,020490807,6.0
11335,020490808,6.0
11342,020490901,6.0
11349,020490902,6.0
11354,020490903,4.0
11363,020490904,6.0
11370,020490905,6.0
11377,020490906,6.0
11384,020490907,6.0
11391,020490908,6.0
11395,020490909,3.0
11402,020490910,3.0
11412,020490911,6.0
11419,020491001,6.0
11423,020491002,3.0
11433,020491003,6.0
11439,020491004,6.0
11446,020491005,6.0
11453,020491006,6.0
11460,020491007,6.0
11467,020491008,6.0
11474,020491009,6.0
11481,020491010,6.0
11488,020491101,6.0
11495,020491102,6.0
11502,020491103,6.0
11509,020491104,6.0
11516,020491105,6.0
11522,020491106,6.0
11529,020491107,6.0
11536,020491108,6.0
11543,020491109,6.0
11550,020491110,6.0
11557,020491111,6.0
11564,020491201,6.0
11571,020491202,6.0
11578,020491203,6.0
11585,020491204,6.0
11592,020491205,6.0
11598,020491206,6.0
11605,020491207,6.0
11607,020491208,2.0
11616,020491209,4.0
11624,020491301,6.0
11631,020491302,6.0
11638,020491303,6.0
11645,020491304,6.0
11652,020491305,6.0
11659,020491306,6.0
11666,020491307,6.0
11671,020491308,4.0
11679,020491309,6.0
11685,020491310,6.0
11691,020491311,6.0
11698,020491312,6.0
11704,020491313,6.0
11711,020491314,6.0
11716,020491315,4.0
11725,020491401,6.0
11729,020491402,3.0
11739,020491403,6.0
11746,020491404,6.0
11753,020491405,6.0
11757,020491406,3.0
11767,020491407,6.0
11774,020491408,6.0
11778,020491409,3.0
11785,020491410,3.0
11795,020491411,6.0
11802,020491412,6.0
11806,020491413,3.0
11810,020491501,1.0
11819,020491502,3.0
11826,020491503,3.0
11834,020491504,4.0
11838,020491505,1.0
11847,020491506,3.0
11854,020491507,3.0
11861,020491508,3.0
11868,020491509,3.0
11875,020491510,3.0
11880,020491511,1.0
11892,020491601,6.0
11899,020491602,6.0
11906,020491603,6.0
11913,020491604,6.0
11916,020491605,3.0
11923,020491606,3.0
11930,020491607,3.0
11937,020491608,3.0
11944,020491609,3.0
11949,020491701,1.0
11956,020491702,1.0
11965,020491703,3.0
11971,020491704,3.0
11977,020491705,3.0
11982,020491706,1.0
11991,020491707,3.0
11996,020491708,1.0
12003,020491709,1.0
12009,020491710,1.0
12018,020491711,3.0
12024,020491712,3.0
12030,020491713,2.0
12038,020491801,3.0
12043,020491802,1.0
12050,020491803,1.0
12057,020491804,1.0
12064,020491805,1.0
12072,020491806,2.0
12077,020491807,1.0
12084,020491808,1.0
12093,020491809,3.0
12098,020491810,1.0
12105,020491811,1.0
12112,020491812,2.0
12116,020491813,1.0
12123,020491901,1.0
12130,020491902,1.0
12137,020491903,1.0
12146,020491904,3.0
12151,020491905,1.0
12158,020491906,1.0
12167,020492001,3.0
12177,020492002,6.0
12182,020492003,4.0
12191,020492004,6.0
12195,020492005,3.0
12201,020492006,3.0
12208,020492007,3.0
12215,020492008,3.0
12222,020492009,3.0
12229,020492010,3.0
12236,020492011,3.0
12241,020492012,1.0
12250,020492013,3.0
12260,020492101,6.0
12267,020492102,6.0
12274,020492103,6.0
12281,020492104,6.0
12288,020492105,6.0
12295,020492106,6.0
12302,020492107,6.0
12306,020492108,3.0
12316,020492109,6.0
12323,020492110,6.0
12330,020492111,6.0
12337,020492112,6.0
12344,020492113,6.0
12351,020492114,6.0
12358,020492201,6.0
12365,020492202,6.0
12372,020492203,6.0
12379,020492204,6.0
12386,020492205,6.0
12393,020492206,6.0
12400,020492207,6.0
12407,020492208,6.0
12414,020492209,6.0
12420,020492210,6.0
12427,020492211,6.0
12434,020492212,6.0
12441,020492213,6.0
12448,020492214,6.0
12455,020492301,6.0
12462,020492302,6.0
12469,020492303,6.0
12475,020492304,6.0
12482,020492305,6.0
12486,020492306,3.0
12492,020492307,3.0
12502,020492308,6.0
12509,020492309,6.0
12516,020492310,6.0
12519,020492401,3.0
12529,020492402,6.0
12533,020492403,3.0
12540,020492404,3.0
12550,020492405,6.0
12554,020492406,3.0
12561,020492407,3.0
12568,020492408,3.0
12575,020492409,3.0
12582,020492410,3.0
12590,020492411,4.0
12594,020560101,1.0
12601,020560102,1.0
12608,020560103,1.0
12614,020560104,1.0
12621,020560105,1.0
12628,020560106,1.0
12634,020560107,1.0
12641,020560108,1.0
12648,020560109,1.0
12655,020560110,1.0
12662,020560111,1.0
12669,020560112,1.0
12676,020560113,1.0
12683,020560114,1.0
12690,020560115,1.0
12697,020560116,1.0
12704,020560117,1.0
12711,020560118,1.0
12717,020560119,1.0
12723,020560120,1.0
12730,020560121,1.0
12737,020560122,1.0
12744,020560123,1.0
12751,020560124,1.0
12760,020560201,3.0
12766,020560202,2.0
12774,020560203,3.0
12779,020560204,1.0
12786,020560205,1.0
12793,020560206,1.0
12800,020560207,1.0
12809,020560208,3.0
12815,020560209,3.0
12820,020560210,1.0
12829,020560301,3.0
12836,020560302,3.0
12841,020560303,1.0
12848,020560304,1.0
12857,020560305,3.0
12862,020560306,1.0
12869,020560307,1.0
12876,020560308,1.0
12883,020560309,1.0
12888,020560310,1.0
12895,020560311,1.0
12902,020560312,1.0
12909,020560313,1.0
12916,020560314,1.0
12924,020560401,3.0
12929,020560402,1.0
12936,020560403,1.0
12945,020560404,3.0
12952,020560405,3.0
12959,020560406,3.0
12966,020560407,3.0
12973,020560408,3.0
12980,020560409,3.0
12987,020560410,3.0
12994,020560411,3.0
13001,020560501,3.0
13008,020560502,3.0
13015,020560503,3.0
13022,020560504,3.0
13029,020560505,3.0
13034,020560506,1.0
13043,020560507,3.0
13050,020560508,3.0
13057,020560509,3.0
13064,020560510,3.0
13071,020560511,3.0
13078,020560601,3.0
13085,020560602,3.0
13092,020560603,3.0
13099,020560604,3.0
13104,020560605,1.0
13111,020560606,1.0
13118,020560607,1.0
13127,020560608,3.0
13134,020560609,3.0
13139,020560610,1.0
13148,020560611,3.0
13152,020560701,1.0
13159,020560702,1.0
13166,020560703,1.0
13173,020560704,1.0
13180,020560705,1.0
13187,020560706,1.0
13194,020560707,1.0
13201,020560708,1.0
13208,020560709,1.0
13215,020560710,1.0
13222,020560711,2.0
13228,020560712,1.0
13235,020560713,1.0
13242,020560714,1.0
13249,020560715,1.0
13256,020560716,1.0
13265,020560801,3.0
13271,020560802,3.0
13278,020560803,3.0
13288,020560804,6.0
13292,020560805,3.0
13299,020560806,3.0
13306,020560807,3.0
13311,020560808,1.0
13320,020560809,3.0
13327,020560810,3.0
13334,020560811,3.0
13341,020560901,3.0
13348,020560902,3.0
13355,020560903,3.0
13362,020560904,3.0
13367,020560905,1.0
13374,020560906,1.0
13383,020560907,3.0
13390,020560908,3.0
13397,020560909,3.0
13404,020561001,3.0
13411,020561002,3.0
13418,020561003,3.0
13425,020561004,3.0
13432,020561005,3.0
13439,020561006,3.0
13446,020561007,3.0
13451,020561008,1.0
13460,020561101,3.0
13467,020561102,3.0
13474,020561103,3.0
13481,020561104,3.0
13488,020561105,3.0
13493,020561201,1.0
13502,020561202,3.0
13509,020561203,3.0
13516,020561204,3.0
13523,020561205,3.0
13530,020561206,3.0
13535,020561207,1.0
13543,020561301,2.0
13549,020561302,1.0
13556,020561303,1.0
13563,020561304,1.0
13570,020561305,1.0
13577,020561306,1.0
13584,020561307,1.0
13591,020561308,1.0
13600,020561309,3.0
13607,020561310,3.0
13615,020561311,4.0
13619,020561401,1.0
13626,020561402,1.0
13633,020561403,1.0
13640,020561404,1.0
13647,020561405,1.0
13655,020561406,2.0
13663,020561407,3.0
13670,020561408,3.0
13675,020561409,1.0
13682,020561410,1.0
13689,020561411,1.0
13696,020561501,1.0
13703,020561502,1.0
13710,020561503,1.0
13717,020561504,1.0
13724,020561505,1.0
13731,020561506,1.0
13738,020561507,1.0
13745,020561508,1.0
13752,020561509,1.0
13759,020561510,1.0
13766,020561511,1.0
13773,020561512,1.0
13779,020561513,1.0
13786,020561514,1.0
13793,020561515,1.0
13800,020561516,1.0
13807,020561517,1.0
13813,020561518,1.0
13820,020561519,1.0
13827,020561601,1.0
13835,020561602,2.0
13841,020561603,1.0
13848,020561604,1.0
13855,020561605,1.0
13862,020561606,1.0
13869,020561607,1.0
13878,020561608,3.0
13883,020561609,1.0
13890,020561610,1.0
13897,020561701,1.0
13906,020561702,3.0
13910,020561703,1.0
13919,020561704,3.0
13926,020561705,3.0
13931,020561801,1.0
13938,020561802,1.0
13947,020561803,3.0
13952,020561804,1.0
13959,020561805,1.0
13966,020561806,1.0
13973,020561807,1.0
13980,020561808,1.0
13987,020561809,1.0
13996,020630101,3.0
14004,020630102,4.0
14012,020630103,6.0
14016,020630104,3.0
14023,020630105,3.0
14030,020630106,3.0
14037,020630107,3.0
14044,020630108,3.0
14051,020630109,3.0
14061,020630201,6.0
14068,020630202,6.0
14075,020630203,6.0
14082,020630204,6.0
14085,020630205,3.0
14095,020630206,6.0
14102,020630207,6.0
14106,020630208,3.0
14116,020630209,6.0
14120,020630210,3.0
14127,020630211,3.0
14137,020630212,6.0
14142,020630213,4.0
14148,020630301,3.0
14155,020630302,3.0
14162,020630303,3.0
14169,020630304,3.0
14176,020630305,3.0
14186,020630306,6.0
14191,020630307,4.0
14200,020630308,6.0
14207,020630309,6.0
14212,020630310,4.0
14221,020630311,6.0
14225,020630312,3.0
14232,020630313,3.0
14239,020630401,3.0
14246,020630402,3.0
14253,020630403,3.0
14260,020630404,3.0
14267,020630405,3.0
14274,020630406,3.0
14281,020630407,3.0
14288,020630408,3.0
14295,020630409,3.0
14302,020630410,3.0
14309,020630411,3.0
14316,020630501,3.0
14323,020630502,3.0
14330,020630503,3.0
14337,020630504,3.0
14344,020630505,3.0
14351,020630506,3.0
14358,020630507,3.0
14365,020630508,3.0
14371,020630509,3.0
14378,020630510,3.0
14385,020630511,3.0
14392,020630601,3.0
14399,020630602,3.0
14406,020630603,3.0
14413,020630604,3.0
14420,020630605,3.0
14427,020630606,3.0
14434,020630607,3.0
14441,020630608,3.0
14448,020630609,3.0
14455,020630610,3.0
14462,020630611,3.0
14469,020630612,3.0
14476,020630701,3.0
14483,020630702,3.0
14490,020630703,3.0
14497,020630704,3.0
14504,020630705,3.0
14511,020630706,3.0
14518,020630707,3.0
14525,020630708,3.0
14532,020630709,3.0
14539,020630710,3.0
14546,020630711,3.0
14553,020630712,3.0
14560,020630713,3.0
14566,020630714,3.0
14573,020630801,3.0
14580,020630802,3.0
14587,020630803,3.0
14594,020630804,3.0
14601,020630805,3.0
14606,020630806,1.0
14613,020630807,1.0
14622,020630808,3.0
14629,020630809,3.0
14636,020630810,3.0
14642,020630811,3.0
14649,020630812,3.0
14656,020630813,3.0
14663,020630901,3.0
14670,020630902,3.0
14677,020630903,3.0
14684,020630904,3.0
14691,020630905,3.0
14696,020630906,1.0
14705,020630907,3.0
14712,020630908,3.0
14718,020630909,3.0
14725,020630910,3.0
14732,020630911,3.0
14737,020630912,1.0
14746,020630913,3.0
14753,020630914,3.0
14760,020631001,3.0
14767,020631002,3.0
14774,020631003,3.0
14781,020631004,3.0
14788,020631005,3.0
14795,020631006,3.0
14802,020631007,3.0
14808,020631008,3.0
14815,020631009,3.0
14823,020631010,4.0
14829,020631011,3.0
14836,020631012,3.0
14843,020631101,3.0
14853,020631102,6.0
14857,020631103,3.0
14864,020631104,3.0
14874,020631105,6.0
14878,020631106,3.0
14885,020631107,3.0
14892,020631108,3.0
14899,020631109,3.0
14906,020631110,3.0
14913,020631111,3.0
14920,020631112,3.0
14927,020631201,3.0
14934,020631202,3.0
14941,020631203,3.0
14948,020631204,3.0
14955,020631205,3.0
14962,020631206,3.0
14969,020631207,3.0
14976,020631208,3.0
14983,020631209,3.0
14990,020631210,3.0
14997,020631211,3.0
15004,020631212,3.0
15010,020631301,3.0
15017,020631302,3.0
15024,020631303,3.0
15031,020631304,3.0
15036,020631305,1.0
15045,020631306,3.0
15050,020631307,1.0
15057,020631401,1.0
15063,020631402,1.0
15070,020631403,1.0
15077,020631404,1.0
15084,020631405,1.0
15091,020631406,1.0
15097,020631407,1.0
15104,020631408,1.0
15111,020631409,1.0
15118,020631410,1.0
15126,020631411,2.0
15132,020631412,1.0
15139,020631413,1.0
15146,020631414,1.0
15153,020631415,1.0
15161,020631501,3.0
15168,020631502,3.0
15175,020631503,3.0
15182,020631504,3.0
15189,020631505,3.0
15196,020631506,3.0
15203,020631507,3.0
15210,020631508,3.0
15217,020631509,3.0
15224,020631510,3.0
15231,020631511,3.0
15238,020631601,3.0
15243,020631602,1.0
15250,020631603,1.0
15259,020631604,3.0
15266,020631605,3.0
15273,020631606,3.0
15280,020631607,3.0
15285,020631608,1.0
15294,020631609,3.0
15301,020631610,3.0
15306,020631611,1.0
15313,020631612,1.0
15320,020631613,1.0
15332,020700101,6.0
15339,020700102,6.0
15345,020700103,6.0
15349,020700104,3.0
15356,020700105,3.0
15363,020700106,3.0
15370,020700107,3.0
15377,020700108,3.0
15384,020700201,3.0
15391,020700202,3.0
15398,020700203,3.0
15405,020700204,3.0
15412,020700205,3.0
15419,020700206,3.0
15426,020700207,3.0
15434,020700208,4.0
15440,020700301,3.0
15450,020700302,6.0
15457,020700303,6.0
15464,020700304,6.0
15468,020700305,3.0
15475,020700306,3.0
15485,020700307,6.0
15489,020700308,3.0
15496,020700401,3.0
15506,020700402,6.0
15513,020700403,6.0
15520,020700404,6.0
15527,020700405,6.0
15534,020700406,6.0
15538,020700407,3.0
15546,020700408,4.0
15555,020700409,6.0
15559,020700501,3.0
15566,020700502,3.0
15573,020700503,3.0
15583,020700504,6.0
15587,020700505,3.0
15594,020700506,3.0
15601,020700507,3.0
15611,020700508,6.0
15616,020700509,4.0
15622,020700510,3.0
15629,020700511,3.0
15636,020700512,3.0
15643,020700513,3.0
15650,020700514,3.0
15657,020700601,3.0
15664,020700602,3.0
15674,020700603,6.0
15681,020700604,6.0
15688,020700605,6.0
15695,020700606,6.0
15700,020700607,4.0
15709,020700608,6.0
15715,020700609,6.0
15722,020700610,6.0
15729,020700611,6.0
15733,020700612,3.0
15743,020700613,6.0
15747,020700614,3.0
15754,020700701,3.0
15761,020700702,3.0
15769,020700703,4.0
15775,020700704,3.0
15782,020700705,3.0
15789,020700706,3.0
15796,020700707,3.0
15803,020700708,3.0
15813,020700709,6.0
15817,020700710,3.0
15824,020700801,3.0
15831,020700802,3.0
15841,020700803,6.0
15845,020700804,3.0
15852,020700805,3.0
15858,020700806,3.0
15865,020700807,3.0
15872,020700808,3.0
15882,020700809,6.0
15889,020700901,6.0
15893,020700902,3.0
15900,020700903,3.0
15907,020700904,3.0
15914,020700905,3.0
15924,020700906,6.0
15928,020700907,3.0
15935,020700908,3.0
15942,020700909,3.0
15949,020700910,3.0
15959,020701001,6.0
15966,020701002,6.0
15973,020701003,6.0
15980,020701004,6.0
15984,020701005,3.0
15994,020701006,6.0
15998,020701007,3.0
16008,020701008,6.0
16012,020701009,3.0
16022,020701010,6.0
16026,020701011,3.0
16033,020701012,3.0
16040,020701101,3.0
16047,020701102,3.0
16054,020701103,3.0
16061,020701104,3.0
16068,020701105,3.0
16075,020701106,3.0
16082,020701107,3.0
16089,020701108,3.0
16096,020701109,3.0
16103,020701110,3.0
16110,020701111,3.0
16120,020701201,6.0
16124,020701202,3.0
16131,020701203,3.0
16138,020701204,3.0
16144,020701205,3.0
16151,020701206,3.0
16158,020701207,3.0
16165,020701208,3.0
16175,020701209,6.0
16182,020701210,6.0
16186,020701301,3.0
16196,020701302,6.0
16203,020701303,6.0
16207,020701304,3.0
16214,020701305,3.0
16221,020701306,3.0
16228,020701307,3.0
16238,020701308,6.0
16245,020701309,6.0
16252,020701310,6.0
16257,020701311,4.0
16264,020701312,4.0
16269,020701401,3.0
16276,020701402,3.0
16283,020701403,3.0
16289,020701404,3.0
16299,020701405,6.0
16306,020701406,6.0
16310,020701407,3.0
16318,020701408,4.0
16323,020701409,3.0
16330,020701410,3.0
16337,020701411,3.0
16345,020701501,4.0
16351,020701502,3.0
16361,020701503,6.0
16365,020701504,3.0
16372,020701505,3.0
16382,020701506,6.0
16386,020701507,3.0
16393,020701508,3.0
16403,020701509,6.0
16407,020701601,3.0
16414,020701602,3.0
16424,020701603,6.0
16431,020701604,6.0
16438,020701605,6.0
16442,020701606,3.0
16449,020701607,3.0
16456,020701608,3.0
16463,020701609,3.0
16470,020701610,3.0
16480,020701701,6.0
16487,020701702,6.0
16491,020701703,3.0
16501,020701704,6.0
16506,020701705,4.0
16513,020701706,4.0
16519,020701707,3.0
16527,020701708,4.0
16533,020701709,3.0
16540,020701710,3.0
16547,020701801,3.0
16554,020701802,3.0
16562,020701803,4.0
16569,020701804,4.0
16578,020701805,6.0
16585,020701806,6.0
16589,020701807,3.0
16596,020701808,4.0
16602,020701809,3.0
16612,020701810,6.0
16616,020701811,3.0
16626,020701812,6.0
16631,020701901,4.0
16637,020701902,3.0
16644,020701903,3.0
16654,020701904,6.0
16660,020701905,6.0
16667,020701906,6.0
16671,020701907,3.0
16678,020701908,3.0
16688,020701909,6.0
16692,020701910,3.0
16700,020701911,4.0
16709,020701912,6.0
16713,020701913,3.0
16720,020770101,3.0
16730,020770102,6.0
16737,020770103,6.0
16744,020770104,6.0
16751,020770105,6.0
16755,020770106,3.0
16765,020770107,6.0
16772,020770108,6.0
16779,020770109,6.0
16786,020770110,6.0
16793,020770111,6.0
16800,020770112,6.0
16806,020770113,6.0
16813,020770114,6.0
16820,020770201,6.0
16826,020770202,6.0
16833,020770203,6.0
16840,020770204,6.0
16847,020770205,6.0
16854,020770206,6.0
16861,020770207,6.0
16868,020770208,6.0
16875,020770209,6.0
16882,020770210,6.0
16889,020770211,6.0
16895,020770301,6.0
16902,020770302,6.0
16909,020770303,6.0
16916,020770304,6.0
16923,020770305,6.0
16930,020770306,6.0
16937,020770307,6.0
16944,020770308,6.0
16951,020770309,6.0
16958,020770310,6.0
16964,020770311,6.0
16971,020770312,6.0
16978,020770401,6.0
16984,020770402,6.0
16991,020770403,6.0
16997,020770404,6.0
17004,020770405,6.0
17010,020770406,6.0
17017,020770407,6.0
17024,020770408,6.0
17031,020770409,6.0
17038,020770410,6.0
17045,020770411,6.0
17052,020770412,6.0
17059,020770413,6.0
17066,020770501,6.0
17073,020770502,6.0
17080,020770503,6.0
17087,020770504,6.0
17094,020770505,6.0
17101,020770506,6.0
17108,020770507,6.0
17115,020770508,6.0
17119,020770509,3.0
17127,020770510,4.0
17136,020770601,6.0
17143,020770602,6.0
17150,020770603,6.0
17157,020770604,6.0
17164,020770605,6.0
17168,020770606,3.0
17178,020770607,6.0
17182,020770608,3.0
17189,020770609,3.0
17197,020770610,4.0
17203,020770611,3.0
17210,020770701,3.0
17217,020770702,3.0
17227,020770703,6.0
17234,020770704,6.0
17241,020770705,6.0
17248,020770706,6.0
17255,020770707,6.0
17262,020770708,6.0
17269,020770709,6.0
17276,020770710,6.0
17283,020770711,6.0
17287,020770712,3.0
17297,020770801,6.0
17304,020770802,6.0
17311,020770803,6.0
17317,020770804,6.0
17324,020770805,6.0
17331,020770806,6.0
17338,020770807,6.0
17345,020770808,6.0
17352,020770809,6.0
17359,020770901,6.0
17366,020770902,6.0
17373,020770903,6.0
17380,020770904,6.0
17387,020770905,6.0
17394,020770906,6.0
17401,020770907,6.0
17408,020770908,6.0
17415,020770909,6.0
17422,020770910,6.0
17429,020770911,6.0
17433,020770912,3.0
17443,020771001,6.0
17450,020771002,6.0
17457,020771003,6.0
17464,020771004,6.0
17471,020771005,6.0
17477,020771006,6.0
17484,020771007,6.0
17491,020771008,6.0
17498,020771009,6.0
17505,020771010,6.0
17512,020771011,6.0
17516,020771101,3.0
17526,020771102,6.0
17530,020771103,3.0
17537,020771104,3.0
17547,020771105,6.0
17551,020771106,3.0
17561,020771107,6.0
17563,020771108,1.0
17573,020771109,4.0
17582,020771201,6.0
17589,020771202,6.0
17596,020771203,6.0
17603,020771204,6.0
17610,020771205,6.0
17617,020771206,6.0
17622,020771207,4.0
17631,020771208,6.0
17638,020771209,6.0
17644,020771210,6.0
17648,020771301,3.0
17658,020771302,6.0
17665,020771303,6.0
17672,020771304,6.0
17679,020771305,6.0
17686,020771306,6.0
17693,020771307,6.0
17700,020771308,6.0
17706,020771309,6.0
17710,020771310,3.0
17720,020771311,6.0
17727,020771401,6.0
17731,020771402,3.0
17741,020771403,6.0
17748,020771404,6.0
17752,020771405,3.0
17762,020771406,6.0
17766,020771407,3.0
17776,020771408,6.0
17783,020771501,6.0
17790,020771502,6.0
17797,020771503,6.0
17804,020771504,6.0
17811,020771505,6.0
17818,020771506,6.0
17822,020771507,3.0
17832,020771508,6.0
17839,020771509,6.0
17846,020771510,6.0
17853,020771511,6.0
17860,020771601,6.0
17867,020771602,6.0
17874,020771603,6.0
17881,020771604,6.0
17888,020771605,6.0
17895,020771606,6.0
17902,020771607,6.0
17906,020771608,3.0
17916,020771609,6.0
17922,020771610,6.0
17929,020771611,6.0
17936,020771701,6.0
17940,020771702,3.0
17950,020771703,6.0
17954,020771704,3.0
17962,020771705,4.0
17969,020771706,4.0
17976,020771707,4.0
17982,020771708,3.0
17989,020771801,3.0
17996,020771802,3.0
18006,020771803,6.0
18010,020771804,3.0
18020,020771805,6.0
18027,020771806,6.0
18031,020771807,3.0
18038,020771808,3.0
18045,020771809,3.0
18055,020771810,6.0
18059,020771901,3.0
18066,020771902,3.0
18073,020771903,3.0
18080,020771904,3.0
18090,020771905,6.0
18097,020771906,6.0
18102,020771907,4.0
18108,020771908,3.0
18118,020771909,6.0
18122,020772001,3.0
18129,020772002,3.0
18139,020772003,6.0
18146,020772004,6.0
18150,020772005,3.0
18157,020772006,3.0
18165,020772007,4.0
18174,020772008,6.0
18181,020772009,6.0
18188,020772010,6.0
18192,020772011,3.0
18202,020772101,6.0
18209,020772102,6.0
18216,020772103,6.0
18223,020772104,6.0
18229,020772105,6.0
18234,020772106,4.0
18241,020772107,4.0
18250,020772108,6.0
18254,020772109,3.0
18261,020772110,3.0
18268,020772111,3.0
18276,020772112,4.0
18284,020772201,6.0
18291,020772202,6.0
18298,020772203,6.0
18302,020772204,3.0
18312,020772205,6.0
18319,020772206,6.0
18323,020772207,3.0
18333,020772208,6.0
18340,020772209,6.0
18347,020772210,6.0
18354,020772211,6.0
18361,020840101,6.0
18368,020840102,6.0
18375,020840103,6.0
18382,020840104,6.0
18389,020840105,6.0
18396,020840106,6.0
18403,020840107,6.0
18408,020840108,4.0
18417,020840109,6.0
18424,020840110,6.0
18431,020840111,6.0
18438,020840201,6.0
18445,020840202,6.0
18452,020840203,6.0
18459,020840204,6.0
18464,020840205,4.0
18473,020840206,6.0
18480,020840207,6.0
18487,020840208,6.0
18494,020840209,6.0
18498,020840301,3.0
18505,020840302,3.0
18515,020840303,6.0
18522,020840304,6.0
18529,020840305,6.0
18533,020840306,3.0
18541,020840307,4.0
18550,020840308,6.0
18557,020840309,6.0
18564,020840310,6.0
18571,020840311,6.0
18578,020840401,6.0
18585,020840402,6.0
18592,020840403,6.0
18599,020840404,6.0
18606,020840405,6.0
18613,020840406,6.0
18620,020840407,6.0
18627,020840408,6.0
18634,020840409,6.0
18640,020840410,6.0
18647,020840501,6.0
18654,020840502,6.0
18661,020840503,6.0
18668,020840504,6.0
18675,020840505,6.0
18682,020840506,6.0
18689,020840507,6.0
18696,020840508,6.0
18703,020840509,6.0
18710,020840510,6.0
18717,020840511,6.0
18724,020840512,6.0
18729,020840601,4.0
18738,020840602,6.0
18745,020840603,6.0
18751,020840604,6.0
18758,020840605,6.0
18765,020840606,6.0
18772,020840607,6.0
18779,020840608,6.0
18786,020840609,6.0
18793,020840610,6.0
18800,020840701,6.0
18807,020840702,6.0
18814,020840703,6.0
18821,020840704,6.0
18828,020840705,6.0
18835,020840706,6.0
18842,020840707,6.0
18849,020840708,6.0
18856,020840709,6.0
18863,020840710,6.0
18870,020840711,6.0
18877,020840712,6.0
18884,020840713,6.0
18891,020840801,6.0
18898,020840802,6.0
18905,020840803,6.0
18912,020840804,6.0
18919,020840805,6.0
18926,020840806,6.0
18933,020840807,6.0
18940,020840808,6.0
18947,020840809,6.0
18954,020840810,6.0
18961,020840811,6.0
18968,020840812,6.0
18975,020840901,6.0
18982,020840902,6.0
18989,020840903,6.0
18996,020840904,6.0
19003,020840905,6.0
19010,020840906,6.0
19017,020840907,6.0
19024,020840908,6.0
19030,020841001,6.0
19037,020841002,6.0
19044,020841003,6.0
19051,020841004,6.0
19058,020841005,6.0
19064,020841006,6.0
19071,020841007,6.0
19077,020841008,6.0
19084,020841009,6.0
19091,020841010,6.0
19098,020841011,6.0
19105,020841012,6.0
19111,020841013,6.0
19118,020841101,6.0
19125,020841102,6.0
19132,020841103,6.0
19139,020841104,6.0
19146,020841105,6.0
19153,020841106,6.0
19160,020841107,6.0
19167,020841108,6.0
19174,020841109,6.0
19181,020841110,6.0
19188,020841111,6.0
19195,020841112,6.0
19202,020841113,6.0
19209,020841201,6.0
19216,020841202,6.0
19223,020841203,6.0
19230,020841204,6.0
19237,020841205,6.0
19244,020841206,6.0
19251,020841207,6.0
19257,020841208,6.0
19264,020841209,6.0
19270,020841301,6.0
19277,020841302,6.0
19284,020841303,6.0
19291,020841304,6.0
19298,020841305,6.0
19305,020841306,6.0
19312,020841307,6.0
19319,020841308,6.0
19326,020841309,6.0
19333,020841310,6.0
19340,020841311,6.0
19347,020841401,6.0
19354,020841402,6.0
19361,020841403,6.0
19368,020841404,6.0
19375,020841405,6.0
19382,020841406,6.0
19389,020841407,6.0
19396,020841408,6.0
19403,020841409,6.0
19410,020841410,6.0
19417,020841411,6.0
19424,020841412,6.0
19431,020841501,6.0
19438,020841502,6.0
19445,020841503,6.0
19452,020841504,6.0
19459,020841505,6.0
19466,020841506,6.0
19473,020841507,6.0
19480,020841508,6.0
19486,020841509,6.0
19493,020841510,6.0
19500,020841511,6.0
19507,020841512,6.0
19514,020841513,6.0
19521,020841514,6.0
19528,020841515,6.0
19535,020841516,6.0
19541,020841601,6.0
19548,020841602,6.0
19555,020841603,6.0
19562,020841604,6.0
19569,020841605,6.0
19576,020841606,6.0
19583,020841607,6.0
19590,020841608,6.0
19597,020841609,6.0
19604,020841610,6.0
19611,020841611,6.0
19618,020841612,6.0
19625,020841613,6.0
19632,020841614,6.0
19639,020841615,6.0
19646,020841616,6.0
19653,020841617,6.0
19660,020841618,6.0
19667,020841619,6.0
19674,020841620,6.0
19681,020841621,6.0
19688,020841701,6.0
19695,020841702,6.0
19702,020841703,6.0
19709,020841704,6.0
19716,020841705,6.0
19723,020841706,6.0
19730,020841707,6.0
19737,020841708,6.0
19744,020841709,6.0
19751,020841710,6.0
19758,020841801,6.0
19765,020841802,6.0
19772,020841803,6.0
19779,020841804,6.0
19786,020841805,6.0
19793,020841806,6.0
19797,020841807,3.0
19804,020841808,3.0
19813,020841809,6.0
19820,020841810,6.0
19827,020841811,6.0
19834,020841812,6.0
19841,020841813,6.0
19848,020841814,6.0
19855,020841815,6.0
19859,020841901,3.0
19866,020841902,3.0
19873,020841903,3.0
19880,020841904,3.0
19889,020841905,6.0
19896,020841906,6.0
19903,020841907,6.0
19910,020841908,6.0
19917,020841909,6.0
19924,020841910,6.0
19928,020841911,3.0
19938,020841912,6.0
19945,020841913,6.0
19952,020842001,6.0
19959,020842002,6.0
19966,020842003,6.0
19973,020842004,6.0
19980,020842005,6.0
19987,020842006,6.0
19994,020842007,6.0
20001,020842008,6.0
20008,020842009,6.0
20015,020842010,6.0
20021,020842101,6.0
20028,020842102,6.0
20035,020842103,6.0
20042,020842104,6.0
20049,020842105,6.0
20056,020842106,6.0
20063,020842107,6.0
20070,020842108,6.0
20077,020842109,6.0
20084,020842110,6.0
20091,020842111,6.0
20098,020842112,6.0
20105,020842113,6.0
20112,020842201,6.0
20116,020842202,3.0
20126,020842203,6.0
20133,020842204,6.0
20140,020842205,6.0
20147,020842206,6.0
20154,020842207,6.0
20161,020842208,6.0
20168,020842209,6.0
20175,020842210,6.0
20182,020842211,6.0
20189,020842212,6.0
20196,020842213,6.0
20203,020842214,6.0
20210,020842215,6.0
20217,020910101,6.0
20224,020910102,6.0
20231,020910103,6.0
20238,020910104,6.0
20245,020910105,6.0
20252,020910106,6.0
20259,020910107,6.0
20266,020910108,6.0
20273,020910109,6.0
20280,020910110,6.0
20287,020910111,6.0
20294,020910112,6.0
20301,020910113,6.0
20308,020910114,6.0
20315,020910115,6.0
20322,020910201,6.0
20329,020910202,6.0
20336,020910203,6.0
20343,020910204,6.0
20350,020910205,6.0
20357,020910206,6.0
20364,020910207,6.0
20371,020910208,6.0
20378,020910209,6.0
20385,020910210,6.0
20392,020910211,6.0
20398,020910212,6.0
20405,020910213,6.0
20411,020910301,6.0
20418,020910302,6.0
20425,020910303,6.0
20432,020910304,6.0
20439,020910305,6.0
20446,020910306,6.0
20453,020910307,6.0
20460,020910308,6.0
20467,020910309,6.0
20474,020910310,6.0
20481,020910311,6.0
20487,020910312,6.0
20494,020910313,6.0
20501,020910401,6.0
20508,020910402,6.0
20515,020910403,6.0
20522,020910404,6.0
20529,020910405,6.0
20536,020910406,6.0
20543,020910407,6.0
20550,020910408,6.0
20557,020910409,6.0
20564,020910410,6.0
20571,020910411,6.0
20578,020910412,6.0
20584,020910413,6.0
20591,020910414,6.0
20598,020910415,6.0
20605,020910416,6.0
20612,020910501,6.0
20619,020910502,6.0
20626,020910503,6.0
20633,020910504,6.0
20640,020910505,6.0
20647,020910506,6.0
20654,020910507,6.0
20661,020910508,6.0
20668,020910509,6.0
20675,020910510,6.0
20682,020910511,6.0
20689,020910512,6.0
20696,020910601,6.0
20703,020910602,6.0
20710,020910603,6.0
20717,020910604,6.0
20724,020910605,6.0
20731,020910606,6.0
20738,020910607,6.0
20745,020910608,6.0
20752,020910701,6.0
20758,020910702,6.0
20765,020910703,6.0
20772,020910704,6.0
20779,020910705,6.0
20786,020910706,6.0
20792,020910707,6.0
20799,020910708,6.0
20806,020910709,6.0
20813,020910801,6.0
20820,020910802,6.0
20827,020910803,6.0
20834,020910804,6.0
20841,020910805,6.0
20848,020910806,6.0
20855,020910807,6.0
20862,020910808,6.0
20869,020910809,6.0
20876,020910810,6.0
20883,020910811,6.0
20890,020910901,6.0
20897,020910902,6.0
20904,020910903,6.0
20911,020910904,6.0
20918,020910905,6.0
20925,020910906,6.0
20932,020910907,6.0
20939,020910908,6.0
20946,020910909,6.0
20953,020910910,6.0
20960,020910911,6.0
20967,020911001,6.0
20974,020911002,6.0
20981,020911003,6.0
20988,020911004,6.0
20995,020911005,6.0
21002,020911006,6.0
21009,020911007,6.0
21016,020911008,6.0
21023,020911009,6.0
21030,020911010,6.0
21037,020911011,6.0
21044,020911012,6.0
21051,020911013,6.0
21058,020911014,6.0
21065,020911015,6.0
21072,020911101,6.0
21079,020911102,6.0
21086,020911103,6.0
21093,020911104,6.0
21100,020911105,6.0
21107,020911106,6.0
21114,020911107,6.0
21121,020911201,6.0
21127,020911202,6.0
21133,020911203,6.0
21139,020911204,6.0
21146,020911205,6.0
21153,020911206,6.0
21159,020911207,6.0
21166,020911208,6.0
21173,020911209,6.0
21180,020911210,6.0
21187,020911301,6.0
21194,020911302,6.0
21201,020911303,6.0
21208,020911304,6.0
21215,020911305,6.0
21222,020911306,6.0
21229,020911307,6.0
21236,020911308,6.0
21243,020911309,6.0
21250,020911310,6.0
21257,020911311,6.0
21264,020911312,6.0
21271,020911313,6.0
21278,020911314,6.0
21285,020911315,6.0
21292,020911401,6.0
21299,020911402,6.0
21305,020911403,6.0
21312,020911404,6.0
21319,020911405,6.0
21326,020911406,6.0
21332,020911407,6.0
21338,020911408,6.0
21345,020911409,6.0
21352,020911410,6.0
21359,020911411,6.0
21366,020911501,6.0
21373,020911502,6.0
21380,020911503,6.0
21387,020911504,6.0
21394,020911505,6.0
21401,020911506,6.0
21408,020911507,6.0
21414,020911508,6.0
21421,020911509,6.0
21428,020911510,6.0
21435,020911511,6.0
21442,020911512,6.0
21449,020911601,6.0
21456,020911602,6.0
21463,020911603,6.0
21470,020911604,6.0
21477,020911605,6.0
21484,020911606,6.0
21490,020911607,6.0
21497,020911608,6.0
21504,020911609,6.0
21511,020911610,6.0
21518,020911611,6.0
21525,020911612,6.0
21532,020911613,6.0
21539,020911701,6.0
21546,020911702,6.0
21553,020911703,6.0
21560,020911704,6.0
21567,020911705,6.0
21574,020911706,6.0
21581,020911707,6.0
21587,020911708,6.0
21594,020911709,6.0
21601,020911710,6.0
21608,020911711,6.0
21615,020911712,6.0
21622,020911713,6.0
21629,020911801,6.0
21636,020911802,6.0
21643,020911803,6.0
21650,020911804,6.0
21657,020911805,6.0
21664,020911806,6.0
21671,020911807,6.0
21678,020911808,6.0
21685,020911809,6.0
21691,020911810,6.0
21698,020911901,6.0
21705,020911902,6.0
21712,020911903,6.0
21719,020911904,6.0
21726,020911905,6.0
21733,020911906,6.0
21740,020911907,6.0
21747,020911908,6.0
21754,020911909,6.0
21761,020911910,6.0
21768,020911911,6.0
21775,020911912,6.0
21782,020912001,6.0
21788,020912002,6.0
21795,020912003,6.0
21802,020912004,6.0
21809,020912005,6.0
21816,020912006,6.0
21823,020912007,6.0
21830,020912008,6.0
21837,020912009,6.0
21844,020912010,6.0
21850,020912011,6.0
21857,020912012,6.0
21864,020912101,6.0
21871,020912102,6.0
21877,020912103,6.0
21884,020912104,6.0
21891,020912105,6.0
21898,020912106,6.0
21905,020912107,6.0
21912,020912108,6.0
21919,020912109,6.0
21926,020912110,6.0
21933,020912201,6.0
21940,020912202,6.0
21947,020912203,6.0
21954,020912204,6.0
21961,020912205,6.0
21968,020912206,6.0
21975,020912207,6.0
21982,020912208,6.0
21989,020912209,6.0
21996,020912301,6.0
22003,020912302,6.0
22009,020912303,6.0
22016,020912304,6.0
22023,020912305,6.0
22030,020912306,6.0
22037,020912307,6.0
22043,020912308,6.0
22050,020912309,6.0
22057,020912310,6.0
22063,020912311,6.0
22070,020912312,6.0
22076,020912401,6.0
22083,020912402,6.0
22090,020912403,6.0
22097,020912404,6.0
22104,020912405,6.0
22111,020912406,6.0
22118,020912407,6.0
22125,020912408,6.0
22132,020912409,6.0
22139,020912410,6.0
22146,020912501,6.0
22153,020912502,6.0
22160,020912503,6.0
22167,020912504,6.0
22173,020912505,6.0
22180,020912506,6.0
22187,020912507,6.0
22194,020912508,6.0
22201,020912601,6.0
22208,020912602,6.0
22215,020912603,6.0
22221,020912604,6.0
22228,020912605,6.0
22235,020912606,6.0
22242,020912607,6.0
22249,020912608,6.0
22255,020912609,6.0
22261,020912610,6.0
22268,020912611,6.0
22275,020912701,6.0
22282,020912702,6.0
22289,020912703,6.0
22296,020912704,6.0
22303,020912705,6.0
22309,020912706,6.0
22316,020912707,6.0
22323,020912708,6.0
22329,020912709,6.0
22336,020912710,6.0
22343,020912711,6.0
22350,020912801,6.0
22357,020912802,6.0
22363,020912803,6.0
22370,020912804,6.0
22376,020912805,6.0
22383,020912806,6.0
22390,020912807,6.0
22397,020912808,6.0
22404,020912809,6.0
22410,020912810,6.0
22417,020912901,6.0
22424,020912902,6.0
22431,020912903,6.0
22438,020912904,6.0
22445,020912905,6.0
22452,020912906,6.0
22459,020912907,6.0
22466,020912908,6.0
22473,020912909,6.0
22480,020912910,6.0
22486,020912911,6.0
22493,020980101,6.0
22500,020980102,6.0
22506,020980103,6.0
22513,020980104,6.0
22520,020980105,6.0
22527,020980106,6.0
22534,020980107,6.0
22541,020980108,6.0
22547,020980109,6.0
22554,020980110,6.0
22561,020980201,6.0
22568,020980202,6.0
22575,020980203,6.0
22582,020980204,6.0
22589,020980205,6.0
22596,020980206,6.0
22603,020980207,6.0
22610,020980208,6.0
22617,020980209,6.0
22623,020980210,6.0
22630,020980301,6.0
22637,020980302,6.0
22644,020980303,6.0
22650,020980304,6.0
22657,020980305,6.0
22664,020980306,6.0
22671,020980307,6.0
22678,020980308,6.0
22685,020980309,6.0
22692,020980310,6.0
22699,020980311,6.0
22706,020980312,6.0
22713,020980401,6.0
22719,020980402,6.0
22726,020980403,6.0
22733,020980404,6.0
22739,020980405,6.0
22746,020980406,6.0
22753,020980407,6.0
22760,020980408,6.0
22767,020980409,6.0
22774,020980410,6.0
22781,020980501,6.0
22788,020980502,6.0
22795,020980503,6.0
22802,020980504,6.0
22809,020980505,6.0
22816,020980506,6.0
22822,020980507,6.0
22829,020980508,6.0
22836,020980509,6.0
22843,020980510,6.0
22850,020980601,6.0
22856,020980602,6.0
22863,020980603,6.0
22870,020980604,6.0
22877,020980605,6.0
22884,020980606,6.0
22891,020980607,6.0
22898,020980608,6.0
22904,020980609,6.0
22911,020980610,6.0
22918,020980611,6.0
22925,020980612,6.0
22932,020980613,6.0
22938,020980701,6.0
22945,020980702,6.0
22951,020980703,6.0
22958,020980704,6.0
22965,020980705,6.0
22972,020980706,6.0
22979,020980707,6.0
22986,020980708,6.0
22993,020980709,6.0
23000,020980710,6.0
23007,020980711,6.0
23013,020980712,6.0
23020,020980713,6.0
23027,020980714,6.0
23033,020980715,6.0
23039,020980716,6.0
23046,020980801,6.0
23053,020980802,6.0
23060,020980803,6.0
23067,020980804,6.0
23074,020980805,6.0
23081,020980806,6.0
23088,020980807,6.0
23095,020980808,6.0
23102,020980809,6.0
23109,020980810,6.0
23115,020980811,6.0
23121,020980812,6.0
23128,020980813,6.0
23135,020980814,6.0
23142,020980815,6.0
23149,020980901,6.0
23156,020980902,6.0
23163,020980903,6.0
23170,020980904,6.0
23177,020980905,6.0
23184,020980906,6.0
23191,020980907,6.0
23198,020980908,6.0
23205,020980909,6.0
23212,020980910,6.0
23219,020980911,6.0
23226,020980912,6.0
23233,020980913,6.0
23240,020980914,6.0
23247,020980915,6.0
23254,020980916,6.0
23261,020981001,6.0
23268,020981002,6.0
23274,020981101,6.0
23280,020981102,6.0
23287,020981103,6.0
23294,020981104,6.0
23301,020981105,6.0
23308,020981106,6.0
23315,020981107,6.0
23322,020981108,6.0
23329,020981109,6.0
23336,020981110,6.0
23343,020981111,6.0
23350,020981112,6.0
23357,020981113,6.0
23363,020981114,6.0
23370,020981115,6.0
23377,020981116,6.0
23384,020981117,6.0
23391,020981201,6.0
23398,020981202,6.0
23405,020981203,6.0
23412,020981204,6.0
23419,020981205,6.0
23426,020981206,6.0
23433,020981207,6.0
23440,020981208,6.0
23447,020981209,6.0
23454,020981210,6.0
23461,020981211,6.0
23468,020981212,6.0
23474,020981301,6.0
23481,020981302,6.0
23488,020981303,6.0
23495,020981304,6.0
23502,020981305,6.0
23509,020981306,6.0
23516,020981307,6.0
23523,020981308,6.0
23530,020981309,6.0
23537,020981310,6.0
23544,020981311,6.0
23551,020981312,6.0
23558,020981401,6.0
23565,020981402,6.0
23572,020981403,6.0
23579,020981404,6.0
23586,020981405,6.0
23593,020981406,6.0
23600,020981407,6.0
23606,020981408,6.0
23613,020981409,6.0
23620,020981410,6.0
23627,020981411,6.0
23634,020981501,6.0
23641,020981502,6.0
23648,020981503,6.0
23655,020981504,6.0
23662,020981505,6.0
23669,020981506,6.0
23676,020981507,6.0
23683,020981508,6.0
23690,020981601,6.0
23697,020981602,6.0
23704,020981603,6.0
23711,020981604,6.0
23718,020981605,6.0
23725,020981606,6.0
23731,020981607,6.0
23737,020981701,6.0
23744,020981702,6.0
23751,020981703,6.0
23758,020981704,6.0
23764,020981705,6.0
23771,020981706,6.0
23778,020981707,6.0
23785,020981708,6.0
23792,020981801,6.0
23798,020981802,6.0
23805,020981803,6.0
23812,020981804,6.0
23819,020981805,6.0
23826,020981806,6.0
23833,020981807,6.0
23840,020981808,6.0
23847,020981901,6.0
23854,020981902,6.0
23861,020981903,6.0
23868,020981904,6.0
23875,020981905,6.0
23882,020982001,6.0
23889,020982002,6.0
23896,020982003,6.0
23903,020982004,6.0
23909,020982005,6.0
23916,020982006,6.0
23923,020982007,6.0
23930,020982101,6.0
23937,020982102,6.0
23944,020982103,6.0
23951,020982104,6.0
23958,020982105,6.0
23965,020982106,6.0
23972,020982107,6.0
23979,020982108,6.0
23986,020982109,6.0
23993,020982110,6.0
24000,020982111,6.0
24007,020982201,6.0
24014,020982202,6.0
24021,020982203,6.0
24028,020982204,6.0
24034,020982205,6.0
24041,020982206,6.0
24048,020982207,6.0
24055,020982208,6.0
24062,020982209,6.0
24069,020982210,6.0
24075,020982211,6.0
24082,020982212,6.0
24089,020982301,6.0
24096,020982302,6.0
24103,020982303,6.0
24110,020982304,6.0
24117,020982305,6.0
24124,020982306,6.0
24131,020982307,6.0
24138,020982308,6.0
24145,020982309,6.0
24152,020982310,6.0
24159,020982311,6.0
24166,020982312,6.0
24172,020982313,6.0
24179,020982314,6.0
24185,020982401,6.0
24192,020982402,6.0
24199,020982403,6.0
24206,020982404,6.0
24213,020982405,6.0
24220,020982406,6.0
24227,020982407,6.0
24234,020982408,6.0
24241,020982409,6.0
24248,020982501,6.0
24255,020982502,6.0
24262,020982503,6.0
24269,020982504,6.0
24276,020982505,6.0
24283,020982506,6.0
24290,020982507,6.0
24297,020982508,6.0
24303,020982509,6.0
24310,020982601,6.0
24317,020982602,6.0
24324,020982603,6.0
24330,020982604,6.0
24337,020982605,6.0
24344,020982606,6.0
24351,020982607,6.0
24358,020982701,6.0
24365,020982702,6.0
24372,020982703,6.0
24379,020982704,6.0
24385,020982705,6.0
24392,020982706,6.0
24399,020982707,6.0
24406,020982801,6.0
24413,020982802,6.0
24420,020982803,6.0
24427,020982804,6.0
24434,020982805,6.0
24441,020982806,6.0
24448,020982807,6.0
24455,020982808,6.0
24462,020982809,6.0
24469,020982810,6.0
24475,020982811,6.0
24482,020982812,6.0
24489,020982901,6.0
24496,020982902,6.0
24503,020982903,6.0
24510,020982904,6.0
24517,020982905,6.0
24524,020982906,6.0
24531,020982907,6.0
24538,020982908,6.0
24544,020982909,6.0
24551,020982910,6.0
24558,020982911,6.0
24565,020983001,6.0
24572,020983002,6.0
24579,020983003,6.0
24586,020983004,6.0
24593,020983005,6.0
24600,020983006,6.0
24607,020983007,6.0
24614,020983008,6.0
24621,020983009,6.0
24628,020983101,6.0
24635,020983102,6.0
24642,020983103,6.0
24649,020983104,6.0
24656,020983105,6.0
24663,020983106,6.0
24670,020983107,6.0
24677,020983108,6.0
24684,020983109,6.0
24691,020983110,6.0
24698,020983111,6.0
24705,020983112,6.0
24712,021050101,6.0
24719,021050102,6.0
24726,021050103,6.0
24733,021050104,6.0
24740,021050105,6.0
24747,021050106,6.0
24754,021050107,6.0
24761,021050108,6.0
24768,021050109,6.0
24775,021050110,6.0
24782,021050111,6.0
24789,021050112,6.0
24796,021050201,6.0
24803,021050202,6.0
24810,021050203,6.0
24817,021050204,6.0
24823,021050205,6.0
24830,021050206,6.0
24837,021050207,6.0
24844,021050208,6.0
24850,021050209,6.0
24857,021050210,6.0
24864,021050301,6.0
24871,021050302,6.0
24878,021050303,6.0
24885,021050304,6.0
24892,021050305,6.0
24899,021050306,6.0
24906,021050307,6.0
24913,021050308,6.0
24920,021050309,6.0
24927,021050310,6.0
24933,021050311,6.0
24940,021050312,6.0
24947,021050313,6.0
24954,021050401,6.0
24961,021050402,6.0
24968,021050403,6.0
24975,021050404,6.0
24981,021050405,6.0
24988,021050406,6.0
24995,021050407,6.0
25002,021050408,6.0
25009,021050409,6.0
25016,021050410,6.0
25023,021050411,6.0
25030,021050412,6.0
25037,021050413,6.0
25044,021050414,6.0
25051,021050501,6.0
25057,021050502,6.0
25064,021050503,6.0
25071,021050504,6.0
25078,021050505,6.0
25085,021050506,6.0
25092,021050507,6.0
25099,021050508,6.0
25103,021050509,3.0
25113,021050510,6.0
25120,021050511,6.0
25127,021050512,6.0
25134,021050513,6.0
25141,021050514,6.0
25148,021050601,6.0
25155,021050602,6.0
25162,021050603,6.0
25169,021050604,6.0
25173,021050605,4.0
25182,021050606,6.0
25188,021050607,6.0
25192,021050701,3.0
25199,021050702,3.0
25206,021050703,3.0
25213,021050704,3.0
25220,021050705,3.0
25227,021050706,3.0
25234,021050707,3.0
25240,021050708,2.0
25248,021050709,3.0
25256,021050710,4.0
25265,021050711,6.0
25272,021050712,6.0
25276,021050713,3.0
25283,021050801,3.0
25291,021050802,4.0
25297,021050803,3.0
25304,021050804,3.0
25314,021050805,6.0
25321,021050806,6.0
25328,021050807,6.0
25335,021050808,6.0
25341,021050809,6.0
25348,021050810,6.0
25355,021050901,6.0
25362,021050902,6.0
25369,021050903,6.0
25373,021050904,3.0
25380,021050905,3.0
25385,021050906,1.0
25392,021050907,1.0
25401,021050908,3.0
25408,021050909,3.0
25415,021050910,3.0
25422,021050911,3.0
25432,021051001,6.0
25439,021051002,6.0
25446,021051003,6.0
25453,021051004,6.0
25460,021051005,6.0
25467,021051006,6.0
25474,021051007,6.0
25481,021051008,6.0
25488,021051009,6.0
25495,021051010,6.0
25502,021051011,6.0
25509,021051012,6.0
25516,021051013,6.0
25523,021051101,6.0
25530,021051102,6.0
25537,021051103,6.0
25544,021051104,6.0
25551,021051105,6.0
25558,021051106,6.0
25565,021051107,6.0
25572,021051108,6.0
25579,021051109,6.0
25586,021051110,6.0
25593,021051111,6.0
25600,021051112,6.0
25607,021051113,6.0
25614,021051114,6.0
25621,021051115,6.0
25627,021051116,6.0
25634,021051201,6.0
25641,021051202,6.0
25648,021051203,6.0
25655,021051204,6.0
25662,021051205,6.0
25669,021051206,6.0
25676,021051207,6.0
25683,021051208,6.0
25690,021051209,6.0
25697,021051210,6.0
25704,021051301,6.0
25711,021051302,6.0
25717,021051303,6.0
25724,021051304,6.0
25730,021051305,6.0
25737,021051306,6.0
25744,021051307,6.0
25751,021051308,6.0
25757,021051309,6.0
25764,021051310,6.0
25771,021051401,6.0
25778,021051402,6.0
25785,021051403,6.0
25792,021051404,6.0
25799,021051405,6.0
25806,021051406,6.0
25813,021051407,6.0
25819,021051408,6.0
25824,021051409,4.0
25833,021051410,6.0
25840,021051411,6.0
25847,021051501,6.0
25854,021051502,6.0
25860,021051503,6.0
25867,021051504,6.0
25871,021051505,3.0
25878,021051506,3.0
25888,021051507,6.0
25895,021051508,6.0
25902,021051509,6.0
25907,021051510,4.0
25916,021051601,6.0
25921,021051602,4.0
25930,021051603,6.0
25937,021051604,6.0
25944,021051605,6.0
25951,021051606,6.0
25958,021051607,6.0
25965,021051608,6.0
25972,021051609,6.0
25979,021051610,6.0
25986,021051611,6.0
25993,021051701,6.0
26000,021051702,6.0
26007,021051703,6.0
26014,021051704,6.0
26021,021051705,6.0
26028,021051706,6.0
26035,021051707,6.0
26042,021051708,6.0
26049,021051709,6.0
26056,021051710,6.0
26063,021051711,6.0
26070,021051712,6.0
26077,021051801,6.0
26084,021051802,6.0
26091,021051803,6.0
26098,021051804,6.0
26105,021051805,6.0
26112,021051806,6.0
26118,021051807,6.0
26124,021051808,6.0
26131,021051809,6.0
26138,021051810,6.0
26145,021051811,6.0
26152,021051812,6.0
26159,021051813,6.0
26166,021051901,6.0
26173,021051902,6.0
26180,021051903,6.0
26187,021051904,6.0
26194,021051905,6.0
26201,021051906,6.0
26208,021051907,6.0
26215,021051908,6.0
26222,021051909,6.0
26228,021051910,6.0
26235,021051911,6.0
26242,021052001,6.0
26249,021052002,6.0
26256,021052003,6.0
26263,021052004,6.0
26270,021052005,6.0
26277,021052006,6.0
26284,021052007,6.0
26290,021052008,6.0
26297,021052009,6.0
26304,021052010,6.0
26311,021052011,6.0
26318,021052012,6.0
26324,021052101,6.0
26331,021052102,6.0
26338,021052103,6.0
26345,021052104,6.0
26352,021052105,6.0
26359,021052106,6.0
26366,021052107,6.0
26372,021052108,6.0
26379,021052109,6.0
26386,021052110,6.0
26393,021052111,6.0
26400,021052112,6.0
26407,021052113,6.0
26409,060350101,1.0
26416,060350102,1.0
26425,060350103,3.0
26432,060350104,3.0
26438,060350105,2.0
26446,060350106,3.0
26451,060350107,1.0
26458,060350108,1.0
26466,060350109,2.0
26472,060350110,1.0
26479,060350111,1.0
26486,060350112,1.0
26493,060350113,1.0
26500,060350201,1.0
26507,060350202,1.0
26514,060350203,1.0
26521,060350204,1.0
26528,060350205,1.0
26537,060350301,3.0
26542,060350302,1.0
26551,060350303,3.0
26558,060350304,3.0
26565,060350305,3.0
26572,060350306,3.0
26579,060350307,3.0
26587,060350308,4.0
26593,060350309,3.0
26600,060350310,3.0
26606,060350311,3.0
26613,060350312,3.0
26620,060350313,3.0
26627,060350314,3.0
26634,060350315,3.0
26639,060350401,1.0
26646,060350402,1.0
26653,060350403,1.0
26660,060350404,1.0
26668,060350405,2.0
26674,060350406,1.0
26681,060350407,1.0
26690,060350408,3.0
26697,060350409,3.0
26704,060350501,3.0
26709,060350502,1.0
26716,060350503,1.0
26725,060350504,3.0
26730,060350505,1.0
26737,060350506,1.0
26744,060350507,1.0
26751,060350508,1.0
26760,060350601,3.0
26765,060350602,1.0
26772,060350603,1.0
26779,060350604,1.0
26786,060350605,1.0
26793,060350606,1.0
26802,060350701,3.0
26809,060350702,3.0
26816,060350703,3.0
26823,060350704,3.0
26830,060350705,3.0
26835,060350706,1.0
26842,060350707,1.0
26851,060350708,3.0
26858,060350709,3.0
26865,060350710,3.0
26872,060350711,3.0
26879,060350712,3.0
26886,060350801,3.0
26891,060350802,1.0
26898,060350803,1.0
26907,060350804,3.0
26912,060350805,1.0
26919,060350806,1.0
26926,060350807,1.0
26935,060350808,3.0
26942,060350809,3.0
26947,060350810,1.0
26956,060350811,3.0
26963,060350812,3.0
26968,060350813,1.0
26977,060350814,3.0
26982,060350815,1.0
26989,060350901,1.0
26995,060350902,1.0
27002,060350903,1.0
27009,060350904,1.0
27016,060350905,1.0
27023,060350906,1.0
27030,060350907,1.0
27037,060350908,1.0
27044,060350909,1.0
27050,060350910,1.0
27057,060350911,1.0
27064,060350912,1.0
27071,060350913,1.0
27080,060350914,3.0
27085,060350915,1.0
27090,060351001,1.0
27099,060351002,3.0
27104,060351003,1.0
27111,060351004,1.0
27118,060351005,1.0
27126,060351101,3.0
27133,060351102,3.0
27140,060351103,3.0
27147,060351104,3.0
27156,060351105,6.0
27160,060351106,3.0
27167,060351107,3.0
27173,060351108,3.0
27183,060351109,6.0
27190,060351110,6.0
27194,060351111,3.0
27204,060351112,6.0
27209,060351113,4.0
27214,060351201,3.0
27221,060351202,3.0
27228,060351203,3.0
27235,060351204,4.0
27241,060351205,3.0
27251,060351206,6.0
27255,060351207,3.0
27265,060351208,6.0
27272,060351209,6.0
27276,060351210,3.0
27286,060351211,6.0
27293,060351212,6.0
27300,060351213,6.0
27305,060351214,4.0
27311,060351301,3.0
27318,060351302,3.0
27325,060351303,3.0
27332,060351304,3.0
27339,060351305,3.0
27346,060351306,3.0
27353,060351307,3.0
27360,060351308,3.0
27367,060351309,3.0
27375,060351310,4.0
27381,060351311,3.0
27391,060351401,6.0
27395,060351402,3.0
27402,060351403,3.0
27409,060351404,3.0
27416,060351405,3.0
27423,060351406,3.0
27430,060351407,3.0
27437,060351408,3.0
27444,060351409,3.0
27454,060351410,6.0
27458,060351411,4.0
27464,060351412,3.0
27471,060351413,3.0
27476,060351501,1.0
27485,060351502,3.0
27492,060351503,3.0
27497,060351504,1.0
27504,060351505,1.0
27511,060351506,1.0
27519,060351507,3.0
27526,060351508,3.0
27533,060351509,3.0
27540,060351510,3.0
27547,060351511,3.0
27552,060351512,1.0
27559,060351513,1.0
27566,060351514,1.0
27575,060351601,3.0
27582,060351602,3.0
27589,060351603,3.0
27596,060351604,3.0
27603,060351605,3.0
27610,060351606,3.0
27617,060351607,3.0
27624,060351608,3.0
27631,060351609,3.0
27638,060351610,3.0
27645,060351611,3.0
27652,060351701,3.0
27659,060351702,3.0
27666,060351703,3.0
27673,060351704,3.0
27680,060351705,3.0
27687,060351706,3.0
27694,060351707,3.0
27701,060351708,3.0
27706,060351709,1.0
27715,060351710,3.0
27722,060351711,3.0
27729,060351801,3.0
27736,060351802,3.0
27743,060351803,3.0
27750,060351804,3.0
27757,060351805,3.0
27764,060351806,3.0
27771,060351807,3.0
27778,060351808,3.0
27784,060351809,3.0
27791,060351810,3.0
27798,060351811,3.0
27805,060351901,3.0
27812,060351902,3.0
27819,060351903,3.0
27826,060351904,3.0
27833,060351905,3.0
27838,060351906,1.0
27847,060351907,3.0
27852,060351908,1.0
27861,060351909,3.0
27868,060351910,3.0
27873,060351911,1.0
27882,060351912,3.0
27889,060352001,3.0
27899,060352002,6.0
27903,060352003,3.0
27910,060352004,3.0
27917,060352005,3.0
27924,060352006,3.0
27931,060352007,3.0
27938,060352008,3.0
27945,060352009,3.0
27952,060352010,3.0
27959,060352011,3.0
27966,060352012,3.0
27973,060352013,3.0
27980,060352101,3.0
27987,060352102,3.0
27994,060352103,3.0
27999,060352104,1.0
28008,060352105,3.0
28015,060352106,3.0
28023,060352107,4.0
28029,060352108,3.0
28036,060352109,3.0
28046,060352110,6.0
28050,060352111,3.0
28060,060352112,6.0
28061,060352201,1.0
28071,060352202,4.0
28077,060352203,3.0
28085,060352204,4.0
28094,060352205,6.0
28099,060352206,4.0
28105,060352207,3.0
28112,060352208,3.0
28119,060352209,3.0
28126,060352210,3.0
28133,060352211,3.0
28140,060352212,3.0
28145,060352213,1.0
28155,060352214,4.0
28160,060352301,3.0
28167,060352302,3.0
28173,060352303,3.0
28178,060352304,1.0
28187,060352305,3.0
28194,060352306,3.0
28201,060352307,3.0
28208,060352308,3.0
28213,060352309,1.0
28222,060352401,3.0
28229,060352402,3.0
28234,060352403,1.0
28241,060352404,1.0
28250,060352405,3.0
28257,060352406,3.0
28264,060352407,3.0
28269,060352408,1.0
28278,060352409,3.0
28283,060352410,1.0
28290,060352411,1.0
28297,060352412,1.0
28304,060352501,1.0
28311,060352502,1.0
28318,060352503,1.0
28325,060352504,1.0
28334,060352505,3.0
28341,060352506,3.0
28346,060352507,1.0
28353,060352508,1.0
28360,060352509,1.0
28367,060352510,1.0
28375,060352511,3.0
28380,060352512,1.0
28389,060352513,3.0
28394,060352601,1.0
28401,060352602,1.0
28408,060352603,1.0
28415,060352604,1.0
28422,060352605,1.0
28429,060352606,1.0
28436,060352607,1.0
28443,060352608,1.0
28450,060352609,1.0
28457,060352610,1.0
28464,060352611,1.0
28471,060352612,1.0
28478,060352613,1.0
28484,060352614,1.0
28491,060352615,1.0
28498,060352701,1.0
28507,060352702,3.0
28512,060352703,1.0
28519,060352704,1.0
28526,060352705,1.0
28535,060352706,3.0
28540,060352707,1.0
28547,060352708,1.0
28554,060352709,1.0
28563,060352801,3.0
28568,060352802,1.0
28575,060352803,1.0
28584,060352804,3.0
28591,060352805,3.0
28598,060352806,3.0
28605,060352807,3.0
28610,060352808,1.0
28617,060352901,1.0
28624,060352902,1.0
28633,060352903,3.0
28640,060352904,3.0
28647,060352905,3.0
28654,060352906,3.0
28661,060352907,3.0
28668,060352908,3.0
28675,060352909,3.0
28680,060353001,1.0
28687,060353002,1.0
28696,060353003,3.0
28703,060353004,3.0
28710,060353005,3.0
28717,060353006,3.0
28724,060353007,3.0
28731,060353008,3.0
28738,060353009,3.0
28745,060353010,3.0
28752,060353101,3.0
28758,060353102,3.0
28765,060353103,3.0
28772,060353104,3.0
28777,060353105,1.0
28786,060353106,3.0
28792,060353107,3.0
28799,060353108,3.0
28806,060353109,3.0
28813,060353201,3.0
28820,060353202,3.0
28827,060353203,3.0
28834,060353204,3.0
28841,060353205,3.0
28848,060353206,3.0
28855,060353207,3.0
28862,060353208,3.0
28869,060353209,3.0
28875,060353301,3.0
28882,060353302,3.0
28887,060353303,1.0
28896,060353304,3.0
28903,060353305,3.0
28910,060353306,3.0
28917,060353307,3.0
28924,060353308,3.0
28931,060353401,3.0
28936,060353402,1.0
28945,060353403,3.0
28953,060353404,4.0
28959,060353405,3.0
28966,060353406,3.0
28973,060353407,3.0
28980,060353408,3.0
28987,060353409,3.0
28992,060353501,1.0
29001,060353502,3.0
29008,060353503,3.0
29013,060353504,1.0
29020,060353505,1.0
29027,060353506,1.0
29036,060353507,3.0
29043,060353508,3.0
29048,060353509,1.0
29057,060353601,3.0
29064,060353602,3.0
29071,060353603,3.0
29078,060353604,3.0
29088,060353605,6.0
29092,060353606,3.0
29099,060353607,3.0
29106,060353608,3.0
29113,060353701,3.0
29120,060353702,3.0
29128,060353703,4.0
29134,060353704,3.0
29141,060353705,3.0
29148,060353706,3.0
29155,060353707,3.0
29162,060353708,3.0
29169,060353709,3.0
29174,060353801,1.0
29183,060353802,3.0
29190,060353803,3.0
29197,060353804,3.0
29202,060353805,1.0
29211,060353806,3.0
29218,060353807,3.0
29226,060353901,4.0
29232,060353902,3.0
29239,060353903,3.0
29249,060353904,6.0
29253,060353905,3.0
29263,060353906,6.0
29267,060353907,3.0
29277,060353908,6.0
29281,060354001,3.0
29286,060354002,1.0
29293,060354003,1.0
29300,060354004,1.0
29307,060354005,1.0
29314,060354006,1.0
29323,060354007,3.0
29328,060354101,1.0
29335,060354102,1.0
29342,060354103,1.0
29349,060354104,1.0
29356,060354105,1.0
29363,060354106,1.0
29370,060354107,1.0
29377,060354108,1.0
29384,060354109,1.0
29391,063710101,1.0
29398,063710102,1.0
29405,063710103,1.0
29414,063710104,3.0
29419,063710105,1.0
29426,063710106,1.0
29433,063710107,1.0
29440,063710108,1.0
29446,063710109,1.0
29453,063710110,1.0
29460,063710111,1.0
29462,063710112,1.0
29469,063710113,1.0
29475,063710114,1.0
29482,063710201,1.0
29489,063710202,1.0
29496,063710203,1.0
29505,063710204,3.0
29510,063710205,1.0
29517,063710206,1.0
29524,063710301,1.0
29531,063710302,1.0
29537,063710303,1.0
29544,063710304,1.0
29551,063710305,1.0
29558,063710306,1.0
29565,063710307,1.0
29574,063710308,3.0
29579,063710309,1.0
29588,063710401,3.0
29593,063710402,1.0
29602,063710403,3.0
29609,063710404,3.0
29616,063710405,3.0
29623,063710406,3.0
29628,063710407,1.0
29637,063710408,3.0
29644,063710409,3.0
29651,063710410,3.0
29658,063710501,3.0
29665,063710502,3.0
29672,063710503,3.0
29679,063710504,3.0
29686,063710505,3.0
29693,063710506,3.0
29698,063710507,1.0
29705,063710508,1.0
29714,063710509,3.0
29719,063710510,1.0
29728,063710511,3.0
29735,063710512,3.0
29742,063710601,3.0
29746,063710602,1.0
29755,063710603,3.0
29760,063710604,1.0
29767,063710605,1.0
29774,063710606,1.0
29781,063710607,1.0
29788,063710608,1.0
29795,063710609,1.0
29802,063710610,1.0
29809,063710611,1.0
29816,063710612,1.0
29825,063710613,3.0
29830,063710701,1.0
29837,063710702,1.0
29844,063710703,1.0
29853,063710704,3.0
29858,063710705,1.0
29867,063710706,3.0
29874,063710707,3.0
29881,063710708,3.0
29886,063710801,1.0
29893,063710802,1.0
29900,063710803,1.0
29909,063710804,3.0
29916,063710805,3.0
29923,063710806,3.0
29928,063710807,1.0
29937,063710901,3.0
29944,063710902,3.0
29951,063710903,3.0
29956,063710904,1.0
29964,063710905,3.0
29970,063710906,3.0
29977,063710907,3.0
29984,063710908,3.0
29991,063710909,3.0
29998,063710910,3.0
30005,063711001,3.0
30011,063711002,3.0
30018,063711003,3.0
30025,063711004,3.0
30032,063711005,3.0
30039,063711006,3.0
30046,063711007,3.0
30052,063711008,3.0
30059,063711101,3.0
30069,063711102,6.0
30076,063711103,6.0
30083,063711104,6.0
30087,063711105,3.0
30095,063711106,4.0
30104,063711107,6.0
30109,063711108,4.0
30118,063711109,6.0
30122,063711110,3.0
30132,063711111,6.0
30139,063711112,6.0
30145,063711113,6.0
30149,063711114,3.0
30156,063711201,3.0
30163,063711202,3.0
30171,063711203,4.0
30177,063711204,3.0
30184,063711205,3.0
30194,063711206,6.0
30198,063711207,3.0
30205,063711208,3.0
30211,063711209,3.0
30221,063711210,6.0
30224,063711211,3.0
30232,063711212,4.0
30238,063711213,3.0
30244,063711214,3.0
30249,063711301,1.0
30258,063711302,3.0
30265,063711303,3.0
30272,063711304,3.0
30279,063711305,3.0
30286,063711306,3.0
30293,063711307,3.0
30300,063711308,3.0
30305,063711401,1.0
30314,063711402,3.0
30321,063711403,3.0
30326,063711404,1.0
30333,063711405,1.0
30340,063711406,1.0
30347,063711407,1.0
30354,063711408,1.0
30360,063711409,1.0
30367,063711410,1.0
30374,063711411,1.0
30383,063711412,3.0
30390,063711413,3.0
30395,063711414,1.0
30401,063711415,1.0
30408,063711501,1.0
30411,063711502,1.0
30418,063711503,1.0
30425,063711504,1.0
30432,063711505,1.0
30439,063711506,1.0
30446,063711507,1.0
30453,063711508,1.0
30460,063711509,1.0
30467,063711510,1.0
30474,063711601,1.0
30481,063711602,1.0
30488,063711603,1.0
30495,063711604,1.0
30502,063711605,1.0
30509,063711606,1.0
30516,063711607,1.0
30523,063711608,1.0
30532,063711701,3.0
30539,063711702,3.0
30546,063711703,3.0
30551,063711704,1.0
30560,063711705,3.0
30567,063711706,3.0
30574,063711707,3.0
30582,063711708,4.0
30588,063711709,3.0
30595,063711801,3.0
30602,063711802,3.0
30609,063711803,3.0
30614,063711804,1.0
30623,063711805,3.0
30628,063711806,1.0
30635,063711807,1.0
30642,063711808,1.0
30653,063711901,5.0
30659,063711902,4.0
30668,063711903,6.0
30675,063711904,6.0
30682,063711905,6.0
30686,063711906,3.0
30693,063711907,3.0
30700,063711908,3.0
30707,063711909,3.0
30714,063711910,3.0
30721,063712001,3.0
30726,063712002,1.0
30735,063712003,3.0
30742,063712004,3.0
30749,063712005,3.0
30755,063712006,3.0
30762,063712007,3.0
30769,063712008,3.0
30776,063712009,3.0
30783,063712101,3.0
30790,063712102,3.0
30797,063712103,3.0
30804,063712104,3.0
30811,063712105,3.0
30818,063712106,3.0
30827,063712107,6.0
30831,063712108,3.0
30839,063712109,4.0
30846,063712110,4.0
30852,063712201,3.0
30862,063712202,6.0
30867,063712203,4.0
30873,063712204,3.0
30881,063712205,4.0
30890,063712206,6.0
30893,063712301,3.0
30900,063712302,3.0
30907,063712303,3.0
30914,063712304,3.0
30923,063712305,6.0
30925,063712306,1.0
30934,063712307,3.0
30941,063712308,3.0
30951,063712309,6.0
30955,063712310,3.0
30965,063712311,6.0
30967,063712401,1.0
30976,063712402,3.0
30981,063712403,1.0
30990,063712404,3.0
30995,063712405,1.0
31004,063712406,3.0
31010,063712407,3.0
31017,063712408,3.0
31024,063712501,3.0
31031,063712502,3.0
31036,063712503,1.0
31045,063712504,3.0
31052,063712505,3.0
31059,063712506,3.0
31066,063712507,3.0
31073,063712508,3.0
31080,063712601,3.0
31087,063712602,3.0
31091,063712603,1.0
31100,063712604,3.0
31107,063712605,3.0
31112,063712606,1.0
31121,063712607,3.0
31128,063712608,3.0
31135,063712701,3.0
31140,063712702,1.0
31149,063712703,3.0
31156,063712704,3.0
31163,063712705,3.0
31170,063712706,3.0
31177,063712707,3.0
31184,063712708,3.0
31189,063712709,1.0
31196,063712801,1.0
31202,063712802,1.0
31209,063712803,1.0
31216,063712804,1.0
31225,063712805,3.0
31230,063712806,1.0
31239,063712807,3.0
31246,063712808,3.0
31253,063712901,3.0
31260,063712902,3.0
31267,063712903,3.0
31274,063712904,3.0
31281,063712905,3.0
31288,063712906,3.0
31295,063712907,3.0
31302,063712908,3.0
31309,063712909,3.0
31314,063713001,1.0
31321,063713002,1.0
31328,063713003,1.0
31335,063713004,1.0
31342,063713005,1.0
31349,063713006,1.0
31356,063713007,1.0
31365,063713008,3.0
31370,063713009,1.0
31376,063713010,1.0
31381,063713011,1.0
31390,063713101,3.0
31397,063713102,3.0
31404,063713103,3.0
31409,063713104,1.0
31416,063713105,1.0
31423,063713106,1.0
31429,063713107,1.0
31438,063713108,3.0
31443,063713109,1.0
31452,063713201,3.0
31457,063713202,1.0
31464,063713203,1.0
31471,063713204,1.0
31478,063713205,1.0
31485,063713206,1.0
31492,063713207,1.0
31499,063713208,1.0
31506,063713209,1.0
31513,063713210,1.0
31520,063713301,1.0
31527,063713302,1.0
31534,063713303,1.0
31541,063713304,1.0
31548,063713305,1.0
31555,063713306,1.0
31562,063713307,1.0
31571,063713308,3.0
31578,063713309,3.0
31584,063713310,3.0
31589,063713311,1.0
31595,063713312,1.0
31601,063713313,1.0
31608,063713401,1.0
31615,063713402,1.0
31622,063713403,1.0
31631,063713404,3.0
31636,063713405,1.0
31643,063713406,1.0
31650,063713407,1.0
31659,063713408,3.0
31666,063713409,3.0
31673,063713410,3.0
31678,063713411,1.0
31683,063713412,1.0
31690,063713501,1.0
31697,063713502,1.0
31704,063713503,1.0
31711,063713504,1.0
31718,063713505,1.0
31724,063713506,1.0
31732,063713507,2.0
31740,063713508,3.0
31743,063713509,1.0
31749,063713510,1.0
31756,063713511,1.0
31763,063713512,1.0
31770,063713513,1.0
31777,063713514,1.0
31784,063713601,1.0
31791,063713602,1.0
31798,063713603,1.0
31805,063713604,1.0
31812,063713605,1.0
31821,063713606,3.0
31826,063713607,1.0
31833,063713608,1.0
31840,063713609,1.0
31847,063713610,1.0
31854,063713611,1.0
31861,063713701,1.0
31868,063713702,1.0
31873,063713703,1.0
31880,063713704,1.0
31887,063713705,1.0
31894,063713706,1.0
31900,063713707,1.0
31907,063713708,1.0
31914,063713709,1.0
31920,063713710,1.0
31927,063713711,1.0
31934,063713712,1.0
31941,063713713,1.0
31948,063713714,1.0
31955,063713715,1.0
31962,063713801,1.0
31971,063713802,3.0
31978,063713803,3.0
31983,063713804,1.0
31990,063713805,1.0
31997,063713806,1.0
32006,063713807,3.0
32012,063713901,3.0
32017,063713902,1.0
32024,063713903,1.0
32033,063713904,3.0
32040,063713905,3.0
32045,063713906,1.0
32052,063713907,1.0
32058,063713908,1.0
32067,063713909,3.0
32072,063714001,1.0
32079,063714002,1.0
32086,063714003,1.0
32093,063714004,1.0
32100,063714005,1.0
32107,063714006,1.0
32114,063714007,1.0
32123,063714101,3.0
32130,063714102,3.0
32137,063714103,3.0
32144,063714104,3.0
32151,063714105,3.0
32158,063714106,3.0
32165,063714201,3.0
32172,063714202,3.0
32179,063714203,3.0
32186,063714204,3.0
32193,063714205,3.0
32200,063714206,3.0
32207,063714207,3.0
32213,063714208,2.0
32221,063714209,3.0
32226,063714301,1.0
32235,063714302,3.0
32242,063714303,3.0
32249,063714304,3.0
32257,063714305,4.0
32263,063714306,3.0
32270,063714307,3.0
32277,063714308,3.0
32285,063714309,4.0
32291,063714401,3.0
32298,063714402,3.0
32305,063714403,3.0
32312,063714404,3.0
32319,063714405,3.0
32326,063714406,3.0
32333,063714407,3.0
32340,063714408,3.0
32345,063714501,1.0
32351,063714502,1.0
32358,063714503,1.0
32365,063714504,1.0
32372,063714505,1.0
32379,063714506,1.0
32386,063714507,1.0
32393,063714508,1.0
32400,063714509,1.0
32407,063714510,1.0
32414,063714601,1.0
32421,063714602,1.0
32430,063714603,3.0
32435,063714604,1.0
32442,063714605,1.0
32449,063714606,1.0
32456,063714607,1.0
32463,063714608,1.0
32472,063714609,3.0
32477,063714701,1.0
32486,063714702,3.0
32493,063714703,3.0
32500,063714704,3.0
32505,063714705,1.0
32514,063714706,3.0
32519,063714707,1.0
32526,063714708,1.0
32535,063714709,3.0
32540,063714801,1.0
32550,063714802,4.0
32554,063714803,1.0
32562,063714804,3.0
32569,063714805,3.0
32577,063714806,4.0
32583,063714807,3.0
32588,063714808,1.0
32595,063714809,1.0
32602,063714810,1.0
32611,063714901,3.0
32618,063714902,3.0
32625,063714903,3.0
32632,063714904,3.0
32639,063714905,3.0
32646,063714906,3.0
32653,063714907,3.0
32660,063714908,3.0
32668,063715001,4.0
32677,063715002,6.0
32681,063715003,3.0
32691,063715004,6.0
32695,063715005,3.0
32702,063715006,3.0
32712,063715007,6.0
32715,063715008,3.0
32723,063715009,4.0
32729,063715101,3.0
32739,063715102,6.0
32743,063715103,3.0
32750,063715104,3.0
32757,063715105,3.0
32764,063715106,3.0
32771,063715107,3.0
32778,063715108,3.0
32785,063715109,3.0
32790,063715201,1.0
32797,063715202,1.0
32804,063715203,1.0
32811,063715204,1.0
32818,063715205,1.0
32825,063715206,1.0
32832,063715207,1.0
32839,063715208,1.0
32846,063715209,1.0
32853,063715301,1.0
32860,063715302,1.0
32867,063715303,1.0
32874,063715304,1.0
32881,063715305,1.0
32888,063715306,1.0
32895,063715307,1.0
32902,063715308,1.0
32909,063715401,1.0
32916,063715402,1.0
32923,063715403,1.0
32930,063715404,1.0
32937,063715405,1.0
32944,063715406,1.0
32951,063715407,1.0
32958,063715408,1.0
32965,063715409,1.0
32971,063715410,1.0
32978,063715411,1.0
32985,063715412,1.0
32992,063715413,1.0
32999,063715414,1.0
33011,064270101,6.0
33015,064270102,3.0
33025,064270103,6.0
33029,064270104,3.0
33035,064270105,3.0
33045,064270106,6.0
33052,064270107,6.0
33059,064270108,6.0
33066,064270109,6.0
33073,064270110,6.0
33077,064270111,3.0
33084,064270112,3.0
33091,064270113,3.0
33098,064270201,3.0
33108,064270202,6.0
33115,064270203,6.0
33119,064270204,3.0
33129,064270205,6.0
33135,064270206,6.0
33141,064270207,6.0
33145,064270208,3.0
33155,064270209,6.0
33162,064270210,6.0
33169,064270211,6.0
33176,064270212,6.0
33182,064270213,6.0
33189,064270214,6.0
33196,064270215,6.0
33203,064270216,6.0
33210,064270217,6.0
33217,064270218,6.0
33224,064270219,6.0
33231,064270301,6.0
33238,064270302,6.0
33242,064270303,3.0
33249,064270304,3.0
33256,064270305,3.0
33263,064270306,3.0
33270,064270307,3.0
33277,064270308,3.0
33284,064270309,3.0
33291,064270310,3.0
33298,064270311,3.0
33303,064270312,1.0
33312,064270401,3.0
33319,064270402,3.0
33326,064270403,3.0
33333,064270404,3.0
33340,064270405,3.0
33347,064270406,3.0
33354,064270407,3.0
33361,064270408,3.0
33368,064270409,3.0
33375,064270410,3.0
33382,064270501,3.0
33389,064270502,3.0
33396,064270503,3.0
33401,064270504,1.0
33408,064270505,1.0
33415,064270506,1.0
33424,064270507,3.0
33431,064270508,3.0
33438,064270509,3.0
33445,064270510,3.0
33452,064270511,3.0
33457,064270512,1.0
33464,064270513,1.0
33473,064270601,3.0
33480,064270602,3.0
33487,064270603,3.0
33494,064270604,3.0
33501,064270605,3.0
33506,064270606,1.0
33513,064270607,1.0
33522,064270608,3.0
33529,064270609,3.0
33534,064270610,1.0
33541,064270611,1.0
33550,064270612,3.0
33555,064270613,1.0
33564,064270614,3.0
33571,064270615,3.0
33578,064270701,3.0
33583,064270702,1.0
33590,064270703,1.0
33597,064270704,1.0
33606,064270705,3.0
33611,064270706,1.0
33620,064270707,3.0
33625,064270708,1.0
33634,064270709,3.0
33639,064270710,1.0
33648,064270711,3.0
33655,064270712,3.0
33662,064270713,3.0
33669,064270714,3.0
33676,064270801,3.0
33683,064270802,3.0
33690,064270803,3.0
33695,064270804,1.0
33702,064270805,1.0
33711,064270806,3.0
33718,064270807,3.0
33723,064270808,1.0
33732,064270809,3.0
33739,064270810,3.0
33744,064270811,1.0
33751,064270812,1.0
33758,064270901,1.0
33767,064270902,3.0
33774,064270903,3.0
33779,064270904,1.0
33786,064270905,1.0
33793,064270906,1.0
33799,064270907,1.0
33806,064270908,1.0
33813,064270909,1.0
33819,064270910,1.0
33826,064270911,1.0
33833,064270912,1.0
33840,064270913,1.0
33847,064270914,1.0
33854,064271001,1.0
33861,064271002,1.0
33868,064271003,1.0
33877,064271004,3.0
33882,064271005,1.0
33891,064271006,3.0
33896,064271007,1.0
33905,064271008,3.0
33912,064271009,3.0
33919,064271010,3.0
33926,064271011,3.0
33933,064271012,3.0
33938,064271013,1.0
33947,064271101,3.0
33954,064271102,3.0
33959,064271103,1.0
33968,064271104,3.0
33973,064271105,1.0
33980,064271106,1.0
33989,064271107,3.0
33994,064271108,1.0
34001,064271109,1.0
34008,064271110,1.0
34015,064271111,1.0
34024,064271112,3.0
34031,064271201,3.0
34037,064271202,3.0
34042,064271203,1.0
34051,064271204,3.0
34056,064271205,1.0
34065,064271206,3.0
34072,064271207,3.0
34079,064271208,3.0
34084,064271209,1.0
34093,064271210,3.0
34100,064271211,3.0
34107,064271212,3.0
34114,064271213,3.0
34121,064271301,3.0
34128,064271302,3.0
34135,064271303,3.0
34140,064271304,1.0
34149,064271305,3.0
34154,064271306,1.0
34163,064271307,3.0
34169,064271308,3.0
34176,064271309,3.0
34181,064271310,1.0
34188,064271311,1.0
34197,064271312,3.0
34201,064271313,1.0
34211,064271314,4.0
34217,064271315,3.0
34224,064271401,3.0
34231,064271402,3.0
34237,064271403,3.0
34242,064271404,1.0
34251,064271405,3.0
34258,064271406,3.0
34264,064271407,3.0
34269,064271408,1.0
34276,064271409,1.0
34282,064271410,1.0
34288,064271411,1.0
34295,064271412,1.0
34304,064271413,3.0
34311,064271414,3.0
34318,064271415,3.0
34323,064271416,1.0
34332,064271417,3.0
34339,064271418,3.0
34346,064271419,3.0
34351,064271420,1.0
34358,064271421,1.0
34365,064271422,1.0
34374,064271423,3.0
34381,064271501,3.0
34386,064271502,1.0
34396,064271503,4.0
34402,064271504,3.0
34409,064271505,3.0
34416,064271506,3.0
34421,064271507,1.0
34428,064271508,1.0
34437,064271509,3.0
34442,064271510,1.0
34451,064271511,3.0
34456,064271512,1.0
34464,064271513,3.0
34471,064271514,3.0
34477,064271515,3.0
34482,064271516,1.0
34491,064271517,3.0
34498,064271518,3.0
34505,064271601,3.0
34512,064271602,3.0
34519,064271603,3.0
34526,064271604,3.0
34533,064271605,3.0
34540,064271606,3.0
34545,064271607,1.0
34552,064271608,1.0
34558,064271609,1.0
34565,064271610,1.0
34574,064271611,3.0
34581,064271612,3.0
34588,064271613,3.0
34595,064271614,3.0
34602,064271615,3.0
34609,064271616,3.0
34616,064271617,3.0
34620,064271618,1.0
34627,064271619,1.0
34635,064271701,3.0
34642,064271702,3.0
34647,064271703,1.0
34656,064271704,3.0
34661,064271705,1.0
34670,064271706,3.0
34677,064271707,3.0
34684,064271708,3.0
34689,064271709,1.0
34696,064271710,1.0
34703,064271711,1.0
34712,064271712,3.0
34719,064271713,3.0
34724,064271714,1.0
34731,064271715,1.0
34738,064271716,1.0
34747,064271717,3.0
34752,064271718,1.0
34761,064271719,3.0
34766,064271720,1.0
34775,064271721,3.0
34781,064271722,3.0
34786,064271723,1.0
34795,064271724,3.0
34800,064271725,1.0
34809,064271726,3.0
34814,064271801,1.0
34821,064271802,1.0
34828,064271803,1.0
34835,064271804,1.0
34844,064271805,3.0
34851,064271806,3.0
34858,064271807,3.0
34863,064271808,1.0
34870,064271809,1.0
34878,064271810,3.0
34882,064271811,1.0
34889,064271812,1.0
34896,064271813,1.0
34902,064271814,1.0
34909,064271815,1.0
34915,064271816,1.0
34921,064271817,1.0
34928,064271818,1.0
34934,064271819,3.0
34938,064271820,1.0
34945,064271821,1.0
34954,064271822,3.0
34959,064271823,1.0
34966,064271824,1.0
34973,064271825,1.0
34982,064271826,3.0
34988,064271827,3.0
34995,064271828,3.0
34999,064271829,1.0
35006,064271830,1.0
35013,064271831,1.0
35022,064271901,3.0
35028,064271902,3.0
35033,064271903,1.0
35042,064271904,3.0
35047,064271905,1.0
35054,064271906,1.0
35063,064271907,3.0
35070,064271908,3.0
35077,064271909,3.0
35084,064271910,3.0
35091,064271911,3.0
35096,064272001,1.0
35105,064272002,3.0
35112,064272003,3.0
35119,064272004,3.0
35125,064272005,3.0
35132,064272006,3.0
35139,064272007,3.0
35146,064272008,3.0
35153,064272009,3.0
35158,064272010,1.0
35165,064272011,1.0
35172,064272012,1.0
35181,064272013,3.0
35187,064272014,3.0
35194,064272015,3.0
35202,064272016,4.0
35205,064272101,1.0
35212,064272102,1.0
35219,064272103,1.0
35226,064272104,1.0
35233,064272105,1.0
35242,064272106,3.0
35247,064272107,1.0
35254,064272108,1.0
35261,064272109,1.0
35268,064272110,1.0
35275,064272111,1.0
35281,064272112,1.0
35288,064272113,1.0
35297,064272201,3.0
35304,064272202,3.0
35311,064272203,3.0
35318,064272204,3.0
35323,064272205,1.0
35330,064272206,1.0
35337,064272207,1.0
35344,064272208,1.0
35353,064272209,3.0
35360,064272301,3.0
35367,064272302,3.0
35374,064272303,3.0
35379,064272304,1.0
35388,064272305,3.0
35393,064272306,1.0
35402,064272307,3.0
35407,064272308,1.0
35414,064272309,1.0
35421,064272310,1.0
35428,064272311,1.0
35437,064272312,3.0
35442,064272401,1.0
35451,064272402,3.0
35458,064272403,3.0
35463,064272404,1.0
35472,064272405,3.0
35477,064272406,1.0
35484,064272407,1.0
35491,064272408,1.0
35498,064272409,1.0
35505,064272410,1.0
35512,064272411,1.0
35521,064272501,3.0
35528,064272502,3.0
35535,064272503,3.0
35542,064272504,3.0
35549,064272505,3.0
35556,064272506,3.0
35561,064272507,1.0
35570,064272508,3.0
35575,064272509,1.0
35582,064272510,1.0
35589,064272511,1.0
35596,064272512,1.0
35604,064272513,3.0
35611,064272514,3.0
35616,064272515,1.0
35623,064272516,1.0
35632,064272601,3.0
35639,064272602,3.0
35646,064272603,3.0
35653,064272604,3.0
35660,064272605,3.0
35667,064272606,3.0
35674,064272607,3.0
35681,064272608,3.0
35688,064272609,3.0
35695,064272610,3.0
35702,064272611,3.0
35709,064272612,3.0
35716,064272701,3.0
35721,064272702,1.0
35730,064272703,4.0
35736,064272704,3.0
35742,064272705,3.0
35749,064272706,3.0
35756,064272707,3.0
35761,064272708,1.0
35768,064272709,1.0
35777,064272801,3.0
35787,064272802,6.0
35791,064272803,3.0
35798,064272804,3.0
35805,064272805,3.0
35815,064272806,6.0
35822,064272807,6.0
35826,064272808,3.0
35833,064272809,3.0
35840,064272810,3.0
35847,064272811,3.0
35857,064272812,6.0
35859,064272813,1.0
35871,064272901,6.0
35878,064272902,6.0
35885,064272903,6.0
35892,064272904,6.0
35899,064272905,6.0
35903,064272906,3.0
35910,064272907,3.0
35920,064272908,6.0
35923,064272909,3.0
35930,064272910,3.0
35937,064272911,3.0
35944,064272912,3.0
35950,064272913,3.0
35957,064272914,3.0
35964,064272915,3.0
35971,064272916,3.0
35981,064273001,6.0
35985,064273002,3.0
35995,064273003,6.0
36002,064273004,6.0
36009,064273005,6.0
36016,064273006,6.0
36023,064273007,6.0
36030,064273008,6.0
36037,064273009,6.0
36044,064273010,6.0
36051,064273011,6.0
36058,064273012,6.0
36065,064273013,6.0
36072,064273014,6.0
36079,064273015,6.0
36085,064273101,6.0
36092,064273102,6.0
36099,064273103,6.0
36106,064273104,6.0
36113,064273105,6.0
36120,064273106,6.0
36124,064273107,3.0
36131,064273108,3.0
36138,064273109,3.0
36145,064273110,3.0
36155,064273111,6.0
36161,064273201,6.0
36168,064273202,6.0
36172,064273203,3.0
36179,064273204,3.0
36186,064273205,3.0
36193,064273206,3.0
36203,064273207,6.0
36207,064273208,3.0
36214,064273209,3.0
36221,064273210,3.0
36228,064273211,3.0
36235,064273212,3.0
36242,064273213,3.0
36249,064273301,3.0
36256,064273302,3.0
36263,064273303,3.0
36270,064273304,3.0
36277,064273305,3.0
36284,064273306,3.0
36291,064273307,3.0
36298,064273308,3.0
36305,064273309,3.0
36311,064273310,3.0
36318,064273311,3.0
36325,064273312,3.0
36332,064273313,3.0
36339,064273314,3.0
36346,064273315,3.0
36353,064273401,3.0
36360,064273402,3.0
36367,064273403,3.0
36374,064273404,3.0
36381,064273405,3.0
36388,064273406,3.0
36395,064273407,3.0
36400,064273408,1.0
36408,064273409,3.0
36415,064273410,3.0
36422,064273411,3.0
36428,064273412,3.0
36435,064273413,3.0
36442,064273414,3.0
36449,064273415,3.0
36456,064273416,3.0
36462,064273417,3.0
36466,064273418,1.0
36475,064273419,3.0
36482,064273501,3.0
36489,064273502,3.0
36496,064273503,3.0
36502,064273504,3.0
36509,064273505,3.0
36516,064273506,3.0
36523,064273507,3.0
36528,064273508,1.0
36537,064273509,3.0
36542,064273510,1.0
36551,064273511,3.0
36558,064273512,3.0
36565,064273513,3.0
36572,064273514,3.0
36577,064273515,1.0
36586,064273516,3.0
36593,064273517,3.0
36600,064273518,3.0
36607,064273601,3.0
36613,064273602,3.0
36620,064273603,3.0
36628,064273604,4.0
36633,064273605,3.0
36640,064273606,3.0
36647,064273607,3.0
36654,064273608,3.0
36661,064273609,3.0
36668,064273610,3.0
36675,064273611,3.0
36681,064273612,3.0
36688,064273613,3.0
36695,064273614,3.0
36702,064273615,3.0
36709,064273616,3.0
36716,064273617,3.0
36723,064273701,3.0
36730,064273702,3.0
36737,064273703,3.0
36742,064273704,1.0
36751,064273705,3.0
36758,064273706,3.0
36763,064273707,1.0
36770,064273708,1.0
36777,064273709,1.0
36786,064273710,3.0
36793,064273711,3.0
36800,064273712,3.0
36805,064273801,1.0
36812,064273802,1.0
36819,064273803,1.0
36826,064273804,1.0
36833,064273805,1.0
36840,064273806,1.0
36847,064273807,1.0
36856,064273808,3.0
36861,064273809,1.0
36868,064273810,1.0
36875,064273811,1.0
36882,064273812,1.0
36889,064273901,1.0
36898,064273902,3.0
36903,064273903,1.0
36910,064273904,1.0
36917,064273905,1.0
36924,064273906,1.0
36931,064273907,1.0
36938,064273908,1.0
36942,064273909,1.0
36949,064273910,1.0
36958,064273911,3.0
36963,064273912,1.0
36970,064273913,1.0
36976,064274001,1.0
36983,064274002,1.0
36990,064274003,1.0
36997,064274004,1.0
37004,064274005,1.0
37011,064274006,1.0
37018,064274007,1.0
37027,064274008,3.0
37034,064274009,3.0
37039,064274010,1.0
37048,064274011,3.0
37055,064274012,3.0
37060,064274013,1.0
37067,064274101,1.0
37076,064274102,3.0
37083,064274103,3.0
37088,064274104,1.0
37097,064274105,3.0
37102,064274106,1.0
37109,064274107,1.0
37116,064274108,1.0
37123,064274109,1.0
37130,064274110,1.0
37139,064274111,3.0
37146,064274201,3.0
37151,064274202,1.0
37158,064274203,1.0
37165,064274204,1.0
37172,064274205,1.0
37179,064274206,1.0
37186,064274207,1.0
37193,064274208,1.0
37200,064274209,1.0
37209,064274210,3.0
37216,064274211,3.0
37221,064274212,1.0
37230,064274301,3.0
37235,064274302,1.0
37244,064274303,3.0
37249,064274304,1.0
37258,064274305,3.0
37264,064274306,3.0
37271,064274307,3.0
37276,064274308,1.0
37283,064274309,1.0
37291,064274310,3.0
37298,064274311,3.0
37303,064274312,1.0
37312,064274401,3.0
37317,064274402,1.0
37324,064274403,1.0
37331,064274404,1.0
37340,064274405,3.0
37345,064274406,1.0
37354,064274407,3.0
37361,064274408,3.0
37365,064274409,1.0
37372,064274410,1.0
37381,064274411,3.0
37386,064274412,1.0
37395,064274501,3.0
37402,064274502,3.0
37407,064274503,1.0
37416,064274504,3.0
37423,064274505,3.0
37430,064274506,3.0
37435,064274507,1.0
37442,064274508,1.0
37451,064274509,3.0
37458,064274510,3.0
37463,064274511,1.0
37472,064274512,3.0
37479,064274513,3.0
37484,064274514,1.0
37491,064274515,1.0
37499,064274601,2.0
37505,064274602,1.0
37514,064274603,3.0
37519,064274604,1.0
37528,064274605,3.0
37533,064274606,1.0
37540,064274607,1.0
37547,064274608,1.0
37554,064274609,1.0
37561,064274610,1.0
37567,064274611,1.0
37576,064274612,3.0
37581,064274613,1.0
37588,064274701,1.0
37595,064274702,1.0
37602,064274703,1.0
37609,064274704,1.0
37616,064274705,1.0
37623,064274706,1.0
37630,064274707,1.0
37637,064274708,1.0
37644,064274709,1.0
37651,064274710,1.0
37658,064274711,1.0
37667,064274712,3.0
37673,064274801,2.0
37678,064274802,1.0
37685,064274803,1.0
37692,064274804,1.0
37701,064274805,3.0
37706,064274806,1.0
37713,064274807,1.0
37720,064274808,1.0
37727,064274809,1.0
37734,064274810,1.0
37741,064274811,1.0
37748,064274812,1.0
37755,064274813,1.0
37762,064274814,1.0
37769,064274815,1.0
37776,064274816,1.0
37783,064274901,1.0
37790,064274902,1.0
37797,064274903,1.0
37804,064274904,1.0
37811,064274905,1.0
37818,064274906,1.0
37825,064274907,1.0
37832,064274908,1.0
37839,064274909,1.0
37846,064274910,1.0
37853,064274911,1.0
37859,064274912,1.0
37868,064274913,3.0
37873,064274914,1.0
37882,064275001,3.0
37889,064275002,3.0
37896,064275003,3.0
37903,064275004,3.0
37910,064275005,3.0
37917,064275006,3.0
37924,064275007,3.0
37930,064275008,3.0
37937,064275009,3.0
37943,064275010,3.0
37950,064275011,3.0
37957,064275012,3.0
37964,064275013,3.0
37970,064275014,3.0
37977,064275101,3.0
37985,064275102,4.0
37991,064275103,3.0
37999,064275104,4.0
38005,064275105,3.0
38012,064275106,3.0
38017,064275107,1.0
38026,064275108,3.0
38033,064275109,3.0
38040,064275110,3.0
38047,064275111,3.0
38054,064275112,3.0
38061,064275113,3.0
38068,064275114,3.0
38073,064275115,1.0
38080,064275116,4.0
38086,064275117,3.0
38093,064275118,3.0
38098,064275201,1.0
38105,064275202,1.0
38112,064275203,1.0
38119,064275204,1.0
38126,064275205,1.0
38133,064275206,1.0
38140,064275207,1.0
38147,064275208,1.0
38154,064275209,1.0
38161,064275210,1.0
38168,064275211,1.0
38175,064275212,1.0
38182,064275213,1.0
38189,064275214,1.0
38195,064275215,1.0
38202,064275216,1.0
38208,064275217,1.0
38215,064275301,1.0
38222,064275302,1.0
38229,064275303,1.0
38236,064275304,1.0
38243,064275305,1.0
38250,064275306,1.0
38256,064275307,1.0
38263,064275308,1.0
38270,064275309,1.0
38276,064275310,1.0
38283,064275311,1.0
38290,064275312,1.0
38297,064275313,1.0
38304,064275401,1.0
38311,064275402,1.0
38318,064275403,1.0
38325,064275404,1.0
38334,064275405,3.0
38339,064275406,1.0
38346,064275407,1.0
38353,064275408,1.0
38360,064275409,1.0
38367,064275410,1.0
38374,064275411,1.0
38383,064275412,3.0
38388,064275413,1.0
38395,064275501,1.0
38402,064275502,1.0
38411,064275503,3.0
38418,064275504,3.0
38425,064275505,3.0
38430,064275506,1.0
38439,064275507,3.0
38444,064275508,1.0
38451,064275509,1.0
38460,064275510,3.0
38467,064275511,3.0
38472,064275512,1.0
38479,064275513,1.0
38488,064275514,3.0
38495,064275515,3.0
38500,064275601,1.0
38507,064275602,1.0
38514,064275603,1.0
38521,064275604,1.0
38528,064275605,1.0
38534,064275606,1.0
38543,064275607,3.0
38550,064275608,3.0
38557,064275609,3.0
38562,064275610,1.0
38569,064275611,1.0
38578,064275612,3.0
38583,064275613,1.0
38592,064275614,3.0
38597,064275701,1.0
38604,064275702,1.0
38611,064275703,1.0
38618,064275704,1.0
38625,064275705,1.0
38632,064275706,1.0
38639,064275707,1.0
38646,064275708,1.0
38653,064275709,1.0
38660,064275710,1.0
38667,064275711,1.0
38674,064275712,1.0
38681,064275713,1.0
38688,064275714,1.0
38695,064275715,1.0
38702,064275716,1.0
38709,064275717,1.0
38716,064275801,1.0
38723,064275802,1.0
38730,064275803,1.0
38737,064275804,1.0
38744,064275805,1.0
38751,064275806,1.0
38758,064275807,1.0
38765,064275808,1.0
38772,064275809,1.0
38779,064275810,1.0
38786,064275811,1.0
38792,064275812,1.0
38799,064275813,1.0
38806,064275814,1.0
38813,064275815,1.0
38820,064275816,1.0
38827,064275901,1.0
38834,064275902,1.0
38841,064275903,1.0
38848,064275904,1.0
38855,064275905,1.0
38862,064275906,1.0
38869,064275907,1.0
38876,064275908,1.0
38883,064275909,1.0
38890,064275910,1.0
38897,064275911,1.0
38904,064275912,1.0
38911,064275913,1.0
38918,064275914,1.0
38925,064275915,1.0
38932,064276001,1.0
38939,064276002,1.0
38946,064276003,1.0
38953,064276004,1.0
38960,064276005,1.0
38967,064276006,1.0
38974,064276007,1.0
38981,064276008,1.0
38988,064276009,1.0
38995,064276010,1.0
39002,064276011,1.0
39009,064276012,1.0
39016,064276013,1.0
39023,064276014,1.0
39030,064276015,1.0
39037,064276016,1.0
39044,064276017,1.0
39051,064276018,1.0
39058,064276019,1.0
39065,064276020,1.0
39072,064276101,1.0
39079,064276102,1.0
39086,064276103,1.0
39093,064276104,1.0
39100,064276105,1.0
39107,064276106,1.0
39114,064276107,1.0
39121,064276108,1.0
39128,064276109,1.0
39135,064276110,1.0
39142,064276111,1.0
39149,064276112,1.0
39156,064276113,1.0
39163,064276114,1.0
39170,064276115,1.0
39177,064276116,1.0
39184,064276117,1.0
39191,064276201,1.0
39198,064276202,1.0
39205,064276203,1.0
39212,064276204,1.0
39219,064276205,1.0
39226,064276206,1.0
39233,064276207,1.0
39240,064276208,1.0
39247,064276209,1.0
39254,064276210,1.0
39261,064276211,1.0
39268,064276212,1.0
39275,064276213,1.0
39282,064276214,1.0
39288,064276215,1.0
39295,064276216,1.0
39302,064276301,1.0
39311,064276302,3.0
39318,064276303,3.0
39323,064276304,1.0
39330,064276305,1.0
39337,064276306,1.0
39344,064276307,1.0
39353,064276308,3.0
39358,064276309,1.0
39365,064276310,1.0
39372,064276311,1.0
39379,064276312,1.0
39386,064276313,1.0
39393,064276314,1.0
39401,064276315,3.0
39406,064276401,1.0
39413,064276402,1.0
39420,064276403,1.0
39427,064276404,1.0
39434,064276405,1.0
39440,064276406,1.0
39447,064276407,1.0
39454,064276408,1.0
39461,064276409,1.0
39468,064276410,1.0
39475,064276411,1.0
39482,064276412,1.0
39489,064276413,1.0
39496,064276414,1.0
39503,064276415,1.0
39510,064276416,1.0
39519,064276417,3.0
39524,064276501,1.0
39531,064276502,1.0
39538,064276503,1.0
39545,064276504,1.0
39552,064276505,1.0
39558,064276506,1.0
39565,064276507,1.0
39572,064276508,1.0
39579,064276509,1.0
39586,064276510,1.0
39592,064276511,1.0
39599,064276512,1.0
39606,064276513,1.0
39613,064276514,1.0
39620,064276515,1.0
39627,064276516,1.0
39634,064276517,1.0
39641,064276518,1.0
39650,064276519,3.0
39654,064276601,1.0
39661,064276602,1.0
39667,064276603,1.0
39674,064276604,1.0
39681,064276605,1.0
39688,064276606,1.0
39695,064276607,1.0
39702,064276608,1.0
39709,064276609,1.0
39716,064276610,1.0
39723,064276611,1.0
39730,064276612,1.0
39737,064276701,1.0
39744,064276702,1.0
39751,064276703,1.0
39758,064276704,1.0
39765,064276705,1.0
39772,064276706,1.0
39779,064276707,1.0
39786,064276708,1.0
39793,064276709,1.0
39800,064276710,1.0
39807,064276711,1.0
39814,064276712,1.0
39821,064276713,1.0
39828,064276714,1.0
39835,064276715,1.0
39842,064276716,1.0
39849,064276717,1.0
39856,064276718,1.0
39863,064276719,1.0
39870,064276720,1.0
39877,064276721,1.0
39884,064276722,1.0
39891,064276801,1.0
39898,064276802,1.0
39905,064276803,1.0
39914,064276804,3.0
39918,064276805,1.0
39925,064276806,1.0
39932,064276807,1.0
39938,064276808,1.0
39945,064276809,1.0
39952,064276810,1.0
39961,064276811,3.0
39965,064276901,1.0
39972,064276902,1.0
39979,064276903,1.0
39986,064276904,1.0
39993,064276905,1.0
40000,064276906,1.0
40007,064276907,1.0
40014,064276908,1.0
40021,064276909,1.0
40028,064276910,1.0
40035,064276911,1.0
40042,064276912,1.0
40049,064276913,1.0
40056,064276914,1.0
40063,064276915,1.0
40070,064276916,1.0
40077,064276917,1.0
40084,064276918,1.0
40091,064276919,1.0
40098,064276920,1.0
40107,064277001,3.0
40112,064277002,1.0
40121,064277003,3.0
40126,064277004,1.0
40133,064277005,1.0
40140,064277006,1.0
40147,064277007,1.0
40154,064277008,1.0
40161,064277009,1.0
40168,064277010,1.0
40175,064277011,1.0
40184,064277012,3.0
40189,064277013,1.0
40196,064277014,1.0
40203,064277015,1.0
40210,064277016,1.0
40217,064277017,1.0
40224,064277018,1.0
40231,064277101,1.0
40237,064277102,1.0
40244,064277103,1.0
40251,064277104,1.0
40258,064277105,1.0
40265,064277106,1.0
40272,064277107,1.0
40279,064277108,1.0
40286,064277109,1.0
40293,064277110,1.0
40300,064277111,1.0
40307,064277112,1.0
40314,064277113,1.0
40321,064277114,1.0
40328,064277115,1.0
40335,064277116,1.0
40342,064277117,1.0
40349,064277118,1.0
40356,064277119,1.0
40363,064277201,1.0
40370,064277202,1.0
40376,064277203,1.0
40383,064277204,1.0
40390,064277205,1.0
40397,064277206,1.0
40404,064277207,1.0
40411,064277208,1.0
40418,064277209,1.0
40425,064277210,1.0
40432,064277211,1.0
40439,064277212,1.0
40446,064277213,1.0
40453,064277214,1.0
40460,064277215,1.0
40466,064277301,1.0
40473,064277302,1.0
40480,064277303,1.0
40487,064277304,1.0
40494,064277305,1.0
40501,064277306,1.0
40508,064277307,1.0
40515,064277308,1.0
40522,064277309,1.0
40531,064277310,3.0
40536,064277311,1.0
40543,064277312,1.0
40550,064277313,1.0
40557,064277314,1.0
40564,064277315,1.0
40573,064277316,3.0
40578,064277317,1.0
40585,064277318,1.0
40592,064277319,1.0
40599,064277320,1.0
40606,064277321,1.0
40613,064277322,1.0
40620,064277401,1.0
40627,064277402,1.0
40634,064277403,1.0
40641,064277404,1.0
40648,064277405,1.0
40655,064277406,1.0
40661,064277407,1.0
40668,064277408,1.0
40675,064277409,1.0
40682,064277410,1.0
40688,064277411,1.0
40695,064277412,1.0
40702,064277413,1.0
40709,064277414,1.0
40716,064277415,1.0
40723,064277416,1.0
40730,064277417,1.0
40737,064277418,1.0
40744,064277419,1.0
40751,064277420,1.0
40758,064277421,1.0
40765,064277422,1.0
40772,064277423,1.0
40779,064277424,1.0
40786,064277501,1.0
40793,064277502,1.0
40800,064277503,1.0
40807,064277504,1.0
40814,064277505,1.0
40821,064277506,1.0
40828,064277507,1.0
40835,064277508,1.0
40842,064277509,1.0
40849,064277510,1.0
40856,064277511,1.0
40863,064277512,1.0
40870,064277513,1.0
40877,064277514,1.0
40884,064277515,1.0
40891,064277516,1.0
40898,064277517,1.0
40905,064277518,1.0
40912,064277519,1.0
40919,064277520,1.0
40926,064277521,1.0
40933,064277522,1.0
40940,064277523,1.0
40947,064277524,1.0
40954,064277525,1.0
40961,064277526,1.0
40968,064277527,1.0
40975,064277528,1.0
40982,064277529,1.0
40989,064277530,1.0
40996,064277531,1.0
41003,064277532,1.0
41010,064277601,1.0
41017,064277602,1.0
41024,064277603,1.0
41031,064277604,1.0
41038,064277605,1.0
41045,064277606,1.0
41052,064277607,1.0
41061,064277608,3.0
41066,064277609,1.0
41072,064277610,1.0
41079,064277611,1.0
41086,064277612,1.0
41093,064277613,1.0
41100,064277614,1.0
41107,064277615,1.0
41114,064277616,1.0
41121,064277617,1.0
41128,064277618,1.0
41135,064277619,1.0
41142,064277620,1.0
41149,064277621,1.0
41156,064277622,1.0
41165,064277623,3.0
41170,064277624,1.0
41177,064277625,1.0
41184,064277626,1.0
41191,064277627,1.0
41198,064277701,1.0
41205,064277702,1.0
41212,064277703,1.0
41221,064277704,3.0
41226,064277705,1.0
41233,064277706,1.0
41240,064277707,1.0
41247,064277708,1.0
41254,064277709,1.0
41261,064277710,1.0
41268,064277711,1.0
41275,064277712,1.0
41282,064277713,1.0
41289,064277714,1.0
41296,064277715,1.0
41303,064277716,1.0
41312,064277717,3.0
41317,064277718,1.0
41324,064277719,1.0
41331,064277720,1.0
41338,064277721,1.0
41345,064277801,1.0
41352,064277802,1.0
41359,064277803,1.0
41366,064277804,1.0
41373,064277805,1.0
41380,064277806,1.0
41387,064277807,1.0
41394,064277808,1.0
41401,064277809,1.0
41408,064277810,1.0
41415,064277811,1.0
41422,064277812,1.0
41429,064277813,1.0
41436,064277814,1.0
41443,064277901,1.0
41450,064277902,1.0
41456,064277903,1.0
41463,064277904,1.0
41470,064277905,1.0
41477,064277906,1.0
41484,064277907,1.0
41491,064277908,1.0
41498,064277909,1.0
41505,064277910,1.0
41512,064277911,1.0
41519,064277912,1.0
41526,064277913,1.0
41533,064278001,1.0
41540,064278002,1.0
41547,064278003,1.0
41554,064278004,1.0
41561,064278005,1.0
41568,064278006,1.0
41575,064278007,1.0
41582,064278008,1.0
41589,064278009,1.0
41596,064278010,1.0
41603,064278011,1.0
41610,064278012,1.0
41617,064278013,1.0
41624,064278014,1.0
41630,064278015,1.0
41637,064278016,1.0
41644,064278017,1.0
41650,064278018,1.0
41657,064278019,1.0
41664,064340101,1.0
41671,064340102,1.0
41680,064340103,3.0
41687,064340104,3.0
41694,064340105,3.0
41701,064340106,3.0
41708,064340107,3.0
41714,064340108,3.0
41721,064340109,3.0
41728,064340110,3.0
41733,064340111,1.0
41742,064340112,3.0
41747,064340113,1.0
41756,064340201,3.0
41761,064340202,1.0
41770,064340203,3.0
41777,064340204,3.0
41784,064340205,3.0
41791,064340206,3.0
41798,064340207,3.0
41805,064340208,3.0
41812,064340209,3.0
41818,064340210,3.0
41825,064340211,3.0
41832,064340212,3.0
41839,064340301,3.0
41846,064340302,3.0
41853,064340303,3.0
41860,064340304,3.0
41867,064340305,3.0
41872,064340306,1.0
41881,064340307,3.0
41888,064340308,3.0
41894,064340309,3.0
41901,064340310,3.0
41908,064340401,3.0
41915,064340402,3.0
41922,064340403,3.0
41929,064340404,3.0
41936,064340405,3.0
41943,064340406,3.0
41950,064340407,3.0
41957,064340408,3.0
41964,064340409,3.0
41971,064340410,3.0
41978,064340501,3.0
41985,064340502,3.0
41992,064340503,3.0
41999,064340504,3.0
42004,064340505,1.0
42012,064340506,3.0
42017,064340507,1.0
42026,064340508,3.0
42033,064340509,3.0
42040,064340510,3.0
42047,064340601,3.0
42054,064340602,3.0
42061,064340603,3.0
42068,064340604,3.0
42075,064340605,3.0
42082,064340606,3.0
42089,064340607,3.0
42096,064340608,3.0
42101,064340609,1.0
42108,064340701,1.0
42117,064340702,3.0
42124,064340703,3.0
42129,064340704,1.0
42136,064340705,1.0
42143,064340706,1.0
42152,064340707,3.0
42157,064340708,1.0
42164,064340709,1.0
42173,064340710,3.0
42178,064340711,1.0
42185,064340712,1.0
42192,064340801,1.0
42199,064340802,1.0
42205,064340803,1.0
42212,064340804,1.0
42219,064340805,1.0
42226,064340806,1.0
42233,064340807,1.0
42240,064340808,1.0
42247,064340901,1.0
42254,064340902,1.0
42261,064340903,1.0
42268,064340904,1.0
42275,064340905,1.0
42282,064340906,1.0
42289,064340907,1.0
42296,064340908,1.0
42303,064340909,1.0
42310,064341001,1.0
42317,064341002,1.0
42326,064341003,3.0
42331,064341004,1.0
42338,064341005,1.0
42345,064341006,1.0
42352,064341007,1.0
42359,064341008,1.0
42366,064341009,1.0
42373,064341010,1.0
42380,064341011,1.0
42387,064341012,1.0
42394,064341101,1.0
42401,064341102,1.0
42408,064341103,1.0
42415,064341104,1.0
42422,064341105,1.0
42429,064341106,1.0
42436,064341107,1.0
42443,064341108,1.0
42450,064341109,1.0
42457,064341110,1.0
42466,064341111,3.0
42471,064341112,1.0
42478,064341113,1.0
42485,064341114,1.0
42491,064341201,1.0
42498,064341202,1.0
42507,064341203,3.0
42514,064341204,3.0
42521,064341205,3.0
42526,064341206,1.0
42533,064341207,1.0
42542,064341208,3.0
42549,064341301,3.0
42556,064341302,3.0
42563,064341303,3.0
42570,064341304,3.0
42577,064341305,3.0
42584,064341306,3.0
42591,064341307,3.0
42598,064341308,3.0
42605,064341309,3.0
42610,064341310,1.0
42617,064341311,1.0
42624,064341312,1.0
42633,064341401,3.0
42640,064341402,3.0
42648,064341403,4.0
42654,064341404,3.0
42661,064341405,3.0
42668,064341406,3.0
42675,064341407,3.0
42682,064341408,3.0
42690,064341501,4.0
42697,064341502,4.0
42706,064341503,6.0
42713,064341504,6.0
42720,064341505,6.0
42727,064341506,6.0
42730,064341507,3.0
42737,064341508,3.0
42742,064341601,1.0
42751,064341602,3.0
42761,064341603,6.0
42766,064341604,4.0
42772,064341605,3.0
42779,064341606,3.0
42785,064341607,3.0
42792,064341701,3.0
42799,064341702,3.0
42806,064341703,3.0
42813,064341704,3.0
42823,064341705,6.0
42827,064341706,3.0
42837,064341707,6.0
42841,064341708,3.0
42848,064341709,3.0
42855,064341710,3.0
42862,064341711,3.0
42869,064341801,3.0
42876,064341802,3.0
42883,064341803,3.0
42890,064341804,3.0
42897,064341805,3.0
42903,064341806,3.0
42910,064341807,3.0
42920,064341808,6.0
42924,064341809,3.0
42934,064341810,6.0
42938,064341901,3.0
42945,064341902,3.0
42952,064341903,3.0
42959,064341904,3.0
42966,064341905,3.0
42973,064341906,3.0
42980,064341907,3.0
42987,064341908,3.0
42994,064341909,3.0
43001,064341910,3.0
43006,064341911,1.0
43014,064342001,3.0
43019,064342002,1.0
43028,064342003,3.0
43035,064342004,3.0
43041,064342005,3.0
43048,064342006,3.0
43056,064342007,4.0
43062,064342008,3.0
43067,064342009,1.0
43076,064342010,3.0
43083,064342011,3.0
43088,064342101,1.0
43097,064342102,3.0
43104,064342103,3.0
43111,064342104,3.0
43116,064342105,1.0
43125,064342106,3.0
43132,064342107,3.0
43137,064342108,1.0
43144,064342109,1.0
43151,064342110,1.0
43158,064342111,1.0
43166,064342112,3.0
43173,064342113,3.0
43178,064342201,1.0
43185,064342202,1.0
43192,064342203,1.0
43199,064342204,1.0
43206,064342205,1.0
43213,064342206,1.0
43220,064342207,1.0
43229,064342208,3.0
43234,064342301,1.0
43241,064342302,1.0
43248,064342303,1.0
43255,064342304,1.0
43262,064342305,1.0
43269,064342306,1.0
43276,064342307,1.0
43283,064342401,1.0
43290,064342402,1.0
43297,064342403,1.0
43304,064342404,1.0
43311,064342405,1.0
43318,064342406,1.0
43325,064342407,1.0
43332,064342408,1.0
43341,064342409,3.0
43348,064342410,3.0
43353,064342501,1.0
43362,064342502,3.0
43369,064342503,3.0
43374,064342504,1.0
43381,064342505,1.0
43388,064342506,1.0
43395,064342507,1.0
43402,064342508,1.0
43409,064342509,1.0
43416,064342601,1.0
43423,064342602,1.0
43429,064342603,1.0
43436,064342604,1.0
43443,064342605,1.0
43450,064342606,1.0
43457,064342607,1.0
43463,064342608,1.0
43468,064342609,1.0
43474,064342610,1.0
43480,064342611,1.0
43487,064342612,1.0
43496,064342701,3.0
43501,064342702,1.0
43508,064342703,1.0
43515,064342704,1.0
43522,064342705,1.0
43529,064342706,1.0
43536,064342707,1.0
43543,064342708,1.0
43550,064342709,1.0
43557,064342710,1.0
43564,064342801,1.0
43571,064342802,1.0
43578,064342803,1.0
43585,064342804,1.0
43592,064342805,1.0
43599,064342806,1.0
43606,064342807,1.0
43613,064342808,1.0
43622,064342809,3.0
43629,064342810,3.0
43634,064342811,1.0
43641,064342812,1.0
43648,064342813,1.0
43655,064342814,1.0
43664,064342901,3.0
43671,064342902,3.0
43676,064342903,1.0
43683,064342904,1.0
43692,064342905,3.0
43699,064342906,3.0
43704,064342907,1.0
43713,064342908,3.0
43718,064342909,1.0
43725,064342910,1.0
43732,064342911,1.0
43741,064343001,3.0
43748,064343002,3.0
43755,064343003,3.0
43762,064343004,3.0
43769,064343005,3.0
43776,064343006,3.0
43783,064343007,3.0
43791,064343008,4.0
43797,064343009,3.0
43804,064343101,3.0
43812,064343102,4.0
43821,064343103,6.0
43825,064343104,3.0
43832,064343105,3.0
43839,064343106,3.0
43848,064343107,5.0
43856,064343108,6.0
43860,064343109,3.0
43869,064343201,6.0
43876,064343202,6.0
43883,064343203,6.0
43890,064343204,6.0
43897,064343205,6.0
43904,064343206,6.0
43911,064343207,6.0
43918,064343208,6.0
43921,064343301,2.0
43927,064343302,1.0
43936,064343303,3.0
43943,064343304,3.0
43950,064343305,3.0
43957,064343306,3.0
43964,064343307,3.0
43969,064343308,1.0
43978,064343401,3.0
43983,064343402,1.0
43992,064343403,3.0
43997,064343404,1.0
44006,064343405,3.0
44011,064343406,1.0
44018,064343407,1.0
44025,064343408,1.0
44032,064343409,1.0
44039,064343410,1.0
44046,064343411,1.0
44053,064343412,1.0
44060,064343413,1.0
44067,064343414,1.0
44076,064343415,3.0
44081,064343501,1.0
44090,064343502,3.0
44097,064343503,3.0
44102,064343504,1.0
44111,064343505,3.0
44116,064343506,1.0
44123,064343507,1.0
44130,064343508,1.0
44137,064343509,1.0
44144,064343510,1.0
44151,064343511,1.0
44158,064343512,1.0
44165,064343513,1.0
44172,064343514,1.0
44179,064343601,1.0
44186,064343602,1.0
44195,064343603,3.0
44201,064343604,3.0
44208,064343605,3.0
44213,064343606,1.0
44222,064343607,3.0
44229,064343608,3.0
44236,064343701,3.0
44243,064343702,3.0
44250,064343703,3.0
44257,064343704,3.0
44264,064343705,3.0
44274,064343706,6.0
44278,064343707,3.0
44287,064343708,5.0
44292,064343801,3.0
44300,064343802,4.0
44306,064343803,3.0
44314,064343804,4.0
44322,064343805,6.0
44326,064343806,3.0
44333,064343807,3.0
44343,064343808,6.0
44347,064343809,3.0
44357,064343810,6.0
44361,064343811,3.0
44371,064343812,6.0
44378,064343901,6.0
44382,064343902,3.0
44389,064343903,3.0
44397,064343904,4.0
44401,064343905,1.0
44410,064343906,3.0
44415,064343907,1.0
44424,064343908,3.0
44429,064343909,1.0
44438,064344001,3.0
44445,064344002,3.0
44449,064344003,1.0
44458,064344004,3.0
44464,064344005,3.0
44471,064344006,3.0
44478,064344007,3.0
44486,064344008,4.0
44492,064344101,3.0
44499,064344102,3.0
44506,064344103,3.0
44511,064344104,1.0
44520,064344105,3.0
44525,064344106,1.0
44534,064344107,3.0
44541,064344108,3.0
44546,064344201,1.0
44553,064344202,1.0
44560,064344203,1.0
44567,064344204,1.0
44576,064344205,3.0
44581,064344206,1.0
44588,064344207,1.0
44595,064344208,1.0
44604,064344301,3.0
44611,064344302,3.0
44618,064344303,3.0
44625,064344304,3.0
44632,064344305,3.0
44637,064344306,1.0
44646,064344307,3.0
44653,064344308,3.0
44658,064344401,1.0
44665,064344402,1.0
44672,064344403,1.0
44680,064344404,2.0
44686,064344405,1.0
44693,064344406,1.0
44699,064344407,1.0
44706,064344408,1.0
44715,064344409,3.0
44722,064344410,3.0
44729,064344411,3.0
44736,064344412,3.0
44743,064344413,3.0
44748,064344501,1.0
44755,064344502,1.0
44762,064344503,1.0
44769,064344504,1.0
44776,064344505,1.0
44783,064344506,1.0
44790,064344507,1.0
44797,064344508,1.0
44804,064344509,1.0
44811,064344510,1.0
44820,064344511,3.0
44825,064344512,1.0
44832,064344513,1.0
44839,064344601,1.0
44846,064344602,1.0
44853,064344603,1.0
44860,064344604,1.0
44867,064344605,1.0
44874,064344606,1.0
44881,064344607,1.0
44888,064344608,1.0
44895,064344701,1.0
44902,064344702,1.0
44909,064344703,1.0
44916,064344704,1.0
44923,064344705,1.0
44930,064344706,1.0
44937,064344707,1.0
44944,064344708,1.0
44951,064344709,1.0
44960,064344801,3.0
44968,064344802,4.0
44977,064344803,6.0
44983,064344804,6.0
44989,064344805,5.0
44996,064344806,5.0
45002,064344807,4.0
45011,064344808,6.0
45015,064344809,3.0
45025,064344901,6.0
45029,064344902,3.0
45037,064344903,4.0
45046,064344904,6.0
45050,064344905,3.0
45058,064344906,4.0
45065,064344907,4.0
45074,064344908,6.0
45081,064345001,6.0
45088,064345002,6.0
45095,064345003,6.0
45102,064345004,6.0
45109,064345005,6.0
45116,064345006,6.0
45123,064345007,6.0
45130,064345008,6.0
45132,064345101,1.0
45139,064345102,1.0
45146,064345103,1.0
45152,064345104,1.0
45157,064345105,1.0
45162,064345106,1.0
45171,064345107,3.0
45178,064345108,3.0
45183,064345109,1.0
45190,064345201,1.0
45197,064345202,1.0
45203,064345203,1.0
45209,064345204,1.0
45216,064345205,1.0
45223,064345206,1.0
45229,064345207,1.0
45236,064345208,1.0
45243,064345301,1.0
45250,064345302,1.0
45257,064345303,1.0
45266,064345304,3.0
45271,064345305,1.0
45278,064345306,1.0
45287,064345307,3.0
45292,064345308,1.0
45299,064345309,1.0
45306,064345401,1.0
45313,064345402,1.0
45320,064345403,1.0
45327,064345404,1.0
45334,064345405,1.0
45340,064345406,1.0
45347,064345407,1.0
45354,064345408,1.0
45361,064345409,1.0
45368,064345410,1.0
45375,064345411,1.0
45387,064345501,6.0
45390,064345502,3.0
45400,064345503,6.0
45407,064345504,6.0
45414,064345505,6.0
45421,064345506,6.0
45428,064345507,6.0
45435,064345508,6.0
45439,064345509,3.0
45446,064345601,3.0
45453,064345602,3.0
45460,064345603,3.0
45467,064345604,3.0
45474,064345605,3.0
45481,064345606,3.0
45491,064345607,6.0
45493,064900101,1.0
45500,064900102,1.0
45507,064900103,1.0
45514,064900104,1.0
45520,064900105,1.0
45527,064900106,1.0
45534,064900107,1.0
45541,064900108,1.0
45548,064900109,1.0
45555,064900110,1.0
45562,064900111,1.0
45568,064900112,1.0
45575,064900113,1.0
45582,064900114,1.0
45589,064900115,1.0
45595,064900201,1.0
45602,064900202,1.0
45609,064900203,1.0
45616,064900204,1.0
45623,064900205,1.0
45630,064900206,1.0
45637,064900207,1.0
45644,064900208,1.0
45651,064900209,1.0
45658,064900210,1.0
45665,064900301,1.0
45672,064900302,1.0
45679,064900303,1.0
45686,064900304,1.0
45693,064900305,1.0
45700,064900306,1.0
45707,064900307,1.0
45714,064900308,1.0
45721,064900309,1.0
45728,064900310,1.0
45735,064900311,1.0
45741,064900312,1.0
45748,064900313,1.0
45755,064900314,1.0
45762,064900315,1.0
45769,064900401,1.0
45776,064900402,1.0
45783,064900403,1.0
45790,064900404,1.0
45797,064900405,1.0
45804,064900406,1.0
45811,064900407,1.0
45818,064900408,1.0
45825,064900501,1.0
45832,064900502,1.0
45839,064900503,1.0
45846,064900504,1.0
45853,064900505,1.0
45860,064900506,1.0
45867,064900507,1.0
45874,064900508,1.0
45881,064900601,1.0
45888,064900602,1.0
45895,064900603,1.0
45901,064900604,1.0
45908,064900605,1.0
45915,064900606,1.0
45922,064900607,1.0
45929,064900608,1.0
45936,064900701,1.0
45943,064900702,1.0
45951,064900703,2.0
45957,064900704,1.0
45966,064900705,3.0
45973,064900706,3.0
45978,064900707,1.0
45985,064900708,1.0
45994,064900709,3.0
45999,064900710,1.0
46006,064900711,1.0
46013,064900712,1.0
46022,064900713,3.0
46027,064900714,1.0
46033,064900715,1.0
46042,064900801,3.0
46047,064900802,1.0
46056,064900803,3.0
46066,064900804,6.0
46072,064900805,6.0
46079,064900806,6.0
46086,064900807,6.0
46092,064900808,6.0
46096,064900809,3.0
46103,064900901,3.0
46108,064900902,1.0
46117,064900903,3.0
46122,064900904,1.0
46131,064900905,3.0
46141,064900906,6.0
46148,064900907,6.0
46155,064900908,6.0
46162,064900909,6.0
46166,064901001,3.0
46171,064901002,1.0
46180,064901003,3.0
46187,064901004,3.0
46194,064901005,3.0
46204,064901006,6.0
46211,064901007,6.0
46217,064901008,6.0
46223,064901009,6.0
46230,064901010,6.0
46237,064901101,6.0
46242,064901102,4.0
46251,064901103,6.0
46258,064901104,6.0
46265,064901105,6.0
46271,064901106,6.0
46278,064901107,6.0
46285,064901108,6.0
46292,064901109,6.0
46299,064901110,6.0
46305,064901111,6.0
46312,064901112,6.0
46319,064901113,6.0
46324,064901114,4.0
46333,064901201,6.0
46337,064901202,3.0
46345,064901203,4.0
46352,064901204,4.0
46361,064901205,6.0
46365,064901206,3.0
46372,064901207,3.0
46379,064901208,3.0
46386,064901209,3.0
46393,064901210,3.0
46400,064901211,3.0
46405,064901301,1.0
46412,064901302,1.0
46419,064901303,1.0
46426,064901304,1.0
46433,064901305,1.0
46440,064901306,1.0
46447,064901307,1.0
46454,064901308,1.0
46461,064901401,1.0
46468,064901402,1.0
46475,064901403,1.0
46482,064901404,1.0
46489,064901405,1.0
46498,064901406,3.0
46503,064901407,1.0
46510,064901408,1.0
46517,064901409,1.0
46524,064901410,1.0
46531,064901411,1.0
46538,064901412,1.0
46545,064901501,1.0
46552,064901502,1.0
46559,064901503,1.0
46566,064901504,1.0
46573,064901505,1.0
46580,064901506,1.0
46587,064901507,1.0
46594,064901508,1.0
46601,064901509,1.0
46608,064901510,1.0
46615,064901511,1.0
46622,064901601,1.0
46629,064901602,1.0
46636,064901603,1.0
46643,064901604,1.0
46650,064901605,1.0
46657,064901606,1.0
46664,064901607,1.0
46673,064901608,3.0
46678,064901609,1.0
46685,064901610,1.0
46692,064901611,1.0
46699,064901701,1.0
46706,064901702,1.0
46713,064901703,1.0
46720,064901704,1.0
46727,064901705,1.0
46736,064901706,3.0
46741,064901707,1.0
46748,064901708,1.0
46755,064901709,1.0
46762,064901710,1.0
46769,064901711,1.0
46776,064901712,1.0
46783,064901713,1.0
46790,064901801,1.0
46799,064901802,3.0
46806,064901803,3.0
46813,064901804,3.0
46820,064901805,3.0
46825,064901806,1.0
46832,064901807,1.0
46841,064901808,3.0
46848,064901901,3.0
46855,064901902,3.0
46862,064901903,3.0
46869,064901904,3.0
46875,064901905,3.0
46882,064901906,3.0
46889,064901907,3.0
46896,064901908,3.0
46903,064901909,3.0
46910,064901910,3.0
46917,064901911,3.0
46921,064901912,1.0
46930,064901913,3.0
46937,064902001,3.0
46944,064902002,3.0
46951,064902003,3.0
46958,064902004,3.0
46965,064902005,3.0
46972,064902006,3.0
46979,064902007,3.0
46986,064902008,3.0
46990,064902009,1.0
47002,064902101,6.0
47009,064902102,6.0
47016,064902103,6.0
47022,064902104,6.0
47027,064902105,4.0
47036,064902106,6.0
47043,064902107,6.0
47050,064902108,6.0
47057,064902109,6.0
47064,064902110,6.0
47071,064902111,6.0
47078,064902112,6.0
47085,064902201,6.0
47091,064902202,6.0
47098,064902203,6.0
47105,064902204,6.0
47112,064902205,6.0
47119,064902206,6.0
47126,064902207,6.0
47131,064902208,4.0
47140,064902209,6.0
47147,064902210,6.0
47154,064902211,6.0
47160,064902212,6.0
47167,064902213,6.0
47174,064902214,6.0
47181,064902215,6.0
47184,064902301,3.0
47191,064902302,3.0
47201,064902303,6.0
47208,064902304,6.0
47215,064902305,6.0
47222,064902306,6.0
47229,064902401,6.0
47236,064902402,6.0
47243,064902403,6.0
47250,064902404,6.0
47257,064902405,6.0
47264,064902406,6.0
47271,064902407,6.0
47275,064902501,3.0
47283,064902502,4.0
47289,064902503,3.0
47296,064902504,3.0
47303,064902505,3.0
47313,064902506,6.0
47320,064902507,6.0
47322,064902508,1.0
47331,064902601,3.0
47338,064902602,3.0
47342,064902603,1.0
47351,064902604,3.0
47358,064902605,3.0
47365,064902606,3.0
47370,064902607,1.0
47377,064902608,1.0
47386,064902609,3.0
47394,064902610,4.0
47400,064902611,3.0
47407,064902612,3.0
47414,064902613,3.0
47421,064902614,3.0
47425,064902701,1.0
47432,064902702,1.0
47441,064902703,3.0
47448,064902704,3.0
47453,064902705,1.0
47460,064902706,1.0
47469,064902707,3.0
47474,064902708,1.0
47481,064902709,1.0
47488,064902710,1.0
47495,064902711,1.0
47502,064902712,1.0
47509,064902713,1.0
47516,064902714,1.0
47523,064902801,1.0
47532,064902802,3.0
47539,064902803,3.0
47544,064902804,1.0
47553,064902805,3.0
47558,064902806,1.0
47567,064902807,3.0
47572,064902808,1.0
47579,064902809,1.0
47586,064902810,1.0
47595,064902811,3.0
47600,064902812,1.0
47607,064902901,1.0
47614,064902902,1.0
47621,064902903,1.0
47628,064902904,1.0
47635,064902905,1.0
47642,064902906,1.0
47649,064902907,1.0
47656,064902908,1.0
47663,064902909,1.0
47670,064902910,1.0
47677,064902911,1.0
47684,064903001,1.0
47691,064903002,1.0
47698,064903003,1.0
47705,064903004,1.0
47712,064903005,1.0
47719,064903006,1.0
47726,064903007,1.0
47733,064903008,1.0
47740,064903009,1.0
47747,064903010,1.0
47754,064903011,1.0
47761,064903101,1.0
47768,064903102,1.0
47775,064903103,1.0
47782,064903104,1.0
47789,064903105,1.0
47796,064903106,1.0
47803,064903107,1.0
47810,064903108,1.0
47817,064903109,1.0
47824,064903110,1.0
47831,064903111,1.0
47837,064903112,1.0
47844,064903201,1.0
47851,064903202,1.0
47858,064903203,1.0
47865,064903204,1.0
47872,064903205,1.0
47879,064903206,1.0
47886,064903207,1.0
47893,064903208,1.0
47900,064903209,1.0
47907,064903210,1.0
47914,064903211,1.0
47921,064903212,1.0
47928,064903213,1.0
47935,064903301,1.0
47942,064903302,1.0
47949,064903303,1.0
47956,064903304,1.0
47963,064903305,1.0
47970,064903306,1.0
47977,064903307,1.0
47984,064903308,1.0
47991,064903309,1.0
47998,064903310,1.0
48005,064903311,1.0
48012,064903401,1.0
48019,064903402,1.0
48026,064903403,1.0
48033,064903404,1.0
48040,064903405,1.0
48047,064903406,1.0
48054,064903407,1.0
48061,064903501,1.0
48068,064903502,1.0
48075,064903503,1.0
48081,064903504,1.0
48088,064903505,1.0
48095,064903506,1.0
48102,064903507,1.0
48109,064903508,1.0
48116,064903509,1.0
48123,064903510,1.0
48130,064903511,1.0
48137,064903512,1.0
48144,064903513,1.0
48150,064903601,1.0
48157,064903602,1.0
48164,064903603,1.0
48171,064903604,1.0
48178,064903605,1.0
48185,064903606,1.0
48192,064903607,1.0
48199,064903608,1.0
48206,064903609,1.0
48213,064903610,1.0
48220,064903611,1.0
48227,064903612,1.0
48234,064903701,1.0
48241,064903702,1.0
48248,064903703,1.0
48255,064903704,1.0
48262,064903705,1.0
48269,064903706,1.0
48276,064903707,1.0
48283,064903708,1.0
48290,064903709,1.0
48297,064903801,1.0
48304,064903802,1.0
48311,064903803,1.0
48318,064903804,1.0
48325,064903805,1.0
48332,064903806,1.0
48339,064903807,1.0
48346,064903808,1.0
48353,064903809,1.0
48360,064903810,1.0
48367,064903811,1.0
48374,064903812,1.0
48381,064903901,1.0
48387,064903902,1.0
48393,064903903,1.0
48399,064903904,1.0
48406,064903905,1.0
48413,064903906,1.0
48420,064903907,1.0
48427,064903908,1.0
48434,064903909,1.0
48441,064903910,1.0
48448,064903911,1.0
48455,064903912,1.0
48462,064904001,1.0
48469,064904002,1.0
48476,064904003,1.0
48483,064904004,1.0
48490,064904005,1.0
48497,064904006,1.0
48504,064904007,1.0
48511,064904008,1.0
48517,064904009,1.0
48524,064904010,1.0
48531,064904011,1.0
48538,064904012,1.0
48545,064904013,1.0
48552,064904014,1.0
48559,064904101,1.0
48564,064904102,1.0
48571,064904201,3.0
48578,064904202,3.0
48585,064904203,3.0
48592,064904204,3.0
48599,064904205,3.0
48606,064904206,3.0
48613,064904207,3.0
48618,064904208,1.0
48625,064904301,1.0
48633,064904302,3.0
48640,064904303,3.0
48647,064904304,3.0
48652,064904305,1.0
48657,064904306,1.0
48664,064904307,1.0
48671,064904308,1.0
48678,064904309,1.0
48687,064904310,3.0
48694,064904311,3.0
48699,064904312,1.0
48708,064904313,3.0
48715,064904314,3.0
48722,064904401,3.0
48728,064904402,3.0
48734,064904403,3.0
48741,064904404,3.0
48746,064904405,1.0
48753,064904406,1.0
48760,064904407,1.0
48767,064904408,1.0
48776,064904501,3.0
48781,064904502,1.0
48788,064904503,1.0
48795,064904504,1.0
48804,064904505,3.0
48809,064904506,1.0
48817,064904507,3.0
48823,064904508,3.0
48830,064904509,3.0
48837,064904601,3.0
48847,064904602,6.0
48852,064904603,4.0
48858,064904604,3.0
48865,064904605,3.0
48872,064904606,3.0
48879,064904607,3.0
48886,064904608,3.0
48893,064904609,3.0
48898,064904610,1.0
48906,064904611,3.0
48913,064904612,3.0
48920,064904701,3.0
48927,064904702,3.0
48933,064904703,3.0
48940,064904704,3.0
48948,064904705,4.0
48955,064904706,4.0
48961,064904707,3.0
48968,064904708,3.0
48975,064904709,3.0
48985,064904710,6.0
48992,064904711,6.0
48996,064904712,3.0
49006,064904713,6.0
49013,064904801,6.0
49020,064904802,6.0
49027,064904803,6.0
49034,064904804,6.0
49041,064904805,6.0
49047,064904806,6.0
49054,064904807,6.0
49061,064904808,6.0
49068,064904809,6.0
49072,064904810,3.0
49079,064904811,3.0
49088,064904812,6.0
49095,064904901,6.0
49102,064904902,6.0
49109,064904903,6.0
49113,064904904,3.0
49123,064904905,6.0
49129,064904906,6.0
49133,064904907,4.0
49139,064904908,3.0
49145,064904909,3.0
49155,064904910,6.0
49162,064904911,6.0
49168,064904912,6.0
49175,064904913,6.0
49182,064904914,6.0
49188,064905001,6.0
49194,064905002,6.0
49201,064905003,6.0
49203,064905004,1.0
49213,064905005,4.0
49219,064905006,3.0
49228,064905007,6.0
49233,064905008,4.0
49239,064905009,3.0
49246,064905010,3.0
49253,064905011,3.0
49259,064905101,3.0
49266,064905102,3.0
49271,064905103,1.0
49278,064905104,1.0
49287,064905105,3.0
49292,064905106,1.0
49299,064905107,1.0
49308,064905108,3.0
49315,064905109,3.0
49323,064905110,4.0
49332,064905111,6.0
49335,064905112,3.0
49340,064905201,1.0
49347,064905202,1.0
49354,064905203,1.0
49361,064905204,1.0
49368,064905205,1.0
49375,064905206,1.0
49382,064905207,1.0
49389,064905208,1.0
49396,064905209,1.0
49403,064905301,1.0
49410,064905302,1.0
49417,064905303,1.0
49424,064905304,1.0
49431,064905305,1.0
49438,064905306,1.0
49445,064905307,1.0
49452,064905308,1.0
49459,064905401,1.0
49467,064905402,3.0
49474,064905403,3.0
49479,064905404,1.0
49488,064905405,3.0
49493,064905406,1.0
49502,064905407,3.0
49509,064905501,3.0
49519,064905502,6.0
49526,064905503,6.0
49533,064905504,6.0
49540,064905505,6.0
49547,064905506,6.0
49554,064905601,6.0
49561,064905602,6.0
49568,064905603,6.0
49575,064905604,6.0
49582,064905605,6.0
49589,064905606,6.0
49596,064905607,6.0
49603,064905608,6.0
49610,064905609,6.0
49616,064905610,6.0
49623,064905611,6.0
49630,064905612,6.0
49636,064905613,6.0
49640,064905701,3.0
49645,064905702,1.0
49654,064905703,3.0
49661,064905704,3.0
49668,064905705,3.0
49675,064905706,3.0
49682,064905707,3.0
49689,064905708,3.0
49694,064905801,1.0
49701,064905802,1.0
49708,064905803,1.0
49717,064905804,3.0
49722,064905805,1.0
49729,064905806,1.0
49735,064905807,1.0
49742,064905808,1.0
49754,064905901,6.0
49761,064905902,6.0
49768,064905903,6.0
49775,064905904,6.0
49782,064905905,6.0
49788,064905906,6.0
49794,064905907,6.0
49801,064905908,6.0
49806,064905909,4.0
49813,064906001,4.0
49822,064906002,6.0
49829,064906003,6.0
49836,064906004,6.0
49842,064906005,6.0
49849,064906006,6.0
49856,064906007,6.0
49863,064906008,6.0
49864,064906101,1.0
49871,064906102,1.0
49878,064906103,1.0
49885,064906104,1.0
49892,064906105,1.0
49899,064906106,1.0
49906,064906107,1.0
49913,064906108,1.0
49920,064906109,1.0
49926,064906201,1.0
49933,064906202,1.0
49940,064906203,1.0
49947,064906204,1.0
49954,064906205,1.0
49961,064906206,1.0
49968,064906207,1.0
49975,064906208,1.0
49982,064906209,1.0
49989,064906210,1.0
49996,064906211,1.0
50003,064906212,1.0
50010,064906213,1.0
50017,064906214,1.0
50024,064906215,1.0
50031,064906216,1.0
50038,064906301,1.0
50045,064906302,1.0
50052,064906303,1.0
50059,064906304,1.0
50066,064906305,1.0
50073,064906306,1.0
50080,064906307,1.0
50087,064906308,1.0
50093,064906401,1.0
50100,064906402,1.0
50107,064906403,1.0
50114,064906404,1.0
50121,064906405,1.0
50128,064906406,1.0
50135,064906407,1.0
50142,064906408,1.0
50149,064906501,1.0
50158,064906502,3.0
50163,064906503,1.0
50170,064906504,1.0
50177,064906505,1.0
50184,064906506,1.0
50190,064906507,1.0
50197,064906508,1.0
50204,064906509,1.0
50211,064906510,1.0
50218,064906511,1.0
50225,064906512,1.0
50232,064906513,1.0
50239,064906601,1.0
50246,064906602,1.0
50253,064906603,1.0
50260,064906604,1.0
50267,064906605,1.0
50274,064906606,1.0
50281,064906607,1.0
50288,064906608,1.0
50295,064906609,1.0
50302,064906610,1.0
50308,064906611,1.0
50319,064906701,6.0
50323,064906702,3.0
50328,064906703,1.0
50337,064906704,3.0
50342,064906705,1.0
50349,064906706,1.0
50356,064906707,1.0
50367,065680101,5.0
50373,065680102,4.0
50379,065680103,3.0
50386,065680201,3.0
50393,065680202,3.0
50400,065680203,3.0
50407,065680204,3.0
50414,065680205,3.0
50421,065680206,3.0
50428,065680207,3.0
50435,065680208,3.0
50442,065680209,3.0
50449,065680210,3.0
50456,065680211,3.0
50463,065680212,3.0
50470,065680301,3.0
50475,065680302,1.0
50482,065680303,1.0
50489,065680304,1.0
50496,065680305,1.0
50503,065680306,1.0
50510,065680307,1.0
50517,065680308,1.0
50526,065680401,3.0
50533,065680402,3.0
50541,065680403,4.0
50547,065680404,3.0
50557,065680405,6.0
50564,065680406,6.0
50568,065680407,3.0
50578,065680408,6.0
50585,065680409,6.0
50592,065680410,6.0
50599,065680411,6.0
50605,065680412,6.0
50612,065680413,6.0
50619,065680414,6.0
50626,065680501,6.0
50633,065680502,6.0
50640,065680503,6.0
50647,065680504,6.0
50653,065680505,6.0
50659,065680506,6.0
50666,065680507,6.0
50673,065680508,6.0
50680,065680509,6.0
50683,065680510,3.0
50692,065680511,6.0
50698,065680512,6.0
50705,065680601,6.0
50711,065680602,6.0
50718,065680603,6.0
50724,065680604,6.0
50731,065680605,6.0
50735,065680606,3.0
50745,065680607,6.0
50749,065680701,3.0
50756,065680702,3.0
50763,065680703,3.0
50770,065680704,3.0
50777,065680705,3.0
50787,065680706,6.0
50790,065680707,3.0
50797,065680708,3.0
50804,065680709,3.0
50811,065680801,3.0
50817,065680802,3.0
50824,065680803,3.0
50831,065680804,3.0
50838,065680805,3.0
50843,065680806,1.0
50852,065680807,3.0
50857,065680808,1.0
50866,065680901,3.0
50873,065680902,3.0
50880,065680903,3.0
50887,065680904,3.0
50894,065680905,3.0
50901,065680906,3.0
50908,065680907,3.0
50915,065680908,3.0
50921,065680909,3.0
50931,065680910,6.0
50938,065680911,6.0
50945,065680912,6.0
50949,065680913,3.0
50957,065680914,4.0
50963,065681001,3.0
50970,065681002,3.0
50977,065681003,3.0
50984,065681004,3.0
50991,065681005,3.0
50998,065681006,3.0
51003,065681007,1.0
51010,065681008,1.0
51019,065681009,3.0
51029,065681101,6.0
51036,065681102,6.0
51040,065681103,3.0
51050,065681104,6.0
51057,065681105,6.0
51063,065681106,5.0
51069,065681107,5.0
51074,065681201,3.0
51081,065681202,3.0
51088,065681203,3.0
51097,065681204,6.0
51101,065681205,3.0
51106,065681206,1.0
51115,065681207,3.0
51122,065681208,3.0
51132,065681209,6.0
51136,065681210,3.0
51145,065681211,5.0
51148,065681301,1.0
51157,065681302,3.0
51163,065681303,3.0
51170,065681304,3.0
51176,065681305,2.0
51182,065681306,1.0
51190,065681307,3.0
51197,065681308,3.0
51204,065681309,3.0
51209,065681310,1.0
51215,065681401,1.0
51223,065681402,3.0
51228,065681403,1.0
51237,065681404,3.0
51244,065681405,3.0
51252,065681406,4.0
51259,065681407,4.0
51265,065681408,4.0
51271,065681409,3.0
51281,065681410,6.0
51285,065681411,3.0
51293,065681412,4.0
51299,065681501,3.0
51305,065681502,3.0
51312,065681503,3.0
51319,065681504,3.0
51326,065681505,3.0
51333,065681506,3.0
51340,065681507,3.0
51347,065681508,3.0
51357,065681509,6.0
51364,065681510,6.0
51368,065681601,3.0
51373,065681602,1.0
51380,065681603,1.0
51389,065681604,3.0
51396,065681605,3.0
51403,065681606,3.0
51410,065681607,3.0
51419,065681608,6.0
51423,065681609,3.0
51429,065681610,3.0
51436,065681611,3.0
51446,065681612,6.0
51450,065681613,3.0
51457,065681614,3.0
51463,065681701,3.0
51470,065681702,3.0
51475,065681703,1.0
51484,065681704,3.0
51494,065681705,6.0
51498,065681706,3.0
51508,065681707,6.0
51515,065681708,6.0
51522,065681709,6.0
51529,065681710,6.0
51536,065681711,6.0
51543,065681712,6.0
51550,065681713,6.0
51557,065681801,6.0
51564,065681802,6.0
51571,065681803,6.0
51578,065681804,6.0
51584,065681805,6.0
51591,065681806,6.0
51598,065681807,6.0
51604,065681808,6.0
51611,065681809,6.0
51618,065681901,6.0
51625,065681902,6.0
51629,065681903,3.0
51636,065681904,3.0
51643,065681905,3.0
51650,065681906,3.0
51657,065681907,3.0
51664,065681908,3.0
51671,065681909,3.0
51678,065681910,3.0
51685,065681911,3.0
51694,065682001,6.0
51701,065682002,6.0
51707,065682003,6.0
51714,065682004,6.0
51721,065682005,6.0
51725,065682006,3.0
51735,065682007,6.0
51739,065682101,3.0
51749,065682102,6.0
51754,065682103,5.0
51761,065682104,6.0
51766,065682105,4.0
51774,065682106,5.0
51779,065682107,3.0
51787,065682108,4.0
51793,065682201,3.0
51800,065682202,3.0
51810,065682203,6.0
51817,065682204,6.0
51824,065682205,6.0
51831,065682206,6.0
51837,065682207,5.0
51845,065682208,6.0
51852,065682209,6.0
51858,065682210,5.0
51863,065682211,3.0
51870,065682212,3.0
51877,065682213,3.0
51884,065682301,3.0
51891,065682302,3.0
51900,065682303,5.0
51905,065682304,3.0
51912,065682305,3.0
51919,065682306,3.0
51926,065682307,3.0
51933,065682308,3.0
51940,065682309,3.0
51947,065682310,3.0
51954,065682311,3.0
51961,065682312,3.0
51967,065682401,3.0
51974,065682402,3.0
51981,065682403,3.0
51988,065682404,3.0
51995,065682405,3.0
52002,065682406,3.0
52009,065682407,3.0
52014,065682408,1.0
52023,065682409,3.0
52027,065682410,1.0
52036,065682501,3.0
52043,065682502,3.0
52048,065682503,1.0
52057,065682504,3.0
52064,065682505,3.0
52069,065682506,1.0
52076,065682507,1.0
52083,065682508,1.0
52092,065682601,3.0
52099,065682602,3.0
52106,065682603,3.0
52113,065682604,3.0
52120,065682605,3.0
52126,065682606,3.0
52131,065682607,1.0
52140,065682608,3.0
52145,065682609,1.0
52154,065682610,3.0
52161,065682611,3.0
52166,065682612,1.0
52175,065682701,3.0
52180,065682702,1.0
52187,065682703,1.0
52194,065682704,1.0
52201,065682705,1.0
52208,065682706,1.0
52217,065682707,3.0
52224,065682708,3.0
52229,065682709,1.0
52237,065682710,2.0
52243,065682711,1.0
52252,065682712,3.0
52257,065682801,1.0
52264,065682802,1.0
52271,065682803,1.0
52278,065682804,1.0
52285,065682805,1.0
52292,065682806,1.0
52301,065682807,3.0
52306,065682808,1.0
52313,065682809,1.0
52320,065682810,1.0
52327,065682811,1.0
52334,065682812,1.0
52340,065682901,1.0
52346,065682902,1.0
52355,065682903,3.0
52360,065682904,1.0
52367,065682905,1.0
52374,065682906,1.0
52381,065682907,1.0
52388,065682908,1.0
52395,065682909,1.0
52402,065682910,1.0
52409,065682911,1.0
52416,065682912,1.0
52423,065682913,1.0
52430,065682914,1.0
52437,065683001,1.0
52444,065683002,1.0
52451,065683003,1.0
52458,065683004,1.0
52465,065683005,1.0
52472,065683006,1.0
52479,065683007,1.0
52486,065683008,1.0
52493,065683009,1.0
52499,065683010,1.0
52506,065683011,1.0
52513,065683012,1.0
52520,065683013,1.0
52527,065683014,1.0
52534,065683101,1.0
52541,065683102,1.0
52548,065683103,1.0
52555,065683104,1.0
52564,065683105,3.0
52568,065683106,1.0
52575,065683107,1.0
52584,065683201,3.0
52589,065683202,1.0
52598,065683203,3.0
52603,065683204,1.0
52610,065683205,1.0
52617,065683206,1.0
52626,065683207,3.0
52633,065683208,3.0
52640,065683209,3.0
52647,065683210,3.0
52654,065683211,3.0
52664,065683301,6.0
52667,065683302,3.0
52677,065683303,6.0
52684,065683304,6.0
52691,065683305,6.0
52697,065683306,6.0
52704,065683307,6.0
52711,065683308,6.0
52715,065683401,3.0
52722,065683402,3.0
52729,065683403,3.0
52736,065683404,3.0
52743,065683405,3.0
52750,065683406,3.0
52760,065683407,6.0
52762,065683408,1.0
52774,065683501,6.0
52780,065683502,6.0
52787,065683503,6.0
52794,065683504,6.0
52801,065683505,6.0
52808,065683506,6.0
52811,065683507,3.0
52821,065683508,6.0
52828,065683509,6.0
52834,065683601,6.0
52841,065683602,6.0
52845,065683603,3.0
52855,065683604,6.0
52859,065683605,3.0
52868,065683606,6.0
52874,065683607,6.0
52881,065683608,6.0
52887,065683609,5.0
52894,065683701,6.0
52901,065683702,6.0
52908,065683703,6.0
52914,065683704,6.0
52918,065683705,4.0
52924,065683706,3.0
52931,065683707,3.0
52938,065683708,3.0
52945,065683709,3.0
52952,065683801,3.0
52960,065683802,4.0
52968,065683803,6.0
52975,065683804,6.0
52982,065683805,6.0
52986,065683806,3.0
52996,065683807,6.0
53000,065683808,3.0
53007,065683901,3.0
53015,065683902,4.0
53021,065683903,3.0
53026,065683904,1.0
53035,065683905,3.0
53042,065683906,3.0
53049,065683907,3.0
53056,065683908,3.0
53065,065683909,5.0
53073,065683910,6.0
53078,065683911,4.0
53084,065683912,3.0
53094,065683913,6.0
53101,065683914,6.0
53105,065684001,3.0
53110,065684002,1.0
53117,065684003,1.0
53124,065684004,1.0
53131,065684005,1.0
53138,065684006,1.0
53145,065684007,1.0
53152,065684101,1.0
53159,065684102,1.0
53166,065684103,1.0
53173,065684104,1.0
53180,065684105,1.0
53187,065684106,1.0
53194,065684107,1.0
53206,067560101,6.0
53212,067560102,6.0
53218,067560103,6.0
53225,067560104,6.0
53232,067560105,6.0
53239,067560106,6.0
53246,067560107,6.0
53253,067560108,6.0
53259,067560109,6.0
53266,067560110,6.0
53273,067560201,6.0
53280,067560202,6.0
53286,067560203,6.0
53293,067560204,6.0
53297,067560205,3.0
53307,067560206,6.0
53314,067560207,6.0
53321,067560208,6.0
53328,067560209,6.0
53335,067560210,6.0
53342,067560301,6.0
53349,067560302,6.0
53356,067560303,6.0
53363,067560304,6.0
53370,067560305,6.0
53377,067560306,6.0
53384,067560307,6.0
53391,067560308,6.0
53398,067560309,6.0
53405,067560310,6.0
53412,067560311,6.0
53419,067560312,6.0
53426,067560401,6.0
53433,067560402,6.0
53440,067560403,6.0
53447,067560404,6.0
53454,067560405,6.0
53461,067560406,6.0
53468,067560407,6.0
53475,067560408,6.0
53482,067560501,6.0
53489,067560502,6.0
53496,067560503,6.0
53503,067560504,6.0
53510,067560505,6.0
53517,067560506,6.0
53524,067560507,6.0
53531,067560508,6.0
53538,067560509,6.0
53545,067560510,6.0
53552,067560601,6.0
53559,067560602,6.0
53565,067560603,6.0
53572,067560604,6.0
53579,067560605,6.0
53585,067560606,6.0
53592,067560607,6.0
53599,067560608,6.0
53606,067560609,6.0
53613,067560610,6.0
53620,067560611,6.0
53627,067560612,6.0
53634,067560701,6.0
53641,067560702,6.0
53648,067560703,6.0
53655,067560704,6.0
53662,067560705,6.0
53669,067560706,6.0
53675,067560707,6.0
53682,067560708,6.0
53689,067560709,6.0
53696,067560710,6.0
53703,067560711,6.0
53710,067560801,6.0
53717,067560802,6.0
53724,067560803,6.0
53731,067560804,6.0
53738,067560805,6.0
53745,067560806,6.0
53752,067560807,6.0
53759,067560808,6.0
53766,067560809,6.0
53773,067560901,6.0
53780,067560902,6.0
53787,067560903,6.0
53794,067560904,6.0
53801,067560905,6.0
53808,067560906,6.0
53815,067560907,6.0
53822,067560908,6.0
53829,067561001,6.0
53835,067561002,6.0
53841,067561003,6.0
53848,067561004,6.0
53855,067561005,6.0
53862,067561006,6.0
53869,067561007,6.0
53875,067561008,6.0
53882,067561009,6.0
53888,067561010,6.0
53894,067561011,6.0
53901,067561012,6.0
53908,067561101,6.0
53914,067561102,6.0
53921,067561103,6.0
53928,067561104,6.0
53935,067561105,6.0
53942,067561106,6.0
53949,067561201,6.0
53956,067561202,6.0
53958,067561203,1.0
53970,067561204,6.0
53974,067561205,3.0
53983,067561206,6.0
53989,067561207,6.0
53995,067561208,6.0
54002,067561209,6.0
54009,067561210,6.0
54016,067561211,6.0
54020,067561212,3.0
54027,067561301,3.0
54032,067561302,1.0
54039,067561303,1.0
54046,067561304,1.0
54053,067561305,1.0
54062,067561306,3.0
54067,067561307,1.0
54077,067561308,4.0
54083,067561309,3.0
54088,067561401,1.0
54096,067561402,2.0
54099,067561403,1.0
54106,067561404,1.0
54113,067561405,1.0
54122,067561406,3.0
54129,067561407,3.0
54136,067561408,3.0
54143,067561409,3.0
54150,067561410,3.0
54160,067561501,6.0
54167,067561502,6.0
54174,067561503,6.0
54181,067561504,6.0
54185,067561505,3.0
54192,067561506,3.0
54201,067561507,6.0
54208,067561508,6.0
54215,067561509,6.0
54222,067561510,6.0
54229,067561511,6.0
54236,067561512,6.0
54242,067561513,6.0
54249,067561514,6.0
54254,067561515,4.0
54260,067561601,3.0
54267,067561602,3.0
54276,067561603,6.0
54283,067561604,6.0
54290,067561605,6.0
54297,067561606,6.0
54304,067561607,6.0
54309,067561701,4.0
54318,067561702,6.0
54322,067561703,3.0
54329,067561704,3.0
54336,067561705,3.0
54343,067561706,3.0
54353,067561707,6.0
54360,067561708,6.0
54364,067561709,3.0
54374,067561710,6.0
54381,067561711,6.0
54388,067561801,6.0
54395,067561802,6.0
54402,067561803,6.0
54409,067561804,6.0
54416,067561805,6.0
54420,067561806,3.0
54427,067561807,3.0
54435,067561808,4.0
54442,067561809,4.0
54448,067561810,3.0
54458,067561811,6.0
54463,067561812,4.0
54469,067561901,3.0
54476,067561902,3.0
54483,067561903,3.0
54490,067561904,3.0
54497,067561905,3.0
54504,067561906,3.0
54511,067561907,3.0
54518,067561908,3.0
54525,067561909,3.0
54532,067561910,3.0
54539,067561911,3.0
54549,067562001,6.0
54553,067562002,3.0
54560,067562003,3.0
54567,067562004,3.0
54574,067562005,3.0
54581,067562006,3.0
54588,067562007,3.0
54595,067562008,3.0
54602,067562009,3.0
54609,067562010,3.0
54619,067562101,6.0
54621,067562102,1.0
54633,067562103,6.0
54640,067562104,6.0
54647,067562105,6.0
54654,067562106,6.0
54661,067562107,6.0
54668,067562108,6.0
54675,067562109,6.0
54682,067562110,6.0
54688,067562111,6.0
54695,067562112,6.0
54702,067562113,6.0
54704,067562201,1.0
54713,067562202,3.0
54720,067562203,3.0
54725,067562204,1.0
54732,067562205,1.0
54739,067562206,1.0
54746,067562301,1.0
54753,067562302,1.0
54762,067562303,3.0
54769,067562304,3.0
54776,067562305,3.0
54783,067562306,3.0
54790,067562307,3.0
54797,067562308,3.0
54804,067562309,3.0
54809,067562310,1.0
54816,067562311,1.0
54825,067562312,3.0
54832,067562313,3.0
54837,067562314,1.0
54846,067562401,3.0
54851,067562402,1.0
54860,067562403,3.0
54867,067562404,3.0
54874,067562405,3.0
54881,067562406,3.0
54888,067562407,3.0
54895,067562408,3.0
54902,067562409,3.0
54909,067562410,3.0
54916,067562411,3.0
54926,067562412,6.0
54930,067562413,3.0
54937,067562414,3.0
54943,067562415,3.0
54950,067562501,3.0
54955,067562502,1.0
54962,067562503,1.0
54969,067562504,1.0
54976,067562505,1.0
54984,067562506,3.0
54991,067562507,3.0
54998,067562508,3.0
55005,067562509,3.0
55012,067562510,3.0
55019,067562601,3.0
55026,067562602,3.0
55033,067562603,3.0
55040,067562604,3.0
55044,067562605,1.0
55053,067562606,3.0
55060,067562607,3.0
55067,067562608,3.0
55074,067562609,3.0
55081,067562610,3.0
55087,067562611,3.0
55092,067562701,1.0
55099,067562702,1.0
55106,067562703,1.0
55113,067562704,1.0
55120,067562705,1.0
55127,067562706,1.0
55134,067562707,1.0
55143,067562708,3.0
55148,067562709,1.0
55155,067562710,1.0
55164,067562711,3.0
55171,067562712,3.0
55176,067562713,1.0
55185,067562714,3.0
55195,067562801,6.0
55202,067562802,6.0
55209,067562803,6.0
55216,067562804,6.0
55220,067562805,3.0
55230,067562806,6.0
55235,067562807,4.0
55242,067562808,4.0
55249,067562809,4.0
55258,067562810,6.0
55265,067562901,6.0
55272,067562902,6.0
55276,067562903,3.0
55286,067562904,6.0
55293,067562905,6.0
55300,067562906,6.0
55304,067562907,3.0
55314,067562908,6.0
55321,067563001,6.0
55328,067563002,6.0
55335,067563003,6.0
55342,067563004,6.0
55349,067563005,6.0
55356,067563006,6.0
55363,067563007,6.0
55370,067563008,6.0
55377,067563009,6.0
55384,067563101,6.0
55391,067563102,6.0
55393,067563103,1.0
55405,067563104,6.0
55409,067563105,3.0
55416,067563106,3.0
55423,067563107,3.0
55428,067563108,1.0
55435,067563109,1.0
55444,067563201,3.0
55449,067563202,1.0
55456,067563203,1.0
55463,067563204,1.0
55470,067563205,1.0
55477,067563206,1.0
55484,067563207,1.0
55491,067563208,1.0
55498,067563209,1.0
55510,067563210,6.0
55512,067563211,1.0
55524,067563301,6.0
55530,067563302,6.0
55537,067563303,6.0
55544,067563304,6.0
55551,067563305,6.0
55558,067563306,6.0
55565,067563307,6.0
55572,067563308,6.0
55574,067563401,1.0
55586,067563402,6.0
55590,067563403,3.0
55597,067563404,3.0
55607,067563405,6.0
55614,067563406,6.0
55618,067563407,3.0
55625,067563501,3.0
55632,067563502,3.0
55639,067563503,3.0
55647,067563504,4.0
55653,067563505,3.0
55660,067563506,3.0
55667,067563507,3.0
55674,067563508,3.0
55681,067563509,3.0
55688,067563510,3.0
55693,068400101,1.0
55699,068400102,1.0
55706,068400103,1.0
55713,068400104,1.0
55720,068400105,1.0
55727,068400106,1.0
55734,068400107,1.0
55741,068400108,1.0
55747,068400109,1.0
55754,068400110,1.0
55761,068400111,1.0
55768,068400112,1.0
55775,068400113,1.0
55782,068400201,1.0
55789,068400202,1.0
55796,068400203,1.0
55803,068400204,1.0
55812,068400205,3.0
55819,068400206,3.0
55826,068400207,3.0
55833,068400208,3.0
55838,068400209,1.0
55845,068400210,1.0
55852,068400211,1.0
55859,068400212,1.0
55866,068400301,1.0
55873,068400302,1.0
55880,068400303,1.0
55887,068400304,1.0
55894,068400305,1.0
55901,068400306,1.0
55908,068400307,1.0
55915,068400401,1.0
55922,068400402,1.0
55928,068400403,1.0
55935,068400404,1.0
55942,068400405,1.0
55949,068400406,1.0
55956,068400407,1.0
55965,068400408,3.0
55970,068400409,1.0
55977,068400410,1.0
55984,068400411,1.0
55991,068400501,1.0
55998,068400502,1.0
56005,068400503,1.0
56012,068400504,1.0
56021,068400505,3.0
56028,068400506,3.0
56035,068400507,3.0
56042,068400508,4.0
56048,068400509,3.0
56055,068400510,3.0
56062,068400511,3.0
56069,068400512,3.0
56076,068400513,3.0
56083,068400514,3.0
56088,068400601,1.0
56095,068400602,1.0
56102,068400603,1.0
56109,068400604,1.0
56116,068400605,1.0
56123,068400606,1.0
56130,068400701,1.0
56137,068400702,1.0
56144,068400703,1.0
56150,068400704,1.0
56157,068400705,1.0
56165,068400706,3.0
56172,068400707,3.0
56179,068400801,3.0
56184,068400802,1.0
56193,068400803,3.0
56198,068400804,1.0
56207,068400805,3.0
56214,068400806,3.0
56219,068400807,1.0
56231,068400901,6.0
56238,068400902,6.0
56245,068400903,6.0
56252,068400904,6.0
56259,068400905,6.0
56262,068400906,3.0
56272,068400907,6.0
56279,068400908,6.0
56286,068400909,6.0
56293,068400910,6.0
56300,068401001,6.0
56307,068401002,6.0
56313,068401003,6.0
56320,068401004,6.0
56326,068401005,6.0
56331,068401006,4.0
56340,068401007,6.0
56345,068401008,4.0
56354,068401009,6.0
56361,068401010,6.0
56368,068401011,6.0
56372,068401012,3.0
56379,068401013,3.0
56389,068401014,6.0
56393,068401101,3.0
56400,068401102,3.0
56405,068401103,1.0
56414,068401104,3.0
56421,068401105,3.0
56428,068401106,3.0
56432,068401107,1.0
56441,068401108,3.0
56448,068401109,3.0
56455,068401110,3.0
56462,068401111,3.0
56469,068401112,3.0
56474,068401113,1.0
56482,068401114,3.0
56489,068401115,3.0
56496,068401201,3.0
56503,068401202,3.0
56510,068401203,3.0
56515,068401204,1.0
56523,068401205,3.0
56528,068401206,1.0
56533,068401207,3.0
56540,068401208,3.0
56547,068401209,3.0
56554,068401210,3.0
56564,068401211,6.0
56568,068401212,3.0
56575,068401301,3.0
56582,068401302,3.0
56589,068401303,3.0
56596,068401304,3.0
56603,068401305,3.0
56610,068401306,3.0
56617,068401307,3.0
56624,068401308,3.0
56634,068401309,6.0
56639,068401310,4.0
56645,068401401,3.0
56652,068401402,3.0
56659,068401403,3.0
56666,068401404,3.0
56673,068401405,3.0
56680,068401406,3.0
56687,068401407,3.0
56694,068401408,3.0
56701,068401409,3.0
56708,068401410,3.0
56715,068401411,3.0
56723,068401412,4.0
56729,068401501,3.0
56737,068401502,4.0
56742,068401503,3.0
56749,068401504,3.0
56756,068401505,3.0
56763,068401506,3.0
56770,068401507,3.0
56777,068401508,3.0
56784,068401509,3.0
56791,068401510,3.0
56796,068401511,1.0
56805,068401601,3.0
56812,068401602,3.0
56822,068401603,6.0
56826,068401604,3.0
56834,068401605,4.0
56843,068401606,6.0
56850,068401607,6.0
56855,068401608,4.0
56861,068401609,3.0
56869,068401701,4.0
56875,068401702,3.0
56882,068401703,3.0
56889,068401704,3.0
56896,068401705,3.0
56903,068401706,3.0
56910,068401707,3.0
56917,068401708,3.0
56924,068401709,3.0
56931,068401710,3.0
56938,068401711,3.0
56945,068401712,3.0
56951,068401713,3.0
56957,068401801,2.0
56963,068401802,1.0
56972,068401803,3.0
56979,068401804,3.0
56986,068401805,3.0
56993,068401806,3.0
57000,068401807,3.0
57007,068401808,3.0
57014,068401809,3.0
57021,068401810,3.0
57028,068401901,3.0
57035,068401902,3.0
57041,068401903,3.0
57048,068401904,3.0
57055,068401905,3.0
57063,068401906,4.0
57069,068401907,3.0
57076,068401908,3.0
57083,068402001,3.0
57090,068402002,3.0
57095,068402003,1.0
57103,068402004,3.0
57110,068402005,3.0
57117,068402006,3.0
57122,068402007,1.0
57129,068402008,1.0
57138,068402009,3.0
57143,068402010,1.0
57150,068402011,1.0
57159,068402012,3.0
57164,068402013,1.0
57173,068402101,3.0
57180,068402102,3.0
57187,068402103,3.0
57193,068402104,3.0
57197,068402105,1.0
57206,068402106,3.0
57213,068402107,3.0
57218,068402108,1.0
57225,068402109,1.0
57232,068402110,1.0
57238,068402201,1.0
57245,068402202,1.0
57252,068402203,1.0
57261,068402204,3.0
57268,068402205,3.0
57273,068402206,1.0
57282,068402207,3.0
57287,068402208,1.0
57295,068402301,3.0
57302,068402302,3.0
57307,068402303,1.0
57314,068402304,1.0
57323,068402305,3.0
57328,068402306,1.0
57335,068402307,1.0
57342,068402308,1.0
57349,068402309,1.0
57356,068402310,1.0
57365,068402311,3.0
57372,068402401,3.0
57379,068402402,3.0
57384,068402403,1.0
57391,068402404,1.0
57398,068402405,1.0
57404,068402406,1.0
57411,068402407,1.0
57420,068402408,3.0
57427,068402409,3.0
57433,068402410,3.0
57439,068402501,3.0
57444,068402502,1.0
57453,068402503,3.0
57458,068402504,1.0
57465,068402505,1.0
57474,068402506,3.0
57479,068402507,1.0
57488,068402508,3.0
57495,068402509,3.0
57500,068402510,1.0
57507,068402511,1.0
57514,068402601,1.0
57520,068402602,1.0
57527,068402603,1.0
57534,068402604,1.0
57540,068402605,1.0
57547,068402606,1.0
57554,068402607,1.0
57561,068402608,1.0
57568,068402701,1.0
57577,068402702,3.0
57582,068402703,1.0
57590,068402704,3.0
57597,068402705,3.0
57604,068402706,3.0
57611,068402707,3.0
57618,068402708,3.0
57623,068402709,1.0
57630,068402710,1.0
57637,068402711,1.0
57646,068402712,3.0
57653,068402713,3.0
57658,068402801,1.0
57667,068402802,3.0
57672,068402803,1.0
57679,068402804,1.0
57686,068402805,1.0
57693,068402806,1.0
57702,068402807,3.0
57707,068402808,1.0
57714,068402809,1.0
57721,068402810,1.0
57728,068402811,1.0
57737,068402812,3.0
57742,068402901,1.0
57749,068402902,1.0
57756,068402903,1.0
57763,068402904,1.0
57770,068402905,1.0
57779,068402906,3.0
57786,068402907,3.0
57793,068402908,3.0
57798,068402909,1.0
57807,068402910,3.0
57814,068402911,3.0
57821,068403001,3.0
57826,068403002,1.0
57835,068403003,3.0
57842,068403004,3.0
57849,068403005,3.0
57856,068403006,3.0
57863,068403007,3.0
57870,068403008,3.0
57877,068403009,3.0
57884,068403010,3.0
57891,068403011,3.0
57898,068403012,3.0
57905,068403013,3.0
57912,068403014,3.0
57917,068403101,1.0
57926,068403102,3.0
57933,068403103,3.0
57939,068403104,3.0
57946,068403105,3.0
57953,068403106,3.0
57960,068403107,3.0
57967,068403108,3.0
57974,068403109,3.0
57981,068403110,3.0
57988,068403111,3.0
57994,068403112,3.0
58001,068403113,3.0
58008,068403201,3.0
58015,068403202,3.0
58022,068403203,3.0
58029,068403204,3.0
58036,068403205,3.0
58043,068403206,3.0
58050,068403207,3.0
58057,068403208,3.0
58062,068403209,1.0
58069,068403301,1.0
58076,068403302,1.0
58082,068403303,1.0
58089,068403304,1.0
58096,068403305,1.0
58103,068403306,1.0
58110,068403307,1.0
58119,068403401,3.0
58124,068403402,1.0
58131,068403403,1.0
58138,068403404,1.0
58147,068403405,3.0
58154,068403406,3.0
58161,068403407,3.0
58168,068403408,3.0
58175,068403409,3.0
58180,068403501,1.0
58189,068403502,3.0
58194,068403503,1.0
58203,068403504,3.0
58210,068403505,3.0
58215,068403506,1.0
58222,068403507,1.0
58228,068403508,1.0
58235,068403509,1.0
58242,068403510,1.0
58251,068403601,3.0
58258,068403602,3.0
58265,068403603,3.0
58275,068403604,6.0
58279,068403605,3.0
58286,068403606,3.0
58292,068403607,3.0
58299,068403608,3.0
58306,068403609,4.0
58312,068403701,3.0
58319,068403702,3.0
58326,068403703,3.0
58333,068403704,3.0
58341,068403705,4.0
58348,068403706,4.0
58357,068403707,6.0
58361,068403708,3.0
58368,068403801,3.0
58374,068403802,3.0
58381,068403803,3.0
58387,068403804,3.0
58393,068403805,3.0
58400,068403806,3.0
58410,068403807,6.0
58414,068403808,3.0
58421,068403809,3.0
58428,068403810,3.0
58435,068403901,3.0
58442,068403902,3.0
58449,068403903,3.0
58456,068403904,3.0
58462,068403905,3.0
58469,068403906,3.0
58476,068403907,3.0
58483,068403908,3.0
58490,068403909,3.0
58496,068403910,3.0
58502,068404001,3.0
58509,068404002,3.0
58516,068404003,3.0
58521,068404004,1.0
58531,068404005,4.0
58537,068404006,3.0
58542,068404007,1.0
58551,068404008,3.0
58559,068404009,4.0
58565,068404010,3.0
58574,068404101,6.0
58581,068404102,6.0
58585,068404103,3.0
58592,068404104,3.0
58598,068404105,3.0
58605,068404106,3.0
58612,068404107,3.0
58621,068404108,5.0
58629,068404201,6.0
58633,068404202,3.0
58640,068404203,3.0
58650,068404204,6.0
58653,068404205,3.0
58660,068404206,3.0
58667,068404207,3.0
58677,068610101,6.0
58684,068610102,6.0
58691,068610103,6.0
58698,068610104,6.0
58705,068610105,6.0
58712,068610106,6.0
58719,068610107,6.0
58726,068610108,6.0
58733,068610109,6.0
58740,068610110,6.0
58747,068610111,6.0
58753,068610112,6.0
58755,068610201,1.0
58767,068610202,6.0
58774,068610203,6.0
58781,068610204,6.0
58788,068610205,6.0
58795,068610206,6.0
58801,068610207,6.0
58808,068610208,6.0
58815,068610209,6.0
58822,068610210,6.0
58829,068610211,6.0
58836,068610212,6.0
58843,068610301,6.0
58850,068610302,6.0
58856,068610303,6.0
58863,068610304,6.0
58870,068610305,6.0
58877,068610306,6.0
58884,068610307,6.0
58890,068610308,6.0
58897,068610309,6.0
58904,068610310,6.0
58911,068610311,6.0
58918,068610401,6.0
58925,068610402,6.0
58932,068610403,6.0
58939,068610404,6.0
58946,068610405,6.0
58953,068610406,6.0
58960,068610407,6.0
58967,068610408,6.0
58974,068610409,6.0
58980,068610410,6.0
58987,068610411,6.0
58994,068610412,6.0
59000,068610413,6.0
59007,068610501,6.0
59014,068610502,6.0
59021,068610503,6.0
59027,068610504,6.0
59034,068610505,6.0
59036,068610506,2.0
59043,068610507,6.0
59050,068610508,6.0
59057,068610509,6.0
59063,068610601,6.0
59070,068610602,6.0
59077,068610603,6.0
59084,068610604,6.0
59091,068610605,6.0
59098,068610606,6.0
59105,068610607,6.0
59112,068610608,6.0
59118,068610609,6.0
59125,068610610,6.0
59132,068610611,6.0
59138,068610701,6.0
59145,068610702,6.0
59152,068610703,6.0
59159,068610704,6.0
59166,068610705,6.0
59173,068610706,6.0
59179,068610707,6.0
59186,068610708,6.0
59193,068610709,6.0
59200,068610801,6.0
59207,068610802,6.0
59214,068610803,6.0
59221,068610804,6.0
59228,068610805,6.0
59235,068610806,6.0
59241,068610807,6.0
59248,068610808,6.0
59255,068610809,6.0
59262,068610810,6.0
59268,068610811,6.0
59275,068610812,6.0
59282,068610901,6.0
59289,068610902,6.0
59295,068610903,6.0
59302,068610904,6.0
59309,068610905,6.0
59316,068610906,6.0
59323,068610907,6.0
59330,068610908,6.0
59334,068610909,3.0
59344,068610910,6.0
59351,068610911,6.0
59358,068610912,6.0
59364,068610913,6.0
59371,068610914,6.0
59375,068610915,4.0
59383,068611001,6.0
59390,068611002,6.0
59397,068611003,6.0
59404,068611004,6.0
59411,068611005,6.0
59418,068611006,6.0
59424,068611007,6.0
59431,068611008,6.0
59438,068611009,6.0
59445,068611010,6.0
59452,068611011,6.0
59458,068611101,6.0
59465,068611102,6.0
59472,068611103,6.0
59479,068611104,6.0
59486,068611105,6.0
59493,068611106,6.0
59497,068611107,3.0
59507,068611108,6.0
59511,068611109,3.0
59521,068611110,6.0
59528,068611201,6.0
59534,068611202,6.0
59541,068611203,6.0
59548,068611204,6.0
59555,068611205,6.0
59562,068611206,6.0
59569,068611207,6.0
59576,068611208,6.0
59583,068611209,6.0
59590,068611301,6.0
59597,068611302,6.0
59604,068611303,6.0
59611,068611304,6.0
59618,068611305,6.0
59625,068611306,6.0
59632,068611307,6.0
59639,068611308,6.0
59646,068611309,6.0
59650,068611401,4.0
59659,068611402,6.0
59666,068611403,6.0
59673,068611404,6.0
59680,068611405,6.0
59686,068611406,6.0
59693,068611407,6.0
59700,068611408,6.0
59707,068611409,6.0
59714,068611410,6.0
59721,068611411,6.0
59728,068611412,6.0
59735,068611501,6.0
59742,068611502,6.0
59749,068611503,6.0
59756,068611504,6.0
59763,068611505,6.0
59770,068611506,6.0
59777,068611507,6.0
59784,068611508,6.0
59791,068611509,6.0
59798,068611510,6.0
59805,068611511,6.0
59812,068611601,6.0
59819,068611602,6.0
59826,068611603,6.0
59833,068611604,6.0
59840,068611605,6.0
59847,068611606,6.0
59854,068611607,6.0
59861,068611608,6.0
59868,068611609,6.0
59875,068611610,6.0
59882,068611611,6.0
59889,068611701,6.0
59896,068611702,6.0
59902,068611703,6.0
59909,068611704,6.0
59915,068611705,6.0
59922,068611706,6.0
59928,068611707,6.0
59935,068611708,6.0
59942,068611709,6.0
59946,068611801,3.0
59953,068611802,3.0
59960,068611803,3.0
59970,068611804,6.0
59974,068611805,3.0
59981,068611806,3.0
59991,068611807,6.0
59998,068611808,6.0
60005,068611809,6.0
60012,068611810,6.0
60019,068611901,6.0
60026,068611902,6.0
60033,068611903,6.0
60040,068611904,6.0
60047,068611905,6.0
60054,068611906,6.0
60061,068611907,6.0
60068,068612001,6.0
60075,068612002,6.0
60081,068612003,6.0
60088,068612004,6.0
60095,068612005,6.0
60102,068612006,6.0
60109,068612007,6.0
60116,068612008,6.0
60123,068612101,6.0
60130,068612102,6.0
60137,068612103,6.0
60144,068612104,6.0
60151,068612105,6.0
60157,068612106,6.0
60164,068612107,6.0
60171,068612108,6.0
60178,068612109,6.0
60185,068612201,6.0
60192,068612202,6.0
60199,068612203,6.0
60206,068612204,6.0
60213,068612205,6.0
60220,068612206,6.0
60224,068612207,3.0
60234,068612208,6.0
60241,068612209,6.0
60248,068612210,6.0
60253,068612211,4.0
60262,068612212,6.0
60266,068612301,3.0
60271,068612302,1.0
60280,068612303,3.0
60285,068612304,1.0
60292,068612305,1.0
60299,068612306,1.0
60308,068612307,3.0
60318,068612308,6.0
60322,068612309,3.0
60329,068612310,3.0
60336,068612401,3.0
60343,068612402,3.0
60350,068612403,3.0
60356,068612404,3.0
60363,068612405,3.0
60370,068612406,3.0
60377,068612407,3.0
60387,068612408,6.0
60391,068612409,3.0
60398,068612410,3.0
60405,068612411,3.0
60412,068612412,3.0
60420,068612413,4.0
60426,068612501,3.0
60433,068612502,3.0
60440,068612503,3.0
60445,068612504,1.0
60454,068612505,3.0
60461,068612506,3.0
60468,068612507,3.0
60475,068612508,3.0
60482,068612509,3.0
60489,068612510,3.0
60496,068612601,3.0
60503,068612602,3.0
60511,068612603,4.0
60517,068612604,3.0
60524,068612605,3.0
60532,068612606,4.0
60538,068612607,3.0
60545,068612608,3.0
60552,068612609,3.0
60558,068612610,3.0
60565,068612611,3.0
60572,068612612,3.0
60579,068612613,3.0
60589,068612701,6.0
60596,068612702,6.0
60603,068612703,6.0
60607,068612704,3.0
60614,068612705,3.0
60621,068612706,3.0
60629,068612707,4.0
60635,068612708,3.0
60642,068612709,3.0
60649,068612710,3.0
60656,068612801,3.0
60663,068612802,3.0
60670,068612803,3.0
60677,068612804,3.0
60684,068612805,3.0
60691,068612806,3.0
60698,068612807,3.0
60705,068612808,3.0
60712,068612809,3.0
60719,068612810,3.0
60726,068612901,3.0
60731,068612902,1.0
60740,068612903,3.0
60747,068612904,3.0
60752,068612905,1.0
60759,068612906,1.0
60766,068612907,1.0
60773,068612908,1.0
60782,068612909,3.0
60789,068612910,3.0
60799,068612911,6.0
60804,068612912,4.0
60808,068612913,1.0
60817,068613001,3.0
60821,068613002,1.0
60828,068613003,1.0
60834,068613004,1.0
60841,068613005,1.0
60848,068613006,1.0
60855,068613007,1.0
60864,068613008,3.0
60871,068613009,3.0
60878,068613010,3.0
60885,068613011,3.0
60892,068613012,3.0
60897,068613013,1.0
60906,068613101,3.0
60913,068613102,3.0
60920,068613103,3.0
60927,068613104,3.0
60934,068613105,3.0
60941,068613106,3.0
60948,068613107,3.0
60955,068613108,3.0
60962,068613109,3.0
60969,068613110,3.0
60976,068613201,3.0
60984,068613202,4.0
60990,068613203,3.0
60997,068613204,3.0
61004,068613205,3.0
61011,068613206,3.0
61018,068613207,3.0
61025,068613208,3.0
61032,068613209,3.0
61039,068613210,3.0
61046,068613301,3.0
61053,068613302,3.0
61060,068613303,3.0
61067,068613304,3.0
61074,068613305,3.0
61081,068613306,3.0
61088,068613307,3.0
61095,068613308,3.0
61102,068613309,3.0
61109,068613310,3.0
61116,068613311,3.0
61126,068613401,6.0
61133,068613402,6.0
61140,068613403,6.0
61146,068613404,6.0
61153,068613405,6.0
61157,068613406,3.0
61164,068613407,3.0
61171,068613408,3.0
