,codigo,NSE_radio
2,020070101,3.0
6,020070201,2.0
10,020070202,2.0
14,020070203,3.0
18,020070204,2.0
23,020070205,2.0
28,020070207,2.0
33,020070208,2.0
38,020070209,3.0
42,020070210,3.0
47,020070211,3.0
51,020070212,2.0
57,020070213,3.0
62,020070214,3.0
66,020070215,2.0
71,020070216,2.0
75,020070217,2.0
80,020070218,2.0
85,020070219,2.0
90,020070220,2.0
94,020070221,2.0
99,020070222,2.0
103,020070223,2.0
108,020070301,2.0
111,020070302,2.0
116,020070303,2.0
120,020070304,2.0
125,020070305,2.0
130,020070306,2.0
136,020070307,3.0
140,020070308,2.0
146,020070309,3.0
150,020070310,2.0
155,020070311,2.0
161,020070312,3.0
165,020070313,2.0
169,020070314,2.0
174,020070315,2.0
178,020070316,2.0
181,020070317,2.0
186,020070318,2.0
189,020070319,1.0
196,020070401,4.0
201,020070402,4.0
206,020070403,4.0
211,020070404,4.0
215,020070405,4.0
220,020070406,4.0
225,020070407,4.0
230,020070408,4.0
234,020070501,4.0
239,020070502,4.0
244,020070503,4.0
249,020070504,4.0
254,020070505,4.0
258,020070506,4.0
263,020070507,4.0
268,020070601,4.0
273,020070602,4.0
277,020070603,4.0
282,020070604,4.0
287,020070605,4.0
292,020070606,4.0
296,020070607,4.0
301,020070608,4.0
306,020070609,4.0
311,020070610,4.0
314,020070701,3.0
320,020070702,4.0
325,020070703,4.0
329,020070704,3.0
334,020070705,3.0
339,020070706,3.0
344,020070707,3.0
349,020070708,3.0
354,020070709,3.0
359,020070710,3.0
364,020070711,3.0
369,020070712,3.0
374,020070713,3.0
380,020070801,4.0
384,020070802,4.0
389,020070803,4.0
394,020070804,4.0
399,020070805,4.0
404,020070806,4.0
409,020070807,4.0
414,020070808,4.0
418,020070809,3.0
423,020070810,3.0
429,020070811,4.0
433,020070901,3.0
438,020070902,3.0
443,020070903,3.0
447,020070904,3.0
452,020070905,3.0
456,020070906,3.0
461,020070907,3.0
466,020070908,3.0
471,020070909,3.0
476,020070910,3.0
481,020070911,4.0
484,020070912,3.0
489,020070913,4.0
493,020070914,3.0
499,020070915,4.0
503,020070916,3.0
508,020070917,3.0
512,020070918,3.0
517,020070919,3.0
521,020070920,3.0
526,020070921,3.0
532,020071001,4.0
536,020071002,3.0
541,020071003,3.0
546,020071004,3.0
551,020071005,3.0
556,020071006,3.0
561,020071007,3.0
566,020071008,3.0
571,020071009,3.0
576,020071010,3.0
581,020071011,3.0
586,020071012,3.0
591,020071013,3.0
596,020071014,3.0
601,020071015,3.0
606,020071016,3.0
611,020071101,3.0
616,020071102,3.0
621,020071103,3.0
626,020071104,3.0
631,020071105,3.0
636,020071106,3.0
641,020071107,3.0
645,020071108,3.0
650,020071109,3.0
655,020071110,3.0
660,020071111,3.0
665,020071112,3.0
670,020071113,3.0
675,020071114,3.0
680,020071115,3.0
685,020071201,3.0
689,020071202,3.0
694,020071203,3.0
699,020071204,3.0
704,020071205,3.0
709,020071206,3.0
714,020071207,3.0
719,020071208,3.0
724,020071209,3.0
729,020071210,3.0
734,020071211,3.0
739,020071212,3.0
744,020071213,3.0
748,020071214,3.0
754,020071301,4.0
759,020071302,4.0
762,020071303,3.0
768,020071304,4.0
773,020071305,4.0
777,020071306,4.0
782,020071307,4.0
787,020071308,4.0
792,020071309,4.0
797,020071310,4.0
802,020071311,4.0
807,020071312,4.0
812,020071313,4.0
817,020071314,4.0
822,020071315,4.0
826,020071316,3.0
831,020071317,3.0
836,020071318,3.0
840,020071401,3.0
845,020071402,3.0
850,020071403,3.0
855,020071404,3.0
860,020071405,3.0
865,020071406,3.0
870,020071407,3.0
875,020071408,3.0
880,020071409,3.0
885,020071410,3.0
890,020071411,3.0
895,020071412,3.0
899,020071501,3.0
904,020071502,3.0
909,020071503,3.0
914,020071504,3.0
919,020071505,3.0
924,020071506,3.0
929,020071507,3.0
934,020071508,3.0
939,020071509,3.0
944,020071510,3.0
949,020071511,3.0
954,020071601,3.0
959,020071602,3.0
964,020071603,3.0
969,020071604,3.0
974,020071605,3.0
979,020071606,3.0
984,020071607,3.0
989,020071608,3.0
995,020071609,4.0
999,020071610,3.0
1004,020071611,3.0
1009,020071612,3.0
1014,020071701,3.0
1019,020071702,3.0
1024,020071703,3.0
1029,020071704,3.0
1034,020071705,3.0
1039,020071706,3.0
1044,020071707,3.0
1049,020071708,3.0
1054,020071709,3.0
1059,020071710,3.0
1064,020071711,3.0
1069,020071801,3.0
1074,020071802,3.0
1079,020071803,3.0
1083,020071804,3.0
1088,020071805,3.0
1093,020071806,3.0
1098,020071807,3.0
1103,020071808,3.0
1108,020071809,3.0
1113,020071901,3.0
1118,020071902,3.0
1123,020071903,3.0
1128,020071904,3.0
1133,020071905,3.0
1138,020071906,3.0
1143,020071907,3.0
1148,020071908,3.0
1153,020071909,3.0
1158,020072001,3.0
1163,020072002,3.0
1168,020072003,3.0
1173,020072004,3.0
1178,020072005,3.0
1183,020072006,3.0
1188,020072007,3.0
1193,020072008,3.0
1198,020072009,3.0
1203,020072010,3.0
1208,020072101,3.0
1213,020072102,3.0
1218,020072103,3.0
1223,020072104,3.0
1228,020072105,3.0
1233,020072106,3.0
1238,020072107,3.0
1243,020072108,3.0
1248,020072109,3.0
1252,020072110,3.0
1257,020072201,3.0
1262,020072202,3.0
1267,020072203,3.0
1272,020072204,3.0
1277,020072205,3.0
1282,020072206,3.0
1287,020072207,3.0
1292,020072208,3.0
1297,020072209,3.0
1302,020072210,3.0
1307,020072301,3.0
1312,020072302,3.0
1317,020072303,3.0
1322,020072304,3.0
1327,020072305,3.0
1332,020072306,3.0
1337,020072307,3.0
1341,020072308,3.0
1346,020072309,3.0
1351,020072310,3.0
1355,020072401,3.0
1360,020072402,3.0
1365,020072403,3.0
1370,020072404,3.0
1375,020072405,3.0
1379,020072406,3.0
1384,020072407,3.0
1389,020072408,3.0
1394,020072501,3.0
1399,020072502,3.0
1404,020072503,3.0
1409,020072504,3.0
1414,020072505,3.0
1419,020072506,3.0
1424,020072507,3.0
1429,020072508,3.0
1434,020072509,3.0
1439,020072510,3.0
1444,020072511,3.0
1449,020072601,3.0
1454,020072602,3.0
1459,020072603,3.0
1463,020072604,3.0
1468,020072605,3.0
1473,020072606,3.0
1477,020072607,3.0
1482,020072608,3.0
1487,020072609,3.0
1492,020072701,3.0
1496,020072702,3.0
1501,020072703,3.0
1506,020072704,3.0
1511,020072705,3.0
1516,020072706,3.0
1519,020072707,2.0
1525,020072708,3.0
1530,020072709,3.0
1535,020072710,3.0
1540,020072801,3.0
1544,020072802,3.0
1549,020072803,3.0
1553,020072804,3.0
1558,020072805,3.0
1563,020072806,3.0
1568,020072807,3.0
1573,020072808,3.0
1578,020072809,3.0
1583,020072810,3.0
1588,020072811,3.0
1593,020072812,3.0
1598,020072813,3.0
1603,020072901,3.0
1608,020072902,3.0
1613,020072903,3.0
1618,020072904,3.0
1623,020072905,3.0
1628,020072906,3.0
1633,020072907,3.0
1638,020072908,3.0
1643,020072909,3.0
1648,020073001,3.0
1653,020073002,3.0
1657,020073003,2.0
1662,020073004,2.0
1666,020073005,2.0
1671,020073006,2.0
1677,020073007,3.0
1680,020073008,2.0
1686,020073009,3.0
1690,020073010,3.0
1695,020073011,3.0
1700,020073012,3.0
1704,020073013,2.0
1709,020140101,3.0
1714,020140102,3.0
1719,020140201,4.0
1724,020140202,4.0
1729,020140203,4.0
1733,020140204,4.0
1738,020140205,4.0
1743,020140206,4.0
1748,020140207,4.0
1753,020140208,4.0
1758,020140301,4.0
1762,020140302,3.0
1768,020140303,4.0
1773,020140304,4.0
1777,020140305,4.0
1781,020140306,3.0
1787,020140307,4.0
1792,020140308,4.0
1797,020140401,4.0
1802,020140402,4.0
1807,020140403,4.0
1811,020140404,3.0
1817,020140405,4.0
1822,020140406,4.0
1827,020140407,4.0
1832,020140408,4.0
1837,020140409,4.0
1842,020140410,4.0
1847,020140501,4.0
1852,020140502,4.0
1857,020140503,4.0
1861,020140504,4.0
1866,020140505,4.0
1871,020140506,4.0
1876,020140507,4.0
1881,020140508,4.0
1886,020140509,4.0
1890,020140601,4.0
1894,020140602,4.0
1899,020140603,4.0
1904,020140604,4.0
1909,020140605,4.0
1913,020140606,4.0
1918,020140607,4.0
1922,020140608,4.0
1927,020140609,4.0
1931,020140610,3.0
1937,020140701,4.0
1942,020140702,4.0
1947,020140703,4.0
1952,020140704,4.0
1957,020140705,4.0
1961,020140706,4.0
1966,020140707,4.0
1970,020140708,3.0
1976,020140709,4.0
1981,020140801,4.0
1986,020140802,4.0
1990,020140803,4.0
1995,020140804,4.0
2000,020140805,4.0
2005,020140806,4.0
2010,020140807,4.0
2015,020140808,4.0
2020,020140901,4.0
2025,020140902,4.0
2030,020140903,4.0
2035,020140904,4.0
2040,020140905,4.0
2045,020140906,4.0
2050,020140907,4.0
2055,020140908,4.0
2060,020140909,4.0
2065,020141001,4.0
2069,020141002,3.0
2075,020141003,4.0
2080,020141004,4.0
2084,020141005,3.0
2089,020141006,4.0
2094,020141007,4.0
2099,020141008,4.0
2103,020141009,4.0
2107,020141101,4.0
2112,020141102,4.0
2117,020141103,4.0
2122,020141104,4.0
2127,020141105,4.0
2131,020141106,3.0
2137,020141201,4.0
2142,020141202,4.0
2146,020141203,4.0
2151,020141204,4.0
2156,020141205,4.0
2161,020141206,4.0
2165,020141207,4.0
2169,020141301,4.0
2174,020141302,4.0
2178,020141303,4.0
2183,020141304,4.0
2188,020141305,4.0
2193,020141306,4.0
2198,020141307,4.0
2203,020141401,4.0
2208,020141402,4.0
2213,020141403,4.0
2217,020141404,4.0
2222,020141405,4.0
2227,020141406,4.0
2232,020141407,4.0
2237,020141408,4.0
2242,020141409,4.0
2247,020141410,4.0
2252,020141501,4.0
2256,020141502,4.0
2261,020141503,4.0
2266,020141504,4.0
2271,020141505,4.0
2276,020141506,4.0
2281,020141507,4.0
2286,020141508,4.0
2291,020141601,4.0
2296,020141602,4.0
2300,020141603,4.0
2304,020141604,4.0
2309,020141605,4.0
2313,020141606,3.0
2318,020141607,3.0
2324,020141608,4.0
2329,020141701,4.0
2334,020141702,4.0
2339,020141703,4.0
2344,020141704,4.0
2349,020141705,4.0
2353,020141706,4.0
2358,020141707,4.0
2362,020141708,3.0
2368,020141709,4.0
2373,020141801,4.0
2377,020141802,4.0
2382,020141803,4.0
2386,020141804,3.0
2392,020141805,4.0
2397,020141806,4.0
2402,020141807,4.0
2406,020141808,3.0
2410,020141901,3.0
2416,020141902,4.0
2421,020141903,4.0
2426,020141904,4.0
2431,020141905,4.0
2435,020141906,3.0
2440,020141907,3.0
2445,020141908,3.0
2450,020142001,3.0
2455,020142002,3.0
2460,020142003,3.0
2465,020142004,3.0
2470,020142005,3.0
2475,020142006,3.0
2480,020142007,4.0
2484,020142008,3.0
2489,020142009,3.0
2495,020142101,4.0
2500,020142102,4.0
2505,020142103,4.0
2510,020142104,4.0
2515,020142105,4.0
2520,020142106,4.0
2525,020142201,4.0
2530,020142202,4.0
2534,020142203,4.0
2539,020142204,4.0
2544,020142205,4.0
2549,020142206,4.0
2554,020142301,4.0
2559,020142302,4.0
2563,020142303,4.0
2568,020142304,4.0
2573,020142305,4.0
2578,020142306,4.0
2583,020142307,4.0
2588,020142308,4.0
2593,020142309,4.0
2598,020142401,4.0
2603,020142402,4.0
2608,020142403,4.0
2612,020142404,4.0
2617,020142405,4.0
2622,020142406,4.0
2626,020142501,3.0
2632,020142502,4.0
2637,020142503,4.0
2641,020142504,3.0
2646,020142505,3.0
2651,020142506,3.0
2656,020142507,3.0
2662,020142508,4.0
2666,020142509,4.0
2670,020142510,3.0
2675,020142511,3.0
2681,020142512,4.0
2685,020142513,3.0
2690,020210101,3.0
2695,020210102,3.0
2700,020210103,3.0
2705,020210104,3.0
2710,020210105,3.0
2714,020210106,3.0
2719,020210107,3.0
2724,020210108,3.0
2729,020210109,3.0
2734,020210110,3.0
2738,020210111,3.0
2744,020210112,4.0
2748,020210201,3.0
2753,020210202,3.0
2758,020210203,3.0
2763,020210204,3.0
2768,020210205,3.0
2773,020210206,3.0
2778,020210207,3.0
2783,020210208,3.0
2788,020210209,3.0
2793,020210210,3.0
2798,020210211,3.0
2803,020210212,3.0
2808,020210301,3.0
2813,020210302,3.0
2818,020210303,3.0
2823,020210304,3.0
2828,020210305,3.0
2833,020210306,3.0
2838,020210307,3.0
2843,020210308,3.0
2848,020210309,3.0
2853,020210310,3.0
2858,020210311,3.0
2863,020210401,3.0
2868,020210402,3.0
2873,020210403,3.0
2878,020210404,3.0
2883,020210405,3.0
2888,020210406,3.0
2893,020210407,3.0
2898,020210408,3.0
2902,020210501,3.0
2907,020210502,3.0
2912,020210503,3.0
2917,020210504,3.0
2921,020210505,3.0
2926,020210506,3.0
2931,020210507,3.0
2936,020210601,3.0
2941,020210602,3.0
2947,020210603,4.0
2951,020210604,3.0
2956,020210605,3.0
2961,020210606,3.0
2966,020210607,3.0
2971,020210701,3.0
2976,020210702,3.0
2980,020210703,3.0
2985,020210704,3.0
2990,020210705,3.0
2995,020210706,3.0
3000,020210707,3.0
3005,020210708,3.0
3009,020210709,3.0
3014,020210801,3.0
3019,020210802,3.0
3023,020210803,3.0
3028,020210804,3.0
3033,020210805,3.0
3038,020210806,3.0
3042,020210807,3.0
3047,020210808,3.0
3052,020210809,3.0
3057,020210810,3.0
3062,020210901,3.0
3067,020210902,3.0
3072,020210903,3.0
3077,020210904,3.0
3082,020210905,3.0
3087,020210906,3.0
3092,020210907,3.0
3097,020210908,3.0
3102,020210909,3.0
3107,020210910,3.0
3112,020211001,3.0
3117,020211002,3.0
3122,020211003,3.0
3127,020211004,3.0
3132,020211005,3.0
3136,020211006,3.0
3141,020211007,3.0
3146,020211008,3.0
3151,020211009,3.0
3155,020211101,3.0
3160,020211102,3.0
3165,020211103,3.0
3170,020211104,3.0
3175,020211105,3.0
3180,020211106,3.0
3185,020211107,3.0
3190,020211108,3.0
3195,020211201,3.0
3200,020211202,3.0
3205,020211203,3.0
3210,020211204,3.0
3215,020211205,3.0
3220,020211206,3.0
3225,020211207,3.0
3230,020211208,3.0
3235,020211209,3.0
3240,020211210,3.0
3245,020211301,3.0
3250,020211302,3.0
3255,020211303,3.0
3260,020211304,3.0
3265,020211305,3.0
3270,020211306,3.0
3275,020211307,3.0
3280,020211308,3.0
3285,020211309,3.0
3290,020211310,3.0
3294,020211311,3.0
3298,020211401,3.0
3303,020211402,3.0
3308,020211403,3.0
3313,020211404,3.0
3318,020211405,3.0
3323,020211406,3.0
3328,020211407,3.0
3333,020211408,3.0
3338,020211409,3.0
3343,020211501,3.0
3348,020211502,3.0
3353,020211503,3.0
3358,020211504,3.0
3363,020211505,3.0
3368,020211506,3.0
3373,020211507,3.0
3378,020211508,3.0
3383,020211509,3.0
3388,020211601,3.0
3393,020211602,3.0
3398,020211603,3.0
3403,020211604,3.0
3407,020211605,3.0
3412,020211606,3.0
3417,020211607,3.0
3422,020211608,3.0
3427,020211609,3.0
3432,020211701,3.0
3437,020211702,3.0
3442,020211703,3.0
3447,020211704,3.0
3452,020211705,3.0
3457,020211706,3.0
3462,020211707,3.0
3467,020211708,3.0
3472,020211709,3.0
3477,020211801,3.0
3482,020211802,3.0
3487,020211803,3.0
3492,020211804,3.0
3497,020211805,3.0
3502,020211806,3.0
3507,020211807,3.0
3512,020211808,3.0
3517,020211809,3.0
3522,020211810,3.0
3527,020211811,3.0
3531,020211901,3.0
3536,020211902,3.0
3541,020211903,3.0
3546,020211904,3.0
3551,020211905,3.0
3556,020211906,3.0
3561,020211907,3.0
3566,020211908,3.0
3571,020211909,3.0
3576,020211910,3.0
3581,020212001,3.0
3586,020212002,3.0
3591,020212003,3.0
3596,020212004,3.0
3601,020212005,3.0
3606,020212006,3.0
3611,020212007,3.0
3616,020212008,3.0
3620,020212009,3.0
3625,020212010,3.0
3630,020212011,3.0
3635,020212101,3.0
3640,020212102,3.0
3645,020212103,3.0
3650,020212104,3.0
3655,020212105,3.0
3660,020212106,3.0
3665,020212107,3.0
3670,020212108,3.0
3674,020212109,3.0
3679,020212110,3.0
3684,020212201,3.0
3689,020212202,3.0
3694,020212203,3.0
3699,020212204,3.0
3703,020212205,3.0
3708,020212206,3.0
3713,020212207,3.0
3718,020212208,3.0
3723,020212209,3.0
3728,020212301,3.0
3733,020212302,3.0
3738,020212303,3.0
3743,020212304,3.0
3748,020212305,3.0
3753,020212306,3.0
3758,020212307,3.0
3763,020212308,3.0
3768,020212309,3.0
3773,020212310,3.0
3778,020212401,3.0
3783,020212402,3.0
3788,020212403,3.0
3793,020212404,3.0
3797,020212405,3.0
3802,020212406,3.0
3807,020212407,3.0
3811,020212408,3.0
3816,020212409,3.0
3821,020212501,3.0
3825,020212502,3.0
3829,020212503,3.0
3833,020212504,3.0
3838,020212505,3.0
3843,020212506,3.0
3848,020212507,3.0
3853,020212508,3.0
3858,020212509,3.0
3863,020212510,3.0
3868,020212601,3.0
3873,020212602,3.0
3878,020212603,3.0
3883,020212604,3.0
3888,020212605,3.0
3892,020212606,3.0
3897,020212607,3.0
3902,020212608,3.0
3907,020212609,3.0
3912,020212701,3.0
3917,020212702,3.0
3922,020212703,3.0
3927,020212704,3.0
3932,020212705,3.0
3936,020212706,3.0
3941,020212707,3.0
3945,020280101,2.0
3951,020280102,3.0
3956,020280103,3.0
3960,020280104,2.0
3965,020280105,2.0
3970,020280106,2.0
3975,020280107,3.0
3980,020280108,3.0
3985,020280109,3.0
3990,020280110,3.0
3995,020280111,3.0
4000,020280112,3.0
4005,020280113,3.0
4010,020280114,3.0
4015,020280201,3.0
4020,020280202,3.0
4025,020280203,3.0
4030,020280204,3.0
4035,020280205,3.0
4040,020280206,3.0
4045,020280207,3.0
4050,020280208,3.0
4055,020280209,3.0
4059,020280210,3.0
4064,020280301,3.0
4069,020280302,3.0
4074,020280303,3.0
4079,020280304,3.0
4084,020280305,3.0
4089,020280306,3.0
4094,020280307,3.0
4099,020280308,3.0
4104,020280309,3.0
4108,020280310,3.0
4113,020280311,3.0
4118,020280312,3.0
4123,020280313,3.0
4128,020280401,3.0
4133,020280402,3.0
4138,020280403,3.0
4143,020280404,3.0
4148,020280405,3.0
4153,020280406,3.0
4158,020280407,3.0
4163,020280408,3.0
4168,020280409,3.0
4173,020280410,3.0
4178,020280411,3.0
4183,020280501,3.0
4188,020280502,3.0
4193,020280503,3.0
4198,020280504,3.0
4202,020280505,3.0
4207,020280506,3.0
4211,020280507,3.0
4216,020280508,3.0
4221,020280509,3.0
4225,020280510,3.0
4230,020280511,3.0
4235,020280512,3.0
4240,020280601,3.0
4245,020280602,3.0
4250,020280603,3.0
4255,020280604,3.0
4260,020280605,3.0
4265,020280606,3.0
4270,020280607,3.0
4275,020280608,3.0
4280,020280609,3.0
4285,020280610,3.0
4290,020280611,3.0
4295,020280612,3.0
4300,020280701,3.0
4305,020280702,3.0
4310,020280703,3.0
4315,020280704,3.0
4320,020280705,3.0
4325,020280706,3.0
4330,020280707,3.0
4335,020280708,3.0
4340,020280709,3.0
4345,020280710,3.0
4350,020280711,3.0
4355,020280712,3.0
4360,020280801,3.0
4365,020280802,3.0
4370,020280803,3.0
4375,020280804,3.0
4380,020280805,3.0
4385,020280806,3.0
4390,020280807,3.0
4395,020280808,3.0
4399,020280809,3.0
4404,020280810,3.0
4409,020280811,3.0
4414,020280812,3.0
4419,020280901,3.0
4424,020280902,3.0
4429,020280903,3.0
4434,020280904,3.0
4438,020280905,2.0
4444,020280906,3.0
4448,020280907,2.0
4453,020281001,2.0
4458,020281002,2.0
4463,020281003,2.0
4468,020281004,2.0
4473,020281005,2.0
4479,020281006,3.0
4483,020281007,2.0
4488,020281008,2.0
4493,020281009,2.0
4499,020281101,3.0
4504,020281102,3.0
4509,020281103,3.0
4514,020281104,3.0
4519,020281105,3.0
4524,020281106,3.0
4529,020281107,3.0
4534,020281108,3.0
4539,020281109,3.0
4543,020281201,3.0
4548,020281202,3.0
4553,020281203,3.0
4558,020281204,3.0
4563,020281205,3.0
4567,020281206,2.0
4573,020281207,3.0
4578,020281208,3.0
4583,020281209,3.0
4588,020281210,3.0
4593,020281211,3.0
4598,020281212,3.0
4603,020281301,3.0
4608,020281302,3.0
4613,020281303,3.0
4618,020281304,3.0
4623,020281305,3.0
4628,020281306,3.0
4633,020281307,3.0
4638,020281308,3.0
4643,020281309,3.0
4647,020281310,3.0
4652,020281311,3.0
4657,020281401,3.0
4662,020281402,3.0
4667,020281403,3.0
4672,020281404,3.0
4677,020281405,3.0
4682,020281406,3.0
4687,020281407,3.0
4692,020281408,3.0
4697,020281409,3.0
4702,020281501,3.0
4707,020281502,3.0
4712,020281503,3.0
4717,020281504,3.0
4722,020281505,3.0
4727,020281506,3.0
4732,020281507,3.0
4737,020281508,3.0
4742,020281509,3.0
4747,020281510,3.0
4752,020281601,3.0
4757,020281602,3.0
4762,020281603,3.0
4767,020281604,3.0
4772,020281605,3.0
4777,020281606,3.0
4782,020281607,3.0
4787,020281608,3.0
4792,020281609,3.0
4796,020281610,3.0
4800,020281701,3.0
4805,020281702,3.0
4810,020281703,3.0
4815,020281704,3.0
4820,020281705,3.0
4825,020281706,3.0
4830,020281707,3.0
4835,020281708,3.0
4840,020281709,3.0
4845,020281710,3.0
4850,020281801,3.0
4853,020281901,3.0
4858,020281902,3.0
4863,020281903,3.0
4867,020281904,2.0
4873,020281905,3.0
4877,020281906,2.0
4882,020281907,2.0
4887,020281908,2.0
4891,020281909,2.0
4897,020281910,3.0
4901,020281911,2.0
4907,020282001,3.0
4912,020282002,3.0
4917,020282003,3.0
4921,020282004,2.0
4927,020282005,3.0
4932,020282006,3.0
4937,020282007,3.0
4941,020282008,2.0
4946,020282009,2.0
4952,020282010,3.0
4957,020282011,3.0
4962,020282012,3.0
4967,020282101,3.0
4972,020282102,3.0
4977,020282103,3.0
4981,020282104,2.0
4987,020282105,3.0
4992,020282106,3.0
4997,020282107,3.0
5001,020282108,2.0
5006,020282109,2.0
5011,020282110,2.0
5016,020282111,2.0
5021,020282112,2.0
5027,020282113,3.0
5032,020282201,3.0
5037,020282202,3.0
5042,020282203,3.0
5047,020282204,3.0
5052,020282205,3.0
5057,020282206,3.0
5062,020282207,3.0
5067,020282208,3.0
5072,020282209,3.0
5077,020282210,3.0
5082,020282211,3.0
5087,020282212,3.0
5092,020282301,3.0
5097,020282302,3.0
5102,020282303,3.0
5107,020282304,3.0
5112,020282305,3.0
5116,020282306,3.0
5121,020282307,3.0
5126,020282308,3.0
5131,020282309,3.0
5136,020282310,3.0
5141,020282311,3.0
5146,020282312,3.0
5150,020282401,2.0
5155,020282402,2.0
5159,020282403,2.0
5162,020282404,2.0
5167,020282405,2.0
5171,020282406,2.0
5175,020282407,2.0
5179,020282408,2.0
5183,020282409,2.0
5188,020282501,2.0
5193,020282502,2.0
5198,020282503,2.0
5203,020282504,2.0
5208,020282505,2.0
5212,020282506,2.0
5216,020282507,1.0
5223,020282508,3.0
5227,020282509,2.0
5232,020282510,2.0
5236,020282511,2.0
5241,020282512,2.0
5246,020282601,2.0
5251,020282602,2.0
5256,020282603,2.0
5262,020282701,3.0
5267,020282702,3.0
5270,020282703,3.0
5275,020282704,3.0
5280,020282705,3.0
5285,020282706,3.0
5289,020282707,3.0
5293,020282801,2.0
5297,020282802,2.0
5302,020282803,2.0
5307,020282804,2.0
5312,020282805,2.0
5317,020282806,2.0
5322,020282807,2.0
5327,020282808,2.0
5332,020282809,2.0
5335,020282810,2.0
5340,020282811,2.0
5344,020282901,2.0
5349,020282902,2.0
5354,020282903,2.0
5358,020282904,2.0
5362,020282905,2.0
5367,020282906,2.0
5372,020282907,2.0
5376,020282908,2.0
5382,020350101,3.0
5387,020350102,3.0
5392,020350103,3.0
5397,020350104,3.0
5402,020350105,3.0
5407,020350106,3.0
5411,020350107,3.0
5416,020350108,3.0
5421,020350109,3.0
5426,020350110,3.0
5431,020350111,4.0
5435,020350112,3.0
5439,020350201,3.0
5444,020350202,3.0
5449,020350203,3.0
5454,020350204,3.0
5459,020350205,3.0
5464,020350206,3.0
5468,020350207,3.0
5473,020350208,3.0
5478,020350209,3.0
5483,020350210,3.0
5488,020350211,3.0
5493,020350301,3.0
5498,020350302,3.0
5503,020350303,3.0
5508,020350304,3.0
5513,020350305,3.0
5518,020350306,3.0
5523,020350307,3.0
5528,020350308,3.0
5533,020350309,3.0
5538,020350310,3.0
5543,020350311,3.0
5548,020350312,3.0
5553,020350313,3.0
5558,020350401,3.0
5563,020350402,3.0
5568,020350403,3.0
5573,020350404,3.0
5578,020350405,3.0
5583,020350406,3.0
5588,020350407,3.0
5593,020350408,3.0
5598,020350409,3.0
5603,020350501,3.0
5608,020350502,3.0
5613,020350503,3.0
5618,020350504,3.0
5623,020350505,3.0
5628,020350506,3.0
5633,020350507,3.0
5638,020350508,3.0
5643,020350601,3.0
5648,020350602,3.0
5653,020350603,3.0
5658,020350604,3.0
5663,020350605,3.0
5668,020350606,3.0
5673,020350607,3.0
5678,020350608,3.0
5683,020350701,3.0
5689,020350702,4.0
5693,020350703,3.0
5698,020350704,3.0
5703,020350705,3.0
5708,020350706,3.0
5713,020350707,3.0
5718,020350708,3.0
5723,020350801,3.0
5728,020350802,3.0
5733,020350803,3.0
5738,020350804,3.0
5743,020350805,3.0
5748,020350806,3.0
5753,020350807,3.0
5758,020350808,3.0
5763,020350809,3.0
5768,020350901,3.0
5773,020350902,3.0
5778,020350903,3.0
5783,020350904,3.0
5788,020350905,3.0
5793,020350906,3.0
5798,020350907,3.0
5803,020350908,3.0
5808,020350909,3.0
5813,020350910,3.0
5818,020351001,3.0
5823,020351002,3.0
5828,020351003,3.0
5833,020351004,3.0
5838,020351005,3.0
5842,020351006,3.0
5847,020351007,3.0
5852,020351008,3.0
5857,020351009,3.0
5862,020351010,3.0
5867,020351101,3.0
5872,020351102,3.0
5877,020351103,3.0
5882,020351104,3.0
5886,020351105,3.0
5891,020351106,3.0
5896,020351107,3.0
5901,020351108,3.0
5905,020351109,3.0
5910,020351110,3.0
5915,020351111,3.0
5920,020351201,3.0
5925,020351202,3.0
5930,020351203,3.0
5935,020351204,3.0
5940,020351205,3.0
5945,020351206,3.0
5950,020351207,3.0
5955,020351301,3.0
5960,020351302,3.0
5964,020351303,3.0
5969,020351304,3.0
5974,020351305,3.0
5979,020351306,3.0
5984,020351307,3.0
5989,020351308,3.0
5994,020351309,3.0
5999,020351401,3.0
6004,020351402,3.0
6009,020351403,3.0
6014,020351404,3.0
6019,020351405,3.0
6024,020351406,3.0
6029,020351407,3.0
6034,020351408,3.0
6039,020351409,3.0
6044,020351501,3.0
6049,020351502,3.0
6053,020351503,3.0
6058,020351504,3.0
6063,020351505,3.0
6068,020351506,3.0
6073,020351507,3.0
6078,020351508,3.0
6083,020351509,3.0
6088,020351601,3.0
6093,020351602,3.0
6098,020351603,3.0
6103,020351604,3.0
6108,020351605,3.0
6113,020351606,3.0
6118,020351607,3.0
6123,020351608,3.0
6128,020351609,3.0
6133,020351610,3.0
6138,020351611,3.0
6143,020351612,3.0
6147,020351701,3.0
6152,020351702,3.0
6157,020351703,3.0
6162,020351704,3.0
6167,020351705,3.0
6172,020351706,3.0
6177,020351707,3.0
6182,020351708,3.0
6187,020351709,3.0
6192,020351710,3.0
6197,020351711,3.0
6202,020351801,3.0
6207,020351802,3.0
6212,020351803,3.0
6217,020351804,3.0
6222,020351805,3.0
6227,020351806,3.0
6231,020351807,3.0
6236,020351808,3.0
6240,020351809,3.0
6245,020351810,3.0
6250,020351811,3.0
6255,020351901,3.0
6259,020351902,3.0
6264,020351903,3.0
6269,020351904,3.0
6274,020351905,3.0
6279,020351906,3.0
6284,020351907,3.0
6289,020351908,3.0
6294,020351909,3.0
6299,020351910,3.0
6304,020351911,3.0
6309,020352001,3.0
6314,020352002,3.0
6319,020352003,3.0
6324,020352004,3.0
6329,020352005,3.0
6334,020352006,3.0
6339,020352007,3.0
6344,020352008,3.0
6349,020352009,3.0
6354,020352010,3.0
6359,020352011,3.0
6364,020352012,3.0
6369,020352101,3.0
6374,020352102,3.0
6379,020352103,3.0
6384,020352104,3.0
6389,020352105,3.0
6394,020352106,3.0
6399,020352107,3.0
6404,020352108,3.0
6409,020352109,3.0
6414,020352110,3.0
6418,020352111,3.0
6423,020352112,3.0
6428,020352201,3.0
6433,020352202,3.0
6438,020352203,3.0
6443,020352204,3.0
6448,020352205,3.0
6453,020352206,3.0
6458,020352207,3.0
6463,020352208,3.0
6468,020352209,3.0
6473,020352210,3.0
6478,020352211,3.0
6483,020352212,3.0
6488,020352213,3.0
6493,020420101,3.0
6498,020420102,3.0
6503,020420103,3.0
6508,020420104,3.0
6513,020420105,3.0
6518,020420106,3.0
6523,020420107,3.0
6528,020420108,3.0
6533,020420109,3.0
6538,020420110,3.0
6543,020420111,3.0
6548,020420112,3.0
6553,020420201,3.0
6558,020420202,3.0
6563,020420203,3.0
6568,020420204,3.0
6573,020420205,3.0
6578,020420206,3.0
6583,020420207,3.0
6588,020420208,3.0
6593,020420209,3.0
6598,020420210,3.0
6603,020420211,3.0
6608,020420212,3.0
6613,020420301,3.0
6618,020420302,3.0
6623,020420303,3.0
6628,020420304,3.0
6633,020420305,3.0
6638,020420306,3.0
6642,020420307,3.0
6647,020420308,3.0
6652,020420309,3.0
6657,020420310,3.0
6662,020420311,3.0
6667,020420401,3.0
6672,020420402,3.0
6677,020420403,3.0
6682,020420404,3.0
6687,020420405,3.0
6691,020420406,3.0
6696,020420407,3.0
6701,020420408,4.0
6705,020420409,3.0
6709,020420410,3.0
6714,020420411,3.0
6719,020420412,3.0
6724,020420501,3.0
6729,020420502,3.0
6734,020420503,3.0
6739,020420504,3.0
6744,020420505,3.0
6749,020420506,3.0
6754,020420507,3.0
6759,020420508,3.0
6763,020420509,3.0
6768,020420510,3.0
6773,020420511,3.0
6778,020420512,3.0
6783,020420513,4.0
6787,020420601,3.0
6792,020420602,3.0
6797,020420603,3.0
6802,020420604,3.0
6807,020420605,3.0
6812,020420606,3.0
6817,020420607,3.0
6822,020420608,3.0
6827,020420609,3.0
6832,020420701,3.0
6837,020420702,3.0
6842,020420703,3.0
6847,020420704,3.0
6852,020420705,3.0
6857,020420706,3.0
6862,020420707,3.0
6867,020420708,3.0
6871,020420709,3.0
6876,020420710,3.0
6881,020420711,3.0
6886,020420712,3.0
6890,020420713,3.0
6895,020420801,3.0
6900,020420802,3.0
6905,020420803,3.0
6910,020420804,3.0
6915,020420805,3.0
6919,020420806,3.0
6925,020420807,4.0
6930,020420808,4.0
6933,020420809,3.0
6938,020420810,3.0
6944,020420811,4.0
6948,020420901,3.0
6953,020420902,3.0
6958,020420903,3.0
6964,020420904,4.0
6968,020420905,3.0
6974,020420906,4.0
6978,020420907,3.0
6984,020420908,4.0
6988,020420909,3.0
6992,020420910,3.0
6997,020421001,3.0
7002,020421002,3.0
7007,020421003,3.0
7012,020421004,3.0
7017,020421005,3.0
7022,020421006,3.0
7027,020421007,3.0
7032,020421008,3.0
7037,020421009,3.0
7042,020421010,3.0
7047,020421101,3.0
7052,020421102,3.0
7057,020421103,3.0
7062,020421104,3.0
7066,020421105,3.0
7071,020421106,3.0
7076,020421107,3.0
7081,020421108,3.0
7086,020421109,3.0
7091,020421110,3.0
7095,020421201,3.0
7100,020421202,3.0
7105,020421203,3.0
7110,020421204,3.0
7115,020421205,3.0
7120,020421206,3.0
7124,020421207,3.0
7129,020421208,3.0
7134,020421209,3.0
7139,020421210,3.0
7143,020421211,3.0
7148,020421212,3.0
7153,020421301,3.0
7158,020421302,3.0
7163,020421303,3.0
7167,020421304,3.0
7172,020421305,3.0
7177,020421306,3.0
7182,020421307,3.0
7186,020421308,3.0
7191,020421309,3.0
7196,020421310,3.0
7200,020421311,3.0
7206,020421312,4.0
7210,020421313,3.0
7215,020421401,3.0
7220,020421402,3.0
7225,020421403,3.0
7230,020421404,3.0
7235,020421405,3.0
7241,020421406,4.0
7245,020421407,3.0
7249,020421408,3.0
7254,020421409,3.0
7260,020421410,4.0
7264,020421411,3.0
7270,020421412,4.0
7274,020421501,3.0
7279,020421502,3.0
7284,020421503,3.0
7289,020421504,4.0
7293,020421505,3.0
7299,020421506,4.0
7303,020421507,3.0
7308,020421508,3.0
7313,020421509,3.0
7319,020421510,4.0
7323,020421601,3.0
7329,020421602,4.0
7333,020421603,3.0
7338,020421604,4.0
7342,020421605,3.0
7347,020421606,3.0
7352,020421607,3.0
7357,020421608,3.0
7362,020421609,3.0
7367,020421610,3.0
7372,020421611,3.0
7377,020421612,3.0
7382,020421613,3.0
7387,020421614,3.0
7392,020421701,3.0
7397,020421702,3.0
7402,020421703,3.0
7407,020421704,3.0
7412,020421705,3.0
7417,020421706,3.0
7422,020421707,3.0
7427,020421801,3.0
7432,020421802,3.0
7437,020421803,3.0
7443,020421804,4.0
7447,020421805,3.0
7453,020421806,4.0
7457,020421807,3.0
7462,020421808,3.0
7467,020421809,3.0
7472,020421901,3.0
7477,020421902,3.0
7482,020421903,3.0
7487,020421904,3.0
7492,020421905,3.0
7497,020421906,3.0
7502,020421907,3.0
7507,020421908,3.0
7512,020422001,3.0
7517,020422002,3.0
7522,020422003,3.0
7527,020422004,3.0
7532,020422005,3.0
7537,020422006,3.0
7542,020422007,3.0
7547,020422008,3.0
7551,020422009,3.0
7556,020422010,3.0
7561,020422101,3.0
7566,020422102,3.0
7571,020422103,3.0
7576,020422104,3.0
7581,020422105,3.0
7586,020422106,3.0
7591,020422107,3.0
7596,020422108,3.0
7601,020422109,3.0
7606,020422110,3.0
7611,020422111,3.0
7617,020422112,4.0
7621,020490101,3.0
7626,020490102,3.0
7631,020490103,3.0
7636,020490104,3.0
7641,020490105,3.0
7646,020490106,3.0
7651,020490107,3.0
7656,020490108,3.0
7661,020490109,3.0
7666,020490110,3.0
7671,020490111,3.0
7675,020490201,3.0
7679,020490202,3.0
7684,020490203,3.0
7689,020490204,3.0
7694,020490205,3.0
7699,020490206,3.0
7704,020490207,3.0
7709,020490208,3.0
7714,020490209,3.0
7719,020490301,3.0
7724,020490302,3.0
7729,020490303,3.0
7733,020490304,3.0
7738,020490305,3.0
7743,020490306,3.0
7748,020490307,3.0
7753,020490308,3.0
7758,020490309,3.0
7763,020490310,3.0
7767,020490311,3.0
7772,020490312,3.0
7777,020490313,3.0
7782,020490401,3.0
7787,020490402,3.0
7792,020490403,3.0
7797,020490404,3.0
7802,020490405,3.0
7807,020490406,3.0
7812,020490407,3.0
7817,020490408,3.0
7822,020490409,3.0
7827,020490410,3.0
7832,020490411,3.0
7837,020490501,3.0
7842,020490502,3.0
7847,020490503,3.0
7851,020490504,3.0
7856,020490505,3.0
7861,020490506,3.0
7866,020490507,3.0
7871,020490508,3.0
7876,020490509,3.0
7881,020490510,3.0
7886,020490511,3.0
7891,020490601,3.0
7896,020490602,3.0
7901,020490603,3.0
7906,020490604,3.0
7911,020490605,3.0
7916,020490606,3.0
7920,020490607,3.0
7925,020490608,3.0
7929,020490609,3.0
7934,020490701,3.0
7939,020490702,3.0
7943,020490703,3.0
7948,020490704,3.0
7953,020490705,3.0
7958,020490706,3.0
7963,020490707,3.0
7968,020490708,3.0
7972,020490709,3.0
7977,020490710,3.0
7982,020490711,3.0
7987,020490801,3.0
7992,020490802,3.0
7997,020490803,3.0
8002,020490804,3.0
8007,020490805,3.0
8012,020490806,3.0
8017,020490807,3.0
8021,020490808,3.0
8026,020490901,3.0
8031,020490902,3.0
8036,020490903,3.0
8041,020490904,3.0
8046,020490905,3.0
8051,020490906,3.0
8056,020490907,3.0
8061,020490908,3.0
8066,020490909,3.0
8071,020490910,3.0
8076,020490911,3.0
8081,020491001,3.0
8086,020491002,3.0
8091,020491003,3.0
8095,020491004,3.0
8100,020491005,3.0
8105,020491006,3.0
8110,020491007,3.0
8115,020491008,3.0
8120,020491009,3.0
8125,020491010,3.0
8130,020491101,3.0
8135,020491102,3.0
8140,020491103,3.0
8145,020491104,3.0
8150,020491105,3.0
8154,020491106,3.0
8159,020491107,3.0
8164,020491108,3.0
8169,020491109,3.0
8174,020491110,3.0
8179,020491111,3.0
8184,020491201,3.0
8189,020491202,3.0
8194,020491203,3.0
8199,020491204,3.0
8204,020491205,3.0
8208,020491206,3.0
8213,020491207,3.0
8217,020491208,3.0
8222,020491209,3.0
8226,020491301,3.0
8231,020491302,3.0
8236,020491303,3.0
8241,020491304,3.0
8246,020491305,3.0
8251,020491306,3.0
8256,020491307,3.0
8261,020491308,3.0
8265,020491309,3.0
8269,020491310,3.0
8273,020491311,3.0
8278,020491312,3.0
8282,020491313,3.0
8287,020491314,3.0
8292,020491315,3.0
8297,020491401,3.0
8302,020491402,3.0
8307,020491403,3.0
8312,020491404,3.0
8317,020491405,3.0
8322,020491406,3.0
8327,020491407,3.0
8332,020491408,3.0
8337,020491409,3.0
8342,020491410,3.0
8347,020491411,3.0
8352,020491412,3.0
8357,020491413,3.0
8361,020491501,3.0
8366,020491502,3.0
8371,020491503,3.0
8376,020491504,3.0
8381,020491505,3.0
8386,020491506,3.0
8391,020491507,3.0
8396,020491508,3.0
8401,020491509,3.0
8406,020491510,3.0
8411,020491511,3.0
8416,020491601,3.0
8421,020491602,3.0
8426,020491603,3.0
8431,020491604,3.0
8435,020491605,3.0
8440,020491606,3.0
8445,020491607,3.0
8450,020491608,3.0
8455,020491609,3.0
8460,020491701,3.0
8464,020491702,2.0
8470,020491703,3.0
8474,020491704,3.0
8478,020491705,3.0
8483,020491706,3.0
8488,020491707,3.0
8493,020491708,3.0
8497,020491709,2.0
8502,020491710,3.0
8507,020491711,3.0
8511,020491712,3.0
8514,020491713,2.0
8520,020491801,3.0
8525,020491802,3.0
8530,020491803,3.0
8535,020491804,3.0
8540,020491805,3.0
8545,020491806,3.0
8548,020491807,2.0
8554,020491808,3.0
8559,020491809,3.0
8564,020491810,3.0
8568,020491811,3.0
8571,020491812,2.0
8576,020491813,3.0
8580,020491901,2.0
8586,020491902,3.0
8591,020491903,3.0
8596,020491904,3.0
8600,020491905,2.0
8605,020491906,2.0
8611,020492001,3.0
8616,020492002,3.0
8621,020492003,3.0
8626,020492004,3.0
8631,020492005,3.0
8635,020492006,3.0
8640,020492007,3.0
8645,020492008,3.0
8650,020492009,3.0
8655,020492010,3.0
8660,020492011,3.0
8665,020492012,3.0
8670,020492013,3.0
8675,020492101,3.0
8680,020492102,3.0
8685,020492103,3.0
8690,020492104,3.0
8695,020492105,3.0
8700,020492106,3.0
8705,020492107,3.0
8710,020492108,3.0
8715,020492109,3.0
8720,020492110,3.0
8725,020492111,3.0
8730,020492112,3.0
8735,020492113,3.0
8740,020492114,3.0
8745,020492201,3.0
8750,020492202,3.0
8755,020492203,3.0
8760,020492204,3.0
8765,020492205,3.0
8770,020492206,3.0
8775,020492207,3.0
8780,020492208,3.0
8785,020492209,3.0
8789,020492210,3.0
8794,020492211,3.0
8799,020492212,3.0
8804,020492213,3.0
8809,020492214,3.0
8814,020492301,3.0
8819,020492302,3.0
8824,020492303,3.0
8828,020492304,3.0
8833,020492305,3.0
8838,020492306,3.0
8842,020492307,3.0
8847,020492308,3.0
8852,020492309,3.0
8857,020492310,3.0
8861,020492401,3.0
8866,020492402,3.0
8871,020492403,3.0
8876,020492404,3.0
8881,020492405,3.0
8886,020492406,3.0
8891,020492407,3.0
8896,020492408,3.0
8901,020492409,3.0
8906,020492410,3.0
8911,020492411,3.0
8915,020560101,2.0
8920,020560102,2.0
8925,020560103,2.0
8930,020560104,3.0
8934,020560105,2.0
8939,020560106,2.0
8943,020560107,2.0
8949,020560108,3.0
8953,020560109,2.0
8958,020560110,2.0
8963,020560111,2.0
8968,020560112,2.0
8973,020560113,2.0
8978,020560114,2.0
8983,020560115,2.0
8988,020560116,2.0
8993,020560117,2.0
8998,020560118,2.0
9002,020560119,2.0
9006,020560120,2.0
9011,020560121,2.0
9016,020560122,2.0
9021,020560123,2.0
9026,020560124,2.0
9032,020560201,3.0
9037,020560202,3.0
9041,020560203,2.0
9046,020560204,2.0
9051,020560205,2.0
9057,020560206,3.0
9062,020560207,3.0
9067,020560208,3.0
9071,020560209,3.0
9076,020560210,3.0
9081,020560301,3.0
9086,020560302,3.0
9090,020560303,2.0
9096,020560304,3.0
9101,020560305,3.0
9106,020560306,3.0
9111,020560307,3.0
9115,020560308,2.0
9120,020560309,2.0
9123,020560310,2.0
9128,020560311,2.0
9133,020560312,2.0
9138,020560313,2.0
9143,020560314,2.0
9148,020560401,3.0
9152,020560402,2.0
9158,020560403,3.0
9163,020560404,3.0
9168,020560405,3.0
9173,020560406,3.0
9178,020560407,3.0
9183,020560408,3.0
9188,020560409,3.0
9193,020560410,3.0
9198,020560411,3.0
9203,020560501,3.0
9208,020560502,3.0
9213,020560503,3.0
9218,020560504,3.0
9223,020560505,3.0
9228,020560506,3.0
9233,020560507,3.0
9238,020560508,3.0
9243,020560509,3.0
9248,020560510,3.0
9253,020560511,3.0
9258,020560601,3.0
9263,020560602,3.0
9268,020560603,3.0
9273,020560604,3.0
9278,020560605,3.0
9282,020560606,2.0
9288,020560607,3.0
9293,020560608,3.0
9298,020560609,3.0
9303,020560610,3.0
9308,020560611,3.0
9311,020560701,2.0
9316,020560702,2.0
9321,020560703,2.0
9326,020560704,2.0
9331,020560705,2.0
9336,020560706,2.0
9341,020560707,2.0
9346,020560708,2.0
9351,020560709,2.0
9356,020560710,2.0
9360,020560711,2.0
9365,020560712,2.0
9371,020560713,3.0
9375,020560714,2.0
9380,020560715,2.0
9385,020560716,2.0
9391,020560801,3.0
9395,020560802,3.0
9400,020560803,3.0
9405,020560804,3.0
9410,020560805,3.0
9415,020560806,3.0
9420,020560807,3.0
9425,020560808,3.0
9430,020560809,3.0
9435,020560810,3.0
9440,020560811,3.0
9445,020560901,3.0
9450,020560902,3.0
9455,020560903,3.0
9460,020560904,3.0
9465,020560905,3.0
9469,020560906,2.0
9475,020560907,3.0
9480,020560908,3.0
9485,020560909,3.0
9490,020561001,3.0
9495,020561002,3.0
9500,020561003,3.0
9505,020561004,3.0
9510,020561005,3.0
9515,020561006,3.0
9520,020561007,3.0
9525,020561008,3.0
9530,020561101,3.0
9535,020561102,3.0
9540,020561103,3.0
9545,020561104,3.0
9550,020561105,3.0
9555,020561201,3.0
9560,020561202,3.0
9565,020561203,3.0
9570,020561204,3.0
9575,020561205,3.0
9580,020561206,3.0
9585,020561207,3.0
9590,020561301,3.0
9594,020561302,2.0
9600,020561303,3.0
9604,020561304,2.0
9609,020561305,2.0
9615,020561306,3.0
9619,020561307,2.0
9625,020561308,3.0
9630,020561309,3.0
9635,020561310,3.0
9640,020561311,3.0
9644,020561401,2.0
9649,020561402,2.0
9654,020561403,2.0
9659,020561404,2.0
9664,020561405,2.0
9669,020561406,2.0
9675,020561407,3.0
9680,020561408,3.0
9685,020561409,3.0
9689,020561410,2.0
9694,020561411,2.0
9699,020561501,2.0
9705,020561502,3.0
9708,020561503,2.0
9713,020561504,2.0
9718,020561505,2.0
9723,020561506,2.0
9728,020561507,2.0
9733,020561508,2.0
9739,020561509,3.0
9743,020561510,2.0
9748,020561511,2.0
9753,020561512,2.0
9758,020561513,3.0
9762,020561514,2.0
9767,020561515,2.0
9772,020561516,2.0
9777,020561517,2.0
9781,020561518,2.0
9785,020561519,2.0
9790,020561601,2.0
9795,020561602,2.0
9800,020561603,2.0
9805,020561604,2.0
9810,020561605,2.0
9815,020561606,2.0
9820,020561607,2.0
9826,020561608,3.0
9830,020561609,2.0
9835,020561610,2.0
9841,020561701,3.0
9846,020561702,3.0
9850,020561703,3.0
9855,020561704,3.0
9860,020561705,3.0
9864,020561801,2.0
9869,020561802,2.0
9874,020561803,2.0
9879,020561804,2.0
9884,020561805,2.0
9889,020561806,2.0
9894,020561807,2.0
9899,020561808,2.0
9904,020561809,2.0
9910,020630101,3.0
9915,020630102,3.0
9919,020630103,3.0
9924,020630104,3.0
9929,020630105,3.0
9934,020630106,3.0
9939,020630107,3.0
9944,020630108,3.0
9949,020630109,3.0
9954,020630201,3.0
9959,020630202,3.0
9964,020630203,3.0
9969,020630204,3.0
9973,020630205,3.0
9978,020630206,3.0
9983,020630207,3.0
9988,020630208,3.0
9993,020630209,3.0
9998,020630210,3.0
10003,020630211,3.0
10008,020630212,3.0
10013,020630213,3.0
10018,020630301,3.0
10023,020630302,3.0
10028,020630303,3.0
10033,020630304,3.0
10038,020630305,3.0
10043,020630306,3.0
10048,020630307,3.0
10053,020630308,3.0
10058,020630309,3.0
10063,020630310,3.0
10068,020630311,3.0
10073,020630312,3.0
10078,020630313,3.0
10083,020630401,3.0
10088,020630402,3.0
10093,020630403,3.0
10098,020630404,3.0
10103,020630405,3.0
10108,020630406,3.0
10113,020630407,3.0
10118,020630408,3.0
10123,020630409,3.0
10128,020630410,3.0
10133,020630411,3.0
10138,020630501,3.0
10143,020630502,3.0
10148,020630503,3.0
10153,020630504,3.0
10158,020630505,3.0
10163,020630506,3.0
10168,020630507,3.0
10173,020630508,3.0
10177,020630509,3.0
10182,020630510,3.0
10187,020630511,3.0
10192,020630601,3.0
10197,020630602,3.0
10202,020630603,3.0
10207,020630604,3.0
10212,020630605,3.0
10217,020630606,3.0
10222,020630607,3.0
10227,020630608,3.0
10232,020630609,3.0
10237,020630610,3.0
10242,020630611,3.0
10247,020630612,3.0
10252,020630701,3.0
10257,020630702,3.0
10262,020630703,3.0
10267,020630704,3.0
10272,020630705,3.0
10277,020630706,3.0
10282,020630707,3.0
10287,020630708,3.0
10291,020630709,3.0
10296,020630710,3.0
10301,020630711,3.0
10306,020630712,3.0
10311,020630713,3.0
10315,020630714,3.0
10320,020630801,3.0
10325,020630802,3.0
10330,020630803,3.0
10335,020630804,3.0
10340,020630805,3.0
10345,020630806,3.0
10350,020630807,3.0
10355,020630808,3.0
10360,020630809,3.0
10365,020630810,3.0
10369,020630811,3.0
10374,020630812,3.0
10379,020630813,3.0
10384,020630901,3.0
10389,020630902,3.0
10394,020630903,3.0
10399,020630904,3.0
10404,020630905,3.0
10409,020630906,3.0
10414,020630907,3.0
10419,020630908,3.0
10423,020630909,3.0
10428,020630910,3.0
10433,020630911,3.0
10438,020630912,3.0
10443,020630913,3.0
10448,020630914,3.0
10453,020631001,3.0
10458,020631002,3.0
10463,020631003,3.0
10468,020631004,3.0
10473,020631005,3.0
10478,020631006,3.0
10483,020631007,3.0
10487,020631008,3.0
10492,020631009,3.0
10497,020631010,3.0
10502,020631011,3.0
10507,020631012,3.0
10512,020631101,3.0
10517,020631102,3.0
10522,020631103,3.0
10527,020631104,3.0
10532,020631105,3.0
10537,020631106,3.0
10542,020631107,3.0
10547,020631108,3.0
10552,020631109,3.0
10557,020631110,3.0
10562,020631111,3.0
10567,020631112,3.0
10572,020631201,3.0
10577,020631202,3.0
10582,020631203,3.0
10587,020631204,3.0
10592,020631205,3.0
10597,020631206,3.0
10602,020631207,3.0
10607,020631208,3.0
10612,020631209,3.0
10617,020631210,3.0
10622,020631211,3.0
10627,020631212,3.0
10631,020631301,3.0
10636,020631302,3.0
10641,020631303,3.0
10646,020631304,3.0
10651,020631305,3.0
10656,020631306,3.0
10661,020631307,3.0
10666,020631401,3.0
10670,020631402,3.0
10675,020631403,3.0
10680,020631404,3.0
10684,020631405,2.0
10690,020631406,3.0
10693,020631407,2.0
10698,020631408,2.0
10704,020631409,3.0
10708,020631410,2.0
10713,020631411,2.0
10718,020631412,2.0
10723,020631413,2.0
10728,020631414,2.0
10733,020631415,2.0
10738,020631501,3.0
10743,020631502,3.0
10748,020631503,3.0
10753,020631504,3.0
10758,020631505,3.0
10763,020631506,3.0
10768,020631507,3.0
10773,020631508,3.0
10778,020631509,3.0
10783,020631510,3.0
10788,020631511,3.0
10793,020631601,3.0
10798,020631602,3.0
10803,020631603,3.0
10808,020631604,3.0
10813,020631605,3.0
10818,020631606,3.0
10823,020631607,3.0
10828,020631608,3.0
10833,020631609,3.0
10838,020631610,3.0
10843,020631611,3.0
10847,020631612,2.0
10853,020631613,3.0
10858,020700101,3.0
10863,020700102,3.0
10867,020700103,3.0
10872,020700104,3.0
10877,020700105,3.0
10882,020700106,3.0
10887,020700107,3.0
10892,020700108,3.0
10897,020700201,3.0
10902,020700202,3.0
10907,020700203,3.0
10912,020700204,3.0
10917,020700205,3.0
10922,020700206,3.0
10927,020700207,3.0
10932,020700208,3.0
10937,020700301,3.0
10942,020700302,3.0
10947,020700303,3.0
10952,020700304,3.0
10957,020700305,3.0
10962,020700306,3.0
10967,020700307,3.0
10972,020700308,3.0
10977,020700401,3.0
10982,020700402,3.0
10987,020700403,3.0
10992,020700404,3.0
10997,020700405,3.0
11002,020700406,3.0
11007,020700407,3.0
11012,020700408,3.0
11017,020700409,3.0
11022,020700501,3.0
11027,020700502,3.0
11032,020700503,3.0
11037,020700504,3.0
11042,020700505,3.0
11047,020700506,3.0
11052,020700507,3.0
11057,020700508,3.0
11062,020700509,3.0
11067,020700510,3.0
11072,020700511,3.0
11077,020700512,3.0
11082,020700513,3.0
11087,020700514,3.0
11092,020700601,3.0
11097,020700602,3.0
11102,020700603,3.0
11107,020700604,3.0
11112,020700605,3.0
11117,020700606,3.0
11122,020700607,3.0
11127,020700608,3.0
11131,020700609,3.0
11136,020700610,3.0
11141,020700611,3.0
11146,020700612,3.0
11151,020700613,3.0
11156,020700614,3.0
11161,020700701,3.0
11166,020700702,3.0
11171,020700703,3.0
11176,020700704,3.0
11181,020700705,3.0
11186,020700706,3.0
11191,020700707,3.0
11196,020700708,3.0
11201,020700709,3.0
11206,020700710,3.0
11211,020700801,3.0
11216,020700802,3.0
11221,020700803,3.0
11226,020700804,3.0
11231,020700805,3.0
11235,020700806,3.0
11240,020700807,3.0
11245,020700808,3.0
11250,020700809,3.0
11255,020700901,3.0
11260,020700902,3.0
11265,020700903,3.0
11270,020700904,3.0
11275,020700905,3.0
11280,020700906,3.0
11285,020700907,3.0
11290,020700908,3.0
11295,020700909,3.0
11300,020700910,3.0
11305,020701001,3.0
11310,020701002,3.0
11315,020701003,3.0
11320,020701004,3.0
11325,020701005,3.0
11330,020701006,3.0
11335,020701007,3.0
11340,020701008,3.0
11345,020701009,3.0
11350,020701010,3.0
11355,020701011,3.0
11360,020701012,3.0
11365,020701101,3.0
11370,020701102,3.0
11375,020701103,3.0
11380,020701104,3.0
11385,020701105,3.0
11390,020701106,3.0
11395,020701107,3.0
11399,020701108,3.0
11404,020701109,3.0
11409,020701110,3.0
11414,020701111,3.0
11419,020701201,3.0
11424,020701202,3.0
11429,020701203,3.0
11434,020701204,3.0
11438,020701205,3.0
11443,020701206,3.0
11448,020701207,3.0
11453,020701208,3.0
11458,020701209,3.0
11463,020701210,3.0
11468,020701301,3.0
11473,020701302,3.0
11478,020701303,3.0
11483,020701304,3.0
11488,020701305,3.0
11493,020701306,3.0
11498,020701307,3.0
11503,020701308,3.0
11507,020701309,3.0
11512,020701310,3.0
11517,020701311,3.0
11522,020701312,3.0
11526,020701401,3.0
11531,020701402,3.0
11536,020701403,3.0
11540,020701404,3.0
11545,020701405,3.0
11550,020701406,3.0
11555,020701407,3.0
11560,020701408,3.0
11564,020701409,3.0
11569,020701410,3.0
11574,020701411,3.0
11579,020701501,3.0
11584,020701502,3.0
11589,020701503,3.0
11594,020701504,3.0
11599,020701505,3.0
11604,020701506,3.0
11609,020701507,3.0
11614,020701508,3.0
11619,020701509,3.0
11624,020701601,3.0
11629,020701602,3.0
11634,020701603,3.0
11639,020701604,3.0
11644,020701605,3.0
11649,020701606,3.0
11654,020701607,3.0
11659,020701608,3.0
11664,020701609,3.0
11669,020701610,3.0
11674,020701701,3.0
11679,020701702,3.0
11684,020701703,3.0
11689,020701704,3.0
11694,020701705,3.0
11699,020701706,3.0
11704,020701707,3.0
11709,020701708,3.0
11714,020701709,3.0
11719,020701710,3.0
11724,020701801,3.0
11729,020701802,3.0
11734,020701803,3.0
11738,020701804,3.0
11743,020701805,3.0
11748,020701806,3.0
11753,020701807,3.0
11757,020701808,3.0
11762,020701809,3.0
11767,020701810,3.0
11772,020701811,3.0
11777,020701812,3.0
11782,020701901,3.0
11787,020701902,3.0
11792,020701903,3.0
11797,020701904,3.0
11801,020701905,3.0
11806,020701906,3.0
11811,020701907,3.0
11816,020701908,3.0
11821,020701909,3.0
11826,020701910,3.0
11831,020701911,3.0
11836,020701912,3.0
11841,020701913,3.0
11846,020770101,3.0
11851,020770102,3.0
11856,020770103,3.0
11861,020770104,3.0
11866,020770105,3.0
11871,020770106,3.0
11876,020770107,3.0
11881,020770108,3.0
11886,020770109,3.0
11891,020770110,3.0
11896,020770111,3.0
11901,020770112,3.0
11905,020770113,3.0
11910,020770114,3.0
11915,020770201,3.0
11919,020770202,3.0
11924,020770203,3.0
11929,020770204,3.0
11934,020770205,3.0
11939,020770206,3.0
11944,020770207,3.0
11949,020770208,3.0
11954,020770209,3.0
11959,020770210,3.0
11964,020770211,3.0
11968,020770301,3.0
11973,020770302,3.0
11979,020770303,4.0
11983,020770304,3.0
11988,020770305,3.0
11993,020770306,3.0
11998,020770307,3.0
12003,020770308,3.0
12008,020770309,3.0
12013,020770310,3.0
12017,020770311,3.0
12022,020770312,3.0
12026,020770401,3.0
12030,020770402,3.0
12035,020770403,3.0
12039,020770404,3.0
12044,020770405,3.0
12048,020770406,3.0
12053,020770407,3.0
12058,020770408,3.0
12063,020770409,3.0
12068,020770410,3.0
12073,020770411,3.0
12078,020770412,3.0
12083,020770413,3.0
12088,020770501,3.0
12093,020770502,3.0
12098,020770503,3.0
12103,020770504,3.0
12108,020770505,3.0
12113,020770506,3.0
12118,020770507,3.0
12123,020770508,3.0
12128,020770509,3.0
12133,020770510,3.0
12138,020770601,3.0
12143,020770602,3.0
12148,020770603,3.0
12153,020770604,3.0
12158,020770605,3.0
12163,020770606,3.0
12168,020770607,3.0
12173,020770608,3.0
12178,020770609,3.0
12183,020770610,3.0
12188,020770611,3.0
12193,020770701,3.0
12198,020770702,3.0
12203,020770703,3.0
12208,020770704,3.0
12213,020770705,3.0
12218,020770706,3.0
12223,020770707,3.0
12228,020770708,3.0
12233,020770709,3.0
12238,020770710,3.0
12243,020770711,3.0
12248,020770712,3.0
12253,020770801,3.0
12258,020770802,3.0
12263,020770803,3.0
12267,020770804,3.0
12272,020770805,3.0
12277,020770806,3.0
12282,020770807,3.0
12287,020770808,3.0
12292,020770809,3.0
12297,020770901,3.0
12302,020770902,3.0
12307,020770903,3.0
12312,020770904,3.0
12317,020770905,3.0
12322,020770906,3.0
12327,020770907,3.0
12332,020770908,3.0
12337,020770909,3.0
12342,020770910,3.0
12347,020770911,3.0
12352,020770912,3.0
12357,020771001,3.0
12362,020771002,3.0
12367,020771003,3.0
12372,020771004,3.0
12377,020771005,3.0
12381,020771006,3.0
12386,020771007,3.0
12391,020771008,3.0
12396,020771009,3.0
12401,020771010,3.0
12406,020771011,3.0
12411,020771101,3.0
12416,020771102,3.0
12421,020771103,3.0
12426,020771104,3.0
12431,020771105,3.0
12436,020771106,3.0
12441,020771107,3.0
12446,020771108,3.0
12451,020771109,3.0
12456,020771201,3.0
12461,020771202,3.0
12466,020771203,3.0
12471,020771204,3.0
12476,020771205,3.0
12481,020771206,3.0
12486,020771207,3.0
12491,020771208,3.0
12496,020771209,3.0
12500,020771210,3.0
12505,020771301,3.0
12510,020771302,3.0
12515,020771303,3.0
12520,020771304,3.0
12525,020771305,3.0
12530,020771306,3.0
12535,020771307,3.0
12540,020771308,3.0
12544,020771309,3.0
12549,020771310,3.0
12554,020771311,3.0
12559,020771401,3.0
12564,020771402,3.0
12569,020771403,3.0
12574,020771404,3.0
12579,020771405,3.0
12584,020771406,3.0
12589,020771407,3.0
12594,020771408,3.0
12599,020771501,3.0
12604,020771502,3.0
12609,020771503,3.0
12614,020771504,3.0
12619,020771505,3.0
12624,020771506,3.0
12629,020771507,3.0
12634,020771508,3.0
12639,020771509,3.0
12644,020771510,3.0
12649,020771511,3.0
12654,020771601,3.0
12659,020771602,3.0
12664,020771603,3.0
12669,020771604,3.0
12674,020771605,3.0
12679,020771606,3.0
12684,020771607,3.0
12689,020771608,3.0
12694,020771609,3.0
12698,020771610,3.0
12703,020771611,3.0
12708,020771701,3.0
12713,020771702,3.0
12718,020771703,3.0
12723,020771704,3.0
12728,020771705,3.0
12733,020771706,3.0
12738,020771707,3.0
12743,020771708,3.0
12748,020771801,3.0
12753,020771802,3.0
12758,020771803,3.0
12763,020771804,3.0
12768,020771805,3.0
12773,020771806,3.0
12778,020771807,3.0
12783,020771808,3.0
12788,020771809,3.0
12793,020771810,3.0
12798,020771901,3.0
12803,020771902,3.0
12808,020771903,3.0
12813,020771904,3.0
12818,020771905,3.0
12823,020771906,3.0
12828,020771907,3.0
12833,020771908,3.0
12838,020771909,3.0
12843,020772001,3.0
12848,020772002,3.0
12853,020772003,3.0
12858,020772004,3.0
12863,020772005,3.0
12868,020772006,3.0
12873,020772007,3.0
12878,020772008,3.0
12883,020772009,3.0
12888,020772010,3.0
12893,020772011,3.0
12898,020772101,3.0
12903,020772102,3.0
12908,020772103,3.0
12913,020772104,3.0
12917,020772105,3.0
12922,020772106,3.0
12927,020772107,3.0
12932,020772108,3.0
12937,020772109,3.0
12942,020772110,3.0
12947,020772111,3.0
12952,020772112,3.0
12956,020772201,3.0
12961,020772202,3.0
12966,020772203,3.0
12971,020772204,3.0
12976,020772205,3.0
12981,020772206,3.0
12986,020772207,3.0
12991,020772208,3.0
12996,020772209,3.0
13001,020772210,3.0
13006,020772211,3.0
13011,020840101,3.0
13016,020840102,3.0
13021,020840103,3.0
13026,020840104,3.0
13031,020840105,3.0
13036,020840106,3.0
13041,020840107,3.0
13046,020840108,3.0
13051,020840109,3.0
13056,020840110,3.0
13061,020840111,3.0
13066,020840201,3.0
13071,020840202,3.0
13076,020840203,3.0
13081,020840204,3.0
13086,020840205,3.0
13091,020840206,3.0
13096,020840207,3.0
13101,020840208,3.0
13106,020840209,3.0
13111,020840301,3.0
13116,020840302,3.0
13121,020840303,3.0
13126,020840304,3.0
13131,020840305,3.0
13135,020840306,2.0
13141,020840307,3.0
13146,020840308,3.0
13151,020840309,3.0
13156,020840310,3.0
13161,020840311,3.0
13166,020840401,3.0
13171,020840402,3.0
13176,020840403,3.0
13181,020840404,3.0
13186,020840405,3.0
13191,020840406,3.0
13196,020840407,3.0
13201,020840408,3.0
13206,020840409,3.0
13210,020840410,3.0
13216,020840501,4.0
13220,020840502,3.0
13226,020840503,4.0
13230,020840504,3.0
13235,020840505,3.0
13240,020840506,3.0
13245,020840507,3.0
13250,020840508,3.0
13255,020840509,3.0
13260,020840510,3.0
13265,020840511,3.0
13271,020840512,4.0
13275,020840601,3.0
13280,020840602,3.0
13285,020840603,3.0
13289,020840604,3.0
13294,020840605,3.0
13299,020840606,3.0
13304,020840607,3.0
13309,020840608,3.0
13314,020840609,3.0
13319,020840610,3.0
13324,020840701,3.0
13329,020840702,3.0
13334,020840703,3.0
13339,020840704,3.0
13344,020840705,3.0
13349,020840706,3.0
13354,020840707,3.0
13359,020840708,3.0
13365,020840709,4.0
13369,020840710,3.0
13375,020840711,4.0
13380,020840712,4.0
13384,020840713,3.0
13389,020840801,3.0
13394,020840802,3.0
13399,020840803,3.0
13404,020840804,3.0
13409,020840805,3.0
13414,020840806,3.0
13419,020840807,3.0
13424,020840808,3.0
13429,020840809,3.0
13434,020840810,3.0
13440,020840811,4.0
13445,020840812,4.0
13449,020840901,3.0
13454,020840902,3.0
13459,020840903,3.0
13464,020840904,3.0
13469,020840905,3.0
13474,020840906,3.0
13479,020840907,3.0
13484,020840908,3.0
13488,020841001,3.0
13493,020841002,3.0
13498,020841003,3.0
13503,020841004,3.0
13508,020841005,3.0
13512,020841006,3.0
13517,020841007,3.0
13521,020841008,3.0
13526,020841009,3.0
13531,020841010,3.0
13536,020841011,3.0
13541,020841012,3.0
13545,020841013,3.0
13550,020841101,3.0
13555,020841102,3.0
13560,020841103,3.0
13565,020841104,3.0
13571,020841105,4.0
13575,020841106,3.0
13580,020841107,3.0
13585,020841108,3.0
13590,020841109,3.0
13596,020841110,4.0
13601,020841111,4.0
13606,020841112,4.0
13610,020841113,3.0
13615,020841201,3.0
13620,020841202,3.0
13625,020841203,3.0
13630,020841204,3.0
13635,020841205,3.0
13640,020841206,3.0
13645,020841207,3.0
13649,020841208,3.0
13655,020841209,4.0
13658,020841301,3.0
13663,020841302,3.0
13668,020841303,3.0
13673,020841304,3.0
13678,020841305,3.0
13683,020841306,3.0
13688,020841307,3.0
13693,020841308,3.0
13698,020841309,3.0
13703,020841310,3.0
13708,020841311,3.0
13712,020841401,3.0
13717,020841402,3.0
13722,020841403,3.0
13727,020841404,3.0
13732,020841405,3.0
13737,020841406,3.0
13742,020841407,3.0
13748,020841408,4.0
13753,020841409,4.0
13757,020841410,3.0
13762,020841411,3.0
13767,020841412,3.0
13772,020841501,3.0
13777,020841502,3.0
13782,020841503,3.0
13787,020841504,3.0
13792,020841505,3.0
13797,020841506,3.0
13802,020841507,3.0
13807,020841508,3.0
13811,020841509,3.0
13816,020841510,3.0
13821,020841511,3.0
13826,020841512,3.0
13831,020841513,3.0
13836,020841514,3.0
13841,020841515,3.0
13846,020841516,3.0
13850,020841601,3.0
13855,020841602,3.0
13860,020841603,3.0
13865,020841604,3.0
13870,020841605,3.0
13875,020841606,3.0
13880,020841607,3.0
13885,020841608,3.0
13890,020841609,3.0
13895,020841610,3.0
13900,020841611,3.0
13905,020841612,3.0
13910,020841613,3.0
13915,020841614,3.0
13921,020841615,4.0
13925,020841616,3.0
13930,020841617,3.0
13935,020841618,3.0
13940,020841619,3.0
13945,020841620,3.0
13950,020841621,3.0
13955,020841701,3.0
13960,020841702,3.0
13965,020841703,3.0
13970,020841704,3.0
13975,020841705,3.0
13980,020841706,3.0
13985,020841707,3.0
13990,020841708,3.0
13996,020841709,4.0
14000,020841710,3.0
14005,020841801,3.0
14010,020841802,3.0
14015,020841803,3.0
14020,020841804,3.0
14025,020841805,3.0
14030,020841806,3.0
14035,020841807,3.0
14040,020841808,3.0
14044,020841809,3.0
14049,020841810,3.0
14054,020841811,3.0
14059,020841812,3.0
14064,020841813,3.0
14069,020841814,3.0
14073,020841815,3.0
14078,020841901,3.0
14083,020841902,3.0
14088,020841903,3.0
14093,020841904,3.0
14097,020841905,3.0
14102,020841906,3.0
14107,020841907,3.0
14112,020841908,3.0
14117,020841909,3.0
14122,020841910,3.0
14127,020841911,3.0
14132,020841912,3.0
14137,020841913,3.0
14142,020842001,3.0
14147,020842002,3.0
14152,020842003,3.0
14157,020842004,3.0
14162,020842005,3.0
14167,020842006,3.0
14172,020842007,3.0
14177,020842008,3.0
14182,020842009,3.0
14187,020842010,3.0
14191,020842101,3.0
14196,020842102,3.0
14201,020842103,3.0
14206,020842104,3.0
14211,020842105,3.0
14216,020842106,3.0
14221,020842107,3.0
14226,020842108,3.0
14231,020842109,3.0
14236,020842110,3.0
14241,020842111,3.0
14246,020842112,3.0
14251,020842113,3.0
14256,020842201,3.0
14261,020842202,3.0
14266,020842203,3.0
14271,020842204,3.0
14276,020842205,3.0
14281,020842206,3.0
14286,020842207,3.0
14291,020842208,3.0
14296,020842209,3.0
14301,020842210,3.0
14306,020842211,3.0
14311,020842212,3.0
14316,020842213,3.0
14321,020842214,3.0
14326,020842215,3.0
14331,020910101,3.0
14336,020910102,3.0
14341,020910103,3.0
14347,020910104,4.0
14352,020910105,4.0
14357,020910106,4.0
14362,020910107,4.0
14367,020910108,4.0
14371,020910109,3.0
14376,020910110,3.0
14381,020910111,3.0
14386,020910112,3.0
14390,020910113,3.0
14395,020910114,3.0
14400,020910115,3.0
14405,020910201,3.0
14411,020910202,4.0
14415,020910203,3.0
14421,020910204,4.0
14426,020910205,4.0
14431,020910206,4.0
14435,020910207,3.0
14441,020910208,4.0
14446,020910209,4.0
14450,020910210,3.0
14456,020910211,4.0
14460,020910212,4.0
14465,020910213,4.0
14469,020910301,4.0
14473,020910302,3.0
14478,020910303,3.0
14483,020910304,3.0
14488,020910305,3.0
14494,020910306,4.0
14499,020910307,4.0
14504,020910308,4.0
14509,020910309,4.0
14513,020910310,3.0
14519,020910311,4.0
14523,020910312,4.0
14528,020910313,4.0
14532,020910401,3.0
14538,020910402,4.0
14542,020910403,3.0
14547,020910404,3.0
14552,020910405,3.0
14558,020910406,4.0
14562,020910407,3.0
14567,020910408,3.0
14572,020910409,3.0
14577,020910410,3.0
14582,020910411,3.0
14588,020910412,4.0
14592,020910413,4.0
14597,020910414,4.0
14602,020910415,4.0
14607,020910416,4.0
14611,020910501,3.0
14616,020910502,3.0
14621,020910503,3.0
14626,020910504,3.0
14632,020910505,4.0
14637,020910506,4.0
14641,020910507,3.0
14647,020910508,4.0
14652,020910509,4.0
14656,020910510,3.0
14662,020910511,4.0
14666,020910512,4.0
14670,020910601,3.0
14675,020910602,3.0
14680,020910603,3.0
14686,020910604,4.0
14690,020910605,3.0
14696,020910606,4.0
14700,020910607,3.0
14705,020910608,3.0
14710,020910701,3.0
14714,020910702,3.0
14719,020910703,3.0
14724,020910704,3.0
14730,020910705,4.0
14734,020910706,3.0
14738,020910707,3.0
14744,020910708,4.0
14749,020910709,4.0
14754,020910801,4.0
14758,020910802,3.0
14763,020910803,3.0
14769,020910804,4.0
14774,020910805,4.0
14779,020910806,4.0
14783,020910807,3.0
14788,020910808,3.0
14793,020910809,3.0
14798,020910810,3.0
14804,020910811,4.0
14809,020910901,4.0
14813,020910902,3.0
14818,020910903,3.0
14823,020910904,3.0
14829,020910905,4.0
14834,020910906,4.0
14838,020910907,3.0
14844,020910908,4.0
14849,020910909,4.0
14854,020910910,4.0
14859,020910911,4.0
14864,020911001,4.0
14869,020911002,4.0
14874,020911003,4.0
14879,020911004,4.0
14883,020911005,3.0
14889,020911006,4.0
14894,020911007,4.0
14899,020911008,4.0
14903,020911009,3.0
14908,020911010,3.0
14913,020911011,3.0
14918,020911012,3.0
14924,020911013,4.0
14929,020911014,4.0
14933,020911015,3.0
14939,020911101,4.0
14944,020911102,4.0
14948,020911103,3.0
14953,020911104,3.0
14959,020911105,4.0
14964,020911106,4.0
14969,020911107,4.0
14974,020911201,4.0
14978,020911202,4.0
14982,020911203,4.0
14986,020911204,4.0
14991,020911205,4.0
14996,020911206,4.0
14999,020911207,3.0
15004,020911208,3.0
15010,020911209,4.0
15015,020911210,4.0
15020,020911301,4.0
15024,020911302,3.0
15029,020911303,3.0
15034,020911304,3.0
15039,020911305,3.0
15044,020911306,3.0
15050,020911307,4.0
15055,020911308,4.0
15059,020911309,4.0
15064,020911310,4.0
15069,020911311,4.0
15074,020911312,4.0
15079,020911313,4.0
15084,020911314,4.0
15089,020911315,4.0
15094,020911401,4.0
15099,020911402,4.0
15103,020911403,4.0
15108,020911404,4.0
15113,020911405,4.0
15118,020911406,4.0
15121,020911407,4.0
15125,020911408,4.0
15130,020911409,4.0
15135,020911410,4.0
15140,020911411,4.0
15144,020911501,3.0
15149,020911502,3.0
15154,020911503,3.0
15159,020911504,3.0
15165,020911505,4.0
15170,020911506,4.0
15174,020911507,3.0
15178,020911508,3.0
15183,020911509,3.0
15188,020911510,3.0
15194,020911511,4.0
15198,020911512,3.0
15203,020911601,3.0
15208,020911602,3.0
15213,020911603,3.0
15218,020911604,3.0
15223,020911605,3.0
15228,020911606,3.0
15233,020911607,4.0
15238,020911608,4.0
15243,020911609,4.0
15247,020911610,3.0
15252,020911611,3.0
15257,020911612,3.0
15262,020911613,3.0
15268,020911701,4.0
15273,020911702,4.0
15278,020911703,4.0
15283,020911704,4.0
15287,020911705,4.0
15292,020911706,4.0
15297,020911707,4.0
15300,020911708,3.0
15306,020911709,4.0
15311,020911710,4.0
15316,020911711,4.0
15321,020911712,4.0
15326,020911713,4.0
15330,020911801,3.0
15335,020911802,3.0
15340,020911803,3.0
15345,020911804,3.0
15351,020911805,4.0
15356,020911806,4.0
15361,020911807,4.0
15365,020911808,3.0
15371,020911809,4.0
15375,020911810,4.0
15380,020911901,4.0
15385,020911902,4.0
15390,020911903,4.0
15395,020911904,4.0
15400,020911905,4.0
15404,020911906,3.0
15410,020911907,4.0
15415,020911908,4.0
15420,020911909,4.0
15425,020911910,4.0
15429,020911911,3.0
15435,020911912,4.0
15440,020912001,4.0
15444,020912002,4.0
15449,020912003,4.0
15454,020912004,4.0
15458,020912005,3.0
15464,020912006,4.0
15469,020912007,4.0
15473,020912008,3.0
15478,020912009,3.0
15484,020912010,4.0
15487,020912011,3.0
15493,020912012,4.0
15498,020912101,4.0
15503,020912102,4.0
15507,020912103,4.0
15512,020912104,4.0
15517,020912105,4.0
15522,020912106,4.0
15527,020912107,4.0
15532,020912108,4.0
15537,020912109,4.0
15542,020912110,4.0
15547,020912201,4.0
15552,020912202,4.0
15557,020912203,4.0
15562,020912204,4.0
15567,020912205,4.0
15572,020912206,4.0
15577,020912207,4.0
15582,020912208,4.0
15587,020912209,4.0
15592,020912301,4.0
15596,020912302,3.0
15601,020912303,4.0
15605,020912304,3.0
15611,020912305,4.0
15615,020912306,3.0
15621,020912307,4.0
15624,020912308,3.0
15630,020912309,4.0
15635,020912310,4.0
15639,020912311,4.0
15644,020912312,4.0
15648,020912401,4.0
15653,020912402,4.0
15657,020912403,3.0
15663,020912404,4.0
15668,020912405,4.0
15672,020912406,3.0
15677,020912407,3.0
15683,020912408,4.0
15688,020912409,4.0
15693,020912410,4.0
15698,020912501,4.0
15703,020912502,4.0
15707,020912503,3.0
15712,020912504,3.0
15717,020912505,4.0
15721,020912506,3.0
15726,020912507,3.0
15731,020912508,3.0
15736,020912601,3.0
15741,020912602,3.0
15747,020912603,4.0
15750,020912604,3.0
15755,020912605,3.0
15760,020912606,3.0
15766,020912607,4.0
15770,020912608,3.0
15775,020912609,4.0
15778,020912610,3.0
15783,020912611,3.0
15789,020912701,4.0
15794,020912702,4.0
15798,020912703,3.0
15804,020912704,4.0
15809,020912705,4.0
15812,020912706,3.0
15818,020912707,4.0
15823,020912708,4.0
15827,020912709,4.0
15832,020912710,4.0
15837,020912711,4.0
15841,020912801,3.0
15846,020912802,3.0
15851,020912803,4.0
15855,020912804,3.0
15859,020912805,3.0
15865,020912806,4.0
15869,020912807,3.0
15875,020912808,4.0
15880,020912809,4.0
15883,020912810,3.0
15888,020912901,3.0
15893,020912902,3.0
15898,020912903,3.0
15902,020912904,3.0
15908,020912905,4.0
15912,020912906,3.0
15917,020912907,3.0
15922,020912908,3.0
15927,020912909,3.0
15932,020912910,3.0
15937,020912911,4.0
15942,020980101,4.0
15946,020980102,3.0
15951,020980103,4.0
15956,020980104,4.0
15961,020980105,4.0
15966,020980106,4.0
15971,020980107,4.0
15976,020980108,4.0
15980,020980109,4.0
15985,020980110,4.0
15990,020980201,4.0
15994,020980202,3.0
16000,020980203,4.0
16005,020980204,4.0
16010,020980205,4.0
16015,020980206,4.0
16020,020980207,4.0
16025,020980208,4.0
16029,020980209,3.0
16034,020980210,4.0
16039,020980301,4.0
16044,020980302,4.0
16048,020980303,3.0
16053,020980304,4.0
16057,020980305,3.0
16063,020980306,4.0
16068,020980307,4.0
16073,020980308,4.0
16078,020980309,4.0
16083,020980310,4.0
16088,020980311,4.0
16092,020980312,3.0
16098,020980401,4.0
16102,020980402,4.0
16107,020980403,4.0
16112,020980404,4.0
16116,020980405,4.0
16121,020980406,4.0
16126,020980407,4.0
16131,020980408,4.0
16136,020980409,4.0
16141,020980410,4.0
16145,020980501,3.0
16150,020980502,3.0
16156,020980503,4.0
16160,020980504,3.0
16165,020980505,3.0
16171,020980506,4.0
16175,020980507,4.0
16180,020980508,4.0
16185,020980509,4.0
16190,020980510,4.0
16195,020980601,4.0
16199,020980602,4.0
16204,020980603,4.0
16209,020980604,4.0
16213,020980605,3.0
16219,020980606,4.0
16224,020980607,4.0
16228,020980608,3.0
16233,020980609,4.0
16237,020980610,3.0
16243,020980611,4.0
16248,020980612,4.0
16253,020980613,4.0
16256,020980701,3.0
16262,020980702,4.0
16266,020980703,4.0
16271,020980704,4.0
16276,020980705,4.0
16280,020980706,3.0
16285,020980707,3.0
16290,020980708,3.0
16295,020980709,3.0
16300,020980710,3.0
16305,020980711,3.0
16310,020980712,4.0
16315,020980713,4.0
16320,020980714,4.0
16324,020980715,4.0
16328,020980716,4.0
16332,020980801,3.0
16338,020980802,4.0
16343,020980803,4.0
16347,020980804,3.0
16352,020980805,3.0
16357,020980806,3.0
16362,020980807,3.0
16368,020980808,4.0
16372,020980809,3.0
16378,020980810,4.0
16382,020980811,4.0
16386,020980812,4.0
16391,020980813,4.0
16396,020980814,4.0
16401,020980815,4.0
16406,020980901,4.0
16411,020980902,4.0
16416,020980903,4.0
16421,020980904,4.0
16425,020980905,3.0
16430,020980906,3.0
16436,020980907,4.0
16441,020980908,4.0
16446,020980909,4.0
16451,020980910,4.0
16456,020980911,4.0
16461,020980912,4.0
16466,020980913,4.0
16471,020980914,4.0
16476,020980915,4.0
16481,020980916,4.0
16486,020981001,4.0
16489,020981002,3.0
16494,020981101,4.0
16498,020981102,4.0
16503,020981103,4.0
16508,020981104,4.0
16513,020981105,4.0
16518,020981106,4.0
16523,020981107,4.0
16528,020981108,4.0
16533,020981109,4.0
16537,020981110,3.0
16542,020981111,3.0
16548,020981112,4.0
16553,020981113,4.0
16557,020981114,4.0
16562,020981115,4.0
16566,020981116,4.0
16571,020981117,4.0
16575,020981201,3.0
16580,020981202,3.0
16586,020981203,4.0
16590,020981204,3.0
16596,020981205,4.0
16600,020981206,3.0
16606,020981207,4.0
16610,020981208,3.0
16615,020981209,3.0
16621,020981210,4.0
16625,020981211,3.0
16630,020981212,3.0
16634,020981301,3.0
16640,020981302,4.0
16644,020981303,3.0
16650,020981304,4.0
16655,020981305,4.0
16660,020981306,4.0
16664,020981307,3.0
16670,020981308,4.0
16674,020981309,3.0
16679,020981310,3.0
16684,020981311,3.0
16690,020981312,4.0
16695,020981401,4.0
16699,020981402,3.0
16705,020981403,4.0
16710,020981404,4.0
16714,020981405,3.0
16720,020981406,4.0
16724,020981407,3.0
16728,020981408,3.0
16734,020981409,4.0
16738,020981410,3.0
16744,020981411,4.0
16749,020981501,4.0
16754,020981502,4.0
16758,020981503,3.0
16764,020981504,4.0
16768,020981505,3.0
16774,020981506,4.0
16779,020981507,4.0
16784,020981508,4.0
16789,020981601,4.0
16794,020981602,4.0
16799,020981603,4.0
16804,020981604,4.0
16809,020981605,4.0
16814,020981606,4.0
16818,020981607,4.0
16822,020981701,4.0
16827,020981702,4.0
16832,020981703,4.0
16837,020981704,4.0
16841,020981705,4.0
16846,020981706,4.0
16851,020981707,4.0
16856,020981708,4.0
16861,020981801,4.0
16865,020981802,4.0
16870,020981803,4.0
16875,020981804,4.0
16880,020981805,4.0
16885,020981806,4.0
16890,020981807,4.0
16895,020981808,4.0
16900,020981901,4.0
16905,020981902,4.0
16910,020981903,4.0
16915,020981904,4.0
16920,020981905,4.0
16925,020982001,4.0
16930,020982002,4.0
16935,020982003,4.0
16940,020982004,4.0
16943,020982005,3.0
16948,020982006,3.0
16953,020982007,3.0
16959,020982101,4.0
16962,020982102,3.0
16967,020982103,3.0
16972,020982104,3.0
16978,020982105,4.0
16982,020982106,3.0
16987,020982107,3.0
16993,020982108,4.0
16998,020982109,4.0
17002,020982110,3.0
17007,020982111,3.0
17012,020982201,3.0
17017,020982202,3.0
17022,020982203,3.0
17027,020982204,3.0
17031,020982205,3.0
17037,020982206,4.0
17041,020982207,3.0
17046,020982208,3.0
17051,020982209,3.0
17056,020982210,3.0
17060,020982211,3.0
17065,020982212,4.0
17070,020982301,4.0
17075,020982302,4.0
17080,020982303,4.0
17085,020982304,4.0
17090,020982305,4.0
17095,020982306,4.0
17099,020982307,3.0
17104,020982308,3.0
17109,020982309,3.0
17114,020982310,3.0
17119,020982311,3.0
17125,020982312,4.0
17129,020982313,4.0
17134,020982314,4.0
17138,020982401,4.0
17142,020982402,3.0
17147,020982403,3.0
17152,020982404,3.0
17158,020982405,4.0
17163,020982406,4.0
17168,020982407,4.0
17173,020982408,4.0
17178,020982409,4.0
17183,020982501,4.0
17188,020982502,4.0
17193,020982503,4.0
17198,020982504,4.0
17203,020982505,4.0
17208,020982506,4.0
17212,020982507,3.0
17218,020982508,4.0
17221,020982509,3.0
17226,020982601,4.0
17231,020982602,4.0
17236,020982603,4.0
17239,020982604,3.0
17245,020982605,4.0
17250,020982606,4.0
17255,020982607,4.0
17260,020982701,4.0
17265,020982702,4.0
17270,020982703,4.0
17275,020982704,4.0
17279,020982705,4.0
17284,020982706,4.0
17289,020982707,4.0
17294,020982801,4.0
17299,020982802,4.0
17304,020982803,4.0
17309,020982804,4.0
17314,020982805,4.0
17319,020982806,4.0
17324,020982807,4.0
17329,020982808,4.0
17334,020982809,4.0
17339,020982810,4.0
17343,020982811,4.0
17348,020982812,4.0
17353,020982901,4.0
17358,020982902,4.0
17363,020982903,4.0
17368,020982904,4.0
17373,020982905,4.0
17378,020982906,4.0
17382,020982907,4.0
17387,020982908,4.0
17391,020982909,4.0
17396,020982910,4.0
17401,020982911,4.0
17406,020983001,4.0
17411,020983002,4.0
17416,020983003,4.0
17421,020983004,4.0
17426,020983005,4.0
17431,020983006,4.0
17436,020983007,4.0
17441,020983008,4.0
17446,020983009,4.0
17451,020983101,4.0
17456,020983102,4.0
17461,020983103,4.0
17465,020983104,4.0
17470,020983105,4.0
17475,020983106,4.0
17480,020983107,4.0
17485,020983108,4.0
17490,020983109,4.0
17495,020983110,4.0
17500,020983111,4.0
17505,020983112,4.0
17509,021050101,3.0
17514,021050102,3.0
17519,021050103,3.0
17524,021050104,3.0
17529,021050105,3.0
17534,021050106,3.0
17539,021050107,3.0
17544,021050108,3.0
17549,021050109,3.0
17554,021050110,3.0
17559,021050111,3.0
17564,021050112,3.0
17569,021050201,3.0
17574,021050202,3.0
17579,021050203,3.0
17584,021050204,3.0
17588,021050205,3.0
17592,021050206,3.0
17597,021050207,3.0
17602,021050208,3.0
17606,021050209,3.0
17611,021050210,3.0
17616,021050301,3.0
17621,021050302,3.0
17626,021050303,3.0
17631,021050304,3.0
17636,021050305,3.0
17641,021050306,3.0
17647,021050307,4.0
17651,021050308,3.0
17656,021050309,3.0
17661,021050310,3.0
17665,021050311,3.0
17670,021050312,3.0
17675,021050313,3.0
17680,021050401,3.0
17685,021050402,3.0
17691,021050403,4.0
17695,021050404,3.0
17699,021050405,3.0
17704,021050406,3.0
17709,021050407,3.0
17714,021050408,3.0
17719,021050409,3.0
17724,021050410,3.0
17729,021050411,3.0
17734,021050412,3.0
17739,021050413,3.0
17744,021050414,3.0
17749,021050501,3.0
17753,021050502,3.0
17758,021050503,3.0
17763,021050504,3.0
17768,021050505,3.0
17773,021050506,3.0
17778,021050507,3.0
17783,021050508,3.0
17788,021050509,3.0
17793,021050510,3.0
17798,021050511,3.0
17803,021050512,3.0
17808,021050513,3.0
17813,021050514,3.0
17818,021050601,3.0
17823,021050602,3.0
17828,021050603,3.0
17833,021050604,3.0
17837,021050605,3.0
17842,021050606,3.0
17846,021050607,3.0
17851,021050701,3.0
17856,021050702,3.0
17861,021050703,3.0
17866,021050704,3.0
17871,021050705,3.0
17876,021050706,3.0
17881,021050707,3.0
17886,021050708,3.0
17891,021050709,3.0
17896,021050710,3.0
17901,021050711,3.0
17906,021050712,3.0
17911,021050713,3.0
17916,021050801,3.0
17921,021050802,3.0
17926,021050803,3.0
17931,021050804,3.0
17936,021050805,3.0
17941,021050806,3.0
17946,021050807,3.0
17951,021050808,3.0
17955,021050809,3.0
17960,021050810,3.0
17965,021050901,3.0
17970,021050902,3.0
17975,021050903,3.0
17980,021050904,3.0
17985,021050905,3.0
17990,021050906,3.0
17995,021050907,3.0
18000,021050908,3.0
18005,021050909,3.0
18010,021050910,3.0
18015,021050911,3.0
18020,021051001,3.0
18025,021051002,3.0
18030,021051003,3.0
18035,021051004,3.0
18040,021051005,3.0
18045,021051006,3.0
18050,021051007,3.0
18055,021051008,3.0
18060,021051009,3.0
18066,021051010,4.0
18070,021051011,3.0
18075,021051012,3.0
18080,021051013,3.0
18085,021051101,3.0
18091,021051102,4.0
18095,021051103,3.0
18100,021051104,3.0
18105,021051105,3.0
18110,021051106,3.0
18115,021051107,3.0
18120,021051108,3.0
18125,021051109,3.0
18130,021051110,3.0
18135,021051111,3.0
18140,021051112,3.0
18145,021051113,3.0
18150,021051114,3.0
18155,021051115,3.0
18159,021051116,3.0
18164,021051201,3.0
18169,021051202,3.0
18174,021051203,3.0
18179,021051204,3.0
18184,021051205,3.0
18189,021051206,3.0
18194,021051207,3.0
18199,021051208,3.0
18204,021051209,3.0
18209,021051210,3.0
18214,021051301,3.0
18219,021051302,3.0
18223,021051303,3.0
18228,021051304,3.0
18233,021051305,4.0
18237,021051306,3.0
18242,021051307,3.0
18247,021051308,3.0
18251,021051309,3.0
18256,021051310,3.0
18261,021051401,3.0
18266,021051402,3.0
18271,021051403,3.0
18276,021051404,3.0
18281,021051405,3.0
18286,021051406,3.0
18292,021051407,4.0
18295,021051408,3.0
18300,021051409,3.0
18305,021051410,3.0
18310,021051411,3.0
18315,021051501,3.0
18320,021051502,3.0
18324,021051503,3.0
18329,021051504,3.0
18334,021051505,3.0
18339,021051506,3.0
18344,021051507,3.0
18349,021051508,3.0
18354,021051509,3.0
18359,021051510,3.0
18364,021051601,3.0
18369,021051602,3.0
18374,021051603,3.0
18379,021051604,3.0
18384,021051605,3.0
18389,021051606,3.0
18394,021051607,3.0
18399,021051608,3.0
18404,021051609,3.0
18409,021051610,3.0
18414,021051611,3.0
18419,021051701,3.0
18424,021051702,3.0
18429,021051703,3.0
18434,021051704,3.0
18439,021051705,3.0
18444,021051706,3.0
18449,021051707,3.0
18454,021051708,3.0
18459,021051709,3.0
18464,021051710,3.0
18469,021051711,3.0
18474,021051712,3.0
18479,021051801,3.0
18484,021051802,3.0
18489,021051803,3.0
18494,021051804,3.0
18499,021051805,3.0
18504,021051806,3.0
18508,021051807,3.0
18512,021051808,3.0
18517,021051809,3.0
18522,021051810,3.0
18527,021051811,3.0
18532,021051812,3.0
18537,021051813,3.0
18542,021051901,3.0
18547,021051902,3.0
18552,021051903,3.0
18557,021051904,3.0
18562,021051905,3.0
18567,021051906,3.0
18572,021051907,3.0
18577,021051908,3.0
18582,021051909,3.0
18586,021051910,3.0
18591,021051911,3.0
18596,021052001,3.0
18601,021052002,3.0
18606,021052003,3.0
18611,021052004,3.0
18616,021052005,3.0
18621,021052006,3.0
18626,021052007,3.0
18630,021052008,3.0
18635,021052009,3.0
18640,021052010,3.0
18645,021052011,3.0
18650,021052012,3.0
18654,021052101,3.0
18660,021052102,4.0
18664,021052103,3.0
18669,021052104,3.0
18674,021052105,3.0
18678,021052106,3.0
18683,021052107,3.0
18687,021052108,3.0
18692,021052109,3.0
18697,021052110,3.0
18702,021052111,3.0
18707,021052112,3.0
18712,021052113,3.0
18716,060350101,2.0
18721,060350102,2.0
18727,060350103,3.0
18732,060350104,3.0
18736,060350105,2.0
18742,060350106,3.0
18746,060350107,2.0
18751,060350108,2.0
18756,060350109,2.0
18761,060350110,2.0
18766,060350111,2.0
18771,060350112,2.0
18776,060350113,2.0
18781,060350201,2.0
18786,060350202,2.0
18791,060350203,2.0
18796,060350204,2.0
18801,060350205,2.0
18807,060350301,3.0
18811,060350302,2.0
18817,060350303,3.0
18822,060350304,3.0
18827,060350305,3.0
18832,060350306,3.0
18837,060350307,3.0
18842,060350308,3.0
18847,060350309,3.0
18852,060350310,3.0
18856,060350311,3.0
18861,060350312,3.0
18866,060350313,3.0
18871,060350314,3.0
18876,060350315,3.0
18880,060350401,2.0
18885,060350402,2.0
18890,060350403,2.0
18896,060350404,3.0
18900,060350405,2.0
18905,060350406,2.0
18910,060350407,2.0
18916,060350408,3.0
18921,060350409,3.0
18926,060350501,3.0
18930,060350502,2.0
18936,060350503,3.0
18941,060350504,3.0
18945,060350505,2.0
18950,060350506,2.0
18955,060350507,2.0
18960,060350508,2.0
18966,060350601,3.0
18970,060350602,2.0
18975,060350603,2.0
18981,060350604,3.0
18986,060350605,3.0
18990,060350606,2.0
18996,060350701,3.0
19001,060350702,3.0
19006,060350703,3.0
19011,060350704,3.0
19016,060350705,3.0
19020,060350706,2.0
19026,060350707,3.0
19031,060350708,3.0
19036,060350709,3.0
19041,060350710,3.0
19046,060350711,3.0
19051,060350712,3.0
19055,060350801,2.0
19060,060350802,2.0
19065,060350803,2.0
19071,060350804,3.0
19075,060350805,2.0
19080,060350806,2.0
19085,060350807,2.0
19091,060350808,3.0
19096,060350809,3.0
19100,060350810,2.0
19106,060350811,3.0
19111,060350812,3.0
19115,060350813,2.0
19120,060350814,2.0
19125,060350815,2.0
19130,060350901,2.0
19134,060350902,2.0
19139,060350903,2.0
19144,060350904,2.0
19149,060350905,2.0
19154,060350906,2.0
19159,060350907,2.0
19164,060350908,2.0
19169,060350909,2.0
19173,060350910,2.0
19178,060350911,2.0
19183,060350912,2.0
19188,060350913,2.0
19193,060350914,2.0
19198,060350915,2.0
19202,060351001,2.0
19208,060351002,3.0
19213,060351003,3.0
19217,060351004,2.0
19223,060351005,3.0
19227,060351101,3.0
19232,060351102,3.0
19237,060351103,3.0
19242,060351104,3.0
19246,060351105,3.0
19251,060351106,3.0
19256,060351107,3.0
19260,060351108,3.0
19265,060351109,3.0
19270,060351110,3.0
19275,060351111,3.0
19280,060351112,3.0
19284,060351113,3.0
19288,060351201,3.0
19293,060351202,3.0
19298,060351203,3.0
19302,060351204,3.0
19307,060351205,3.0
19312,060351206,3.0
19316,060351207,3.0
19321,060351208,3.0
19325,060351209,3.0
19330,060351210,3.0
19335,060351211,3.0
19340,060351212,3.0
19345,060351213,3.0
19350,060351214,3.0
19355,060351301,3.0
19360,060351302,3.0
19365,060351303,3.0
19370,060351304,3.0
19375,060351305,3.0
19380,060351306,3.0
19385,060351307,3.0
19390,060351308,3.0
19395,060351309,3.0
19400,060351310,3.0
19405,060351311,3.0
19410,060351401,3.0
19415,060351402,3.0
19420,060351403,3.0
19425,060351404,3.0
19430,060351405,3.0
19435,060351406,3.0
19440,060351407,3.0
19445,060351408,3.0
19450,060351409,3.0
19455,060351410,3.0
19459,060351411,3.0
19464,060351412,3.0
19469,060351413,3.0
19473,060351501,2.0
19479,060351502,3.0
19484,060351503,3.0
19489,060351504,3.0
19493,060351505,2.0
19499,060351506,3.0
19503,060351507,3.0
19508,060351508,3.0
19513,060351509,3.0
19518,060351510,3.0
19523,060351511,3.0
19528,060351512,3.0
19531,060351513,2.0
19537,060351514,3.0
19542,060351601,3.0
19547,060351602,3.0
19552,060351603,3.0
19557,060351604,3.0
19562,060351605,3.0
19567,060351606,3.0
19572,060351607,3.0
19577,060351608,3.0
19582,060351609,3.0
19587,060351610,3.0
19592,060351611,3.0
19597,060351701,3.0
19602,060351702,3.0
19607,060351703,3.0
19612,060351704,3.0
19617,060351705,3.0
19622,060351706,3.0
19627,060351707,3.0
19632,060351708,3.0
19637,060351709,3.0
19642,060351710,3.0
19647,060351711,3.0
19652,060351801,3.0
19657,060351802,3.0
19662,060351803,3.0
19667,060351804,3.0
19672,060351805,3.0
19677,060351806,3.0
19682,060351807,3.0
19687,060351808,3.0
19691,060351809,3.0
19696,060351810,3.0
19701,060351811,3.0
19706,060351901,3.0
19711,060351902,3.0
19716,060351903,3.0
19721,060351904,3.0
19726,060351905,3.0
19731,060351906,3.0
19736,060351907,3.0
19741,060351908,3.0
19746,060351909,3.0
19751,060351910,3.0
19756,060351911,3.0
19761,060351912,3.0
19766,060352001,3.0
19771,060352002,3.0
19776,060352003,3.0
19781,060352004,3.0
19786,060352005,3.0
19791,060352006,3.0
19796,060352007,3.0
19801,060352008,3.0
19806,060352009,3.0
19811,060352010,3.0
19816,060352011,3.0
19821,060352012,3.0
19826,060352013,3.0
19831,060352101,3.0
19836,060352102,3.0
19841,060352103,3.0
19846,060352104,3.0
19851,060352105,3.0
19856,060352106,3.0
19861,060352107,3.0
19866,060352108,3.0
19871,060352109,3.0
19876,060352110,3.0
19881,060352111,3.0
19886,060352112,3.0
19889,060352201,2.0
19895,060352202,3.0
19900,060352203,3.0
19905,060352204,3.0
19910,060352205,3.0
19915,060352206,3.0
19920,060352207,3.0
19925,060352208,3.0
19930,060352209,3.0
19935,060352210,3.0
19940,060352211,3.0
19945,060352212,3.0
19950,060352213,3.0
19955,060352214,3.0
19959,060352301,3.0
19964,060352302,3.0
19968,060352303,3.0
19972,060352304,2.0
19978,060352305,3.0
19983,060352306,3.0
19988,060352307,3.0
19993,060352308,3.0
19998,060352309,3.0
20003,060352401,3.0
20008,060352402,3.0
20012,060352403,2.0
20018,060352404,3.0
20023,060352405,3.0
20028,060352406,3.0
20033,060352407,3.0
20037,060352408,2.0
20043,060352409,3.0
20048,060352410,3.0
20052,060352411,2.0
20057,060352412,2.0
20062,060352501,2.0
20068,060352502,3.0
20073,060352503,3.0
20077,060352504,2.0
20083,060352505,3.0
20088,060352506,3.0
20092,060352507,2.0
20097,060352508,2.0
20103,060352509,3.0
20108,060352510,3.0
20112,060352511,3.0
20117,060352512,3.0
20122,060352513,3.0
20126,060352601,2.0
20131,060352602,2.0
20136,060352603,2.0
20141,060352604,2.0
20146,060352605,2.0
20151,060352606,2.0
20156,060352607,2.0
20161,060352608,2.0
20166,060352609,2.0
20171,060352610,2.0
20176,060352611,2.0
20181,060352612,2.0
20186,060352613,2.0
20190,060352614,2.0
20195,060352615,2.0
20200,060352701,2.0
20206,060352702,3.0
20210,060352703,2.0
20216,060352704,3.0
20220,060352705,2.0
20226,060352706,3.0
20230,060352707,2.0
20235,060352708,2.0
20240,060352709,2.0
20246,060352801,3.0
20250,060352802,2.0
20256,060352803,3.0
20261,060352804,3.0
20266,060352805,3.0
20271,060352806,3.0
20276,060352807,3.0
20281,060352808,3.0
20285,060352901,2.0
20291,060352902,3.0
20296,060352903,3.0
20301,060352904,3.0
20306,060352905,3.0
20311,060352906,3.0
20316,060352907,3.0
20321,060352908,3.0
20326,060352909,3.0
20330,060353001,2.0
20335,060353002,2.0
20341,060353003,3.0
20346,060353004,3.0
20351,060353005,3.0
20356,060353006,3.0
20361,060353007,3.0
20366,060353008,3.0
20371,060353009,3.0
20376,060353010,3.0
20381,060353101,3.0
20385,060353102,3.0
20390,060353103,3.0
20395,060353104,3.0
20400,060353105,3.0
20405,060353106,3.0
20409,060353107,3.0
20414,060353108,3.0
20419,060353109,3.0
20424,060353201,3.0
20429,060353202,3.0
20434,060353203,3.0
20439,060353204,3.0
20444,060353205,3.0
20449,060353206,3.0
20454,060353207,3.0
20459,060353208,3.0
20464,060353209,3.0
20468,060353301,3.0
20473,060353302,3.0
20478,060353303,3.0
20483,060353304,3.0
20488,060353305,3.0
20493,060353306,3.0
20498,060353307,3.0
20503,060353308,3.0
20508,060353401,3.0
20513,060353402,3.0
20518,060353403,3.0
20523,060353404,3.0
20528,060353405,3.0
20533,060353406,3.0
20538,060353407,3.0
20543,060353408,3.0
20548,060353409,3.0
20552,060353501,3.0
20557,060353502,3.0
20562,060353503,3.0
20567,060353504,3.0
20572,060353505,3.0
20577,060353506,3.0
20582,060353507,3.0
20587,060353508,3.0
20591,060353509,2.0
20597,060353601,3.0
20602,060353602,3.0
20607,060353603,3.0
20612,060353604,3.0
20617,060353605,3.0
20622,060353606,3.0
20627,060353607,3.0
20632,060353608,3.0
20637,060353701,3.0
20642,060353702,3.0
20647,060353703,3.0
20652,060353704,3.0
20657,060353705,3.0
20662,060353706,3.0
20667,060353707,3.0
20672,060353708,3.0
20677,060353709,3.0
20681,060353801,2.0
20687,060353802,3.0
20692,060353803,3.0
20697,060353804,3.0
20702,060353805,3.0
20707,060353806,3.0
20712,060353807,3.0
20717,060353901,3.0
20722,060353902,3.0
20727,060353903,3.0
20732,060353904,3.0
20737,060353905,3.0
20742,060353906,3.0
20747,060353907,3.0
20752,060353908,3.0
20757,060354001,3.0
20761,060354002,2.0
20766,060354003,2.0
20771,060354004,2.0
20776,060354005,2.0
20782,060354006,3.0
20787,060354007,3.0
20791,060354101,2.0
20796,060354102,2.0
20801,060354103,2.0
20806,060354104,2.0
20811,060354105,2.0
20816,060354106,2.0
20821,060354107,2.0
20826,060354108,2.0
20832,060354109,3.0
20836,063710101,2.0
20841,063710102,2.0
20846,063710103,2.0
20851,063710104,2.0
20856,063710105,2.0
20861,063710106,2.0
20866,063710107,2.0
20871,063710108,2.0
20875,063710109,2.0
20880,063710110,2.0
20885,063710111,2.0
20887,063710112,2.0
20892,063710113,2.0
20896,063710114,2.0
20901,063710201,2.0
20906,063710202,2.0
20911,063710203,2.0
20916,063710204,2.0
20921,063710205,2.0
20927,063710206,3.0
20932,063710301,3.0
20936,063710302,2.0
20941,063710303,3.0
20945,063710304,2.0
20950,063710305,2.0
20955,063710306,2.0
20960,063710307,2.0
20966,063710308,3.0
20971,063710309,3.0
20976,063710401,3.0
20981,063710402,3.0
20986,063710403,3.0
20991,063710404,3.0
20996,063710405,3.0
21001,063710406,3.0
21006,063710407,3.0
21011,063710408,3.0
21016,063710409,3.0
21021,063710410,3.0
21026,063710501,3.0
21031,063710502,3.0
21036,063710503,3.0
21041,063710504,3.0
21046,063710505,3.0
21051,063710506,3.0
21056,063710507,3.0
21061,063710508,3.0
21065,063710509,2.0
21070,063710510,2.0
21076,063710511,3.0
21081,063710512,3.0
21086,063710601,3.0
21089,063710602,2.0
21095,063710603,3.0
21099,063710604,2.0
21104,063710605,2.0
21109,063710606,2.0
21114,063710607,2.0
21119,063710608,2.0
21124,063710609,2.0
21129,063710610,2.0
21134,063710611,2.0
21140,063710612,3.0
21145,063710613,3.0
21149,063710701,2.0
21154,063710702,2.0
21159,063710703,2.0
21165,063710704,3.0
21169,063710705,2.0
21175,063710706,3.0
21180,063710707,3.0
21185,063710708,3.0
21190,063710801,3.0
21194,063710802,2.0
21199,063710803,2.0
21205,063710804,3.0
21210,063710805,3.0
21215,063710806,3.0
21219,063710807,2.0
21225,063710901,3.0
21230,063710902,3.0
21235,063710903,3.0
21240,063710904,3.0
21244,063710905,3.0
21248,063710906,3.0
21253,063710907,3.0
21258,063710908,3.0
21263,063710909,3.0
21268,063710910,3.0
21273,063711001,3.0
21277,063711002,3.0
21282,063711003,3.0
21287,063711004,3.0
21292,063711005,3.0
21297,063711006,3.0
21302,063711007,3.0
21306,063711008,3.0
21311,063711101,3.0
21316,063711102,3.0
21321,063711103,3.0
21325,063711104,3.0
21330,063711105,3.0
21335,063711106,3.0
21340,063711107,3.0
21345,063711108,3.0
21350,063711109,3.0
21355,063711110,3.0
21360,063711111,3.0
21365,063711112,3.0
21369,063711113,3.0
21374,063711114,3.0
21378,063711201,3.0
21383,063711202,3.0
21388,063711203,3.0
21393,063711204,3.0
21398,063711205,3.0
21403,063711206,3.0
21408,063711207,3.0
21413,063711208,3.0
21417,063711209,3.0
21422,063711210,3.0
21426,063711211,3.0
21431,063711212,3.0
21435,063711213,3.0
21439,063711214,3.0
21444,063711301,3.0
21449,063711302,3.0
21454,063711303,3.0
21459,063711304,3.0
21464,063711305,3.0
21469,063711306,3.0
21474,063711307,3.0
21479,063711308,3.0
21483,063711401,2.0
21489,063711402,3.0
21494,063711403,3.0
21498,063711404,2.0
21503,063711405,2.0
21508,063711406,2.0
21513,063711407,2.0
21518,063711408,2.0
21522,063711409,2.0
21526,063711410,2.0
21531,063711411,2.0
21537,063711412,3.0
21542,063711413,3.0
21546,063711414,2.0
21550,063711415,2.0
21555,063711501,3.0
21557,063711502,2.0
21562,063711503,2.0
21567,063711504,2.0
21572,063711505,2.0
21577,063711506,2.0
21582,063711507,2.0
21587,063711508,2.0
21592,063711509,2.0
21597,063711510,2.0
21601,063711601,2.0
21606,063711602,2.0
21611,063711603,2.0
21616,063711604,2.0
21621,063711605,2.0
21626,063711606,2.0
21631,063711607,2.0
21636,063711608,2.0
21642,063711701,3.0
21647,063711702,3.0
21652,063711703,3.0
21657,063711704,3.0
21662,063711705,3.0
21667,063711706,3.0
21672,063711707,3.0
21677,063711708,3.0
21682,063711709,3.0
21687,063711801,3.0
21692,063711802,3.0
21697,063711803,3.0
21702,063711804,3.0
21707,063711805,3.0
21711,063711806,2.0
21717,063711807,3.0
21722,063711808,3.0
21727,063711901,3.0
21732,063711902,3.0
21737,063711903,3.0
21742,063711904,3.0
21747,063711905,3.0
21752,063711906,3.0
21757,063711907,3.0
21762,063711908,3.0
21767,063711909,3.0
21772,063711910,3.0
21777,063712001,3.0
21782,063712002,3.0
21787,063712003,3.0
21792,063712004,3.0
21797,063712005,3.0
21801,063712006,3.0
21806,063712007,3.0
21811,063712008,3.0
21816,063712009,3.0
21821,063712101,3.0
21826,063712102,3.0
21831,063712103,3.0
21836,063712104,3.0
21841,063712105,3.0
21846,063712106,3.0
21850,063712107,3.0
21855,063712108,3.0
21860,063712109,3.0
21865,063712110,3.0
21870,063712201,3.0
21875,063712202,3.0
21880,063712203,3.0
21885,063712204,3.0
21890,063712205,3.0
21895,063712206,3.0
21899,063712301,3.0
21904,063712302,3.0
21909,063712303,3.0
21914,063712304,3.0
21918,063712305,3.0
21923,063712306,3.0
21928,063712307,3.0
21933,063712308,3.0
21938,063712309,3.0
21943,063712310,3.0
21948,063712311,3.0
21953,063712401,3.0
21958,063712402,3.0
21963,063712403,3.0
21968,063712404,3.0
21972,063712405,2.0
21978,063712406,3.0
21982,063712407,3.0
21987,063712408,3.0
21992,063712501,3.0
21997,063712502,3.0
22002,063712503,3.0
22007,063712504,3.0
22012,063712505,3.0
22017,063712506,3.0
22022,063712507,3.0
22027,063712508,3.0
22032,063712601,3.0
22037,063712602,3.0
22041,063712603,3.0
22046,063712604,3.0
22051,063712605,3.0
22056,063712606,3.0
22061,063712607,3.0
22066,063712608,3.0
22071,063712701,3.0
22076,063712702,3.0
22081,063712703,3.0
22086,063712704,3.0
22091,063712705,3.0
22096,063712706,3.0
22101,063712707,3.0
22106,063712708,3.0
22110,063712709,2.0
22115,063712801,2.0
22120,063712802,3.0
22125,063712803,3.0
22129,063712804,2.0
22135,063712805,3.0
22139,063712806,2.0
22145,063712807,3.0
22150,063712808,3.0
22155,063712901,3.0
22160,063712902,3.0
22165,063712903,3.0
22170,063712904,3.0
22175,063712905,3.0
22180,063712906,3.0
22185,063712907,3.0
22190,063712908,3.0
22195,063712909,3.0
22199,063713001,2.0
22204,063713002,2.0
22210,063713003,3.0
22215,063713004,3.0
22220,063713005,3.0
22225,063713006,3.0
22230,063713007,3.0
22235,063713008,3.0
22240,063713009,3.0
22243,063713010,2.0
22247,063713011,3.0
22252,063713101,3.0
22257,063713102,3.0
22262,063713103,3.0
22267,063713104,3.0
22272,063713105,3.0
22276,063713106,2.0
22281,063713107,3.0
22286,063713108,3.0
22291,063713109,3.0
22296,063713201,3.0
22300,063713202,2.0
22305,063713203,2.0
22310,063713204,2.0
22315,063713205,2.0
22320,063713206,2.0
22325,063713207,2.0
22330,063713208,2.0
22335,063713209,2.0
22340,063713210,2.0
22345,063713301,2.0
22350,063713302,2.0
22356,063713303,3.0
22360,063713304,2.0
22365,063713305,2.0
22370,063713306,2.0
22375,063713307,2.0
22381,063713308,3.0
22386,063713309,3.0
22390,063713310,3.0
22394,063713311,2.0
22399,063713312,3.0
22403,063713313,3.0
22407,063713401,2.0
22412,063713402,2.0
22417,063713403,2.0
22423,063713404,3.0
22427,063713405,2.0
22432,063713406,2.0
22437,063713407,2.0
22443,063713408,3.0
22448,063713409,3.0
22453,063713410,3.0
22457,063713411,2.0
22460,063713412,2.0
22465,063713501,2.0
22470,063713502,2.0
22476,063713503,3.0
22480,063713504,2.0
22485,063713505,2.0
22490,063713506,3.0
22494,063713507,2.0
22499,063713508,2.0
22503,063713509,2.0
22507,063713510,2.0
22512,063713511,2.0
22517,063713512,2.0
22523,063713513,3.0
22527,063713514,2.0
22532,063713601,2.0
22537,063713602,2.0
22541,063713603,2.0
22547,063713604,3.0
22551,063713605,2.0
22556,063713606,2.0
22562,063713607,3.0
22566,063713608,2.0
22571,063713609,2.0
22576,063713610,2.0
22581,063713611,2.0
22586,063713701,2.0
22591,063713702,2.0
22594,063713703,2.0
22599,063713704,2.0
22604,063713705,2.0
22609,063713706,2.0
22613,063713707,2.0
22618,063713708,2.0
22623,063713709,2.0
22627,063713710,2.0
22632,063713711,2.0
22637,063713712,2.0
22642,063713713,2.0
22647,063713714,2.0
22652,063713715,2.0
22657,063713801,2.0
22663,063713802,3.0
22668,063713803,3.0
22673,063713804,3.0
22677,063713805,2.0
22682,063713806,2.0
22687,063713807,2.0
22692,063713901,3.0
22697,063713902,3.0
22701,063713903,2.0
22707,063713904,3.0
22712,063713905,3.0
22716,063713906,2.0
22721,063713907,2.0
22726,063713908,3.0
22731,063713909,3.0
22735,063714001,2.0
22740,063714002,2.0
22745,063714003,2.0
22750,063714004,2.0
22755,063714005,2.0
22760,063714006,2.0
22765,063714007,2.0
22771,063714101,3.0
22776,063714102,3.0
22781,063714103,3.0
22786,063714104,3.0
22791,063714105,3.0
22796,063714106,3.0
22801,063714201,3.0
22806,063714202,3.0
22811,063714203,3.0
22816,063714204,3.0
22821,063714205,3.0
22826,063714206,3.0
22831,063714207,3.0
22836,063714208,3.0
22841,063714209,3.0
22845,063714301,2.0
22851,063714302,3.0
22856,063714303,3.0
22861,063714304,3.0
22866,063714305,3.0
22871,063714306,3.0
22876,063714307,3.0
22881,063714308,3.0
22886,063714309,3.0
22891,063714401,3.0
22896,063714402,3.0
22901,063714403,3.0
22906,063714404,3.0
22911,063714405,3.0
22916,063714406,3.0
22921,063714407,3.0
22925,063714408,3.0
22929,063714501,2.0
22933,063714502,2.0
22938,063714503,2.0
22943,063714504,2.0
22948,063714505,2.0
22953,063714506,2.0
22958,063714507,2.0
22963,063714508,2.0
22968,063714509,2.0
22973,063714510,2.0
22978,063714601,2.0
22983,063714602,2.0
22989,063714603,3.0
22994,063714604,3.0
22998,063714605,2.0
23004,063714606,3.0
23009,063714607,3.0
23013,063714608,2.0
23019,063714609,3.0
23024,063714701,3.0
23029,063714702,3.0
23034,063714703,3.0
23039,063714704,3.0
23044,063714705,3.0
23049,063714706,3.0
23054,063714707,3.0
23058,063714708,2.0
23064,063714709,3.0
23069,063714801,3.0
23074,063714802,3.0
23079,063714803,3.0
23083,063714804,3.0
23088,063714805,3.0
23093,063714806,3.0
23098,063714807,3.0
23103,063714808,3.0
23108,063714809,3.0
23113,063714810,3.0
23118,063714901,3.0
23123,063714902,3.0
23128,063714903,3.0
23133,063714904,3.0
23138,063714905,3.0
23143,063714906,3.0
23148,063714907,3.0
23153,063714908,3.0
23158,063715001,3.0
23163,063715002,3.0
23168,063715003,3.0
23173,063715004,3.0
23178,063715005,3.0
23183,063715006,3.0
23188,063715007,3.0
23192,063715008,3.0
23196,063715009,3.0
23201,063715101,3.0
23206,063715102,3.0
23211,063715103,3.0
23216,063715104,3.0
23221,063715105,3.0
23226,063715106,3.0
23231,063715107,3.0
23236,063715108,3.0
23241,063715109,3.0
23245,063715201,2.0
23250,063715202,2.0
23255,063715203,2.0
23260,063715204,2.0
23265,063715205,2.0
23271,063715206,3.0
23276,063715207,3.0
23280,063715208,2.0
23285,063715209,2.0
23290,063715301,2.0
23295,063715302,2.0
23301,063715303,3.0
23305,063715304,2.0
23310,063715305,2.0
23315,063715306,2.0
23321,063715307,3.0
23326,063715308,3.0
23330,063715401,2.0
23335,063715402,2.0
23340,063715403,2.0
23345,063715404,2.0
23350,063715405,2.0
23355,063715406,2.0
23360,063715407,2.0
23365,063715408,2.0
23370,063715409,2.0
23374,063715410,2.0
23379,063715411,2.0
23384,063715412,2.0
23389,063715413,2.0
23394,063715414,2.0
23400,064270101,3.0
23405,064270102,3.0
23410,064270103,3.0
23415,064270104,3.0
23419,064270105,3.0
23424,064270106,3.0
23429,064270107,3.0
23434,064270108,3.0
23439,064270109,3.0
23444,064270110,3.0
23449,064270111,3.0
23454,064270112,3.0
23459,064270113,3.0
23464,064270201,3.0
23469,064270202,3.0
23474,064270203,3.0
23479,064270204,3.0
23484,064270205,3.0
23488,064270206,3.0
23492,064270207,3.0
23497,064270208,3.0
23502,064270209,3.0
23507,064270210,3.0
23512,064270211,3.0
23517,064270212,3.0
23521,064270213,3.0
23526,064270214,3.0
23531,064270215,3.0
23536,064270216,3.0
23541,064270217,3.0
23546,064270218,3.0
23551,064270219,3.0
23556,064270301,3.0
23561,064270302,3.0
23566,064270303,3.0
23571,064270304,3.0
23576,064270305,3.0
23581,064270306,3.0
23586,064270307,3.0
23591,064270308,3.0
23596,064270309,3.0
23600,064270310,3.0
23605,064270311,3.0
23610,064270312,3.0
23615,064270401,3.0
23620,064270402,3.0
23625,064270403,3.0
23630,064270404,3.0
23635,064270405,3.0
23640,064270406,3.0
23645,064270407,3.0
23650,064270408,3.0
23655,064270409,3.0
23660,064270410,3.0
23665,064270501,3.0
23670,064270502,3.0
23675,064270503,3.0
23680,064270504,3.0
23685,064270505,3.0
23690,064270506,3.0
23695,064270507,3.0
23700,064270508,3.0
23705,064270509,3.0
23710,064270510,3.0
23715,064270511,3.0
23720,064270512,3.0
23725,064270513,3.0
23730,064270601,3.0
23735,064270602,3.0
23740,064270603,3.0
23745,064270604,3.0
23750,064270605,3.0
23755,064270606,3.0
23760,064270607,3.0
23765,064270608,3.0
23770,064270609,3.0
23775,064270610,3.0
23780,064270611,3.0
23785,064270612,3.0
23790,064270613,3.0
23795,064270614,3.0
23800,064270615,3.0
23805,064270701,3.0
23809,064270702,2.0
23815,064270703,3.0
23820,064270704,3.0
23825,064270705,3.0
23830,064270706,3.0
23835,064270707,3.0
23840,064270708,3.0
23845,064270709,3.0
23850,064270710,3.0
23855,064270711,3.0
23860,064270712,3.0
23865,064270713,3.0
23870,064270714,3.0
23875,064270801,3.0
23880,064270802,3.0
23885,064270803,3.0
23890,064270804,3.0
23894,064270805,2.0
23900,064270806,3.0
23905,064270807,3.0
23910,064270808,3.0
23915,064270809,3.0
23920,064270810,3.0
23924,064270811,2.0
23929,064270812,2.0
23935,064270901,3.0
23940,064270902,3.0
23945,064270903,3.0
23949,064270904,2.0
23955,064270905,3.0
23959,064270906,2.0
23963,064270907,2.0
23968,064270908,2.0
23973,064270909,2.0
23977,064270910,2.0
23982,064270911,2.0
23987,064270912,2.0
23993,064270913,3.0
23997,064270914,2.0
24002,064271001,2.0
24007,064271002,2.0
24013,064271003,3.0
24018,064271004,3.0
24022,064271005,2.0
24028,064271006,3.0
24033,064271007,3.0
24038,064271008,3.0
24043,064271009,3.0
24048,064271010,3.0
24053,064271011,3.0
24058,064271012,3.0
24063,064271013,3.0
24068,064271101,3.0
24073,064271102,3.0
24077,064271103,2.0
24083,064271104,3.0
24088,064271105,3.0
24093,064271106,3.0
24098,064271107,3.0
24102,064271108,2.0
24107,064271109,2.0
24113,064271110,3.0
24118,064271111,3.0
24123,064271112,3.0
24128,064271201,3.0
24132,064271202,3.0
24137,064271203,3.0
24142,064271204,3.0
24147,064271205,3.0
24152,064271206,3.0
24157,064271207,3.0
24162,064271208,3.0
24167,064271209,3.0
24172,064271210,3.0
24177,064271211,3.0
24182,064271212,3.0
24187,064271213,3.0
24192,064271301,3.0
24197,064271302,3.0
24202,064271303,3.0
24206,064271304,2.0
24212,064271305,3.0
24216,064271306,2.0
24222,064271307,3.0
24226,064271308,3.0
24231,064271309,3.0
24235,064271310,2.0
24241,064271311,3.0
24246,064271312,3.0
24250,064271313,3.0
24255,064271314,3.0
24260,064271315,3.0
24265,064271401,3.0
24270,064271402,3.0
24274,064271403,3.0
24279,064271404,3.0
24284,064271405,3.0
24289,064271406,3.0
24293,064271407,3.0
24297,064271408,2.0
24302,064271409,2.0
24306,064271410,2.0
24310,064271411,2.0
24315,064271412,2.0
24321,064271413,3.0
24326,064271414,3.0
24331,064271415,3.0
24336,064271416,3.0
24341,064271417,3.0
24346,064271418,3.0
24351,064271419,3.0
24356,064271420,3.0
24360,064271421,2.0
24365,064271422,2.0
24371,064271423,3.0
24375,064271501,2.0
24381,064271502,3.0
24386,064271503,3.0
24391,064271504,3.0
24396,064271505,3.0
24401,064271506,3.0
24406,064271507,3.0
24411,064271508,3.0
24416,064271509,3.0
24421,064271510,3.0
24426,064271511,3.0
24431,064271512,3.0
24435,064271513,3.0
24440,064271514,3.0
24444,064271515,3.0
24449,064271516,3.0
24454,064271517,3.0
24459,064271518,3.0
24463,064271601,3.0
24468,064271602,3.0
24473,064271603,3.0
24478,064271604,3.0
24483,064271605,3.0
24488,064271606,3.0
24492,064271607,2.0
24497,064271608,2.0
24501,064271609,2.0
24506,064271610,2.0
24512,064271611,3.0
24517,064271612,3.0
24522,064271613,3.0
24527,064271614,3.0
24531,064271615,3.0
24536,064271616,3.0
24541,064271617,3.0
24544,064271618,2.0
24549,064271619,2.0
24554,064271701,3.0
24559,064271702,3.0
24563,064271703,2.0
24569,064271704,3.0
24573,064271705,2.0
24578,064271706,2.0
24584,064271707,3.0
24589,064271708,3.0
24593,064271709,2.0
24598,064271710,2.0
24604,064271711,3.0
24609,064271712,3.0
24614,064271713,3.0
24618,064271714,2.0
24623,064271715,2.0
24629,064271716,3.0
24634,064271717,3.0
24639,064271718,3.0
24644,064271719,3.0
24649,064271720,3.0
24654,064271721,3.0
24658,064271722,3.0
24662,064271723,2.0
24668,064271724,3.0
24672,064271725,2.0
24678,064271726,3.0
24682,064271801,2.0
24687,064271802,2.0
24692,064271803,2.0
24697,064271804,2.0
24703,064271805,3.0
24707,064271806,2.0
24712,064271807,2.0
24717,064271808,2.0
24722,064271809,2.0
24726,064271810,2.0
24730,064271811,2.0
24735,064271812,2.0
24740,064271813,2.0
24744,064271814,2.0
24749,064271815,2.0
24753,064271816,2.0
24757,064271817,2.0
24762,064271818,2.0
24766,064271819,2.0
24770,064271820,2.0
24775,064271821,2.0
24780,064271822,2.0
24786,064271823,3.0
24790,064271824,2.0
24795,064271825,2.0
24801,064271826,3.0
24805,064271827,3.0
24810,064271828,3.0
24813,064271829,2.0
24817,064271830,2.0
24822,064271831,2.0
24828,064271901,3.0
24832,064271902,3.0
24837,064271903,3.0
24842,064271904,3.0
24847,064271905,3.0
24852,064271906,3.0
24857,064271907,3.0
24862,064271908,3.0
24867,064271909,3.0
24872,064271910,3.0
24877,064271911,3.0
24881,064272001,2.0
24887,064272002,3.0
24892,064272003,3.0
24897,064272004,3.0
24901,064272005,3.0
24906,064272006,3.0
24911,064272007,3.0
24916,064272008,3.0
24921,064272009,3.0
24926,064272010,3.0
24931,064272011,3.0
24936,064272012,3.0
24940,064272013,3.0
24943,064272014,3.0
24948,064272015,3.0
24953,064272016,3.0
24956,064272101,2.0
24962,064272102,3.0
24966,064272103,2.0
24971,064272104,2.0
24976,064272105,2.0
24982,064272106,3.0
24986,064272107,2.0
24991,064272108,2.0
24996,064272109,2.0
25002,064272110,3.0
25006,064272111,2.0
25010,064272112,2.0
25015,064272113,2.0
25021,064272201,3.0
25025,064272202,2.0
25030,064272203,2.0
25036,064272204,3.0
25041,064272205,3.0
25045,064272206,2.0
25050,064272207,2.0
25055,064272208,2.0
25061,064272209,3.0
25066,064272301,3.0
25071,064272302,3.0
25076,064272303,3.0
25081,064272304,3.0
25086,064272305,3.0
25091,064272306,3.0
25096,064272307,3.0
25101,064272308,3.0
25105,064272309,2.0
25111,064272310,3.0
25116,064272311,3.0
25121,064272312,3.0
25125,064272401,2.0
25131,064272402,3.0
25136,064272403,3.0
25140,064272404,2.0
25146,064272405,3.0
25150,064272406,2.0
25155,064272407,2.0
25161,064272408,3.0
25165,064272409,2.0
25170,064272410,2.0
25175,064272411,2.0
25181,064272501,3.0
25186,064272502,3.0
25191,064272503,3.0
25196,064272504,3.0
25201,064272505,3.0
25206,064272506,3.0
25211,064272507,3.0
25215,064272508,3.0
25220,064272509,3.0
25224,064272510,2.0
25229,064272511,2.0
25234,064272512,2.0
25239,064272513,3.0
25244,064272514,3.0
25248,064272515,2.0
25253,064272516,2.0
25259,064272601,3.0
25264,064272602,3.0
25269,064272603,3.0
25274,064272604,3.0
25279,064272605,3.0
25284,064272606,3.0
25289,064272607,3.0
25294,064272608,3.0
25299,064272609,3.0
25304,064272610,3.0
25309,064272611,3.0
25314,064272612,3.0
25319,064272701,3.0
25324,064272702,3.0
25328,064272703,3.0
25333,064272704,3.0
25337,064272705,3.0
25342,064272706,3.0
25347,064272707,3.0
25352,064272708,3.0
25357,064272709,3.0
25362,064272801,3.0
25367,064272802,3.0
25372,064272803,3.0
25377,064272804,3.0
25382,064272805,3.0
25387,064272806,3.0
25392,064272807,3.0
25397,064272808,3.0
25402,064272809,3.0
25407,064272810,3.0
25412,064272811,3.0
25417,064272812,3.0
25422,064272813,3.0
25427,064272901,3.0
25432,064272902,3.0
25437,064272903,3.0
25442,064272904,3.0
25447,064272905,3.0
25452,064272906,3.0
25457,064272907,3.0
25462,064272908,3.0
25466,064272909,3.0
25471,064272910,3.0
25476,064272911,3.0
25481,064272912,3.0
25485,064272913,3.0
25490,064272914,3.0
25495,064272915,3.0
25500,064272916,3.0
25505,064273001,3.0
25510,064273002,3.0
25515,064273003,3.0
25520,064273004,3.0
25525,064273005,3.0
25530,064273006,3.0
25535,064273007,3.0
25540,064273008,3.0
25545,064273009,3.0
25550,064273010,3.0
25555,064273011,3.0
25560,064273012,3.0
25564,064273013,3.0
25568,064273014,3.0
25573,064273015,3.0
25577,064273101,3.0
25582,064273102,3.0
25587,064273103,3.0
25592,064273104,3.0
25597,064273105,3.0
25602,064273106,3.0
25607,064273107,3.0
25612,064273108,3.0
25617,064273109,3.0
25622,064273110,3.0
25626,064273111,3.0
25630,064273201,3.0
25635,064273202,3.0
25640,064273203,3.0
25645,064273204,3.0
25650,064273205,3.0
25655,064273206,3.0
25659,064273207,3.0
25664,064273208,3.0
25669,064273209,3.0
25674,064273210,3.0
25679,064273211,3.0
25684,064273212,3.0
25689,064273213,3.0
25694,064273301,3.0
25699,064273302,3.0
25704,064273303,3.0
25709,064273304,3.0
25714,064273305,3.0
25719,064273306,3.0
25724,064273307,3.0
25729,064273308,3.0
25734,064273309,3.0
25738,064273310,3.0
25743,064273311,3.0
25748,064273312,3.0
25753,064273313,3.0
25758,064273314,3.0
25763,064273315,3.0
25768,064273401,3.0
25773,064273402,3.0
25778,064273403,3.0
25783,064273404,3.0
25788,064273405,3.0
25793,064273406,3.0
25798,064273407,3.0
25803,064273408,3.0
25807,064273409,3.0
25812,064273410,3.0
25817,064273411,3.0
25821,064273412,3.0
25826,064273413,3.0
25831,064273414,3.0
25836,064273415,3.0
25841,064273416,3.0
25845,064273417,3.0
25849,064273418,3.0
25854,064273419,3.0
25859,064273501,3.0
25864,064273502,3.0
25869,064273503,3.0
25873,064273504,3.0
25878,064273505,3.0
25883,064273506,3.0
25888,064273507,3.0
25893,064273508,3.0
25898,064273509,3.0
25903,064273510,3.0
25908,064273511,3.0
25913,064273512,3.0
25918,064273513,3.0
25923,064273514,3.0
25928,064273515,3.0
25933,064273516,3.0
25938,064273517,3.0
25943,064273518,3.0
25948,064273601,3.0
25952,064273602,3.0
25957,064273603,3.0
25962,064273604,3.0
25966,064273605,3.0
25971,064273606,3.0
25976,064273607,3.0
25981,064273608,3.0
25986,064273609,3.0
25991,064273610,3.0
25996,064273611,3.0
26000,064273612,3.0
26005,064273613,3.0
26010,064273614,3.0
26015,064273615,3.0
26020,064273616,3.0
26025,064273617,3.0
26030,064273701,3.0
26035,064273702,3.0
26040,064273703,3.0
26045,064273704,3.0
26050,064273705,3.0
26055,064273706,3.0
26060,064273707,3.0
26065,064273708,3.0
26070,064273709,3.0
26075,064273710,3.0
26080,064273711,3.0
26085,064273712,3.0
26089,064273801,2.0
26094,064273802,2.0
26099,064273803,2.0
26104,064273804,2.0
26110,064273805,3.0
26114,064273806,2.0
26119,064273807,2.0
26125,064273808,3.0
26129,064273809,2.0
26135,064273810,3.0
26139,064273811,2.0
26144,064273812,2.0
26149,064273901,2.0
26155,064273902,3.0
26160,064273903,3.0
26165,064273904,3.0
26169,064273905,2.0
26174,064273906,2.0
26179,064273907,2.0
26184,064273908,2.0
26188,064273909,3.0
26192,064273910,2.0
26198,064273911,3.0
26202,064273912,2.0
26207,064273913,2.0
26211,064274001,2.0
26216,064274002,2.0
26221,064274003,2.0
26225,064274004,2.0
26230,064274005,2.0
26234,064274006,2.0
26239,064274007,2.0
26245,064274008,3.0
26250,064274009,3.0
26254,064274010,2.0
26260,064274011,3.0
26265,064274012,3.0
26269,064274013,2.0
26275,064274101,3.0
26280,064274102,3.0
26285,064274103,3.0
26290,064274104,3.0
26295,064274105,3.0
26299,064274106,2.0
26304,064274107,2.0
26309,064274108,2.0
26314,064274109,2.0
26319,064274110,2.0
26325,064274111,3.0
26330,064274201,3.0
26335,064274202,3.0
26339,064274203,2.0
26344,064274204,2.0
26349,064274205,2.0
26354,064274206,2.0
26359,064274207,2.0
26364,064274208,2.0
26369,064274209,2.0
26375,064274210,3.0
26380,064274211,3.0
26384,064274212,2.0
26390,064274301,3.0
26395,064274302,3.0
26400,064274303,3.0
26405,064274304,3.0
26410,064274305,3.0
26414,064274306,3.0
26419,064274307,3.0
26424,064274308,3.0
26428,064274309,2.0
26433,064274310,3.0
26438,064274311,3.0
26443,064274312,3.0
26448,064274401,3.0
26452,064274402,2.0
26458,064274403,3.0
26463,064274404,3.0
26468,064274405,3.0
26473,064274406,3.0
26478,064274407,3.0
26483,064274408,3.0
26487,064274409,3.0
26492,064274410,3.0
26497,064274411,3.0
26502,064274412,3.0
26507,064274501,3.0
26512,064274502,3.0
26517,064274503,3.0
26522,064274504,3.0
26527,064274505,3.0
26532,064274506,3.0
26537,064274507,3.0
26541,064274508,2.0
26547,064274509,3.0
26552,064274510,3.0
26557,064274511,3.0
26562,064274512,3.0
26567,064274513,3.0
26571,064274514,2.0
26576,064274515,2.0
26582,064274601,3.0
26586,064274602,2.0
26592,064274603,3.0
26596,064274604,2.0
26602,064274605,3.0
26606,064274606,2.0
26611,064274607,2.0
26616,064274608,2.0
26621,064274609,2.0
26627,064274610,3.0
26630,064274611,2.0
26636,064274612,3.0
26641,064274613,3.0
26646,064274701,3.0
26651,064274702,3.0
26655,064274703,2.0
26661,064274704,3.0
26665,064274705,2.0
26670,064274706,2.0
26674,064274707,2.0
26679,064274708,2.0
26685,064274709,3.0
26690,064274710,3.0
26695,064274711,3.0
26700,064274712,3.0
26704,064274801,2.0
26709,064274802,2.0
26714,064274803,2.0
26719,064274804,2.0
26725,064274805,3.0
26729,064274806,2.0
26734,064274807,2.0
26739,064274808,2.0
26744,064274809,2.0
26749,064274810,2.0
26754,064274811,2.0
26760,064274812,3.0
26764,064274813,2.0
26769,064274814,2.0
26774,064274815,2.0
26779,064274816,2.0
26784,064274901,2.0
26789,064274902,2.0
26794,064274903,2.0
26799,064274904,2.0
26804,064274905,2.0
26809,064274906,2.0
26814,064274907,2.0
26820,064274908,3.0
26824,064274909,2.0
26829,064274910,2.0
26834,064274911,2.0
26838,064274912,2.0
26843,064274913,2.0
26848,064274914,2.0
26854,064275001,3.0
26859,064275002,3.0
26864,064275003,3.0
26869,064275004,3.0
26874,064275005,3.0
26879,064275006,3.0
26884,064275007,3.0
26888,064275008,3.0
26893,064275009,3.0
26897,064275010,3.0
26902,064275011,3.0
26907,064275012,3.0
26912,064275013,3.0
26916,064275014,3.0
26921,064275101,3.0
26926,064275102,3.0
26931,064275103,3.0
26936,064275104,3.0
26941,064275105,3.0
26946,064275106,3.0
26950,064275107,2.0
26956,064275108,3.0
26961,064275109,3.0
26966,064275110,3.0
26971,064275111,3.0
26976,064275112,3.0
26981,064275113,3.0
26986,064275114,3.0
26990,064275115,2.0
26994,064275116,3.0
26999,064275117,3.0
27004,064275118,3.0
27008,064275201,2.0
27013,064275202,2.0
27018,064275203,2.0
27023,064275204,2.0
27028,064275205,2.0
27033,064275206,2.0
27038,064275207,2.0
27043,064275208,2.0
27048,064275209,2.0
27052,064275210,2.0
27057,064275211,2.0
27061,064275212,2.0
27066,064275213,2.0
27071,064275214,2.0
27075,064275215,2.0
27080,064275216,2.0
27084,064275217,2.0
27088,064275301,2.0
27093,064275302,2.0
27098,064275303,2.0
27103,064275304,2.0
27108,064275305,2.0
27113,064275306,2.0
27117,064275307,2.0
27122,064275308,2.0
27127,064275309,2.0
27131,064275310,2.0
27136,064275311,2.0
27141,064275312,2.0
27146,064275313,2.0
27151,064275401,2.0
27156,064275402,2.0
27161,064275403,2.0
27166,064275404,2.0
27172,064275405,3.0
27176,064275406,2.0
27181,064275407,2.0
27187,064275408,3.0
27191,064275409,2.0
27196,064275410,2.0
27202,064275411,3.0
27207,064275412,3.0
27211,064275413,2.0
27216,064275501,2.0
27221,064275502,2.0
27227,064275503,3.0
27232,064275504,3.0
27237,064275505,3.0
27242,064275506,3.0
27247,064275507,3.0
27252,064275508,3.0
27256,064275509,2.0
27262,064275510,3.0
27267,064275511,3.0
27272,064275512,3.0
27277,064275513,3.0
27282,064275514,3.0
27287,064275515,3.0
27291,064275601,2.0
27296,064275602,2.0
27301,064275603,2.0
27306,064275604,2.0
27312,064275605,3.0
27315,064275606,2.0
27321,064275607,3.0
27326,064275608,3.0
27331,064275609,3.0
27336,064275610,3.0
27341,064275611,3.0
27345,064275612,2.0
27350,064275613,2.0
27356,064275614,3.0
27361,064275701,3.0
27365,064275702,2.0
27371,064275703,3.0
27375,064275704,2.0
27380,064275705,2.0
27385,064275706,2.0
27390,064275707,2.0
27395,064275708,2.0
27400,064275709,2.0
27405,064275710,2.0
27410,064275711,2.0
27415,064275712,2.0
27420,064275713,2.0
27425,064275714,2.0
27430,064275715,2.0
27435,064275716,2.0
27440,064275717,2.0
27446,064275801,3.0
27450,064275802,2.0
27455,064275803,2.0
27460,064275804,2.0
27465,064275805,2.0
27470,064275806,2.0
27475,064275807,2.0
27480,064275808,2.0
27485,064275809,2.0
27490,064275810,2.0
27495,064275811,2.0
27499,064275812,2.0
27504,064275813,2.0
27509,064275814,2.0
27514,064275815,2.0
27520,064275816,3.0
27524,064275901,2.0
27529,064275902,2.0
27534,064275903,2.0
27539,064275904,2.0
27544,064275905,2.0
27549,064275906,2.0
27555,064275907,3.0
27559,064275908,2.0
27564,064275909,2.0
27569,064275910,2.0
27574,064275911,2.0
27579,064275912,2.0
27584,064275913,2.0
27589,064275914,2.0
27594,064275915,2.0
27599,064276001,2.0
27604,064276002,2.0
27609,064276003,2.0
27615,064276004,3.0
27619,064276005,2.0
27624,064276006,2.0
27629,064276007,2.0
27634,064276008,2.0
27639,064276009,2.0
27644,064276010,2.0
27649,064276011,2.0
27654,064276012,2.0
27659,064276013,2.0
27665,064276014,3.0
27669,064276015,2.0
27674,064276016,2.0
27680,064276017,3.0
27684,064276018,2.0
27689,064276019,2.0
27694,064276020,2.0
27700,064276101,3.0
27704,064276102,2.0
27710,064276103,3.0
27715,064276104,3.0
27719,064276105,2.0
27724,064276106,2.0
27729,064276107,2.0
27734,064276108,2.0
27739,064276109,2.0
27744,064276110,2.0
27749,064276111,2.0
27754,064276112,2.0
27759,064276113,2.0
27764,064276114,2.0
27769,064276115,2.0
27774,064276116,2.0
27779,064276117,2.0
27784,064276201,2.0
27789,064276202,2.0
27795,064276203,3.0
27799,064276204,2.0
27804,064276205,2.0
27810,064276206,3.0
27815,064276207,3.0
27819,064276208,2.0
27825,064276209,3.0
27829,064276210,2.0
27834,064276211,2.0
27839,064276212,2.0
27844,064276213,2.0
27849,064276214,2.0
27854,064276215,3.0
27858,064276216,2.0
27863,064276301,2.0
27869,064276302,3.0
27874,064276303,3.0
27878,064276304,2.0
27883,064276305,2.0
27888,064276306,2.0
27893,064276307,2.0
27899,064276308,3.0
27903,064276309,2.0
27908,064276310,2.0
27913,064276311,2.0
27918,064276312,2.0
27924,064276313,3.0
27928,064276314,2.0
27932,064276315,2.0
27937,064276401,2.0
27942,064276402,2.0
27947,064276403,2.0
27952,064276404,2.0
27957,064276405,2.0
27961,064276406,2.0
27966,064276407,2.0
27971,064276408,2.0
27976,064276409,2.0
27981,064276410,2.0
27986,064276411,2.0
27991,064276412,2.0
27996,064276413,2.0
28001,064276414,2.0
28006,064276415,2.0
28011,064276416,2.0
28017,064276417,3.0
28021,064276501,2.0
28026,064276502,2.0
28031,064276503,2.0
28036,064276504,2.0
28041,064276505,2.0
28045,064276506,2.0
28050,064276507,2.0
28055,064276508,2.0
28060,064276509,2.0
28065,064276510,2.0
28070,064276511,2.0
28075,064276512,2.0
28080,064276513,2.0
28085,064276514,2.0
28090,064276515,2.0
28095,064276516,2.0
28100,064276517,2.0
28105,064276518,2.0
28111,064276519,3.0
28114,064276601,2.0
28119,064276602,2.0
28123,064276603,2.0
28128,064276604,2.0
28133,064276605,2.0
28138,064276606,2.0
28143,064276607,2.0
28148,064276608,2.0
28153,064276609,2.0
28158,064276610,2.0
28163,064276611,2.0
28168,064276612,2.0
28173,064276701,2.0
28178,064276702,2.0
28183,064276703,2.0
28188,064276704,2.0
28193,064276705,2.0
28198,064276706,2.0
28203,064276707,2.0
28209,064276708,3.0
28213,064276709,2.0
28218,064276710,2.0
28223,064276711,2.0
28228,064276712,2.0
28233,064276713,2.0
28238,064276714,2.0
28243,064276715,2.0
28248,064276716,2.0
28253,064276717,2.0
28258,064276718,2.0
28263,064276719,2.0
28267,064276720,2.0
28272,064276721,2.0
28277,064276722,2.0
28281,064276801,2.0
28285,064276802,2.0
28291,064276803,3.0
28296,064276804,3.0
28300,064276805,3.0
28305,064276806,3.0
28310,064276807,3.0
28313,064276808,2.0
28318,064276809,2.0
28323,064276810,2.0
28329,064276811,3.0
28333,064276901,3.0
28337,064276902,2.0
28342,064276903,2.0
28348,064276904,3.0
28352,064276905,2.0
28357,064276906,2.0
28362,064276907,2.0
28368,064276908,3.0
28373,064276909,3.0
28378,064276910,3.0
28383,064276911,3.0
28388,064276912,3.0
28392,064276913,2.0
28397,064276914,2.0
28402,064276915,2.0
28407,064276916,2.0
28412,064276917,2.0
28417,064276918,2.0
28423,064276919,3.0
28427,064276920,2.0
28433,064277001,3.0
28437,064277002,2.0
28443,064277003,3.0
28447,064277004,2.0
28452,064277005,2.0
28458,064277006,3.0
28463,064277007,3.0
28467,064277008,2.0
28472,064277009,2.0
28477,064277010,2.0
28483,064277011,3.0
28488,064277012,3.0
28492,064277013,2.0
28498,064277014,3.0
28502,064277015,2.0
28507,064277016,2.0
28512,064277017,2.0
28517,064277018,2.0
28522,064277101,2.0
28526,064277102,2.0
28532,064277103,3.0
28536,064277104,2.0
28541,064277105,2.0
28546,064277106,2.0
28551,064277107,2.0
28556,064277108,2.0
28561,064277109,2.0
28566,064277110,2.0
28571,064277111,2.0
28576,064277112,2.0
28581,064277113,2.0
28586,064277114,2.0
28591,064277115,2.0
28596,064277116,2.0
28601,064277117,2.0
28606,064277118,2.0
28611,064277119,2.0
28616,064277201,2.0
28621,064277202,2.0
28625,064277203,2.0
28630,064277204,2.0
28635,064277205,2.0
28640,064277206,2.0
28645,064277207,2.0
28650,064277208,2.0
28655,064277209,2.0
28660,064277210,2.0
28665,064277211,2.0
28670,064277212,2.0
28675,064277213,2.0
28680,064277214,2.0
28685,064277215,2.0
28689,064277301,2.0
28694,064277302,2.0
28699,064277303,2.0
28704,064277304,2.0
28709,064277305,2.0
28714,064277306,2.0
28719,064277307,2.0
28724,064277308,2.0
28729,064277309,2.0
28735,064277310,3.0
28739,064277311,2.0
28744,064277312,2.0
28749,064277313,2.0
28754,064277314,2.0
28759,064277315,2.0
28765,064277316,3.0
28769,064277317,2.0
28774,064277318,2.0
28779,064277319,2.0
28784,064277320,2.0
28789,064277321,2.0
28794,064277322,2.0
28799,064277401,2.0
28804,064277402,2.0
28809,064277403,2.0
28814,064277404,2.0
28819,064277405,2.0
28824,064277406,2.0
28828,064277407,2.0
28833,064277408,2.0
28838,064277409,2.0
28843,064277410,2.0
28847,064277411,2.0
28852,064277412,2.0
28857,064277413,2.0
28862,064277414,2.0
28867,064277415,2.0
28872,064277416,2.0
28877,064277417,2.0
28882,064277418,2.0
28887,064277419,2.0
28892,064277420,2.0
28897,064277421,2.0
28902,064277422,2.0
28907,064277423,2.0
28912,064277424,2.0
28917,064277501,2.0
28922,064277502,2.0
28927,064277503,2.0
28932,064277504,2.0
28937,064277505,2.0
28942,064277506,2.0
28947,064277507,2.0
28952,064277508,2.0
28957,064277509,2.0
28962,064277510,2.0
28967,064277511,2.0
28972,064277512,2.0
28977,064277513,2.0
28982,064277514,2.0
28987,064277515,2.0
28992,064277516,2.0
28997,064277517,2.0
29002,064277518,2.0
29005,064277519,2.0
29010,064277520,2.0
29015,064277521,2.0
29020,064277522,2.0
29025,064277523,2.0
29030,064277524,2.0
29036,064277525,3.0
29040,064277526,2.0
29045,064277527,2.0
29050,064277528,2.0
29055,064277529,2.0
29060,064277530,2.0
29065,064277531,2.0
29071,064277532,3.0
29075,064277601,2.0
29080,064277602,2.0
29085,064277603,2.0
29090,064277604,2.0
29095,064277605,2.0
29100,064277606,2.0
29105,064277607,2.0
29111,064277608,3.0
29115,064277609,2.0
29119,064277610,2.0
29124,064277611,2.0
29129,064277612,2.0
29134,064277613,2.0
29139,064277614,2.0
29144,064277615,2.0
29149,064277616,2.0
29154,064277617,2.0
29159,064277618,2.0
29164,064277619,2.0
29169,064277620,2.0
29174,064277621,2.0
29179,064277622,2.0
29185,064277623,3.0
29189,064277624,2.0
29194,064277625,2.0
29199,064277626,2.0
29204,064277627,2.0
29209,064277701,2.0
29214,064277702,2.0
29219,064277703,2.0
29225,064277704,3.0
29229,064277705,2.0
29234,064277706,2.0
29239,064277707,2.0
29244,064277708,2.0
29250,064277709,3.0
29254,064277710,2.0
29259,064277711,2.0
29265,064277712,3.0
29269,064277713,2.0
29274,064277714,2.0
29279,064277715,2.0
29284,064277716,2.0
29290,064277717,3.0
29294,064277718,2.0
29299,064277719,2.0
29304,064277720,2.0
29309,064277721,2.0
29314,064277801,2.0
29319,064277802,2.0
29324,064277803,2.0
29329,064277804,2.0
29334,064277805,2.0
29340,064277806,3.0
29344,064277807,2.0
29349,064277808,2.0
29354,064277809,2.0
29359,064277810,2.0
29364,064277811,2.0
29369,064277812,2.0
29374,064277813,2.0
29379,064277814,2.0
29384,064277901,2.0
29389,064277902,2.0
29393,064277903,2.0
29398,064277904,2.0
29403,064277905,2.0
29408,064277906,2.0
29413,064277907,2.0
29418,064277908,2.0
29423,064277909,2.0
29428,064277910,2.0
29433,064277911,2.0
29438,064277912,2.0
29443,064277913,2.0
29448,064278001,2.0
29453,064278002,2.0
29458,064278003,2.0
29463,064278004,2.0
29468,064278005,2.0
29473,064278006,2.0
29478,064278007,2.0
29483,064278008,2.0
29488,064278009,2.0
29493,064278010,2.0
29498,064278011,2.0
29503,064278012,2.0
29508,064278013,2.0
29513,064278014,2.0
29517,064278015,2.0
29522,064278016,2.0
29526,064278017,2.0
29530,064278018,2.0
29535,064278019,2.0
29540,064340101,2.0
29545,064340102,3.0
29550,064340103,3.0
29555,064340104,3.0
29560,064340105,3.0
29565,064340106,3.0
29570,064340107,3.0
29574,064340108,3.0
29579,064340109,3.0
29584,064340110,3.0
29589,064340111,3.0
29594,064340112,3.0
29598,064340113,2.0
29604,064340201,3.0
29609,064340202,3.0
29614,064340203,3.0
29619,064340204,3.0
29624,064340205,3.0
29629,064340206,3.0
29633,064340207,3.0
29638,064340208,3.0
29642,064340209,3.0
29646,064340210,3.0
29651,064340211,3.0
29656,064340212,3.0
29661,064340301,3.0
29666,064340302,3.0
29671,064340303,3.0
29676,064340304,3.0
29681,064340305,3.0
29686,064340306,3.0
29691,064340307,3.0
29696,064340308,3.0
29700,064340309,3.0
29705,064340310,3.0
29710,064340401,3.0
29715,064340402,3.0
29720,064340403,3.0
29725,064340404,3.0
29730,064340405,3.0
29735,064340406,3.0
29740,064340407,3.0
29745,064340408,3.0
29750,064340409,3.0
29755,064340410,3.0
29760,064340501,3.0
29765,064340502,3.0
29770,064340503,3.0
29775,064340504,3.0
29780,064340505,3.0
29784,064340506,3.0
29789,064340507,3.0
29794,064340508,3.0
29799,064340509,3.0
29804,064340510,3.0
29809,064340601,3.0
29814,064340602,3.0
29819,064340603,3.0
29824,064340604,3.0
29829,064340605,3.0
29834,064340606,3.0
29839,064340607,3.0
29844,064340608,3.0
29848,064340609,2.0
29853,064340701,2.0
29858,064340702,2.0
29864,064340703,3.0
29869,064340704,3.0
29873,064340705,2.0
29878,064340706,2.0
29884,064340707,3.0
29888,064340708,2.0
29894,064340709,3.0
29899,064340710,3.0
29903,064340711,2.0
29908,064340712,2.0
29913,064340801,2.0
29918,064340802,2.0
29922,064340803,2.0
29927,064340804,2.0
29932,064340805,2.0
29937,064340806,2.0
29942,064340807,2.0
29947,064340808,2.0
29952,064340901,2.0
29957,064340902,2.0
29962,064340903,2.0
29967,064340904,2.0
29972,064340905,2.0
29977,064340906,2.0
29982,064340907,2.0
29987,064340908,2.0
29992,064340909,2.0
29998,064341001,3.0
30003,064341002,3.0
30008,064341003,3.0
30013,064341004,3.0
30018,064341005,3.0
30023,064341006,3.0
30027,064341007,2.0
30033,064341008,3.0
30038,064341009,3.0
30043,064341010,3.0
30047,064341011,2.0
30052,064341012,2.0
30057,064341101,2.0
30062,064341102,2.0
30067,064341103,2.0
30072,064341104,2.0
30077,064341105,2.0
30082,064341106,2.0
30087,064341107,2.0
30093,064341108,3.0
30097,064341109,2.0
30102,064341110,2.0
30108,064341111,3.0
30113,064341112,3.0
30117,064341113,2.0
30122,064341114,2.0
30127,064341201,3.0
30132,064341202,3.0
30137,064341203,3.0
30142,064341204,3.0
30147,064341205,3.0
30152,064341206,3.0
30157,064341207,3.0
30162,064341208,3.0
30167,064341301,3.0
30172,064341302,3.0
30177,064341303,3.0
30182,064341304,3.0
30187,064341305,3.0
30192,064341306,3.0
30197,064341307,3.0
30202,064341308,3.0
30207,064341309,3.0
30212,064341310,3.0
30216,064341311,2.0
30221,064341312,2.0
30227,064341401,3.0
30232,064341402,3.0
30237,064341403,3.0
30242,064341404,3.0
30247,064341405,3.0
30252,064341406,3.0
30257,064341407,3.0
30262,064341408,3.0
30267,064341501,3.0
30272,064341502,3.0
30277,064341503,3.0
30282,064341504,3.0
30287,064341505,3.0
30292,064341506,3.0
30296,064341507,3.0
30301,064341508,3.0
30306,064341601,3.0
30311,064341602,3.0
30316,064341603,3.0
30321,064341604,3.0
30326,064341605,3.0
30331,064341606,3.0
30335,064341607,3.0
30340,064341701,3.0
30345,064341702,3.0
30350,064341703,3.0
30355,064341704,3.0
30360,064341705,3.0
30365,064341706,3.0
30370,064341707,3.0
30375,064341708,3.0
30380,064341709,3.0
30385,064341710,3.0
30390,064341711,3.0
30395,064341801,3.0
30400,064341802,3.0
30405,064341803,3.0
30410,064341804,3.0
30415,064341805,3.0
30419,064341806,3.0
30424,064341807,3.0
30429,064341808,3.0
30434,064341809,3.0
30439,064341810,3.0
30444,064341901,3.0
30449,064341902,3.0
30454,064341903,3.0
30459,064341904,3.0
30464,064341905,3.0
30469,064341906,3.0
30474,064341907,3.0
30479,064341908,3.0
30484,064341909,3.0
30489,064341910,3.0
30494,064341911,3.0
30498,064342001,3.0
30503,064342002,3.0
30508,064342003,3.0
30513,064342004,3.0
30517,064342005,3.0
30522,064342006,3.0
30527,064342007,3.0
30532,064342008,3.0
30537,064342009,3.0
30542,064342010,3.0
30547,064342011,3.0
30552,064342101,3.0
30557,064342102,3.0
30562,064342103,3.0
30567,064342104,3.0
30572,064342105,3.0
30577,064342106,3.0
30582,064342107,3.0
30587,064342108,3.0
30592,064342109,3.0
30597,064342110,3.0
30602,064342111,3.0
30606,064342112,3.0
30611,064342113,3.0
30615,064342201,2.0
30620,064342202,2.0
30625,064342203,2.0
30630,064342204,2.0
30635,064342205,2.0
30640,064342206,2.0
30645,064342207,2.0
30651,064342208,3.0
30655,064342301,2.0
30660,064342302,2.0
30665,064342303,2.0
30670,064342304,2.0
30675,064342305,2.0
30680,064342306,2.0
30685,064342307,2.0
30691,064342401,3.0
30695,064342402,2.0
30700,064342403,2.0
30706,064342404,3.0
30711,064342405,3.0
30715,064342406,2.0
30721,064342407,3.0
30725,064342408,2.0
30731,064342409,3.0
30736,064342410,3.0
30740,064342501,2.0
30746,064342502,3.0
30750,064342503,2.0
30755,064342504,2.0
30760,064342505,2.0
30765,064342506,2.0
30770,064342507,2.0
30775,064342508,2.0
30780,064342509,2.0
30785,064342601,2.0
30790,064342602,2.0
30794,064342603,2.0
30798,064342604,2.0
30803,064342605,2.0
30808,064342606,2.0
30813,064342607,2.0
30817,064342608,2.0
30820,064342609,2.0
30825,064342610,2.0
30830,064342611,2.0
30835,064342612,2.0
30841,064342701,3.0
30845,064342702,2.0
30851,064342703,3.0
30855,064342704,2.0
30861,064342705,3.0
30866,064342706,3.0
30870,064342707,2.0
30875,064342708,2.0
30880,064342709,2.0
30885,064342710,2.0
30890,064342801,2.0
30895,064342802,2.0
30900,064342803,2.0
30905,064342804,2.0
30910,064342805,2.0
30915,064342806,2.0
30920,064342807,2.0
30925,064342808,2.0
30931,064342809,3.0
30936,064342810,3.0
30940,064342811,2.0
30945,064342812,2.0
30950,064342813,2.0
30955,064342814,2.0
30961,064342901,3.0
30966,064342902,3.0
30971,064342903,3.0
30975,064342904,2.0
30981,064342905,3.0
30986,064342906,3.0
30991,064342907,3.0
30996,064342908,3.0
31001,064342909,3.0
31006,064342910,3.0
31010,064342911,2.0
31016,064343001,3.0
31021,064343002,3.0
31026,064343003,3.0
31031,064343004,3.0
31036,064343005,3.0
31041,064343006,3.0
31046,064343007,3.0
31051,064343008,3.0
31056,064343009,3.0
31061,064343101,3.0
31066,064343102,3.0
31071,064343103,3.0
31076,064343104,3.0
31081,064343105,3.0
31086,064343106,3.0
31091,064343107,3.0
31096,064343108,3.0
31101,064343109,3.0
31105,064343201,3.0
31110,064343202,3.0
31115,064343203,3.0
31119,064343204,3.0
31124,064343205,3.0
31129,064343206,3.0
31134,064343207,3.0
31139,064343208,3.0
31143,064343301,2.0
31148,064343302,3.0
31153,064343303,3.0
31158,064343304,3.0
31163,064343305,3.0
31168,064343306,3.0
31173,064343307,3.0
31178,064343308,3.0
31183,064343401,3.0
31188,064343402,3.0
31193,064343403,3.0
31198,064343404,3.0
31203,064343405,3.0
31208,064343406,3.0
31212,064343407,2.0
31217,064343408,2.0
31223,064343409,3.0
31228,064343410,3.0
31232,064343411,2.0
31237,064343412,2.0
31243,064343413,3.0
31247,064343414,2.0
31253,064343415,3.0
31258,064343501,3.0
31263,064343502,3.0
31268,064343503,3.0
31272,064343504,2.0
31278,064343505,3.0
31282,064343506,3.0
31286,064343507,2.0
31291,064343508,2.0
31297,064343509,3.0
31301,064343510,2.0
31306,064343511,2.0
31311,064343512,2.0
31316,064343513,2.0
31321,064343514,2.0
31327,064343601,3.0
31332,064343602,3.0
31337,064343603,3.0
31341,064343604,3.0
31346,064343605,3.0
31351,064343606,3.0
31356,064343607,3.0
31361,064343608,3.0
31366,064343701,3.0
31371,064343702,3.0
31376,064343703,3.0
31381,064343704,3.0
31386,064343705,3.0
31391,064343706,3.0
31396,064343707,3.0
31401,064343708,3.0
31406,064343801,3.0
31411,064343802,3.0
31416,064343803,3.0
31421,064343804,3.0
31425,064343805,3.0
31430,064343806,3.0
31435,064343807,3.0
31439,064343808,3.0
31444,064343809,3.0
31449,064343810,3.0
31454,064343811,3.0
31459,064343812,3.0
31464,064343901,3.0
31469,064343902,3.0
31474,064343903,3.0
31479,064343904,3.0
31484,064343905,3.0
31489,064343906,3.0
31494,064343907,3.0
31499,064343908,3.0
31503,064343909,2.0
31509,064344001,3.0
31514,064344002,3.0
31518,064344003,3.0
31523,064344004,3.0
31527,064344005,3.0
31532,064344006,3.0
31537,064344007,3.0
31542,064344008,3.0
31547,064344101,3.0
31552,064344102,3.0
31557,064344103,3.0
31561,064344104,2.0
31567,064344105,3.0
31571,064344106,2.0
31577,064344107,3.0
31582,064344108,3.0
31586,064344201,2.0
31591,064344202,2.0
31597,064344203,3.0
31602,064344204,3.0
31607,064344205,3.0
31611,064344206,2.0
31617,064344207,3.0
31622,064344208,3.0
31627,064344301,3.0
31631,064344302,3.0
31636,064344303,3.0
31641,064344304,3.0
31646,064344305,3.0
31651,064344306,3.0
31656,064344307,3.0
31661,064344308,3.0
31665,064344401,2.0
31670,064344402,2.0
31675,064344403,2.0
31681,064344404,3.0
31685,064344405,2.0
31690,064344406,2.0
31694,064344407,2.0
31699,064344408,2.0
31705,064344409,3.0
31710,064344410,3.0
31715,064344411,3.0
31720,064344412,3.0
31725,064344413,3.0
31730,064344501,3.0
31734,064344502,2.0
31739,064344503,2.0
31744,064344504,2.0
31749,064344505,2.0
31754,064344506,2.0
31759,064344507,2.0
31764,064344508,2.0
31769,064344509,2.0
31774,064344510,2.0
31780,064344511,3.0
31784,064344512,2.0
31789,064344513,2.0
31795,064344601,3.0
31800,064344602,3.0
31804,064344603,2.0
31809,064344604,2.0
31814,064344605,2.0
31819,064344606,2.0
31824,064344607,2.0
31829,064344608,2.0
31834,064344701,2.0
31839,064344702,2.0
31844,064344703,2.0
31849,064344704,2.0
31854,064344705,2.0
31859,064344706,2.0
31864,064344707,2.0
31869,064344708,2.0
31874,064344709,2.0
31880,064344801,3.0
31885,064344802,3.0
31889,064344803,3.0
31893,064344804,3.0
31898,064344805,3.0
31903,064344806,3.0
31908,064344807,3.0
31913,064344808,3.0
31918,064344809,3.0
31923,064344901,3.0
31928,064344902,3.0
31933,064344903,3.0
31938,064344904,3.0
31943,064344905,3.0
31948,064344906,3.0
31953,064344907,3.0
31958,064344908,3.0
31963,064345001,3.0
31968,064345002,3.0
31973,064345003,3.0
31978,064345004,3.0
31983,064345005,3.0
31988,064345006,3.0
31993,064345007,3.0
31998,064345008,3.0
32003,064345101,3.0
32007,064345102,2.0
32012,064345103,2.0
32016,064345104,2.0
32019,064345105,2.0
32022,064345106,2.0
32028,064345107,3.0
32033,064345108,3.0
32038,064345109,3.0
32042,064345201,2.0
32047,064345202,2.0
32051,064345203,2.0
32055,064345204,2.0
32060,064345205,2.0
32065,064345206,2.0
32069,064345207,2.0
32074,064345208,2.0
32079,064345301,2.0
32084,064345302,2.0
32090,064345303,3.0
32095,064345304,3.0
32099,064345305,2.0
32104,064345306,2.0
32110,064345307,3.0
32114,064345308,2.0
32119,064345309,2.0
32124,064345401,2.0
32129,064345402,2.0
32134,064345403,2.0
32139,064345404,2.0
32144,064345405,2.0
32148,064345406,2.0
32153,064345407,2.0
32158,064345408,2.0
32163,064345409,2.0
32168,064345410,2.0
32173,064345411,2.0
32179,064345501,3.0
32183,064345502,3.0
32187,064345503,3.0
32192,064345504,3.0
32197,064345505,3.0
32202,064345506,3.0
32207,064345507,3.0
32212,064345508,3.0
32217,064345509,3.0
32222,064345601,3.0
32227,064345602,3.0
32232,064345603,3.0
32237,064345604,3.0
32242,064345605,3.0
32247,064345606,3.0
32252,064345607,3.0
32256,064900101,2.0
32261,064900102,2.0
32266,064900103,2.0
32271,064900104,2.0
32276,064900105,2.0
32281,064900106,2.0
32286,064900107,2.0
32291,064900108,2.0
32296,064900109,2.0
32300,064900110,2.0
32305,064900111,2.0
32309,064900112,2.0
32314,064900113,2.0
32319,064900114,2.0
32324,064900115,2.0
32328,064900201,2.0
32333,064900202,2.0
32338,064900203,2.0
32343,064900204,2.0
32348,064900205,2.0
32353,064900206,2.0
32358,064900207,2.0
32363,064900208,2.0
32368,064900209,2.0
32373,064900210,2.0
32378,064900301,2.0
32383,064900302,2.0
32388,064900303,2.0
32393,064900304,2.0
32399,064900305,3.0
32403,064900306,2.0
32408,064900307,2.0
32413,064900308,2.0
32418,064900309,2.0
32423,064900310,2.0
32428,064900311,2.0
32432,064900312,2.0
32437,064900313,2.0
32442,064900314,2.0
32447,064900315,2.0
32452,064900401,2.0
32457,064900402,2.0
32462,064900403,2.0
32466,064900404,2.0
32471,064900405,2.0
32476,064900406,2.0
32481,064900407,2.0
32486,064900408,2.0
32491,064900501,2.0
32496,064900502,2.0
32501,064900503,2.0
32506,064900504,2.0
32511,064900505,2.0
32517,064900506,3.0
32521,064900507,2.0
32526,064900508,2.0
32532,064900601,3.0
32537,064900602,3.0
32542,064900603,3.0
32546,064900604,3.0
32551,064900605,3.0
32556,064900606,3.0
32560,064900607,2.0
32566,064900608,3.0
32570,064900701,2.0
32575,064900702,2.0
32580,064900703,2.0
32585,064900704,2.0
32591,064900705,3.0
32596,064900706,3.0
32600,064900707,2.0
32605,064900708,2.0
32611,064900709,3.0
32615,064900710,2.0
32620,064900711,2.0
32626,064900712,3.0
32631,064900713,3.0
32635,064900714,2.0
32639,064900715,2.0
32645,064900801,3.0
32650,064900802,3.0
32655,064900803,3.0
32660,064900804,3.0
32664,064900805,3.0
32669,064900806,3.0
32674,064900807,3.0
32678,064900808,3.0
32683,064900809,3.0
32688,064900901,3.0
32693,064900902,3.0
32698,064900903,3.0
32703,064900904,3.0
32708,064900905,3.0
32713,064900906,3.0
32718,064900907,3.0
32723,064900908,3.0
32728,064900909,3.0
32733,064901001,3.0
32737,064901002,2.0
32743,064901003,3.0
32748,064901004,3.0
32753,064901005,3.0
32758,064901006,3.0
32763,064901007,3.0
32767,064901008,3.0
32771,064901009,3.0
32776,064901010,3.0
32781,064901101,3.0
32786,064901102,3.0
32791,064901103,3.0
32796,064901104,3.0
32801,064901105,3.0
32805,064901106,3.0
32810,064901107,3.0
32815,064901108,3.0
32820,064901109,3.0
32825,064901110,3.0
32829,064901111,3.0
32834,064901112,3.0
32839,064901113,3.0
32844,064901114,3.0
32849,064901201,3.0
32854,064901202,3.0
32859,064901203,3.0
32864,064901204,3.0
32869,064901205,3.0
32874,064901206,3.0
32879,064901207,3.0
32884,064901208,3.0
32889,064901209,3.0
32894,064901210,3.0
32899,064901211,3.0
32903,064901301,2.0
32908,064901302,2.0
32913,064901303,2.0
32918,064901304,2.0
32923,064901305,2.0
32928,064901306,2.0
32934,064901307,3.0
32939,064901308,3.0
32943,064901401,2.0
32948,064901402,2.0
32953,064901403,2.0
32958,064901404,2.0
32963,064901405,2.0
32969,064901406,3.0
32974,064901407,3.0
32978,064901408,2.0
32983,064901409,2.0
32988,064901410,2.0
32993,064901411,2.0
32998,064901412,2.0
33003,064901501,2.0
33008,064901502,2.0
33013,064901503,2.0
33018,064901504,2.0
33024,064901505,3.0
33028,064901506,2.0
33033,064901507,2.0
33038,064901508,2.0
33043,064901509,2.0
33048,064901510,2.0
33053,064901511,2.0
33058,064901601,2.0
33064,064901602,3.0
33068,064901603,2.0
33072,064901604,2.0
33077,064901605,2.0
33082,064901606,2.0
33088,064901607,3.0
33093,064901608,3.0
33098,064901609,3.0
33102,064901610,2.0
33107,064901611,2.0
33112,064901701,2.0
33117,064901702,2.0
33122,064901703,2.0
33127,064901704,2.0
33132,064901705,2.0
33138,064901706,3.0
33142,064901707,2.0
33147,064901708,2.0
33152,064901709,2.0
33157,064901710,2.0
33162,064901711,2.0
33167,064901712,2.0
33172,064901713,2.0
33178,064901801,3.0
33183,064901802,3.0
33188,064901803,3.0
33193,064901804,3.0
33198,064901805,3.0
33203,064901806,3.0
33208,064901807,3.0
33213,064901808,3.0
33218,064901901,3.0
33223,064901902,3.0
33228,064901903,3.0
33233,064901904,3.0
33237,064901905,3.0
33242,064901906,3.0
33247,064901907,3.0
33252,064901908,3.0
33257,064901909,3.0
33262,064901910,3.0
33267,064901911,3.0
33271,064901912,3.0
33276,064901913,3.0
33281,064902001,3.0
33286,064902002,3.0
33291,064902003,3.0
33296,064902004,3.0
33301,064902005,3.0
33306,064902006,3.0
33311,064902007,3.0
33316,064902008,3.0
33320,064902009,3.0
33325,064902101,3.0
33330,064902102,3.0
33335,064902103,3.0
33339,064902104,3.0
33344,064902105,3.0
33349,064902106,3.0
33354,064902107,3.0
33359,064902108,3.0
33364,064902109,3.0
33369,064902110,3.0
33374,064902111,3.0
33379,064902112,3.0
33384,064902201,3.0
33388,064902202,3.0
33393,064902203,3.0
33398,064902204,3.0
33403,064902205,3.0
33408,064902206,3.0
33413,064902207,3.0
33418,064902208,3.0
33423,064902209,3.0
33428,064902210,3.0
33433,064902211,3.0
33437,064902212,3.0
33442,064902213,3.0
33447,064902214,3.0
33452,064902215,3.0
33456,064902301,3.0
33461,064902302,3.0
33466,064902303,3.0
33471,064902304,3.0
33476,064902305,3.0
33481,064902306,3.0
33486,064902401,3.0
33491,064902402,3.0
33496,064902403,3.0
33501,064902404,3.0
33506,064902405,3.0
33511,064902406,3.0
33516,064902407,3.0
33521,064902501,3.0
33526,064902502,3.0
33531,064902503,3.0
33536,064902504,3.0
33541,064902505,3.0
33546,064902506,3.0
33551,064902507,3.0
33556,064902508,3.0
33561,064902601,3.0
33566,064902602,3.0
33570,064902603,3.0
33575,064902604,3.0
33580,064902605,3.0
33585,064902606,3.0
33590,064902607,3.0
33595,064902608,3.0
33600,064902609,3.0
33605,064902610,3.0
33610,064902611,3.0
33615,064902612,3.0
33620,064902613,3.0
33625,064902614,3.0
33628,064902701,2.0
33634,064902702,3.0
33639,064902703,3.0
33644,064902704,3.0
33649,064902705,3.0
33654,064902706,3.0
33659,064902707,3.0
33664,064902708,3.0
33669,064902709,3.0
33674,064902710,3.0
33679,064902711,3.0
33683,064902712,2.0
33689,064902713,3.0
33693,064902714,2.0
33698,064902801,2.0
33704,064902802,3.0
33709,064902803,3.0
33714,064902804,3.0
33719,064902805,3.0
33724,064902806,3.0
33729,064902807,3.0
33734,064902808,3.0
33739,064902809,3.0
33743,064902810,2.0
33749,064902811,3.0
33754,064902812,3.0
33758,064902901,2.0
33763,064902902,2.0
33768,064902903,2.0
33773,064902904,2.0
33778,064902905,2.0
33783,064902906,2.0
33788,064902907,2.0
33793,064902908,2.0
33798,064902909,2.0
33804,064902910,3.0
33809,064902911,3.0
33813,064903001,2.0
33818,064903002,2.0
33823,064903003,2.0
33828,064903004,2.0
33834,064903005,3.0
33838,064903006,2.0
33843,064903007,2.0
33848,064903008,2.0
33854,064903009,3.0
33859,064903010,3.0
33864,064903011,3.0
33868,064903101,2.0
33873,064903102,2.0
33878,064903103,2.0
33883,064903104,2.0
33888,064903105,2.0
33893,064903106,2.0
33898,064903107,2.0
33903,064903108,2.0
33908,064903109,2.0
33913,064903110,2.0
33918,064903111,2.0
33922,064903112,2.0
33927,064903201,2.0
33932,064903202,2.0
33937,064903203,2.0
33942,064903204,2.0
33947,064903205,2.0
33952,064903206,2.0
33957,064903207,2.0
33962,064903208,2.0
33967,064903209,2.0
33972,064903210,2.0
33977,064903211,2.0
33982,064903212,2.0
33987,064903213,2.0
33992,064903301,2.0
33997,064903302,2.0
34002,064903303,2.0
34007,064903304,2.0
34012,064903305,2.0
34017,064903306,2.0
34022,064903307,2.0
34027,064903308,2.0
34032,064903309,2.0
34037,064903310,2.0
34042,064903311,2.0
34047,064903401,2.0
34052,064903402,2.0
34057,064903403,2.0
34062,064903404,2.0
34067,064903405,2.0
34072,064903406,2.0
34077,064903407,2.0
34082,064903501,2.0
34087,064903502,2.0
34092,064903503,2.0
34096,064903504,2.0
34101,064903505,2.0
34106,064903506,2.0
34111,064903507,2.0
34117,064903508,3.0
34121,064903509,2.0
34126,064903510,2.0
34131,064903511,2.0
34136,064903512,2.0
34141,064903513,2.0
34145,064903601,2.0
34150,064903602,2.0
34155,064903603,2.0
34160,064903604,2.0
34165,064903605,2.0
34170,064903606,2.0
34175,064903607,2.0
34180,064903608,2.0
34185,064903609,2.0
34190,064903610,2.0
34195,064903611,2.0
34200,064903612,2.0
34205,064903701,2.0
34210,064903702,2.0
34215,064903703,2.0
34220,064903704,2.0
34225,064903705,2.0
34230,064903706,2.0
34235,064903707,2.0
34240,064903708,2.0
34245,064903709,2.0
34250,064903801,2.0
34255,064903802,2.0
34260,064903803,2.0
34265,064903804,2.0
34270,064903805,2.0
34275,064903806,2.0
34280,064903807,2.0
34286,064903808,3.0
34291,064903809,3.0
34295,064903810,2.0
34300,064903811,2.0
34305,064903812,2.0
34310,064903901,2.0
34314,064903902,2.0
34318,064903903,2.0
34323,064903904,2.0
34328,064903905,2.0
34333,064903906,2.0
34338,064903907,2.0
34343,064903908,2.0
34348,064903909,2.0
34352,064903910,2.0
34357,064903911,2.0
34362,064903912,2.0
34367,064904001,2.0
34372,064904002,2.0
34377,064904003,2.0
34382,064904004,2.0
34387,064904005,2.0
34392,064904006,2.0
34397,064904007,2.0
34402,064904008,2.0
34406,064904009,2.0
34411,064904010,2.0
34416,064904011,2.0
34421,064904012,2.0
34426,064904013,2.0
34431,064904014,2.0
34437,064904101,3.0
34441,064904102,3.0
34444,064904201,3.0
34449,064904202,3.0
34454,064904203,3.0
34459,064904204,3.0
34464,064904205,3.0
34469,064904206,3.0
34474,064904207,3.0
34479,064904208,3.0
34484,064904301,3.0
34488,064904302,3.0
34493,064904303,3.0
34498,064904304,3.0
34502,064904305,2.0
34505,064904306,2.0
34510,064904307,2.0
34515,064904308,2.0
34520,064904309,3.0
34525,064904310,3.0
34530,064904311,3.0
34535,064904312,3.0
34540,064904313,3.0
34545,064904314,3.0
34550,064904401,3.0
34554,064904402,3.0
34558,064904403,3.0
34563,064904404,3.0
34567,064904405,2.0
34572,064904406,2.0
34578,064904407,3.0
34583,064904408,3.0
34588,064904501,3.0
34593,064904502,3.0
34598,064904503,3.0
34603,064904504,3.0
34608,064904505,3.0
34613,064904506,3.0
34617,064904507,3.0
34621,064904508,3.0
34626,064904509,3.0
34631,064904601,3.0
34636,064904602,3.0
34641,064904603,3.0
34646,064904604,3.0
34651,064904605,3.0
34656,064904606,3.0
34661,064904607,3.0
34666,064904608,3.0
34671,064904609,3.0
34675,064904610,2.0
34680,064904611,3.0
34685,064904612,3.0
34690,064904701,3.0
34695,064904702,3.0
34699,064904703,3.0
34704,064904704,3.0
34709,064904705,3.0
34714,064904706,3.0
34719,064904707,3.0
34724,064904708,3.0
34729,064904709,3.0
34734,064904710,3.0
34739,064904711,3.0
34744,064904712,3.0
34749,064904713,3.0
34754,064904801,3.0
34759,064904802,3.0
34764,064904803,3.0
34769,064904804,3.0
34774,064904805,3.0
34778,064904806,3.0
34783,064904807,3.0
34788,064904808,3.0
34793,064904809,3.0
34798,064904810,3.0
34803,064904811,3.0
34807,064904812,3.0
34812,064904901,3.0
34817,064904902,3.0
34822,064904903,3.0
34827,064904904,3.0
34832,064904905,3.0
34836,064904906,3.0
34840,064904907,3.0
34845,064904908,3.0
34849,064904909,3.0
34854,064904910,3.0
34859,064904911,3.0
34863,064904912,3.0
34868,064904913,3.0
34873,064904914,3.0
34877,064905001,3.0
34881,064905002,3.0
34886,064905003,3.0
34891,064905004,3.0
34896,064905005,3.0
34901,064905006,3.0
34905,064905007,3.0
34910,064905008,3.0
34915,064905009,3.0
34920,064905010,3.0
34925,064905011,3.0
34929,064905101,3.0
34934,064905102,3.0
34939,064905103,3.0
34944,064905104,3.0
34949,064905105,3.0
34954,064905106,3.0
34959,064905107,3.0
34964,064905108,3.0
34969,064905109,3.0
34974,064905110,3.0
34979,064905111,3.0
34983,064905112,3.0
34987,064905201,2.0
34992,064905202,2.0
34997,064905203,2.0
35002,064905204,2.0
35007,064905205,2.0
35012,064905206,2.0
35017,064905207,2.0
35022,064905208,2.0
35027,064905209,2.0
35032,064905301,2.0
35037,064905302,2.0
35042,064905303,2.0
35047,064905304,2.0
35052,064905305,2.0
35057,064905306,2.0
35062,064905307,2.0
35067,064905308,2.0
35073,064905401,3.0
35077,064905402,3.0
35082,064905403,3.0
35087,064905404,3.0
35092,064905405,3.0
35097,064905406,3.0
35102,064905407,3.0
35107,064905501,3.0
35112,064905502,3.0
35117,064905503,3.0
35122,064905504,3.0
35127,064905505,3.0
35132,064905506,3.0
35137,064905601,3.0
35142,064905602,3.0
35147,064905603,3.0
35152,064905604,3.0
35157,064905605,3.0
35162,064905606,3.0
35167,064905607,3.0
35172,064905608,3.0
35177,064905609,3.0
35181,064905610,3.0
35186,064905611,3.0
35191,064905612,3.0
35195,064905613,3.0
35200,064905701,3.0
35205,064905702,3.0
35210,064905703,3.0
35215,064905704,3.0
35220,064905705,3.0
35225,064905706,3.0
35230,064905707,3.0
35235,064905708,3.0
35240,064905801,3.0
35245,064905802,3.0
35250,064905803,3.0
35255,064905804,3.0
35260,064905805,3.0
35264,064905806,2.0
35268,064905807,2.0
35273,064905808,2.0
35279,064905901,3.0
35284,064905902,3.0
35289,064905903,3.0
35294,064905904,3.0
35299,064905905,3.0
35303,064905906,3.0
35307,064905907,3.0
35312,064905908,3.0
35317,064905909,3.0
35322,064906001,3.0
35327,064906002,3.0
35332,064906003,3.0
35337,064906004,3.0
35341,064906005,3.0
35346,064906006,3.0
35351,064906007,3.0
35356,064906008,3.0
35359,064906101,2.0
35364,064906102,2.0
35369,064906103,2.0
35374,064906104,2.0
35379,064906105,2.0
35384,064906106,2.0
35389,064906107,2.0
35394,064906108,2.0
35399,064906109,2.0
35403,064906201,2.0
35408,064906202,2.0
35413,064906203,2.0
35418,064906204,2.0
35423,064906205,2.0
35428,064906206,2.0
35433,064906207,2.0
35438,064906208,2.0
35443,064906209,2.0
35448,064906210,2.0
35453,064906211,2.0
35458,064906212,2.0
35463,064906213,2.0
35468,064906214,2.0
35473,064906215,2.0
35478,064906216,2.0
35483,064906301,2.0
35488,064906302,2.0
35493,064906303,2.0
35498,064906304,2.0
35503,064906305,2.0
35508,064906306,2.0
35513,064906307,2.0
35518,064906308,2.0
35522,064906401,2.0
35527,064906402,2.0
35532,064906403,2.0
35537,064906404,2.0
35542,064906405,2.0
35547,064906406,2.0
35552,064906407,2.0
35557,064906408,2.0
35562,064906501,2.0
35568,064906502,3.0
35572,064906503,2.0
35577,064906504,2.0
35582,064906505,2.0
35587,064906506,2.0
35591,064906507,2.0
35596,064906508,2.0
35601,064906509,2.0
35606,064906510,2.0
35611,064906511,2.0
35616,064906512,2.0
35621,064906513,2.0
35626,064906601,2.0
35631,064906602,2.0
35636,064906603,2.0
35641,064906604,2.0
35646,064906605,2.0
35651,064906606,2.0
35656,064906607,2.0
35661,064906608,2.0
35666,064906609,2.0
35671,064906610,2.0
35675,064906611,2.0
35680,064906701,3.0
35685,064906702,3.0
35689,064906703,2.0
35695,064906704,3.0
35699,064906705,2.0
35705,064906706,3.0
35710,064906707,3.0
35715,065680101,3.0
35720,065680102,3.0
35725,065680103,3.0
35730,065680201,3.0
35735,065680202,3.0
35740,065680203,3.0
35745,065680204,3.0
35750,065680205,3.0
35755,065680206,3.0
35760,065680207,3.0
35765,065680208,3.0
35770,065680209,3.0
35775,065680210,3.0
35780,065680211,3.0
35785,065680212,3.0
35790,065680301,3.0
35795,065680302,3.0
35799,065680303,2.0
35804,065680304,2.0
35809,065680305,2.0
35815,065680306,3.0
35819,065680307,2.0
35824,065680308,2.0
35830,065680401,3.0
35835,065680402,3.0
35840,065680403,3.0
35845,065680404,3.0
35850,065680405,3.0
35855,065680406,3.0
35860,065680407,3.0
35865,065680408,3.0
35870,065680409,3.0
35875,065680410,3.0
35880,065680411,3.0
35884,065680412,3.0
35889,065680413,3.0
35894,065680414,3.0
35899,065680501,3.0
35904,065680502,3.0
35909,065680503,3.0
35914,065680504,3.0
35918,065680505,3.0
35922,065680506,3.0
35927,065680507,3.0
35932,065680508,3.0
35937,065680509,3.0
35941,065680510,3.0
35945,065680511,3.0
35949,065680512,3.0
35954,065680601,3.0
35958,065680602,3.0
35963,065680603,3.0
35967,065680604,3.0
35972,065680605,3.0
35976,065680606,3.0
35981,065680607,3.0
35986,065680701,3.0
35991,065680702,3.0
35996,065680703,3.0
36001,065680704,3.0
36006,065680705,3.0
36011,065680706,3.0
36015,065680707,3.0
36020,065680708,3.0
36025,065680709,3.0
36030,065680801,3.0
36034,065680802,3.0
36039,065680803,3.0
36044,065680804,3.0
36049,065680805,3.0
36054,065680806,3.0
36059,065680807,3.0
36064,065680808,3.0
36069,065680901,3.0
36074,065680902,3.0
36079,065680903,3.0
36084,065680904,3.0
36089,065680905,3.0
36094,065680906,3.0
36099,065680907,3.0
36104,065680908,3.0
36108,065680909,3.0
36113,065680910,3.0
36118,065680911,3.0
36123,065680912,3.0
36128,065680913,3.0
36133,065680914,3.0
36138,065681001,3.0
36143,065681002,3.0
36148,065681003,3.0
36152,065681004,3.0
36157,065681005,3.0
36162,065681006,3.0
36167,065681007,3.0
36172,065681008,3.0
36177,065681009,3.0
36182,065681101,3.0
36187,065681102,3.0
36192,065681103,3.0
36197,065681104,3.0
36202,065681105,3.0
36207,065681106,3.0
36211,065681107,3.0
36216,065681201,3.0
36221,065681202,3.0
36226,065681203,3.0
36230,065681204,3.0
36235,065681205,3.0
36240,065681206,3.0
36245,065681207,3.0
36250,065681208,3.0
36255,065681209,3.0
36260,065681210,3.0
36265,065681211,3.0
36269,065681301,3.0
36274,065681302,3.0
36278,065681303,3.0
36283,065681304,3.0
36287,065681305,3.0
36292,065681306,3.0
36296,065681307,3.0
36301,065681308,3.0
36306,065681309,3.0
36310,065681310,2.0
36315,065681401,3.0
36319,065681402,3.0
36324,065681403,3.0
36329,065681404,3.0
36334,065681405,3.0
36339,065681406,3.0
36344,065681407,3.0
36348,065681408,3.0
36353,065681409,3.0
36358,065681410,3.0
36363,065681411,3.0
36368,065681412,3.0
36373,065681501,3.0
36377,065681502,3.0
36382,065681503,3.0
36387,065681504,3.0
36392,065681505,3.0
36397,065681506,3.0
36402,065681507,3.0
36407,065681508,3.0
36412,065681509,3.0
36417,065681510,3.0
36422,065681601,3.0
36426,065681602,2.0
36432,065681603,3.0
36437,065681604,3.0
36442,065681605,3.0
36447,065681606,3.0
36452,065681607,3.0
36456,065681608,3.0
36461,065681609,3.0
36465,065681610,3.0
36470,065681611,3.0
36475,065681612,3.0
36480,065681613,3.0
36485,065681614,3.0
36489,065681701,3.0
36494,065681702,3.0
36499,065681703,3.0
36504,065681704,3.0
36509,065681705,3.0
36514,065681706,3.0
36519,065681707,3.0
36524,065681708,3.0
36529,065681709,3.0
36534,065681710,3.0
36539,065681711,3.0
36544,065681712,3.0
36549,065681713,3.0
36554,065681801,3.0
36559,065681802,3.0
36564,065681803,3.0
36569,065681804,3.0
36573,065681805,3.0
36578,065681806,3.0
36583,065681807,3.0
36587,065681808,3.0
36592,065681809,3.0
36597,065681901,3.0
36602,065681902,3.0
36607,065681903,3.0
36612,065681904,3.0
36617,065681905,3.0
36622,065681906,3.0
36627,065681907,3.0
36632,065681908,3.0
36637,065681909,3.0
36642,065681910,3.0
36647,065681911,3.0
36651,065682001,3.0
36656,065682002,3.0
36660,065682003,3.0
36665,065682004,3.0
36670,065682005,3.0
36675,065682006,3.0
36680,065682007,3.0
36685,065682101,3.0
36690,065682102,3.0
36694,065682103,3.0
36698,065682104,3.0
36703,065682105,3.0
36708,065682106,3.0
36713,065682107,3.0
36717,065682108,3.0
36722,065682201,3.0
36727,065682202,3.0
36732,065682203,3.0
36737,065682204,3.0
36742,065682205,3.0
36747,065682206,3.0
36752,065682207,3.0
36757,065682208,3.0
36762,065682209,3.0
36767,065682210,3.0
36772,065682211,3.0
36777,065682212,3.0
36782,065682213,3.0
36787,065682301,3.0
36792,065682302,3.0
36797,065682303,3.0
36802,065682304,3.0
36807,065682305,3.0
36812,065682306,3.0
36817,065682307,3.0
36822,065682308,3.0
36827,065682309,3.0
36832,065682310,3.0
36837,065682311,3.0
36842,065682312,3.0
36846,065682401,3.0
36851,065682402,3.0
36856,065682403,3.0
36861,065682404,3.0
36866,065682405,3.0
36871,065682406,3.0
36876,065682407,3.0
36881,065682408,3.0
36886,065682409,3.0
36890,065682410,3.0
36895,065682501,3.0
36900,065682502,3.0
36905,065682503,3.0
36910,065682504,3.0
36915,065682505,3.0
36920,065682506,3.0
36925,065682507,3.0
36930,065682508,3.0
36935,065682601,3.0
36940,065682602,3.0
36945,065682603,3.0
36950,065682604,3.0
36955,065682605,3.0
36959,065682606,3.0
36964,065682607,3.0
36969,065682608,3.0
36974,065682609,3.0
36979,065682610,3.0
36984,065682611,3.0
36989,065682612,3.0
36994,065682701,3.0
36998,065682702,2.0
37003,065682703,2.0
37009,065682704,3.0
37013,065682705,2.0
37019,065682706,3.0
37024,065682707,3.0
37029,065682708,3.0
37034,065682709,3.0
37039,065682710,3.0
37044,065682711,3.0
37049,065682712,3.0
37054,065682801,3.0
37059,065682802,3.0
37064,065682803,3.0
37068,065682804,2.0
37073,065682805,2.0
37078,065682806,2.0
37084,065682807,3.0
37088,065682808,2.0
37093,065682809,2.0
37098,065682810,2.0
37104,065682811,3.0
37109,065682812,3.0
37112,065682901,2.0
37116,065682902,2.0
37122,065682903,3.0
37126,065682904,2.0
37131,065682905,2.0
37136,065682906,2.0
37141,065682907,2.0
37146,065682908,2.0
37151,065682909,2.0
37156,065682910,2.0
37161,065682911,2.0
37166,065682912,2.0
37171,065682913,2.0
37176,065682914,2.0
37181,065683001,2.0
37185,065683002,2.0
37191,065683003,3.0
37195,065683004,2.0
37200,065683005,2.0
37206,065683006,3.0
37211,065683007,3.0
37215,065683008,2.0
37220,065683009,2.0
37224,065683010,2.0
37229,065683011,2.0
37235,065683012,3.0
37240,065683013,3.0
37244,065683014,2.0
37250,065683101,3.0
37254,065683102,2.0
37260,065683103,3.0
37265,065683104,3.0
37269,065683105,2.0
37274,065683106,3.0
37279,065683107,3.0
37284,065683201,3.0
37289,065683202,3.0
37294,065683203,3.0
37298,065683204,2.0
37304,065683205,3.0
37309,065683206,3.0
37314,065683207,3.0
37319,065683208,3.0
37324,065683209,3.0
37329,065683210,3.0
37334,065683211,3.0
37339,065683301,3.0
37343,065683302,3.0
37348,065683303,3.0
37353,065683304,3.0
37358,065683305,3.0
37362,065683306,3.0
37367,065683307,3.0
37372,065683308,3.0
37377,065683401,3.0
37382,065683402,3.0
37387,065683403,3.0
37392,065683404,3.0
37397,065683405,3.0
37402,065683406,3.0
37407,065683407,3.0
37412,065683408,3.0
37417,065683501,3.0
37421,065683502,3.0
37426,065683503,3.0
37431,065683504,3.0
37436,065683505,3.0
37441,065683506,3.0
37445,065683507,3.0
37450,065683508,3.0
37455,065683509,3.0
37459,065683601,3.0
37464,065683602,3.0
37469,065683603,3.0
37474,065683604,3.0
37479,065683605,3.0
37482,065683606,3.0
37486,065683607,3.0
37490,065683608,3.0
37495,065683609,3.0
37499,065683701,3.0
37503,065683702,3.0
37508,065683703,3.0
37512,065683704,3.0
37516,065683705,3.0
37521,065683706,3.0
37526,065683707,3.0
37531,065683708,3.0
37536,065683709,3.0
37541,065683801,3.0
37546,065683802,3.0
37550,065683803,3.0
37555,065683804,3.0
37560,065683805,3.0
37565,065683806,3.0
37570,065683807,3.0
37574,065683808,3.0
37579,065683901,3.0
37583,065683902,3.0
37588,065683903,3.0
37593,065683904,3.0
37598,065683905,3.0
37602,065683906,3.0
37607,065683907,3.0
37612,065683908,3.0
37617,065683909,3.0
37622,065683910,3.0
37626,065683911,3.0
37631,065683912,3.0
37636,065683913,3.0
37641,065683914,3.0
37646,065684001,3.0
37651,065684002,3.0
37655,065684003,2.0
37660,065684004,2.0
37666,065684005,3.0
37670,065684006,2.0
37675,065684007,2.0
37680,065684101,2.0
37685,065684102,2.0
37691,065684103,3.0
37696,065684104,3.0
37700,065684105,2.0
37705,065684106,2.0
37711,065684107,3.0
37716,067560101,3.0
37721,067560102,4.0
37725,067560103,4.0
37730,067560104,4.0
37734,067560105,3.0
37740,067560106,4.0
37745,067560107,4.0
37750,067560108,4.0
37753,067560109,3.0
37758,067560110,3.0
37763,067560201,3.0
37768,067560202,3.0
37772,067560203,3.0
37777,067560204,3.0
37782,067560205,3.0
37788,067560206,4.0
37793,067560207,4.0
37797,067560208,3.0
37802,067560209,3.0
37808,067560210,4.0
37812,067560301,3.0
37818,067560302,4.0
37822,067560303,3.0
37827,067560304,3.0
37832,067560305,3.0
37837,067560306,3.0
37842,067560307,3.0
37846,067560308,3.0
37851,067560309,3.0
37856,067560310,3.0
37861,067560311,3.0
37867,067560312,4.0
37871,067560401,3.0
37877,067560402,4.0
37882,067560403,4.0
37887,067560404,4.0
37892,067560405,4.0
37897,067560406,4.0
37902,067560407,4.0
37907,067560408,4.0
37912,067560501,4.0
37917,067560502,4.0
37922,067560503,4.0
37927,067560504,4.0
37932,067560505,4.0
37936,067560506,4.0
37941,067560507,4.0
37946,067560508,4.0
37951,067560509,4.0
37956,067560510,4.0
37960,067560601,3.0
37965,067560602,3.0
37969,067560603,3.0
37974,067560604,3.0
37979,067560605,3.0
37983,067560606,3.0
37988,067560607,3.0
37994,067560608,4.0
37998,067560609,3.0
38003,067560610,3.0
38008,067560611,3.0
38014,067560612,4.0
38018,067560701,3.0
38023,067560702,3.0
38027,067560703,3.0
38032,067560704,3.0
38037,067560705,3.0
38042,067560706,3.0
38046,067560707,3.0
38051,067560708,3.0
38056,067560709,3.0
38061,067560710,3.0
38066,067560711,3.0
38071,067560801,3.0
38076,067560802,3.0
38081,067560803,3.0
38086,067560804,3.0
38091,067560805,3.0
38096,067560806,3.0
38101,067560807,3.0
38106,067560808,3.0
38111,067560809,3.0
38116,067560901,3.0
38121,067560902,3.0
38126,067560903,3.0
38131,067560904,3.0
38136,067560905,3.0
38141,067560906,3.0
38146,067560907,3.0
38151,067560908,3.0
38156,067561001,3.0
38160,067561002,3.0
38164,067561003,3.0
38169,067561004,3.0
38174,067561005,3.0
38179,067561006,3.0
38184,067561007,3.0
38188,067561008,3.0
38192,067561009,3.0
38196,067561010,3.0
38200,067561011,3.0
38206,067561012,4.0
38210,067561101,3.0
38214,067561102,3.0
38219,067561103,3.0
38224,067561104,3.0
38229,067561105,3.0
38234,067561106,3.0
38239,067561201,3.0
38244,067561202,3.0
38249,067561203,3.0
38254,067561204,3.0
38259,067561205,3.0
38263,067561206,3.0
38267,067561207,3.0
38271,067561208,3.0
38276,067561209,3.0
38281,067561210,3.0
38286,067561211,3.0
38291,067561212,3.0
38296,067561301,3.0
38301,067561302,3.0
38305,067561303,2.0
38310,067561304,2.0
38315,067561305,2.0
38321,067561306,3.0
38326,067561307,3.0
38331,067561308,3.0
38336,067561309,3.0
38340,067561401,2.0
38345,067561402,2.0
38348,067561403,2.0
38353,067561404,2.0
38358,067561405,2.0
38364,067561406,3.0
38369,067561407,3.0
38374,067561408,3.0
38379,067561409,3.0
38384,067561410,3.0
38390,067561501,4.0
38394,067561502,3.0
38399,067561503,3.0
38405,067561504,4.0
38409,067561505,3.0
38414,067561506,3.0
38418,067561507,3.0
38423,067561508,3.0
38429,067561509,4.0
38433,067561510,3.0
38439,067561511,4.0
38444,067561512,4.0
38448,067561513,4.0
38452,067561514,3.0
38457,067561515,3.0
38462,067561601,3.0
38467,067561602,3.0
38472,067561603,4.0
38476,067561604,3.0
38482,067561605,4.0
38486,067561606,3.0
38491,067561607,3.0
38496,067561701,3.0
38501,067561702,3.0
38506,067561703,3.0
38511,067561704,3.0
38516,067561705,3.0
38521,067561706,3.0
38526,067561707,3.0
38531,067561708,3.0
38536,067561709,3.0
38541,067561710,3.0
38547,067561711,4.0
38551,067561801,3.0
38556,067561802,3.0
38561,067561803,3.0
38566,067561804,3.0
38571,067561805,3.0
38576,067561806,3.0
38581,067561807,3.0
38586,067561808,3.0
38591,067561809,3.0
38596,067561810,3.0
38601,067561811,3.0
38606,067561812,3.0
38611,067561901,3.0
38616,067561902,3.0
38621,067561903,3.0
38626,067561904,3.0
38631,067561905,3.0
38636,067561906,3.0
38641,067561907,3.0
38646,067561908,3.0
38651,067561909,3.0
38656,067561910,3.0
38661,067561911,3.0
38666,067562001,3.0
38671,067562002,3.0
38676,067562003,3.0
38681,067562004,3.0
38686,067562005,3.0
38691,067562006,3.0
38696,067562007,3.0
38701,067562008,3.0
38706,067562009,3.0
38711,067562010,3.0
38716,067562101,3.0
38720,067562102,2.0
38727,067562103,4.0
38732,067562104,4.0
38737,067562105,4.0
38742,067562106,4.0
38747,067562107,4.0
38752,067562108,4.0
38757,067562109,4.0
38761,067562110,3.0
38765,067562111,3.0
38771,067562112,4.0
38776,067562113,4.0
38779,067562201,2.0
38785,067562202,3.0
38790,067562203,3.0
38794,067562204,2.0
38799,067562205,2.0
38805,067562206,3.0
38809,067562301,2.0
38814,067562302,2.0
38820,067562303,3.0
38825,067562304,3.0
38830,067562305,3.0
38835,067562306,3.0
38840,067562307,3.0
38845,067562308,3.0
38849,067562309,2.0
38854,067562310,2.0
38859,067562311,2.0
38865,067562312,3.0
38870,067562313,3.0
38875,067562314,3.0
38880,067562401,3.0
38885,067562402,3.0
38890,067562403,3.0
38895,067562404,3.0
38900,067562405,3.0
38905,067562406,3.0
38910,067562407,3.0
38915,067562408,3.0
38920,067562409,3.0
38925,067562410,3.0
38930,067562411,3.0
38935,067562412,3.0
38940,067562413,3.0
38945,067562414,3.0
38949,067562415,3.0
38954,067562501,3.0
38958,067562502,2.0
38963,067562503,2.0
38969,067562504,3.0
38973,067562505,2.0
38978,067562506,3.0
38983,067562507,3.0
38988,067562508,3.0
38993,067562509,3.0
38998,067562510,3.0
39003,067562601,3.0
39008,067562602,3.0
39013,067562603,3.0
39018,067562604,3.0
39022,067562605,3.0
39027,067562606,3.0
39032,067562607,3.0
39037,067562608,3.0
39042,067562609,3.0
39047,067562610,3.0
39051,067562611,3.0
39055,067562701,2.0
39060,067562702,2.0
39065,067562703,2.0
39070,067562704,2.0
39075,067562705,2.0
39081,067562706,3.0
39086,067562707,3.0
39091,067562708,3.0
39096,067562709,3.0
39101,067562710,3.0
39106,067562711,3.0
39111,067562712,3.0
39115,067562713,2.0
39121,067562714,3.0
39126,067562801,3.0
39131,067562802,3.0
39136,067562803,3.0
39141,067562804,3.0
39146,067562805,3.0
39151,067562806,3.0
39156,067562807,3.0
39161,067562808,3.0
39166,067562809,3.0
39170,067562810,3.0
39175,067562901,3.0
39180,067562902,3.0
39185,067562903,3.0
39190,067562904,3.0
39195,067562905,3.0
39200,067562906,3.0
39205,067562907,3.0
39210,067562908,3.0
39215,067563001,3.0
39220,067563002,3.0
39225,067563003,3.0
39231,067563004,4.0
39234,067563005,3.0
39239,067563006,3.0
39244,067563007,3.0
39249,067563008,3.0
39255,067563009,4.0
39259,067563101,3.0
39264,067563102,3.0
39269,067563103,3.0
39275,067563104,4.0
39279,067563105,3.0
39284,067563106,3.0
39289,067563107,3.0
39293,067563108,2.0
39298,067563109,2.0
39304,067563201,3.0
39308,067563202,2.0
39313,067563203,2.0
39318,067563204,2.0
39322,067563205,2.0
39327,067563206,2.0
39332,067563207,2.0
39337,067563208,2.0
39342,067563209,2.0
39348,067563210,3.0
39352,067563211,2.0
39359,067563301,4.0
39363,067563302,4.0
39367,067563303,3.0
39373,067563304,4.0
39378,067563305,4.0
39383,067563306,4.0
39388,067563307,4.0
39392,067563308,3.0
39396,067563401,2.0
39402,067563402,3.0
39407,067563403,3.0
39412,067563404,3.0
39417,067563405,3.0
39422,067563406,3.0
39427,067563407,3.0
39432,067563501,3.0
39437,067563502,3.0
39442,067563503,3.0
39447,067563504,3.0
39452,067563505,3.0
39457,067563506,3.0
39462,067563507,3.0
39467,067563508,3.0
39472,067563509,3.0
39477,067563510,3.0
39481,068400101,2.0
39485,068400102,2.0
39490,068400103,2.0
39495,068400104,2.0
39500,068400105,2.0
39505,068400106,2.0
39510,068400107,2.0
39515,068400108,2.0
39519,068400109,2.0
39524,068400110,2.0
39529,068400111,2.0
39534,068400112,2.0
39539,068400113,2.0
39544,068400201,2.0
39549,068400202,2.0
39555,068400203,3.0
39559,068400204,2.0
39564,068400205,2.0
39570,068400206,3.0
39575,068400207,3.0
39580,068400208,3.0
39584,068400209,2.0
39589,068400210,2.0
39595,068400211,3.0
39599,068400212,2.0
39604,068400301,2.0
39609,068400302,2.0
39614,068400303,2.0
39619,068400304,2.0
39624,068400305,2.0
39629,068400306,2.0
39634,068400307,2.0
39639,068400401,2.0
39644,068400402,2.0
39648,068400403,2.0
39654,068400404,3.0
39658,068400405,2.0
39663,068400406,2.0
39668,068400407,2.0
39674,068400408,3.0
39678,068400409,2.0
39683,068400410,2.0
39688,068400411,2.0
39693,068400501,2.0
39699,068400502,3.0
39703,068400503,2.0
39709,068400504,3.0
39714,068400505,3.0
39719,068400506,3.0
39724,068400507,3.0
39728,068400508,3.0
39733,068400509,3.0
39738,068400510,3.0
39743,068400511,3.0
39748,068400512,3.0
39753,068400513,3.0
39758,068400514,3.0
39763,068400601,3.0
39768,068400602,3.0
39772,068400603,2.0
39777,068400604,2.0
39782,068400605,2.0
39787,068400606,2.0
39792,068400701,2.0
39798,068400702,3.0
39803,068400703,3.0
39807,068400704,3.0
39812,068400705,3.0
39816,068400706,3.0
39821,068400707,3.0
39826,068400801,3.0
39831,068400802,3.0
39836,068400803,3.0
39841,068400804,3.0
39846,068400805,3.0
39851,068400806,3.0
39856,068400807,3.0
39861,068400901,3.0
39866,068400902,3.0
39871,068400903,3.0
39876,068400904,3.0
39881,068400905,3.0
39885,068400906,3.0
39890,068400907,3.0
39895,068400908,3.0
39899,068400909,3.0
39903,068400910,3.0
39908,068401001,3.0
39913,068401002,3.0
39917,068401003,3.0
39922,068401004,3.0
39926,068401005,3.0
39931,068401006,3.0
39936,068401007,3.0
39941,068401008,3.0
39946,068401009,3.0
39951,068401010,3.0
39956,068401011,3.0
39961,068401012,3.0
39966,068401013,3.0
39971,068401014,3.0
39976,068401101,3.0
39981,068401102,3.0
39986,068401103,3.0
39991,068401104,3.0
39996,068401105,3.0
40001,068401106,3.0
40005,068401107,3.0
40010,068401108,3.0
40015,068401109,3.0
40020,068401110,3.0
40025,068401111,3.0
40030,068401112,3.0
40035,068401113,3.0
40039,068401114,3.0
40044,068401115,3.0
40049,068401201,3.0
40054,068401202,3.0
40059,068401203,3.0
40064,068401204,3.0
40068,068401205,3.0
40071,068401206,1.0
40076,068401207,3.0
40081,068401208,3.0
40086,068401209,3.0
40091,068401210,3.0
40096,068401211,3.0
40101,068401212,3.0
40106,068401301,3.0
40111,068401302,3.0
40116,068401303,3.0
40121,068401304,3.0
40126,068401305,3.0
40131,068401306,3.0
40136,068401307,3.0
40141,068401308,3.0
40146,068401309,3.0
40151,068401310,3.0
40156,068401401,3.0
40161,068401402,3.0
40166,068401403,3.0
40171,068401404,3.0
40176,068401405,3.0
40181,068401406,3.0
40186,068401407,3.0
40191,068401408,3.0
40196,068401409,3.0
40201,068401410,3.0
40206,068401411,3.0
40211,068401412,3.0
40216,068401501,3.0
40221,068401502,3.0
40225,068401503,3.0
40230,068401504,3.0
40235,068401505,3.0
40240,068401506,3.0
40245,068401507,3.0
40250,068401508,3.0
40255,068401509,3.0
40260,068401510,3.0
40265,068401511,3.0
40270,068401601,3.0
40275,068401602,3.0
40280,068401603,3.0
40285,068401604,3.0
40290,068401605,3.0
40295,068401606,3.0
40300,068401607,3.0
40305,068401608,3.0
40310,068401609,3.0
40314,068401701,3.0
40319,068401702,3.0
40324,068401703,3.0
40329,068401704,3.0
40334,068401705,3.0
40339,068401706,3.0
40344,068401707,3.0
40349,068401708,3.0
40354,068401709,3.0
40359,068401710,3.0
40364,068401711,3.0
40369,068401712,3.0
40373,068401713,3.0
40378,068401801,3.0
40383,068401802,3.0
40388,068401803,3.0
40393,068401804,3.0
40398,068401805,3.0
40403,068401806,3.0
40408,068401807,3.0
40413,068401808,3.0
40418,068401809,3.0
40423,068401810,3.0
40428,068401901,3.0
40433,068401902,3.0
40437,068401903,3.0
40442,068401904,3.0
40447,068401905,3.0
40452,068401906,3.0
40457,068401907,3.0
40462,068401908,3.0
40467,068402001,3.0
40472,068402002,3.0
40477,068402003,3.0
40481,068402004,3.0
40486,068402005,3.0
40491,068402006,3.0
40496,068402007,3.0
40500,068402008,2.0
40506,068402009,3.0
40510,068402010,2.0
40516,068402011,3.0
40521,068402012,3.0
40526,068402013,3.0
40531,068402101,3.0
40536,068402102,3.0
40541,068402103,3.0
40545,068402104,3.0
40549,068402105,3.0
40554,068402106,3.0
40559,068402107,3.0
40563,068402108,2.0
40568,068402109,2.0
40573,068402110,2.0
40577,068402201,2.0
40583,068402202,3.0
40587,068402203,2.0
40593,068402204,3.0
40598,068402205,3.0
40603,068402206,3.0
40608,068402207,3.0
40612,068402208,2.0
40617,068402301,3.0
40622,068402302,3.0
40626,068402303,2.0
40632,068402304,3.0
40637,068402305,3.0
40642,068402306,3.0
40646,068402307,2.0
40651,068402308,2.0
40656,068402309,2.0
40661,068402310,2.0
40667,068402311,3.0
40672,068402401,3.0
40677,068402402,3.0
40682,068402403,3.0
40686,068402404,2.0
40691,068402405,2.0
40695,068402406,2.0
40701,068402407,3.0
40706,068402408,3.0
40711,068402409,3.0
40715,068402410,3.0
40719,068402501,3.0
40724,068402502,3.0
40729,068402503,3.0
40733,068402504,2.0
40738,068402505,2.0
40744,068402506,3.0
40749,068402507,3.0
40754,068402508,3.0
40759,068402509,3.0
40764,068402510,3.0
40768,068402511,2.0
40773,068402601,2.0
40777,068402602,2.0
40782,068402603,2.0
40787,068402604,2.0
40791,068402605,2.0
40796,068402606,2.0
40801,068402607,2.0
40806,068402608,2.0
40812,068402701,3.0
40817,068402702,3.0
40821,068402703,2.0
40826,068402704,3.0
40831,068402705,3.0
40836,068402706,3.0
40841,068402707,3.0
40846,068402708,3.0
40850,068402709,2.0
40855,068402710,2.0
40860,068402711,2.0
40866,068402712,3.0
40871,068402713,3.0
40875,068402801,2.0
40881,068402802,3.0
40885,068402803,2.0
40890,068402804,2.0
40896,068402805,3.0
40900,068402806,2.0
40906,068402807,3.0
40911,068402808,3.0
40915,068402809,2.0
40920,068402810,2.0
40925,068402811,2.0
40931,068402812,3.0
40936,068402901,3.0
40941,068402902,3.0
40945,068402903,2.0
40951,068402904,3.0
40956,068402905,3.0
40961,068402906,3.0
40966,068402907,3.0
40971,068402908,3.0
40976,068402909,3.0
40981,068402910,3.0
40986,068402911,3.0
40991,068403001,3.0
40996,068403002,3.0
41001,068403003,3.0
41006,068403004,3.0
41011,068403005,3.0
41016,068403006,3.0
41021,068403007,3.0
41026,068403008,3.0
41031,068403009,3.0
41036,068403010,3.0
41041,068403011,3.0
41046,068403012,3.0
41051,068403013,3.0
41056,068403014,3.0
41060,068403101,2.0
41066,068403102,3.0
41071,068403103,3.0
41075,068403104,3.0
41080,068403105,3.0
41085,068403106,3.0
41090,068403107,3.0
41095,068403108,3.0
41100,068403109,3.0
41105,068403110,3.0
41110,068403111,3.0
41114,068403112,3.0
41119,068403113,3.0
41124,068403201,3.0
41129,068403202,3.0
41134,068403203,3.0
41139,068403204,3.0
41144,068403205,3.0
41149,068403206,3.0
41154,068403207,3.0
41159,068403208,3.0
41164,068403209,3.0
41168,068403301,2.0
41173,068403302,2.0
41177,068403303,2.0
41182,068403304,2.0
41188,068403305,3.0
41192,068403306,2.0
41197,068403307,2.0
41203,068403401,3.0
41207,068403402,2.0
41212,068403403,2.0
41217,068403404,2.0
41223,068403405,3.0
41228,068403406,3.0
41233,068403407,3.0
41238,068403408,3.0
41243,068403409,3.0
41248,068403501,3.0
41253,068403502,3.0
41258,068403503,3.0
41263,068403504,3.0
41268,068403505,3.0
41272,068403506,2.0
41278,068403507,3.0
41282,068403508,3.0
41286,068403509,2.0
41292,068403510,3.0
41297,068403601,3.0
41302,068403602,3.0
41307,068403603,3.0
41312,068403604,3.0
41317,068403605,3.0
41322,068403606,3.0
41326,068403607,3.0
41331,068403608,3.0
41335,068403609,3.0
41340,068403701,3.0
41345,068403702,3.0
41350,068403703,3.0
41355,068403704,3.0
41360,068403705,3.0
41365,068403706,3.0
41370,068403707,3.0
41375,068403708,3.0
41380,068403801,3.0
41384,068403802,3.0
41389,068403803,3.0
41393,068403804,3.0
41397,068403805,3.0
41402,068403806,3.0
41407,068403807,3.0
41412,068403808,3.0
41417,068403809,3.0
41422,068403810,3.0
41427,068403901,3.0
41432,068403902,3.0
41437,068403903,3.0
41442,068403904,3.0
41446,068403905,3.0
41450,068403906,3.0
41455,068403907,3.0
41460,068403908,3.0
41465,068403909,3.0
41469,068403910,3.0
41473,068404001,3.0
41478,068404002,3.0
41483,068404003,3.0
41488,068404004,3.0
41493,068404005,3.0
41498,068404006,3.0
41503,068404007,3.0
41508,068404008,3.0
41513,068404009,3.0
41518,068404010,3.0
41522,068404101,3.0
41527,068404102,3.0
41532,068404103,3.0
41537,068404104,3.0
41541,068404105,3.0
41546,068404106,3.0
41551,068404107,3.0
41556,068404108,3.0
41561,068404201,3.0
41566,068404202,3.0
41571,068404203,3.0
41576,068404204,3.0
41580,068404205,3.0
41585,068404206,3.0
41590,068404207,3.0
41596,068610101,4.0
41601,068610102,4.0
41605,068610103,3.0
41610,068610104,3.0
41615,068610105,3.0
41620,068610106,3.0
41625,068610107,3.0
41631,068610108,4.0
41636,068610109,4.0
41640,068610110,3.0
41645,068610111,3.0
41649,068610112,3.0
41654,068610201,3.0
41660,068610202,4.0
41665,068610203,4.0
41670,068610204,4.0
41674,068610205,3.0
41680,068610206,4.0
41684,068610207,4.0
41688,068610208,3.0
41694,068610209,4.0
41699,068610210,4.0
41704,068610211,4.0
41708,068610212,3.0
41714,068610301,4.0
41719,068610302,4.0
41722,068610303,3.0
41727,068610304,3.0
41732,068610305,3.0
41737,068610306,3.0
41742,068610307,3.0
41746,068610308,3.0
41750,068610309,3.0
41755,068610310,3.0
41760,068610311,3.0
41765,068610401,3.0
41771,068610402,4.0
41775,068610403,3.0
41780,068610404,3.0
41786,068610405,4.0
41791,068610406,4.0
41796,068610407,4.0
41801,068610408,4.0
41806,068610409,4.0
41810,068610410,4.0
41815,068610411,4.0
41819,068610412,3.0
41824,068610413,4.0
41828,068610501,3.0
41834,068610502,4.0
41838,068610503,3.0
41843,068610504,4.0
41847,068610505,3.0
41850,068610506,2.0
41855,068610507,4.0
41860,068610508,4.0
41864,068610509,3.0
41869,068610601,4.0
41873,068610602,3.0
41879,068610603,4.0
41884,068610604,4.0
41888,068610605,3.0
41894,068610606,4.0
41898,068610607,3.0
41903,068610608,3.0
41908,068610609,4.0
41912,068610610,3.0
41917,068610611,3.0
41922,068610701,4.0
41926,068610702,3.0
41931,068610703,3.0
41937,068610704,4.0
41942,068610705,4.0
41946,068610706,3.0
41950,068610707,3.0
41955,068610708,3.0
41961,068610709,4.0
41965,068610801,3.0
41971,068610802,4.0
41976,068610803,4.0
41980,068610804,3.0
41985,068610805,3.0
41990,068610806,3.0
41994,068610807,3.0
41999,068610808,3.0
42005,068610809,4.0
42010,068610810,4.0
42014,068610811,4.0
42018,068610812,3.0
42023,068610901,3.0
42028,068610902,3.0
42032,068610903,3.0
42037,068610904,3.0
42042,068610905,3.0
42047,068610906,3.0
42052,068610907,3.0
42057,068610908,3.0
42062,068610909,3.0
42067,068610910,3.0
42073,068610911,4.0
42077,068610912,3.0
42081,068610913,3.0
42086,068610914,3.0
42090,068610915,3.0
42094,068611001,3.0
42099,068611002,3.0
42104,068611003,3.0
42109,068611004,3.0
42114,068611005,3.0
42119,068611006,3.0
42123,068611007,3.0
42128,068611008,3.0
42133,068611009,3.0
42138,068611010,3.0
42143,068611011,3.0
42147,068611101,3.0
42152,068611102,3.0
42157,068611103,3.0
42162,068611104,3.0
42167,068611105,3.0
42172,068611106,3.0
42177,068611107,3.0
42182,068611108,3.0
42187,068611109,3.0
42192,068611110,3.0
42197,068611201,3.0
42202,068611202,4.0
42206,068611203,3.0
42212,068611204,4.0
42216,068611205,3.0
42221,068611206,3.0
42226,068611207,3.0
42231,068611208,3.0
42237,068611209,4.0
42241,068611301,3.0
42246,068611302,3.0
42251,068611303,3.0
42256,068611304,3.0
42261,068611305,3.0
42266,068611306,3.0
42271,068611307,3.0
42277,068611308,4.0
42282,068611309,4.0
42285,068611401,3.0
42290,068611402,3.0
42295,068611403,3.0
42300,068611404,3.0
42305,068611405,3.0
42309,068611406,3.0
42314,068611407,3.0
42319,068611408,3.0
42324,068611409,3.0
42329,068611410,3.0
42334,068611411,3.0
42339,068611412,3.0
42344,068611501,3.0
42349,068611502,3.0
42354,068611503,3.0
42359,068611504,3.0
42364,068611505,3.0
42369,068611506,3.0
42374,068611507,3.0
42379,068611508,3.0
42384,068611509,3.0
42389,068611510,3.0
42394,068611511,3.0
42400,068611601,4.0
42405,068611602,4.0
42409,068611603,3.0
42414,068611604,3.0
42419,068611605,3.0
42424,068611606,3.0
42428,068611607,3.0
42434,068611608,4.0
42438,068611609,3.0
42443,068611610,3.0
42448,068611611,3.0
42453,068611701,3.0
42458,068611702,3.0
42462,068611703,3.0
42467,068611704,3.0
42471,068611705,3.0
42476,068611706,3.0
42480,068611707,3.0
42485,068611708,3.0
42490,068611709,3.0
42495,068611801,3.0
42500,068611802,3.0
42505,068611803,3.0
42510,068611804,3.0
42515,068611805,3.0
42520,068611806,3.0
42524,068611807,3.0
42529,068611808,3.0
42534,068611809,3.0
42539,068611810,3.0
42544,068611901,3.0
42549,068611902,3.0
42554,068611903,3.0
42559,068611904,3.0
42564,068611905,3.0
42569,068611906,3.0
42574,068611907,3.0
42579,068612001,3.0
42584,068612002,3.0
42588,068612003,3.0
42593,068612004,3.0
42598,068612005,3.0
42603,068612006,3.0
42608,068612007,3.0
42613,068612008,3.0
42618,068612101,3.0
42623,068612102,3.0
42628,068612103,3.0
42633,068612104,3.0
42638,068612105,3.0
42642,068612106,3.0
42647,068612107,3.0
42652,068612108,3.0
42657,068612109,3.0
42662,068612201,3.0
42667,068612202,3.0
42672,068612203,3.0
42677,068612204,3.0
42682,068612205,3.0
42687,068612206,3.0
42692,068612207,3.0
42697,068612208,3.0
42702,068612209,3.0
42707,068612210,3.0
42712,068612211,3.0
42717,068612212,3.0
42722,068612301,3.0
42727,068612302,3.0
42732,068612303,3.0
42736,068612304,2.0
42741,068612305,2.0
42747,068612306,3.0
42752,068612307,3.0
42757,068612308,3.0
42762,068612309,3.0
42766,068612310,3.0
42771,068612401,3.0
42776,068612402,3.0
42781,068612403,3.0
42785,068612404,3.0
42790,068612405,3.0
42795,068612406,3.0
42800,068612407,3.0
42805,068612408,3.0
42810,068612409,3.0
42815,068612410,3.0
42820,068612411,3.0
42825,068612412,3.0
42830,068612413,3.0
42835,068612501,3.0
42840,068612502,3.0
42845,068612503,3.0
42849,068612504,2.0
42855,068612505,3.0
42860,068612506,3.0
42865,068612507,3.0
42870,068612508,3.0
42875,068612509,3.0
42880,068612510,3.0
42885,068612601,3.0
42890,068612602,3.0
42895,068612603,3.0
42900,068612604,3.0
42905,068612605,3.0
42910,068612606,3.0
42915,068612607,3.0
42920,068612608,3.0
42925,068612609,3.0
42929,068612610,3.0
42934,068612611,3.0
42939,068612612,3.0
42944,068612613,3.0
42949,068612701,3.0
42954,068612702,3.0
42959,068612703,3.0
42964,068612704,3.0
42969,068612705,3.0
42974,068612706,3.0
42979,068612707,3.0
42984,068612708,3.0
42989,068612709,3.0
42994,068612710,3.0
42999,068612801,3.0
43004,068612802,3.0
43009,068612803,3.0
43014,068612804,3.0
43019,068612805,3.0
43024,068612806,3.0
43029,068612807,3.0
43034,068612808,3.0
43039,068612809,3.0
43044,068612810,3.0
43049,068612901,3.0
43054,068612902,3.0
43059,068612903,3.0
43064,068612904,3.0
43069,068612905,3.0
43074,068612906,3.0
43079,068612907,3.0
43083,068612908,2.0
43089,068612909,3.0
43094,068612910,3.0
43099,068612911,3.0
43104,068612912,3.0
43108,068612913,2.0
43114,068613001,3.0
43117,068613002,2.0
43122,068613003,2.0
43126,068613004,2.0
43131,068613005,2.0
43136,068613006,2.0
43141,068613007,2.0
43147,068613008,3.0
43152,068613009,3.0
43157,068613010,3.0
43162,068613011,3.0
43167,068613012,3.0
43171,068613013,2.0
43177,068613101,3.0
43182,068613102,3.0
43187,068613103,3.0
43192,068613104,3.0
43197,068613105,3.0
43202,068613106,3.0
43207,068613107,3.0
43212,068613108,3.0
43216,068613109,2.0
43222,068613110,3.0
43227,068613201,3.0
43232,068613202,3.0
43237,068613203,3.0
43242,068613204,3.0
43247,068613205,3.0
43252,068613206,3.0
43257,068613207,3.0
43262,068613208,3.0
43267,068613209,3.0
43272,068613210,3.0
43277,068613301,3.0
43282,068613302,3.0
43287,068613303,3.0
43292,068613304,3.0
43297,068613305,3.0
43302,068613306,3.0
43307,068613307,3.0
43312,068613308,3.0
43317,068613309,3.0
43322,068613310,3.0
43327,068613311,3.0
43332,068613401,3.0
43337,068613402,3.0
43343,068613403,4.0
43346,068613404,3.0
43351,068613405,3.0
43356,068613406,3.0
43361,068613407,3.0
43366,068613408,3.0
